id,headword,variants,latin,latin_variants,meaning_ta,meaning_en,examples,word_type,category_id,notes,source_id,image
1,அக்கட்ட,அக்கட்டு | அக்கெட்டை,akkaṭṭa,akkaṭṭu | akkeṭṭai,அந்த இடம் | அந்த இடத்திலே | அந்தப்பக்கம்.(1) | வேறிடம்.(2),That place | there | aside,அடுப்புக்கிட்ட நிக்காத. தீ மூஞ்சிலையே அடிக்குது. அக்கட்ட போடா | அக்கட்ட பாரு கெடக்கும் | அத்தெ மகனெவுட்டு - என்னை அக் (எ) கட்டையா மாலையிட (நாட்டுப்புறப்பாடல்) | அந்தக் குப்பைய அக்கட்ட வீசு.,வினைச்சொல்,place_direction,அக் கிடை | மைசூரு கன்னடத்தில் ஆ கடெ (ā kaḍe in Mysuru Kannada) - அந்தப் பக்கம்; கடெ (kaḍe) = பக்கம்/திசை,od | pm,
2,அக்கட்டாலே,அக்கட்டால,akkaṭṭālē,akkaṭṭāla,அந்தப் பக்கமாக; அந்த வழியாக.,towards that side | in that direction | that way,நீ அக்கட்டாலே போய் உட்காரு | அக்கட்டால என்ன பார்வ?,வினைச்சொல்,place_direction,காண்க: அக்கட்ட,np,
3,அக்கடானு,அக்காடானு,akkaṭāṉu,akkāṭāṉu,அமைதியாக நிம்மதியாக சும்மா இருத்தல்,Peacefully | calmly | at ease | doing nothing,அக்கடானு இருந்தவளெ வம்புலெ மாட்டியுட்டுட்டாம் பாரு.,,human_behavior | speech_phrase,,np,
4,அக்கப்போரு,அக்கப்போர்,akkappōru,akkappōr,அட்டகாசம் | சண்டை | தொந்தரவு | பிரச்சினைக்குரிய.,Pestering | nuisance | commotion | fight,இவன் அக்கப்போரு தாங்க முடியலைடா | செரியான அக்கப்போரு புடிச்ச ஆளா இருக்குறான்.,,human_behavior,,od | np,
5,அக்கரகண்டி,,akkarakaṇṭi,,வாயாடி.,Chatterbox | sharp-tongued person | argumentative woman,அக்கரகண்டிகிட்ட வாய் குடுத்தா ஆவுமா.,பெயர்ச்சொல்,human_behavior,,pm,
6,அக்காகுருவி,,akkākuruvi,,கொங்கு நாட்டில் மட்டுமே உள்ள ஒரு வகைக் குருவி. மழை வருவதை முன்கூட்டியே உணர்த்தும் வகையில் கத்தும்.,Common hawk-cuckoo (whose call portends rain),,,nature_animals,,np,
7,அக்காது,,akkātu,,அறுந்து போகாது.,Will not snap | will not break (of rope or cord),இந்தக் கவுத்துல கட்டுனா சீக்கிரமா அக்காது.,,action_verbs,,np,
8,அக்காரம்,,akkāram,,அக்ரகாரம்.,Agraharam | traditional Brahmin street,,,place_direction,,np,
9,அக்கி,,akki,,உடல் சூட்டினால் வரும் புண்.,Herpes zoster | shingles | painful heat boils on skin,ஒடம்புலெ அக்கி வந்துருச்சு படம் எழுதோணும்.,,body_health,,np,
10,அக்கி எழுதுறது,,akki eḻutuṟatu,,"மூலிகைகள் கலக்கிய செங்கல் குழம்பால் சிங்கம், நாய் போன்ற உருவங்களை முதுகில் எழுதுதல்.",Ritual painting of animal figures with brick-paste to cure shingles,ஒடம்புல அக்கி எழுதோணும்.,,body_health | festival_religion,,np,
11,அக்கியானம்,,akkiyāṉam,,தொல்லை | தொந்தரவு | தொந்தரவு; தொல்லை; துன்பம்.,Trouble | nuisance | annoyance | distress,அக்கியானம் பண்ணாம ஒழுங்கா வேலையப் பாரு | இந்த அக்கியானத்த எங்க போய்ச் சொல்றது.,பெயர்ச்சொல்,human_behavior,,od | pm,
12,அக்கியானம் புடிச்சவன்,அக்கியானம் பிடித்தவன் | அக்கியானொ புடிச்சவெ,akkiyāṉam puṭiccavaṉ,akkiyāṉam piṭittavaṉ | akkiyāṉo puṭiccave,"தொந்தரவு, தொல்லைகள் தருபவன். | அடுத்தவர்களைப் பார்த்து பொறாமைப்படுபவன்.",Troublemaker | nuisance maker | envious person,அவன் ஒரு அக்கியானம் புடிச்சவன். | எங்கியோ அக்கியானம் புடிச்சவன் போலே இருக்குது.,பெயர்ச்சொல்,human_behavior,,pm | np,
13,அக்கிரமம்,அக்குறுமம் | அக்குறும்,akkiramam,akkuṟumam | akkuṟum,கொடுமையான செயல் | தொல்லை.,Atrocity | high-handed injustice | unruly conduct,நீ பண்றது ரொம்ப அக்கிரமம்.,,human_behavior,,np,
14,அக்குப்பொறுக்கி,,akkuppoṟukki,,திட்டுச்சொல்.,Scavenger | petty rogue (pejorative term),அக்குப்பொறுக்கிப் பயகூட ஆரு சேருவா.,பெயர்ச்சொல்,human_behavior | speech_phrase,,pm,
15,அக்குவேறே ஆணிவேறேயா,அக்குவேற ஆணிவேறா,akkuvēṟē āṇivēṟēyā,akkuvēṟa āṇivēṟā,தனித்தனியாக.,Root and branch | part by part | completely and thoroughly,அக்குவேறே ஆணிவேறா பிரிச்சு வெச்சிட்டியா.,,speech_phrase,,np,
16,அகஞ்சேரணும்,அகஞ்சேருதல்,akañcēraṇum,akañcērutal,தன் இருப்பிடம் சேருதல்.,To reach home | to return to one's dwelling,எங்க சுத்தனாலும் தன்னோட அகம் சேர்ந்தாத்தான் நல்லது.,,place_direction | action_verbs,,np,
17,அகட்டு,,akaṭṭu,,நன்றாக விரித்தல்.,To spread wide | to part limbs widely,காலை அகட்டி வெச்சுக்கிட்டு உட்காராதே.,,action_verbs,,np,
18,அகப்பை,அகம்பெ,akappai,akampe,சாப்பாடு கிளறி விட பயன்படும் மரத்தாலான நீண்ட முளையில் தேங்காய் தொட்டியை பொருத்தியிருக்கும் கோல்.,Coconut-shell ladle with long wooden handle,சட்டியில இருந்தாத்தானே அகப்பையில வரும்.,,home_household | food_cooking,,np,
19,அகராதி,,akarāti,,குழப்பம்; முரணாகப் பேசுதல்; குழப்பம் ஏற்படுத்துபவள்/ன்.,Contrarian | stubborn person | confusion maker,நேத்துலருந்து அவளோட ஒரே அகராதியா இருக்குது. | அவன் சுத்த அகராதிடா.,பெயர்ச்சொல்,human_behavior,,od | pm,
20,அகராதி பிடிச்ச வேலை,,akarāti piṭicca vēlai,,"குழப்பம் மிகுந்த, விரைவில் முடியாத வேலை.",Convoluted and troublesome task | tedious endless work,இந்த அகராதி பிடிச்ச வேலக்கி என்னய எதுக்குடா கூப்பட்டீங்க.,பெயர்ச்சொல்,human_behavior | speech_phrase,,pm,
21,அகராதி புடிச்சவன்,அகராதி புடிச்சவெ,akarāti puṭiccavaṉ,akarāti puṭiccave,எதற்கும் ஒத்துவராதவன்.,Contrarian fellow | stubborn uncooperative person,செரியான அகராதி புடிச்சவனாட்ட இருக்குது.,,human_behavior,,np,
22,அகஸ்மாத்தா,அகஸ்மாத்தமா,akasmāttā,akasmāttamā,எதேச்சையாக.,Accidentally | unexpectedly | by pure chance,அகஸ்மாத்தா வந்துட்டே போலருக்குது.,,speech_phrase,,np,
23,அகிணி,அகினி | அவுனி,akiṇi,akiṉi | avuṉi,பனம் பட்டையிலிருந்து உரித்தெடுக்கப்பட்ட நார். | பனம்பட்டையிலிருந்து உரித்து எடுக்கும் (கட்டுவதற்குப் பயன்படும்) நார்.,Palmyra bark fibre peeled for tying,பந்தலு கட்டறதுக்கு அகிணி உரிச்சிட்டு வரோணும். | நூறு அகினி உரிச்சுக் கொடுத்தாப் போதும் | அகினி இருந்தாப் போட்டுக்கட்டீரலாம்.,பெயர்ச்சொல்,nature_animals | farming_livestock,,np | pm,
24,அகிலாட்டி,,akilāṭṭi,,தன் வேலைக்காக மட்டும் பிறரை அணுகும் வாயாடிப்பெண்.,Selfish sweet-talking woman who approaches others only for personal gain,அகிலாட்டி வர்றா. அந்தாண்ட போயிரலாம் வா.,பெயர்ச்சொல்,human_behavior,,pm,
25,அகினிப்புறம்,,akiṉippuṟam,,பனை நாரின் வெளிப்புறம்.,Outer smooth surface of palmyra fibre,அகினிப்புறம் நெகுநெகுன்னு இருக்குது பாரு.,பெயர்ச்சொல்,nature_animals | farming_livestock,,pm,
26,அங்கத்த,,aṅkatta,,அந்தப் பக்கத்து; அந்த ஊர்.,Of that region | belonging to that area or village,அங்கத்த சனம் வருமா?,பெயர்ச்சொல்,place_direction,,pm,
27,அங்கம் பொறித்தல்,,aṅkam poṟittal,,சாவுச் சடங்கின் (காரியத்தின்) போது சுடுகாட்டிற்குச் சென்று வேகாமல் மிஞ்சியிருக்கும் எலும்பை நொறுக்குதல்.,Crushing unburnt bones at the crematorium during funeral rites,கருப்புல அங்கம் பொறிக்கப் போனவுங்க வந்துட்டாங்களா.,வினைச்சொல்,festival_religion,,pm,
28,அங்கராக்கு,அங்கராப்பு,aṅkarākku,aṅkarāppu,சட்டை,Traditional shirt | upper garment,அங்கராக்கு புதுசு எடுக்கோணும். | அங்கராக்குப் போட்டுக்கிட்டு வாடா போலாம்.,பெயர்ச்சொல்,dress_accessories,,od | np | pm,
29,அங்கலாப்பு,,aṅkalāppu,,"ஏக்கம், காரியம் நடைபெறாத வருத்தம், தீராத ஆசை.",Yearning | deep longing | sorrow over unfulfilled desires,ஏன் அங்கலாப்பு புடிச்சவனா இருக்கறே.,,human_behavior,,np,
30,அங்காணி,,aṅkāṇi,,துளை.,Hole | aperture | bore in timber,கட்டையில அங்காணி பெருத்துப்போச்சு.,பெயர்ச்சொல்,home_household,,pm,
31,அங்ஙணம்,அங்குணம்,aṅṅaṇam,aṅkuṇam,வீட்டின் அளவினைக் குறிக்கப் பயன்படும் சொல். இரு விட்டங்களுக்கிடையேயான தூரம்.,Traditional house span | distance between two main roof beams,வீட்டுக்குள்ள எத்தனை அங்ஙணம் இருக்குது.,,home_household | measure_units,,np,
32,அங்ஙனே,அங்ஙணே,aṅṅaṉē,aṅṅaṇē,"அங்கே, அந்த இடத்தில். கண்ணுக்குத் தெரியும் பொருளை சுட்டிக்காட்டுதல்.",Right there | in that visible spot,மூக்குத்தி அங்ஙனே கெடக்குது பாரு.,,place_direction,,np,
33,அச்சக்காரம்,அச்சக்காரொ,accakkāram,accakkāro,முன்பணம்.,Advance deposit | earnest money,ஆகாத வேலைக்கு அச்சக்காரம் வாங்காதே.,,measure_units,,np,
34,அச்சரம்,அச்சரொ,accaram,accaro,மந்திரம் எழுதப்பட்ட சதுர வடிவ தகடு.,Consecrated metal plaque inscribed with protective mantras,ஊட்டுலெ அச்சரம் எழுதி வெக்கோணும்.,,festival_religion,,np,
35,அச்சாணியம்,அச்சாணியொ | அச்சானியம்,accāṇiyam,accāṇiyo | accāṉiyam,அபச குணம் | அபசகுனம்.,Inauspicious sign | ill omen,அச்சானியமாப் பேசாதீடா.,,festival_religion | human_behavior,,od | np | pm,
36,அச்சு,,accu,,சாயல்.(1) | கட்டை வண்டியின் அச்சாணி.(2),Exact resemblance | axle of a bullock cart,அச்சு அசலா அவங்கப்பனை மாதிரியே இருக்கான் பாரு | வண்டிலெ அச்சு முறிஞ்சு போச்சு.,,farming_livestock | speech_phrase,,np,
37,அச்சுக் கடைதிரட்டுதல்,அச்சுக் கடைதிரட்டு (தல்),accuk kaṭaitiraṭṭutal,accuk kaṭaitiraṭṭu (tal),பழுதடைந்த வண்டி அச்சைச் சீர்பார்த்தல்.,Repairing and realigning a bullock cart axle at a smithy,வண்டிய அச்சுக் கடதெரட்டப் பட்டறயில உட்டிருக்கறம்.,வினைச்சொல்,farming_livestock | action_verbs,,pm,
38,அச்சுப்பலகை,,accuppalakai,,கரும்புப் பாகினைக் கொண்டு வெல்லம் தயாரிக்கும் குழிகள் கொண்ட பலகை. | பனைவெல்லப்பாகை வார்க்கும் மரத்தாலான குழிகள் கொண்ட பலகை.,Wooden moulding board with cavities for setting jaggery cakes,அச்சுப்பலகையில வெல்லம் போட்டு வெச்சிருக்குது. | அச்சுப்பலகயத் தொடச்சு எடுத்து வெய்யி.,பெயர்ச்சொல்,food_cooking | farming_livestock,,np | pm,
39,அசடு,அசடெ,acaṭu,acaṭe,உலக வாழ்க்கையைப்பற்றி அறியாதவன் (விபரமில்லாதவன்). நிலைமைக்குத் தக்கவாறு நடந்து கொள்ளத் தெரியாதவன்.,Naive simpleton | gullible person lacking worldly tact,எங்கியோ அசடா இருக்குறான் பாரு.,,human_behavior,,np,
40,அசந்து,,acantu,,வியப்பு.,Dazed with amazement | taken aback in astonishment,அவனைப் பார்த்து அப்படியே அசந்து போய்ட்டேன்.,,human_behavior | speech_phrase,,np,
41,அசப்பு,,acappu,,ஒரே மாதிரியான தோற்றம்.,Striking visual resemblance | exact likeness,அசப்புலெ அவங்கப்பன் மாதிரியே இருக்கான்.,,speech_phrase,,np,
42,அசரிக்கை,,acarikkai,,அசதி. கடுமையான உழைப்பிற்குப் பின் வரும் சோர்வு. | தூக்க மயக்கம்.(1) | அசதி.(2),Weariness from heavy labour | extreme fatigue | drowsiness,ஒரே அசரிக்கையா இருக்குது. | அசரிக்கையா இருக்குது. அப்படியே படுக்கறன் | காலெல்லாம் ஒரே அசரிக்கயா இருக்குது.,பெயர்ச்சொல்,body_health,,np | pm,
43,அசலூர்,அசலூரு,acalūr,acalūru,வெளியூர்.,Outside town | distant village | foreign place,அசலூர்க்காரன் ஊருக்குள்ள வந்தா அவன் மேல ஒரு கண்ணு வெச்சுக்கோணும்.,,place_direction,,np,
44,அசிங்கரம்,அசிங்கரொ,aciṅkaram,aciṅkaro,அசிங்கம். அசுத்தமாக இருத்தல்.,Filthiness | untidiness | disgusting appearance,எங்கியோ அசிங்கரம் புடிச்சவன் போல இருக்கறே.,,human_behavior | speech_phrase,,np,
45,அசைபோடுறது,அசபோடறது,acaipōṭuṟatu,acapōṭaṟatu,"ஆடு, மாடுகள் மேயும் போது சரியாக மெல்லாமல் விழுங்கும் உணவைத் திரும்பவும் வாய்க்குக் கொண்டு வந்து அரைத்து விழுங்குவது.",Chewing the cud | ruminating (of cattle and goats),மாடு அசபோடுது பாரு.,,farming_livestock | nature_animals,,np,
46,அஞ்சங்கண வீடு,,añcaṅkaṇa vīṭu,,கொங்கு மண்டலத்தின் பாரம்பரிய கட்டிடக்கலை அமைப்பில் நடுமுற்றம் (தொட்டி கட்டு) கொண்டு கட்டப்படும் ஒரு வகை ஓட்டு வீடு,Traditional five-span tiled house with an open central courtyard,,,home_household,,od,
47,அஞ்சாங்கல்லு,அச்சாங்கல் | அஞ்சாங்கல்,añcāṅkallu,accāṅkal | añcāṅkal,அஞ்சாங்கல்; ஐந்து சிறு கற்களைக் கொண்டு பெண்களும் சிறுவர்களும் ஆடும் விளையாட்டு. | சிறுவர் விளையாடும் ஒரு வகை விளையாட்டு.,Five stones game | traditional pebble toss game | Five pebbles game | traditional stone toss game,அச்சாங்கல்லு ஆடிக்கிட்டு ஆடுகளப் பாக்காத உட்டுட்டா. | அஞ்சாங்கல்லு வெளையாட வர்றியா.,பெயர்ச்சொல்,human_behavior | speech_phrase,,pm | np,
48,அஞ்சாறு,,añcāṟu,,ஐந்து ஆறு | சில,Five or six | a handful | a few,கூட்டத்துல அஞ்சாறு பேரு தான் இருந்தாங்க.,,measure_units,,od,
49,அஞ்சூட்டுதல்,அஞ்சடுதல்,añcūṭṭutal,añcaṭutal,கர்ப்பிணிப் பெண்ணுக்கு 5வது மாதத்தில் நடைபெறும் சீர்.,Ritual feast in the fifth month of pregnancy,,,festival_religion,,np,
50,அட்டமி,,aṭṭami,,அஷ்டமி எனும் திதி.,Ashtami | eighth lunar day of the Hindu calendar,அட்டமி நவமியுமா பாத்தா நல்ல காரியஞ் செய்வாங்க?,,festival_religion | time_seasons,,np,
51,அட்டனாங்கால்,ரெட்டணங்கால்,aṭṭaṉāṅkāl,reṭṭaṇaṅkāl,ஒரு கால் மேல் இன்னொரு காலை தூக்கிப்போட்டு உட்காருதல்.,Sitting cross-legged with one leg resting over the other,என்ன தைரியமிருந்தா எம்முன்னாடியே அட்டனாங்கால் போட்டு உட்காருவே.,,body_health | action_verbs,,np,
52,அட்டாலி,அட்டாரி,aṭṭāli,aṭṭāri,பரண் | வீட்டின் மேல் பகுதியில் உள்ள பரண். | வீட்டுப்பரண்.,Loft | attic | storage shelf under roof,பழசு பரட்டையெல்லாம் அட்டாலியில கெடக்கும் பாரு. | அளந்த வள்ளம் அட்டாலியிலே (பழமொழி),பெயர்ச்சொல்,home_household,,od | np | pm,
53,அட்டி,,aṭṭi,,கழுத்தில் அணியும் அணி | மூட்டைகளை ஒன்றன் மேல் ஒன்றாக வரிசையாக அடுக்கி வைத்தல். | கழுத்தில் அணியும் அட்டிகை எனும் நகை.(1) | மூட்டைகளை ஒன்றன் மேல் ஒன்றாக அடுக்கும் முறை.(2),Neck ornament (attigai) | stacking sacks neatly in rows,நெல்லு அட்டி போட்டுருக்குது பாரு. | கழுத்துக்கு ஒரு அட்டி போட்டா நல்லாத்தான் இருக்கும் | மூட்டய எல்லாம் அட்டி போட்டுவெச்சிருங்க.,பெயர்ச்சொல்,dress_accessories | farming_livestock,,od | np | pm,
54,அட்டியலு,அட்டியல்,aṭṭiyalu,aṭṭiyal,பெண்கள் உட்கழுத்தில் அணியும் தங்க நகை.,Close-fitting gold choker necklace worn by women,அட்டியலு போட்டுக்கிட்டு போறா பாரு.,,dress_accessories,,np,
55,அட்டுக்குஞ்சு,,aṭṭukkuñcu,,பிறந்து ஓரிரு நாட்களான பறவைக்குஞ்சு. | பிறந்து ஓரிரு நாட்களே ஆன பறவைக் குஞ்சு.(1) | அடை ஒட்டிலிருந்து கீழே இறக்கிவிடப்படாத கோழிக்குஞ்சு.(2),Newly hatched chick | nestling kept inside the hatching pot,அட்டுக் குஞ்சப் புடிச்சு வெளையாடாதே. | அட்டுக்குஞ்சப்புடிச்சாந்து எதுக்காவுது | இன்னும் அட்டுக்குஞ்சு இருக்குது. அடை ஓட்டுலேயே எர போடு.,பெயர்ச்சொல்,farming_livestock | nature_animals,,np | pm,
56,அட்டுக்குட்டி,,aṭṭukkuṭṭi,,பிறந்து ஓரிரு நாட்களே ஆன குட்டி.,Newborn kid or calf only a few days old,அட்டுக் குட்டிய தூக்காத.,,farming_livestock | nature_animals,,np,
57,அட்டுப்பால்,அட்டுப்பாலு,aṭṭuppāl,aṭṭuppālu,தாய்ப்பாலைத் தவிர்த்துக் கொடுக்கப்படும் மற்ற பால் | தாயினை இழந்த குட்டிகளுக்குப் புட்டியில் கொடுக்கும் பால். | குழந்தைகளுக்கோ ஆட்டுக் குட்டிகளுக்கோ தாய்ப்பால் தவிர்த்துக் கொடுக்கப்படும் வேறுபால்.,Substitute milk bottle-fed to motherless young animals or infants,அட்டுப்பாலு குடுத்து வளத்த கோழி. | அட்டுப்பால் குடிச்சுக் கொழந்த எப்பிடி வளரும்? | அது அட்டுப்பாலே குடுத்து வளத்துன குட்டி.,பெயர்ச்சொல்,food_cooking | farming_livestock,,od | np | pm,
58,அட்டூரு,,aṭṭūru,,ஒட்டடை.,Cobweb | soot and dust hanging from roof ceiling,"இன்னிக்கு அட்டூரு அடிச்சு, ஊடு வழிச்சன்.",பெயர்ச்சொல்,home_household,,pm,
59,அட்டூழியம்,அட்டூழியொ,aṭṭūḻiyam,aṭṭūḻiyo,"அக்கிரமம் செய்தல், தீயசெயல்.",Outrageous deed | high-handed cruelty | wicked act,அட்டூழியம் பண்ணாத பாதியிலேயே அழிஞ்சு போவே.,,human_behavior,,np,
60,அடக்கம்,அடக்கொ,aṭakkam,aṭakko,பிணத்தை புதைத்தல்.(1) | அமைதி.(2),Burial of a corpse | modesty and composure,பொணத்தை அடக்கம் செஞ்சுட்டு வர்றோம் | பையன் ரொம்ப அடக்க ஒடுக்கமா இருக்குறான்.,,festival_religion | human_behavior,,np,
61,அடக்கோழி,அடக்கோறி,aṭakkōḻi,aṭakkōṟi,அடைகாக்கும் கோழி.,Brooding hen | broody hen incubating eggs,அடக்கோழி பக்கத்துல போகாத கொத்திப் போடும்.,,farming_livestock | nature_animals,,np,
62,அடசலு,அடசல்,aṭacalu,aṭacal,பொதுவாக சாமிக்கு நேர்ந்து கொண்ட கோழிகளை படைத்து விருந்தளிக்கும் முறையைக் குறிக்கும் | இட்லியை வேக வைத்து எடுக்கும் அளவு. | பாத்திரத்தில் ஒரு தடவை வேக வைத்து எடுக்கும் இட்லி.,Ritual chicken feast offered to deity | batch of idlis steamed in one go,ரெண்டு அடசலு இட்லி ஊத்தி வெய்யி. | இட்டிலி எத்தனை அடச எடுத்திருக்கிற?,பெயர்ச்சொல்,festival_religion | food_cooking,,od | np | pm,
63,அடப்பம்,,aṭappam,,அடைப்பம்; நாவிதர் கருவிப்பெட்டி அல்லது பை.,Traditional barber's shaving tool bag or kit,அடப்பத்தோட போறாப்பல.,பெயர்ச்சொல்,home_household,,pm,
64,அடப்பு,,aṭappu,,இறந்த நேரத்தை ஜோஸியர்களிடம் கொடுத்துப் பார்ப்பார்கள் | தனிஷ்டா பஞ்சமி சடங்கு இந்நாட்களில் இறப்பவர்களின் ஆன்மா மேலுலகம் செல்ல தடை அல்லது தாமதம் ஏற்படும் என்பது ஐதீகம் | கெட்ட நேரத்தில் இறந்தால் வீடு அடைப்பது. | எலி தனது பாதுகாப்புக்காக வளைக்குள் ஆங்காங்கே ஏற்படுத்தியிருக்கும் சிறு அடைப்பு.(1) | ஒருவர் கெட்ட நேரத்தில் செத்துப் போனால் குறிப்பிட்ட நாட்கள் வரை குடும்பத்தினருக்கும் பங்காளிகளுக்கும் நல்ல காரியங்களில் ஈடுபட ஏற்படும் தடை.(2),Ritual restriction period after inauspicious death | earthen rat barrier,"சில குறிப்பிட்ட நேரத்தில் இறந்திருந்தால், சில தினங்களுக்கு அடப்பு வைக்க வேண்டும் என்று சொல்வார். அந்த நாட்களுக்கு தொடர்ச்சியாக விளக்கு எரிந்து கொண்டிருக்கும். மனைவி இருந்தால் வெளியே வராமல் வீட்டிலேயே அடைந்து இருப்பார். இன்னு ம் பல சடங்குகளும் இருக்கும் | எங்கூடு அடப்புலெ இருக்குது தீட்டு. | இவ்வளவு தூரம் வெட்டனதுக்கு அப்புறம் அடப்பு உழுந்திடுச்சு | இப்பக் கலியாண காரியத்த பேசாத. அடப்புல இருக்குறம்.",பெயர்ச்சொல்,festival_religion | nature_animals,,od | np | pm,
65,அடப்பு நீக்குதல்,அடப்பு நீக்கு (தல்),aṭappu nīkkutal,aṭappu nīkku (tal),அடப்பு நீக்கப் பரிகாரம் செய்தல்.,Ritually removing death-pollution or inauspicious astrological restriction,பாட்டி செத்ததுக்கு அடப்பு நீக்கியாச்சா?,வினைச்சொல்,festival_religion,,pm,
66,அடம்பு,,aṭampu,,காண்க: அடர்த்தியா. | அடர்த்தி; நெருக்கம் (நிலத்தில் பயிர்கள் அளவுக்கு மேல் முளைத்திருத்தல்).,Dense crop growth | excessive compactness of seedlings in a field,பயிரு அடம்பாப்போச்சு.,பெயர்ச்சொல்,farming_livestock,,np | pm,
67,அடமழை,அடமழெ,aṭamaḻai,aṭamaḻe,விடாமல் பெய்யும் மழை.,Incessant torrential downpour | continuous non-stop rain,அடமழையில எங்கியாவது போயி மாட்டிக்காதே.,,nature_animals | time_seasons,,np,
68,அடமுட்டுப்பலகை,,aṭamuṭṭuppalakai,,"பனை, தென்னை மரமேறுபவர்கள் இடுப்பின் பின்பக்கம் கட்டிக்கொண்டிருக்கும் பெட்டிக்குள் பாளை சீவும் கத்தியைப் பாதுகாக்க வைத்திருக்கும் சிறுபலகை.",Protective wooden guard in palm climber's tool pouch for the tapping knife,அடமுட்டுப்பலகயச் செருவி பாளக்கத்திய வெய்யி.,பெயர்ச்சொல்,farming_livestock | home_household,,pm,
69,அடர்த்தியா,அடத்தியா,aṭarttiyā,aṭattiyā,அடர்த்தியாக.,Densely | thickly | in high density,பயிரு ரொம்ப அடர்த்தியா வந்துருச்சு.,,speech_phrase,,np,
70,அடல்,,aṭal,,"ஒன்றன் மேல் ஒன்றாக அடுக்கி இருக்கும் சிறு சிறு (அடை, ரொட்டி, இதழ்) துண்டுகள்.","Layers stacked one over another (of petals, pancakes or flakes)",பூவப்பாரு அடலடலா இருக்குது.,பெயர்ச்சொல்,measure_units | food_cooking,,pm,
71,அடவாதம்,,aṭavātam,,அடம்; பிடிவாதம்.,Obstinacy | stubbornness | pig-headed defiance,கொழந்தைன்னா அடவாதம் இருக்குந்தான்.,பெயர்ச்சொல்,human_behavior,,pm,
72,அட்ரெ,அடறை,aṭre,aṭaṟai,தூசி / ஒட்டடை.,Dust and cobwebs hanging from ceiling,அட்ரெய அடிச்சுக் கூட்டு.,,home_household,,np,
73,அடாபுடி,,aṭāpuṭi,,கொடுஞ்செயல்.,Cruelty | violent domineering behavior,ஏண்டா இப்பிடி அடாபுடித்தனம் பண்ற.,,human_behavior,,np,
74,அடி அரட்டை,,aṭi araṭṭai,,மாட்டுவண்டியின் மேற்பகுதியில் பொருள்கள் கீழே கொட்டாமல் இருக்கப் போடப்படும் தடுப்பு.,Side-guard frame of a bullock cart to prevent goods from falling,அடிஅரட்ட செரியாப் போட்டிருக்குதானு பாரு.,பெயர்ச்சொல்,farming_livestock,,pm,
75,அடி ஓலை,,aṭi ōlai,,பனை மரத்தில் அடிப்புறமாக இருக்கும் முற்றிய ஓலை.,Old mature bottom leaf of a palmyra palm tree,அடி ஓலயப் பாத்துக் குருத்தோல சிரிச்சுதாம் (பழமொழி),பெயர்ச்சொல்,nature_animals | farming_livestock,,pm,
76,அடிக்கால்,,aṭikkāl,,அடிப்பகுதி.,Base | bottom part | firm foothold,அடிக்கால்ல நல்லா நில்லு.,பெயர்ச்சொல்,place_direction,,pm,
77,அடிக்குந்தலைக்குமா,,aṭikkuntalaikkumā,,ஆரம்பம் முதல் இறுதி வரை.,From head to toe | from beginning to end haphazardly,அடிக்குந்தலைக்குமா இப்பிடியா எல்லாத்தையும் போட்டு வெக்கிறது.,,speech_phrase,,np,
78,அடிகரை,,aṭikarai,,"ஆறு, குளக்கரைகளை ஒட்டியுள்ள நிலப்பகுதி.",Riparian land bordering riverbanks or tank margins,அவுங்க தோட்டம் அடிகரயிலயே இருக்குது.,பெயர்ச்சொல்,place_direction | farming_livestock,,pm,
79,அடிச்சோறு,,aṭiccōṟu,,பாத்திரத்தின் அடியில் தீய்ந்த சோறு | பாத்திர அடியில் ஒட்டியுள்ள சோறு. | பாத்திரத்தின் அடியில் தீய்ந்தோ கற்களுடனோ இருக்கும் சோறு.,Scorched rice sticking to the bottom of the cooking pot,சட்டியில அடிச்சோறா இருக்குது. | அடிச்சோத்த எனக்குப் போடாத.,பெயர்ச்சொல்,food_cooking,,od | np | pm,
80,அடித்தட்டுதல்,அடித்தட்டு (தல்),aṭittaṭṭutal,aṭittaṭṭu (tal),தீர்ந்து போதல்.(1) | அரிதாகி விடுதல்.(2),To run completely dry | to hit bottom | to become scarce,கெணத்துல தண்ணி அடித்தட்டிப் போச்சு | இப்ப கம்பே அடித்தட்டிப் போச்சு.,வினைச்சொல்,action_verbs,,pm,
81,அடிதுடி,,aṭituṭi,,சண்டை.,Violent brawl | clash | fistfight,அங்க ஒரே அடிதுடியா இருக்குது.,,human_behavior | action_verbs,,np,
82,அடிப்பட்டரை,,aṭippaṭṭarai,,தீவனப் போர் வைக்கும்போது கரையான் அரிக்காமல் பாதுகாக்கக் கற்களையும் மரக்கட்டைகளையும் கொண்டு மண்ணிலிருந்து சற்று உயர்ந்திருக்கும்படி செய்யும் ஏற்பாடு.,Raised foundation platform of stones and logs to protect haystacks from termites,அடிப்பட்டர கூட்டியாச்சா?,பெயர்ச்சொல்,farming_livestock,,pm,
83,அடிப்பிடிக்கும்,,aṭippiṭikkum,,தண்ணீர் இல்லாததால் பானையில் அரிசி பிடித்துக் கொள்வது,Will scorch or stick to the bottom of the cooking pot,,,food_cooking,,od,
84,அடிப்பிடித்தல்,அடிப்பிடி (த்தல்),aṭippiṭittal,aṭippiṭi (ttal),பாத்திரத்தின் அடியில் சோறு தீய்ந்து பிடித்துக் கொள்ளுதல்.,Scorching or burning of rice at the bottom of the pot,சோறு அடிப்பிடிச்சிருச்சு.,வினைச்சொல்,food_cooking | action_verbs,,pm,
85,அடிப்போர்,,aṭippōr,,தானியத்தட்டைப்போரின் அடிப்பகுதி.,Bottom layer or foundation of a straw haystack,அடிப்போர்ல தட்டு உருவாதே.,பெயர்ச்சொல்,farming_livestock,,pm,
86,அடிமடி,,aṭimaṭi,,சேலையின் உள்ளே மறைவாகக் கட்டி வைத்திருக்கும் மடிப்பகுதி; பிறர் அறியாத மறைவுப் பகுதி.,Hidden inner fold of a woman's sari waist | secret fold,அடிமடியில வெச்சிருப்பா பாரு | அடி மடியிலயே கையவச்சிட்டயேடா.,பெயர்ச்சொல்,dress_accessories,,pm,
87,அடிமண்ணு,அடிமண்,aṭimaṇṇu,aṭimaṇ,காலில் ஒட்டிய மண்.,Soil clinging to one's foot (used in protective evil-eye rituals),உன்ற அடிமண்ணை எடுத்து சுத்திப் போடலாம்.,,festival_religion,,np,
88,அடிமரம்,,aṭimaram,,மரத்தின் வேருக்கும் கிளைகளுக்கும் இடையில் இருக்கும் பகுதி.,Trunk of a tree | lower main stem,அடிமரத்தயே வெட்டீட்டான்.,பெயர்ச்சொல்,nature_animals,,pm,
89,அடிமாடு,,aṭimāṭu,,இறைச்சிக்காக கொல்லப்படும் மாடு.,Old or infirm cattle sold cheap for slaughter,அடிமாட்டு வெலைக்கு வாங்கி வந்தேன்.,,farming_livestock,,np,
90,அடியுரம்,,aṭiyuram,,மனவலிமை.(1) | பயிர்களுக்கு இடும் உரம்.(2),Inner stamina and resilience | basal fertilizer applied before sowing,அவனுக்கு அடியுரம் ரொம்ப ஜாஸ்தி | அடியுரம் போட்டாதான் பயிரு நல்லா மொளைக்கும்.,,farming_livestock | human_behavior,,np,
91,அடிவவுறு,அடிவயிறு,aṭivavuṟu,aṭivayiṟu,வயிற்றின் அடிப்பகுதி.,Lower abdomen | bottom of the belly,அடி வவுத்துலருந்து பசி பயங்கரமா வருது.,,body_health,,np,
92,அடிவாரி,,aṭivāri,,கிணற்றிலிருந்து நீர் இறைக்கும் கபிலையில் எருதுகள் கடைசியாக நின்று மீண்டும் பின்னோக்கி வரும் இடம். | ஏற்றம் இறைக்கும் போது மாடுகள் இழுத்துக் கொண்டோடும் பகுதியான வாரியின் கடைப்பகுதி.,Lower turning point on bullock incline path for drawing well water,அடிவாரியில போயி நிக்காதடா.,பெயர்ச்சொல்,farming_livestock | place_direction,,np | pm,
93,அடிவிழுந்து கும்பிடுதல்,அடிவிழுந்து கும்பிடு (தல்),aṭiviḻuntu kumpiṭutal,aṭiviḻuntu kumpiṭu (tal),வேண்டுதலுக்காகக் கோவிலைச் சுற்றி ஈர உடையோடு மண்ணில் விழுந்து கும்பிட்டு வருதல்.,Prostrating repeatedly along temple precincts as a sacred vow,அடிஉழுந்து கும்படற முன்னு வேண்டிக்கிட்டயா?,வினைச்சொல்,festival_religion,,pm,
94,அடிவெட்டு,,aṭiveṭṭu,,ஓர் அடிக்கு (அளவு) இவ்வளவு என்று பேசிக்கொள்ளும் கிணறு வெட்டு.,Well-digging contract charged per foot of depth,அடிவெட்டுக்குப் பேசிக்கிட்டாத்தான் நல்லது.,பெயர்ச்சொல்,farming_livestock | measure_units,,pm,
95,அடிஸ்கோலு,அடிஸ்கோல்,aṭiskōlu,aṭiskōl,ஒரு அடி நீளமுள்ள அளவுகோல்.,One-foot ruler | measuring scale,அடிஸ்கோலுல கோடு போடு.,,measure_units,,np,
96,அடுக்களை,,aṭukkaḷai,,சமையலறை.,Kitchen | traditional cooking room,அடுக்களைலெ என்ன பண்ற.,,home_household | food_cooking,,np,
97,அடுக்கு,,aṭukku,,ஒன்றன் மேல் ஒன்றாக வைக்கப்படும் பாத்திரங்களின் தொகுதி (அடுக்குப் பாத்திரம்). | வரிசை.,Set of nested brass vessels | tier | layer,அடுக்குப் பாத்திரத்த எடுத்துட்டு வா.,பெயர்ச்சொல்,home_household,பொருள் உறுதிப்படுத்தப்படவில்லை (AI உருவாக்கம்) · Meaning not verified (AI generated),od,
98,அடுக்கு மொடா,,aṭukku moṭā,,"ஒன்றன் மேல் ஒன்றாக அடுக்கி வைக்கப்படும் பெரும்பானை (மிடா) வரிசை (ஏழு, ஒன்பது வரிசை கொண்ட மிடாக்களை திருமணப் பெண்ணுக்குச் சீராகக் கொடுத்துவிடும் வழக்கம் முன்பிருந்தது).",Vertical stack of large earthen grain jars given as bridal gift,அந்தக் காலத்துல அடுக்கு மொடாவுலதான் கம்பெல்லாம் கொட்டி வெப்பாங்க.,பெயர்ச்சொல்,home_household | festival_religion,,pm,
99,அடுக்குச்சந்து,,aṭukkuccantu,,மிடாவரிசைகளுக்கிடையே இருக்கும் சிறு இடைவெளி.,Narrow gap between large grain storage jars,அடுக்குச் சந்துல நெருப்பொட்டி உழுந்திருச்சு. எடுக்க முடியில.,பெயர்ச்சொல்,home_household,,pm,
100,அடுத்ததாட்டி,,aṭuttatāṭṭi,,"மறுபடியும், அடுத்த முறை.",Next time | once again,அடுத்ததாட்டி வரும்போது இந்த சீட்ட கொண்டு வரோணும்.,,time_seasons | speech_phrase,,np,
101,அடுத்துக்கிடுதல்,அடுத்துக்கிடு (தல்),aṭuttukkiṭutal,aṭuttukkiṭu (tal),சாவு நெருங்கி விடுதல்.,Approaching the moment of death | drawing near one's final hour,அவருக்கு அடுத்துகிச்சு.,வினைச்சொல்,human_behavior | festival_religion,,pm,
102,அடுப்பங்கரை,,aṭuppaṅkarai,,சமைக்கும் இடம்.,Kitchen hearth area | cooking place,அடுப்பங்கரைலதான் எப்பப் பார்த்தாலும் வேல.,பெயர்ச்சொல்,home_household | food_cooking,,pm,
103,அடுப்பாங்கரை,அடுப்பாங்கரெ,aṭuppāṅkarai,aṭuppāṅkare,அடுப்பைச் சுற்றியுள்ள பகுதி.,Area surrounding the cooking hearth,அடுப்பாங்கரையில பாரு உப்பு டப்பா இருக்குது.,,home_household | food_cooking,,np,
104,அடுப்பாம்மூலை,அடுப்பாக்கொலை | அக்கினிமூலை,aṭuppāmmūlai,aṭuppākkolai | akkiṉimūlai,தென்கிழக்கு மூலை (அக்கினி மூலை).,South-eastern corner of a house (Agni corner where hearth is built),அடுப்பாம் மூலைல பாரு.,,home_household | place_direction,,np,
105,அடுப்புக்கல்,,aṭuppukkal,,திருவிழாச் சமயங்களில் பொங்கல் வைக்க அடுப்பை உருவாக்கும் கல்.,Hearth stones used to set up open-fire stoves during festival feasts,அடுப்புக்கல்லப் பெரிசாப் போடு.,பெயர்ச்சொல்,home_household | festival_religion,,pm,
106,அடுப்புக்குட்டு,,aṭuppukkuṭṭu,,அடுப்பின் ஓரத்தில் இருக்கும் உருண்டை வடிவ திட்டு. | குயவர் செய்யும் மண் அடுப்பில் பாத்திரம் வைப்பதற்காகப் பொருத்தப்பட்டிருக்கும் குமிழ்.,Raised pot-supporting knob on a traditional clay stove,அடுப்புக்குட்டு உடைஞ்சு போச்சு. | அடுப்புக்குட்டு ஒடஞ்சு போச்சு. சட்டி ஒரு பக்கமாச் சாயுது.,பெயர்ச்சொல்,home_household | food_cooking,,np | pm,
107,அடுப்புத்திட்டு,,aṭupputtiṭṭu,,அடுப்பின் ஓரம். | அடுப்புகளைப் புதைத்துச் சுற்றிலும் மண்ணாலோ காரையாலோ கட்டப்பட்ட பகுதி.,Raised clay or mortar ledge surrounding the cooking stove,அடுப்புத்திட்டுல பாரு சாத்துக்குண்டா இருக்குது. | நெருப்பொட்டி அடுப்புத்திட்டுல இருக்கும் பாரு.,பெயர்ச்சொல்,home_household | food_cooking,,np | pm,
108,அடுவு,,aṭuvu,,விதைத்த அதே நாளில் மழைபெய்து மண் இறுகிவிடுதல் (அதனால் பயிர் முளைவிட்டு வெளிவரச் சில நாட்கள் அதிகமாகும்).,Crusting of topsoil due to sudden rain immediately after sowing,பயிரு அடுவுசிக்கிப் போச்சு.,பெயர்ச்சொல்,farming_livestock,,pm,
109,அடப்பீ,அடைப்பீ,aṭappī,aṭaippī,"அடைகாக்கும் கோழிகள் கழிக்கும் மலம், மிகுந்த நாற்றமுடையதாக இருக்கும். | அடை காக்கும் கோழி இரண்டு மூன்று நாட்களுக்கு ஒருமுறை எழுந்து வெளியே வரும்போது கழிக்கும் கடும் நாற்றம் வீசும் பெரும் மலம்.",Pungent droppings of a brooding hen sitting on eggs,அடப்பீ இந்த நாத்தம் நாறுது.,பெயர்ச்சொல்,farming_livestock | nature_animals,,np | pm,
110,அடைமூக்கு,,aṭaimūkku,,மூக்கில் சளி அதிகமாக இருத்தல். | சளியினால் அடைத்துக் கட்டிக் கிடக்கும் மூக்கு.,Stuffy nose | congested nasal passage clogged with phlegm,அடைமூக்கா இருக்குது தைலம் போட்டுத் தடவு. | அது அடமூக்குப் புள்ள.,பெயர்ச்சொல்,body_health,,np | pm,
111,அடையோடு,,aṭaiyōṭu,,"கோழி அடை வைக்க வசதியாக மணல் நிரப்பி வைக்கும் (குடம், பானை ஆகியவற்றின் ஓர் அடி) ஓடு.",Shallow broken pot base filled with sand used for brooding eggs,அடையோட்டுக்குள்ளயே கோழி பேண்டு வெச்சிருக்குது.,பெயர்ச்சொல்,farming_livestock | home_household,,pm,
112,அடைவெக்கிறது,,aṭaivekkiṟatu,,அடைகாக்கும் கோழி.,Setting a brooding hen on eggs to incubate,அடக்கோழி பக்கத்துல போகாத கொத்திப் போடும்.,,farming_livestock | action_verbs,காண்க: அடக்கோழி,np,
113,அண்டநாத்தம்,அண்டநாற்றம்,aṇṭanāttam,aṇṭanāṟṟam,நாற்றம் அதிகமாக இருத்தல். | பக்கத்தில் போக (அண்ட) முடியாத அளவுக்கு வீசும் நாற்றம்.,Unbearable stench | foul odor keeping anyone from approaching,அண்டநாத்தம்டா சாமி தாங்கவே முடியலே. | சாக்கடப்பக்கம் போகமுடியல. அண்ட நாத்தமடிக்குதப்பா.,பெயர்ச்சொல்,speech_phrase | body_health,,np | pm,
114,அண்டை,,aṇṭai,,"தயிர், பால், உப்பு போன்றவற்றைப் போட்டு வைத்துக் கொள்ளும் மூங்கிலால் ஆன பாத்திரம்.","Bamboo container or vessel for keeping curd, milk, or salt",அண்டையில் பாரு தயிரு இருக்கும்.,பெயர்ச்சொல்,home_household | food_cooking,,pm,
115,அண்ணம்,,aṇṇam,,எண்ணிக்கை கூறும்போது எண்களுடன் சேர்த்துக் கூறப்படும் பின்னொட்டுச் சொல்.,Counting numeral suffix in Kongu dialect (e.g. rendu annam),அரண்டண்ணம் நிக்கிது.,இடைச்சொல்,speech_phrase | measure_units,,pm,
116,அண்ணன்,,aṇṇaṉ,,தந்தை.,Father (in traditional Kongu kinship usage),எங்கண்ணங்கிட்டயே சொல்லிப்புடுவம்! பாரு.,பெயர்ச்சொல்,kinship,,pm,
117,அண்ணாக்கவுறு,அண்ணாக்கவுரு | அரைஞாண்கயிறு | அரணாக்கவுரு,aṇṇākkavuṟu,aṇṇākkavuru | araiñāṇkayiṟu | araṇākkavuru,அரைஞாண்கயிறு. இடுப்பில் கட்டப்படும் கயிறு. | அரைஞாண்கயிறு மருவிய வார்த்தை,Waist cord | waist thread (arainjan kayiru),அண்ணாக்கவுத்தை இடுப்புலெ கட்டு. | அண்ணாக்கவுறு இல்லாம கோமணம் எப்படிக் கட்டறது.,பெயர்ச்சொல்,dress_accessories,,od | np | pm,
118,அண்ணாங்கயிறு,,aṇṇāṅkayiṟu,,பால் கறக்கும் போது மாட்டின் கால்களைச் சேர்த்துக் கட்டும் கயிறு,Rope tying cow's hind legs together during milking,,,farming_livestock,,od,
119,அண்ணாங்காலு,அன்னாங்கால் | அண்ணாங்கால்,aṇṇāṅkālu,aṉṉāṅkāl | aṇṇāṅkāl,"மாட்டின் வேகத்தை மட்டுப்படுத்த ஒரு கயிறை கழுத்தில் இருந்து காலோடு சேர்த்தி கட்டி விடுதல் | மாட்டின் கழுத்தையும் ஒரு காலையும் இழுத்துக் கட்டி வேகமாக ஓடவோ, நடக்கவோ முடியாதபடி செய்தல். | ஆடு, மாடுகளை மேய்ச்சலுக்கு அவிழ்த்து விடும்போது அவை ஓடி விடாமல் மெதுவாக மேய்ந்து செல்வதற்காகக் கழுத்துக் கயிற்றை ஒரு காலிலோ இரண்டு கால்களிலுமோ சேர்த்துக் (குனித்துக் கொண்டே நடக்கும் வகையில்) குறுகலாகக் கட்டி விடுதல்.",Restraining rope tied between a cattle's neck and foreleg to curb running,மாட்டுக்கு அண்ணாங்காலு போட்டுடு அப்பத்தான் ஓடாது. | வெள்ளாட்டுக்கு அண்ணாங்கால் போட்டு. அப்பத்தான் ஒரு பக்கமா மேயும்.,பெயர்ச்சொல்,farming_livestock,,od | np | pm,
120,அண்ணாந்துக் குடி,,aṇṇāntuk kuṭi,,வாயில் படாமல் குடித்தல்,Drinking without lips touching the vessel,,,action_verbs | food_cooking,,od,
121,அண்ணாந்துப் பாரு,,aṇṇāntup pāru,,மேலே பாரு,Look upward | gaze up,,,place_direction | action_verbs,,od,
122,அண்ணோவ்,அண்ணாவ்,aṇṇōv,aṇṇāv,அண்ணா என்று மரியாதையாக அழைப்பது.,elder brother! | respectful term of address for elder brother,,,kinship | speech_phrase,,np,
123,அணப்பு,,aṇappu,,குண்டத்தின் ஒரு பகுதி. சுமார் 50 அடி நீளத்திற்கு இருக்கும் பகுதி. | உழவு நிலத்தின் சிறு பிரிவு; உழவுக்கு வசதியாகக் கரைகட்டிப் பிரிக்கப்பட்டிருக்கும் பகுதி.,trench section of a sacred fire pit (kundam) | partitioned plot bounded by bunds for irrigation,காட்டுக்குள்ளே மாடு பூந்து ஒரு அணப்பு சோளப்பயிரையே தின்னுருச்சு. | ஒழவு அந்த அணப்புல முடிஞ்சிருச்சா.,பெயர்ச்சொல்,festival_religion | farming_livestock,,od | np | pm,
124,அணாமத்து,,aṇāmattu,,யாரும் சொந்தமில்லாதது,unclaimed property | ownerless item,,,speech_phrase,,od,
125,அணகவுறு,அணைகயிறு | அண்கவுறு,aṇakavuṟu,aṇaikayiṟu | aṇkavuṟu,மாட்டில் பால் கறக்கும் போது இரண்டு கால்களையும் சேர்த்து (அணைத்து) கட்டப்படும் கயிறு. | பால் கறக்கும்போது காலைத் தூக்கி உதைத்து விடாமல் இருக்க மாட்டின் பின்னங்கால்களைச் சேர்த்துக் கட்டும் கயிறு.,rope tying cow's hind legs together to prevent kicking during milking,அணகவுறு போட்டு பால் கற இல்லன்னா மாடு உதைச்சுப்போடும். | அந்த மாடு அணகவுறு போட்டாத்தான் பாலுக்கு நிக்கும்.,பெயர்ச்சொல்,farming_livestock,,np | pm,
126,அணைதல்,,aṇaital,,மாலை நேரத்தில் கோழிகள் தூங்கச் செல்லுவதைக் குறித்தல் | ஒதுங்குதல்.(1) | ஓரிடத்தில் சேர்தல்.(2),chickens retiring to roost at dusk | seeking shelter in shade,கோழி முட்டையிட அணையுது | வெய்யத் தாங்காம ஆடெல்லாம் நெவுல்ல அணஞ்சுகிருச்சு.,வினைச்சொல்,farming_livestock | action_verbs,,od | pm,
127,அத்தக்கூலி,,attakkūli,,மாத சம்பளமாகவோ வார சம்பளமாகவோ இல்லாமல் வேலை இருந்தால் மட்டுமே கூலி வாங்கும் தொழிலாளி.,casual daily-wage labourer hired only when work is available,அத்தக்கூலிக்கு ஆளு கெடைக்க மாட்டேங்குது.,,farming_livestock | human_behavior,,np,
128,அத்தனை,,attaṉai,,அவ்வளவாக.,that much | to that degree,அத்தனை கெடக்குது அப்பூமும் உனக்கு புத்தியில்லையா.,,speech_phrase | measure_units,,np,
129,அத்தாச்சோடு,அத்தச்சோடு,attāccōṭu,attaccōṭu,அவ்வளவு பெரிய,that huge | so big | of that massive size,அத்தாச்சோட்டை உன்னை யாரு தூக்க சொன்னது.,,measure_units,,od | np,
130,அத்தாத்தண்டி,,attāttaṇṭi,,அவ்வளவு பெரிய,that massive | so enormous,அத்தாச்சோட்டை உன்னை யாரு தூக்க சொன்னது.,,measure_units,காண்க: அத்தாச்சோடு,np,
131,அத்தாந்தூரம்,அத்தாந்தாரோ,attāntūram,attāntārō,அவ்வளவு தூரம்.,that far | such a long distance,அத்தாந்தூரம் ஆரு போறது.,,place_direction | measure_units,,np,
132,அத்து,அத்துக் கெட்ட,attu,attuk keṭṭa,உறுதியில்லாத.,unreliable person | characterless fellow,அத்துக் கெட்ட பய.,,human_behavior,,np,
133,அத்துப்போச்சு,அத்துப்போதல்,attuppōccu,attuppōtal,அறுந்துவிடுதல்.,severed | snapped | broken off (of kinship ties or rope),சொந்தபந்தம் அத்துப் போச்சு.,,speech_phrase | action_verbs,,np,
134,அத்துபடி,அத்துப்படி,attupaṭi,attuppaṭi,"முழுவதும் தெரிந்த நிலை | அனைத்தும் தெரிந்த நிலை | முழுமையான அறிவு படைத்தவன், செய்முறை ஞானம் உடையவன். | முழுத்தெளிவு.",familiar ground | thoroughly mastered knowledge | second nature,எல்லா வேலையும் அவனுக்கு அத்துபடி. | கணக்கு அத்துபடி ஆயிருச்சா.,பெயர்ச்சொல்,speech_phrase,,od | np | pm,
135,அத்துரு,,atturu,,அறுத்து விடு,cut off | snap | sever,,,action_verbs,,od,
136,அத்துவானக்காடு,,attuvāṉakkāṭu,,ஆளற்ற இடம்.,desolate wasteland | uninhabited wilderness,அத்துவானக் காட்டுல அம்மாயி கொடப்புடிக்கிறா (காளான்) - விடுகதை,பெயர்ச்சொல்,place_direction | nature_animals,,pm,
137,அத்துவானம்,பாழ்ங்காடு | அத்துவானமா இருக்குது,attuvāṉam,pāḻṅkāṭu | attuvāṉamā irukkutu,ஒன்றும் இல்லாத நிலை. | உறுதியற்ற. | அந்தரம்; பிடியற்ற நிலை.,desolate void | bleak deserted space | unstable precarious state,வானம் எங்கேயோ அத்துவானமா இருக்குது மழை வராது. | கவுறு அத்துவானமா இருக்குது. | நானே அத்துவானத்துல நிக்கறேன்.,வினைச்சொல்,place_direction | speech_phrase,Additional word types: பெயர்ச்சொல்,od | np | pm,
138,அத்துவிடுறது,அத்துடறது,attuviṭuṟatu,attuṭaṟatu,கணவன் மனைவிக்கு இடையேயான உறவைத் துண்டித்துக் கொள்ளுதல்.,severing marital ties | formal divorce,உன்ற உறவையே அத்துடற வேண்டியதுதான்.,,kinship | action_verbs,,np,
139,அதக்கு,,atakku,,வாயில் ஏதாவது ஒன்றைப் போட்டு மெல்லுதல்.,chewing something continuously in the mouth,வாயில என்னத்தைப் போட்டு அதக்கிட்டு இருக்கே.,,action_verbs | food_cooking,,np,
140,அதட்டி,,ataṭṭi,,அதிர்ச்சி.,sudden shock | emotional trauma from sudden scare,அந்த அதட்டில ஆளு எளச்சுப்போயிட்டான்.,பெயர்ச்சொல்,human_behavior | body_health,,pm,
141,அதட்டுவது,,ataṭṭuvatu,,மிரட்டுவது | கண்டிப்பது,threatening | scolding sternly | reprimanding,,,speech_phrase | human_behavior,,od,
142,அதம்,,atam,,(குழந்தைகளின்) குறும்பு.,mischief | naughty antics of children,அவன் கொஞ்சம் அதமா பண்றான்.,பெயர்ச்சொல்,human_behavior,,pm,
143,அதாங்கேட்டேன்,,atāṅkēṭṭēṉ,,அதுதான் கேட்டேன்.,that is what I asked,அதாங்கேட்டேன் நீ சொல்லவே இல்லை.,,speech_phrase,,np,
144,அதாச்சா,,atāccā,,அது முடிந்து விட்டதா,is that finished? | is that done?,,,speech_phrase,,od,
145,அதிக்கலம்,அதிக்கலொ,atikkalam,atikkalo,"ஆணவம், தலைக்கணம்.",arrogance | pride | haughtiness,அதிக்கலம் புடிச்சு திரியாதே.,,human_behavior,,np,
146,அதிக்களம்,,atikkaḷam,,ஆணவம் | ஆணவம்; தலைக்கனம்.,arrogance | haughtiness | overbearing pride,அதிக்களத்துல நிக்கறவன் உருப்படி ஆவானா.,பெயர்ச்சொல்,human_behavior,,od | pm,
147,அதுக்குள்ளாற,அதுக்குள்ளாறே,atukkuḷḷāṟa,atukkuḷḷāṟē,அதற்குள்.,by then | within that short time,அதுக்குள்ளாற போயிட்டு வந்துட்டியா.,,time_seasons | speech_phrase,,np,
148,அதுக்குள்ளேயா,,atukkuḷḷēyā,,உடனடியாகவா,so soon? | already?,,,time_seasons | speech_phrase,,od,
149,அதுக்கோசரம்,,atukkōcaram,,அதற்காக.,for that reason | for that purpose | for that sake,அதுக்கோசரம் நானு என்ன பண்ணுவேன். | அதுக்கோசரம் நான் என்ன பண்ண முடியும்.,பெயர்ச்சொல்,speech_phrase,,np | pm,
150,அதை,அதெ,atai,ate,அதை.,that | that thing [accusative],அதை ஏன் கேக்குற.,,speech_phrase,,np,
151,அதைத்தான்,அதத்தான்,ataittāṉ,atattāṉ,அதைத்தான்.,that very thing | exactly that,அதைத்தான் நான் உங்கிட்ட சொன்னேன்.,,speech_phrase,,np,
152,அதையே,அதையெ,ataiyē,ataiye,அதையே.,that same thing | that itself,அதையே திருப்பித் திருப்பி கேட்காதே.,,speech_phrase,,np,
153,அந்த மின்ன,இந்த மின்ன | எந்த மின்ன | எந்த நேர்,anta miṉṉa,inta miṉṉa | enta miṉṉa | enta nēr,அந்தப் பக்கம் | எந்தப் பக்கம் | எந்த இடத்தில் | எந்தத் திசையில்,on that side | which side | in which direction,கடைக்கு போக அந்த மின்ன திரும்புங்க. | உங்க வீடு எந்த நேர் இருக்கு?,,place_direction,,od,
154,அந்தசு,அந்தஸ்து,antacu,antastu,"உயர்ந்த நிலையில் இருத்தல், அந்தஸ்து.",high social standing | prestige | status,ஆள் ரொம்ப அந்தசு ஆயிட்டான்.,,human_behavior,,np,
155,அந்தப்பொறம்,,antappoṟam,,அந்தப்பக்கம்,that side | on that side,,,place_direction,,od,
156,அந்தர சாதி,,antara cāti,,திட்டுச்சொல்; சாதி கெட்டவன் (ள்).,outcast of unknown lineage | vile scoundrel (derogatory slur),அவ கெடக்கறா அந்தர சாதி.,பெயர்ச்சொல்,human_behavior | speech_phrase,,pm,
157,அந்தரத்துல,அத்தரத்துலெ,antarattula,attarattule,பிடிப்பில்லாமல்.,in mid-air | suspended without support | in limbo,இப்பிடி அந்தரத்துல தொங்காதே.,,place_direction | speech_phrase,,np,
158,அந்தல்லை,அந்தல்ல,antallai,antalla,அந்தப்பக்கம்.,on that side | in that direction,அவுங்க தோட்டம் அந்தல்லை இருக்கு.,,place_direction,,np,
159,அந்தவாட்டி,,antavāṭṭi,,அந்தமுறை; அந்தத் தடவை.,that time | on that occasion,அந்த வாட்டி வித்துப்புட்டான். இப்பப் பாக்கலாம்.,வினைச்சொல்,time_seasons | speech_phrase,,pm,
160,அந்தாண்ட,அந்தாண்டை | அந்தாண்டெ | அந்தான்டே,antāṇṭa,antāṇṭai | antāṇṭe | antāṉṭē,அந்தப் பக்கம். | அந்தப்பக்கம். | அந்தப்பக்கம்,on that side | over that way | to that side | towards there | over that direction,அந்தாண்ட பாருடா கெடக்கும். | அவுங்க தோட்டம் அந்தல்லை இருக்கு.,வினைச்சொல்,place_direction,காண்க: அந்தல்லை,pm | np | od,
161,அந்தாணி,,antāṇi,,சாமான்கள் வைப்பதற்காக மரத்தால் செய்யப்படும் அடுக்குப் பலகை.,wooden wall rack | tiered wooden shelf for utensils,அந்தாணியிலதான் வெச்சன். இருக்கும் பாரு.,பெயர்ச்சொல்,home_household,,pm,
162,அந்திக்கள்,,antikkaḷ,,மாலையில் இறக்கும் கள்.,toddy tapped in the evening,அந்திக் கள்ளு குடிச்சா போதும்.,பெயர்ச்சொல்,food_cooking,,pm,
163,அந்திக்கு,,antikku,,இரவுக்கு,for the evening | by nightfall,,,time_seasons,,od,
164,அந்திநேரம்,அந்திநேரொ,antinēram,antinēro,மாலைப்பொழுது.,evening time | dusk | twilight,அந்தி நேரத்துல எங்க கொழந்தைய தூக்கிக்கிட்டு போற.,,time_seasons,,np,
165,அந்திருச்சு,,antiruccu,,அறுந்து விட்டது,snapped | severed | broken off,,,action_verbs | speech_phrase,,od,
166,அந்துசு,,antucu,,ஒழுங்கு.(1) | அழகு.(2) | கௌரவம்; அந்தஸ்து.(3),neat orderliness | grace and elegance | prestige and status,நல்லா அந்துசா அடுக்கி வெய்யி | பிள்ள அந்துசாத்தான் இருக்குது | அவன் நல்ல அந்துசுல இருக்கறான்.,பெயர்ச்சொல்,human_behavior | speech_phrase,,pm,
167,அந்துபோச்சு,அத்துபோச்சு,antupōccu,attupōccu,அறுந்துபோயிற்று.,snapped off | broke apart | got severed,செருப்பு அந்துபோச்சு.,,action_verbs | speech_phrase,,np,
168,அந்துரும்,அந்துரு,anturum,anturu,அறுந்துவிடும்.,will snap | will tear off | will break,இப்பிடி தொங்குனா கயிறு அந்துரும்.,,action_verbs | speech_phrase,,np,
169,அந்துருளி,,anturuḷi,,எப்போதும் சுறுசுறுப்பாக எதையாவது செய்து கொண்டிருக்கும் குழந்தை.,restless energetic child | child constantly on the move,அது ஒரு நிமிசம் சும்மா இருக்காது. அந்துருளி.,பெயர்ச்சொல்,human_behavior,,pm,
170,அப்பச்சி,அப்புச்சி,appacci,appucci,தாய்வழித் தாத்தா | தாய்வழி தாத்தா | அப்பு அல்லது அம்மப்பா | தாயின் தந்தை.,maternal grandfather,நேத்துத்தான் எங்க அப்பச்சி வந்திருந்தது.,பெயர்ச்சொல்,kinship,,od | pm,
171,அப்பசி மாசம்,ஐப்பசி மாதம்,appaci mācam,aippaci mātam,ஐப்பசி மாதம்.,"Aippasi month (seventh Tamil month, mid-October to mid-November)",அப்பசி மாசம் அடமழை பெய்யும்.,,time_seasons,,np,
172,அப்படியப்படியே,அப்பிடியப்பிடியே,appaṭiyappaṭiyē,appiṭiyappiṭiyē,அவ்வாறவ்வாறே.,just as it was | as it is | without altering anything,அப்படியப்படியே போட்டு வெச்சுட்டு போயிரு.,,speech_phrase,,np,
173,அப்படியாகிப்போச்சின்னா,,appaṭiyākippōcciṉṉā,,அவ்வாறு ஆகிப்போய் விட்டால்.,if it turns out like that | if things happen that way,அப்படியாகிப் போச்சின்னா என்ன பண்ணுறது.,,speech_phrase,,np,
174,அப்படியாட்டுக்கு,,appaṭiyāṭṭukku,,அப்படியென்று நினைத்தேன்.,I thought it was like that | believed so,அப்படியாட்டம் தான் நெனச்சேன்.,,speech_phrase,,np,
175,அப்பணை,அப்பனை,appaṇai,appaṉai,உத்தரவு.,order | divine permission | command,சாமி அப்பணை குடுத்துருச்சு.,,speech_phrase | festival_religion,,np,
176,அப்பத்தா,ஆயா | அப்பாத்தா | ஆயி | ஆத்தா | அப்பத்தாயாள் | அப்பாயி | அப்பத்தாள்,appattā,āyā | appāttā | āyi | āttā | appattāyāḷ | appāyi | appattāḷ,தந்தைவழி பாட்டி | ஆச்சி அல்லது அப்பாச்சி | அப்பாவின் அம்மா | அப்பாவின் அம்மா.(1) | அம்மை நோய் போடுதல்.(2) | பெண்களை மரியாதையாக அழைக்கும் விளிச்சொல்.(2) | பாட்டி; அப்பாவின் அம்மா. | தந்தைவழித் பாட்டி (அப்பாவின் ஆத்தாள்),paternal grandmother,"அப்பத்தா ஊருக்கு போய்ட்டு வந்தேன். | ஆத்தா வூட்டுக்கு போற. | ஆத்தா பாத்தருக்கு. | எங்க அப்பத்தா குடுத்தது. | ஆத்தா கூப்பிட்டுச்சு | ""என்னங்காத்தா, எப்ப வந்தீங்க."" | அந்தாயா எங்க வந்துச்சு.",பெயர்ச்சொல்,kinship,அப்பாயி,od | np | pm,
177,அப்பத்தே,அப்பத்தேன்,appattē,appattēṉ,அப்பொழுதுதான்.,only then | at that time alone,எனக்கு அப்பத்தே நான் வந்தேன்.,,time_seasons | speech_phrase,,np,
178,அப்பப்ப,அப்பப்போ,appappa,appappō,அப்பொழுதே.,then and there | right at that moment,அதை அப்பப்ப செஞ்சிரோணும்.,,time_seasons | speech_phrase,,np,
179,அப்பமக்கள்,அப்பமக்க,appamakkaḷ,appamakka,"அப்பாவும், மகனும்.",father and son,அப்பமக்கள் எல்லாரும் எங்கியோ கெளம்பிட்டாங்க.,,kinship,,np,
180,அப்பராணி,,apparāṇi,,அப்பாவி.,innocent naive person | gullible simpleton,ஒண்ணும் தெரியாத அப்பராணி மாதிரி உட்காந்திருக்கிறதைப் பாரு.,,human_behavior,,np,
181,அப்பலையா,அப்பலையாவே,appalaiyā,appalaiyāvē,அப்பொழுதே | அப்பவே | முன்பே,much earlier | already | way back then,"நான் இதை அப்பலையாவே சொன்னேன், நீதான் கேக்கல",,time_seasons | speech_phrase,,od,
182,அப்பறது,அப்புதல்,appaṟatu,apputal,கன்னத்தில் அறைதல்.,slapping on the cheek | delivering a blow,ரெண்டு அப்பு அப்பத்தான் தெரியும்.,,action_verbs | human_behavior,,np,
183,அப்பன்,,appaṉ,,"தன்னுடைய மகனை அப்பன் என்று அழைப்பது கொங்கு நாட்டு மரபு. (பெரியப்பன், நடப்பன், சின்னப்பன் என பெயரை குறிப்பிடாமல் அழைப்பர்).",son addressed affectionately as 'father' (traditional Kongu kinship term of endearment),,,kinship | speech_phrase,,np,
184,அப்பனம்மா,அப்பனம்மச,appaṉammā,appaṉammaca,"அப்பாவும், அம்மாவும்.",father and mother | parents,உங்க அப்பனம்மா எங்கே போனாங்க.,,kinship,,np,
185,அப்பனாத்தா,,appaṉāttā,,"அப்பாவும், அம்மாவும்.",father and mother | parents,உங்க அப்பனம்மா எங்கே போனாங்க.,,kinship,காண்க: அப்பனம்மா,np,
186,அப்பனூட்டுக்கு,,appaṉūṭṭukku,,அப்பாவின் வீட்டுக்கு.,to father's house | to parental home,எம்பொண்டாட்டி அவுங்க அப்பனூட்டுக்குப் போயிருக்கா.,,kinship | place_direction,,np,
187,அப்பாடா,,appāṭā,,மிகுந்த களைப்புடன் வேலை செய்து விட்டு சோர்வை வெளிக்காட்டுவது.,sigh of relief after exhausting work | exclamation of exhaustion ('phew!'),அப்பாடா காலைல இருந்து வேலை அதிகம்.,,speech_phrase | human_behavior,,np,
188,அப்பாரு,அப்பாறு,appāru,appāṟu,அப்பாவின் அப்பா | தந்தை வழி தாத்தா | அப்பு அல்லது அப்பப்பா,paternal grandfather | father's father,அப்பாரு ஊருக்கு போய்ட்டு வந்தேன். | அப்பாரூட்டுக்குப் போயிட்டு வர்றன்.,பெயர்ச்சொல்,kinship,,od | np | pm,
189,அப்பிச்சி,,appicci,,அம்மாவின் அப்பா.,maternal grandfather | mother's father,அப்பிச்சி ஊருக்கு போய்ட்டு வந்தாரு.,,kinship,,np,
190,அப்பிறமா,அப்புறமா,appiṟamā,appuṟamā,"பிறகு, அப்புறம்.",afterwards | later on | subsequently,அப்பிறமா என்ன ஆச்சு.,,time_seasons | speech_phrase,,np,
191,அப்பீறுவேன்,அப்பீறுவெ,appīṟuvēṉ,appīṟuve,அறைந்துவிடுவேன்.,I will slap you | will strike across the face,சொன்னாக்கேளு அப்பீறுவேன்.,,action_verbs | speech_phrase,,np,
192,அப்பு,,appu,,அறை | குழந்தைகளைச் செல்லமாக அழைக்கும் சொல்.,a slap | affectionate term of endearment for young children,அவள ஓங்கி ஒரு அப்பு அப்புடா. மொகற கட்ட பேந்து போற மாதிரி | அப்பு. இங்க வாடா கண்ணு.,பெயர்ச்சொல்,speech_phrase | action_verbs,,od | pm,
193,அப்புனு,,appuṉu,,வயதில் சிறியவர்களை மரியாதையாக அழைக்கும் சொல். | பெரியவர்கள் சிறியவர்களை மரியாதையோடு அழைக்கும் விளிச்சொல்.,polite affectionate form of address used by elders for younger persons,அப்புனு சீக்கிரம் வந்திரு. | அப்புனு. எந்தப்பக்கம் போற.,பெயர்ச்சொல்,kinship | speech_phrase,,np | pm,
194,அப்பூமும்,அப்பூமு,appūmum,appūmu,அப்பொழுதும்.,even then | still | nevertheless,அப்பூமும் நீ சொல்றதுதான் பெருசா.,,speech_phrase,,np,
195,அப்பேசம்,,appēcam,,ஒன்று வெகு நாட்கள் கிடைக்காததால் ஆசை மீறிய வெறி.,insatiable craving resulting from prolonged deprivation | ravenous longing,கறிமேலதான் பாட்டிக்கு அப்பேசம்.,பெயர்ச்சொல்,human_behavior,,pm,
196,அப்பொ,அப்பொழுது | அப்பழம் | அப்பழ,appo,appoḻutu | appaḻam | appaḻa,அப்பொழுது.,at that time | then | back then,அப்பொ நான் பாத்தேன். | அப்பழம் நீ எங்க போயிட்டு வந்த.,,time_seasons | speech_phrase,,np,
197,அம்பட்டன்,,ampaṭṭaṉ,,நாவிதன்.,traditional barber,அம்பட்டனை கூப்புட்டு சீர் செய்ய சொல்லுங்க.,,human_behavior,,np,
198,அம்பிலி,அம்புளி | அம்புலி,ampili,ampuḷi | ampuli,"சோளக்கூழ் | சோளத்தை இடித்து ஊற வைத்து செக்குல ஆட்டி இரவு புளிக்க வைத்து காலையில் காச்சப்படும் கூழ் | சோளச்சோறு | சோளம், ராகி ஆகிய தானியத்தால் செய்யப்பட்ட கூழ்.",fermented sorghum porridge (solakkool),அந்தக் காலத்துல அம்பிலி குடிச்சு வாழ்ந்தாங்க. | கொஞ்சம் அம்பிலி இருக்குது குடிச்சிட்டுப்போ.,பெயர்ச்சொல்,food_cooking,,od | np | pm,
199,அம்பிலித்தொட்டி,,ampilittoṭṭi,,நாய்க்கு உணவு இடும் சிறு சட்டி.,small earthenware trough or bowl used for feeding dogs,அம்பிலித் தொட்டியில நாய்க்கு சோத்தை ஊத்து.,,home_household | farming_livestock,,np,
200,அம்புட்டுக் கெடக்குது,,ampuṭṭuk keṭakkutu,,அவ்வளவாக.,lying around in such vast quantity | so very much,அத்தனை கெடக்குது அப்பூமும் உனக்கு புத்தியில்லையா.,,measure_units | speech_phrase,காண்க: அத்தனை,np,
201,அம்புட்டுதான்,அம்புட்டுதே,ampuṭṭutāṉ,ampuṭṭutē,அவ்வளவுதான்.,that is all | that is the end of it,அவன் கதை அம்புட்டுதான்.,,speech_phrase,,np,
202,அம்மணி,அம்மிணி,ammaṇi,ammiṇi,"சகோதரிகளையும் பிற பெண்களையும் மரியாதையோடோ, செல்லமாகவோ விளிக்கும் சொல். | சகோதரிகளையும், பிற பெண்களையும் மரியாதையுடன் அழைக்கும் சொல்.",affectionate and respectful term of address for women or sisters (madam / sister),அம்மணி. ஊட்டுல ஐயன் இருக்காங்களா. | அம்மிணி அய்யன் எங்க போயிட்டாரு.,பெயர்ச்சொல்,kinship | speech_phrase,,od | np | pm,
203,அம்மிக்கல்,,ammikkal,,"சுக்கு, மிளகு போன்றவை அரைக்கப் பயன்படும் பட்டை வடிவ கல்.",flat grinding stone used with a rolling stone for crushing spices,அடிக்காத்துல அம்மியும் பறக்கும்.,,home_household | food_cooking,,np,
204,அம்மிச்சி,அம்முச்சி,ammicci,ammucci,அம்மாவின் அம்மா. | அம்மாயி- அம்மத்தாள் - அம்மாவின் அம்மா,maternal grandmother | mother's mother,அம்மிச்சிக்கு ஒடம்புக்கு நல்லால்லே.,,kinship,,np | od,
205,அம்முட்டு,,ammuṭṭu,,"அதிக அளவு, அவ்வளவு.",that much | such a large quantity,அம்முட்டு ரூவா குடுத்து அதை வாங்கறதா.,,measure_units | speech_phrase,,np,
206,அமட்டு,,amaṭṭu,,அவ்வளவு.,that much | to that extent,அமட்டுக்குடு ஊதிப்போயிடுவான்.,வினைச்சொல்,measure_units | speech_phrase,,pm,
207,அமத்தா,அம்மச்சி | அம்மாயி | அம்மத்தா,amattā,ammacci | ammāyi | ammattā,தாய்வழி பாட்டி | ஆச்சி அல்லது அம்மம்மா | அப்பாவின் அம்மா. | அம்மாவின் அம்மா.,maternal grandmother | grandmother,அமத்தாவைப் பாத்தேன். | நேத்து எங்க அம்மாயி வந்தது.,பெயர்ச்சொல்,kinship,,od | np | pm,
208,அமுக்கான்,அமுக்குப் பிசாசு,amukkāṉ,amukkup picācu,இரவில் தூங்கும்போது திடீரென்று ஏதோ அழுத்துவது போலத் தோன்றும்; எழவும் முடியாது; கத்தவும் முடியாது; அவ்விதம் அழுத்தும் பிசாசு.,sleep paralysis spirit | nightmare demon believed to press down on sleeper's chest,ராத்திரி அமுக்கான் போட்டு அமுக்கீட்டது.,பெயர்ச்சொல்,festival_religion | body_health,,pm,
209,அமுக்குதல்,அமுக்கிட்டேன்,amukkutal,amukkiṭṭēṉ,திருடுதல்.(1) | உண்மைச் செய்திகளை வெளியிடாமல் மறைத்தல்.(2),to pocket or pilfer surreptitiously | to hush up or conceal truth,அவன் பேனாவை நான் அமுக்கிட்டேன் | உண்மையைச் சொல்லு அமுக்காதே.,,action_verbs | human_behavior,,np,
210,அமுசு,,amucu,,"அழகு, அம்சம்.",auspicious beauty | charming grace,புள்ளை பாக்கறதுக்கு அமுசா இருக்குது.,,human_behavior,,np,
211,அமுத்திவிடு,அமுத்தியுடு,amuttiviṭu,amuttiyuṭu,அமுத்தி விடுதல்.,press firmly | massage by applying gentle pressure,தலையை அமுத்திவிடு வலிக்கிது.,,action_verbs | body_health,,np,
212,அமுத்துனா,அமுத்துதல்,amuttuṉā,amuttutal,"அமுக்கினால், அடித்தால்.",if pressed | if thrashed soundly,தூக்கிப் போட்டு ரெண்டு அமுத்து அமுத்துனாதான் சொன்னபடி கேப்பான்.,,action_verbs,,np,
213,அய்யே,அய்யன்,ayyē,ayyaṉ,பெரியவர்களை மதிப்புடன் அழைத்தல். | பெரியவர்களைக் குறிக்கும் மரியாதை விளிச்சொல்.,respectful term of address for elders or grandfather,அய்யே ஊட்ல இருக்காறா. | அய்யனவுங்க எங்க போயிருக்கறாங்க.,பெயர்ச்சொல்,kinship | speech_phrase,,np | pm,
214,அர ஆளா,அரை ஆளா,ara āḷā,arai āḷā,உடல் மெலிந்து போதல்.,severe emaciation | reduced to half one's size due to illness or exhaustion,என்னப்பா இப்பிடி அர ஆளா ஆகிப் போயிட்டே.,,body_health,,np,
215,அரக்கப்பரக்க,,arakkapparakka,,அவசர அவசரமாக | பரபரப்பாக திகைப்போடும் வேகமாகவும் சரியாகச் செய்யாமல்,in a frantic hurry | helter-skelter | with flustered haste,,,human_behavior | speech_phrase,,od,
216,அரக்கிவிடுதல்,அரக்கியுடோனு,arakkiviṭutal,arakkiyuṭōṉu,வெட்டி விடுதல்.,to prune or chop off overgrown twigs and branches,அருவா எடுத்தா அரக்கி விடோணும்.,,action_verbs | farming_livestock,,np,
217,அரக்கு,,arakku,,நீட்டிக் கொண்டிருக்கும் கோல்களையும் கிளைகளையும் வெட்டி மரத்தைச் சீர்படுத்துதல்.(1) | மும்மரமாக வேலை செய்தல்.(2),pruning protruding tree branches | working feverishly without rest,அரக்கி உட்டா மரம் நல்லாத் தழஞ்சு வந்திரும் | இதப் பார்க்கக்கூட நேரமில்லாத அப்படி என்ன அரக்கு.,வினைச்சொல்,farming_livestock | action_verbs,,pm,
218,அரசல் புரசலா,,aracal puracalā,,அரைகுறையாக.,in vague whispers | partially and indirectly | hearsay rumors,அரசல் புரசலா கேட்டுட்டு ஓடியாந்தேன்.,,speech_phrase,,np,
219,அரசாணிக்காய்,,aracāṇikkāy,,பரங்கிக்காய் | பறங்கிக்காய்.,pumpkin | yellow pumpkin,அரசாணிக்காய் பொரியல் வெச்சிருக்கேன்.,,food_cooking,,od | np,
220,அரட்டை,,araṭṭai,,மூங்கிலால் செய்யப்படும் தடுப்பு.,woven bamboo fence panel | protective side-hurdle on bullock cart,அரட்ட சாஞ்சு போச்சு பாரு.,பெயர்ச்சொல்,farming_livestock | home_household,,pm,
221,அரணா,அரைஞாண் கொடி,araṇā,araiñāṇ koṭi,வெள்ளியால் செய்த அரைஞாண் கொடி. | வெள்ளியால் செய்யப்பட்ட அரைஞாண்.,silver waist chain | ornamental waist cord,கொழந்தைக்கு ஒரு அரணா எடுத்துப் போடணும். | பேரனுக்கு ஒரு அரணா எடுத்துப் போடறதுதான.,பெயர்ச்சொல்,dress_accessories,,np | pm,
222,அரணை எடுக்கிறது,அரணை எடுத்தல்,araṇai eṭukkiṟatu,araṇai eṭuttal,தண்ணீர் செல்ல வாய்க்காலை சுத்தம் செய்தல்.,clearing silt and weeds from irrigation channel bunds to restore water flow,அரணை எடுத்துட்டாதான் தண்ணி சீக்கிரம் பாயும்.,,farming_livestock | action_verbs,,np,
223,அரப்பு,,arappu,,தலைக்கு போட்டு குளிக்கும் பொருள | தலைக்குத் தேய்த்துக் குளிக்கப் பயன்படும் ஊஞ்சமரப் பொடி. | தலைக்குத் தேய்த்துக் குளிக்கப் பயன்படும் துரிஞ்ச மரத் தழைப்பொடி.,Albizia herbal hair-wash powder (usilai leaf powder),அரப்பு போட்டுத் தலைக்கு தேய்க்கோணும். | அரப்புத் தேச்சுத் தலைக்கு ஊத்திக்கிட்டேன்.,பெயர்ச்சொல்,body_health,,od | np | pm,
224,அரப்புத்தழை,,arapputtaḻai,,அரப்புக்குப் பயன்படும் துரிஞ்ச மரத்தின் இலைக்கொத்து.,leaves of Albizia amara (usilai / thurinji) harvested for herbal hair wash,அரப்புத்தழ பொறிச்சாரப் போறம்.,பெயர்ச்சொல்,nature_animals | body_health,,pm,
225,அரம்,அரை,aram,arai,மாடுகளின் பெண்குறி.,vulva of cow or heifer,அரத்தத் தொட்டா அப்பிடியே நிக்குது. காளக்கிப் போடோனும்.,பெயர்ச்சொல்,farming_livestock | body_health,,pm,
226,அரமாலும்,,aramālum,,ரொம்பவும்,very much | excessively | abundantly,அரமாலும் அலும்பு பண்ணுறாடா அவ,,speech_phrase | measure_units,,od,
227,அரி,,ari,,"புல், பயிர்களைப் பிடுங்கிச் சேகரி. | இரண்டு கைகளையும் சேர்த்து அள்ளும் அளவு.",to pull and gather fodder grass | double-handful bundle of grass,இன்னும் கொஞ்சம் பில்லு அரீடா. | கன்னுக்குட்டிக்கு ஒரு அரிப் பில்லுப் போதாதா.,வினைச்சொல்,farming_livestock | measure_units | action_verbs,Additional word types: பெயர்ச்சொல்,pm,
228,அரிக்கிறது,அரித்தல்,arikkiṟatu,arittal,வயலில் நெற்பயிர்களைப் பாத்தியிலிருந்து பிரித்தெடுத்தல்.,thinning out and separating paddy seedlings from nursery beds,பயிரை அரிச்சுப் போடு.,,farming_livestock | action_verbs,,np,
229,அரிக்குஞ்சு,,arikkuñcu,,மிகச்சிறிய மீன் குஞ்சு.,tiny fish fry | miniature fingerling,அரிக்குஞ்சைப் புடிச்சு வந்து கிணத்துல விட்டுருக்கான். | அரிக்குஞ்சாப்புடிச்சாந்து கெணத்துல உட்ருக்கறன்.,பெயர்ச்சொல்,nature_animals | food_cooking,,np | pm,
230,அரிக்குஞ்சுக் கருவாடு,,arikkuñcuk karuvāṭu,,மிகச் சிறிய மீன் குஞ்சுக் கருவாடு.,sun-dried tiny fish fry | tiny dried fish,அரிக்குஞ்சுக் கருவாடாப் பாத்து வாங்கியா.,பெயர்ச்சொல்,food_cooking,,pm,
231,அரிகெடை,அறரிகெடை | அரிக்கெடை,arikeṭai,aṟarikeṭai | arikkeṭai,நெல் அறுத்துச் சிறுசிறு கத்தைகளாகக் கட்டி ஒரு நாள் முழுக்கக் குவியலாகப் போட்டு வைத்திருக்கும் கிடப்பு. | நெல்லை அறுத்துக் கட்டாமல் குவியலாகப் போட்டு வைக்கும் கிடப்பு.,heaped piles of reaped paddy sheaves left resting in the field before threshing,அறுத்து அரிக்கெட போட்டிருக்கறம். | அரிகெடையா இருக்குது மழை வந்துருமோன்னு இருக்குது.,பெயர்ச்சொல்,farming_livestock,,np | pm,
232,அரிக்கேன் லைட்டு,,arikkēṉ laiṭṭu,,கூம்பு வடிவ விளக்கு.,hurricane lamp | portable kerosene lantern with glass globe,அரிக்கேன் லைட்டை பத்த வெய்யி.,,home_household,,np,
233,அரிகரண்டி,அரிக்கி,arikaraṇṭi,arikki,வாணலியில் சுடும் எண்ணெயில் இருக்கும் பொருளை எடுக்க உதவும் கரண்டி. | வாணலி எண்ணெயிலிருந்து பலகாரங்களைச் சேர்த்து (அரித்து) எடுக்கும் கரண்டி.,perforated ladle | skimmer spoon used to lift fried savories from boiling oil,அரிகரண்டி எடுத்தா வடையை எடுக்கலாம். | அரிக்கிய இன்னம்புடி எண்ண வடியட்டும்.,பெயர்ச்சொல்,food_cooking | home_household,,np | pm,
234,அரிச்சு எடுத்தல்,,ariccu eṭuttal,,துருவித்துருவி விசாரித்தல்.,cross-examining persistently | probing deeply with sharp questions,பணம் வேணும்னு என்னைய அரிச்சு எடுத்துட்டான்.,,human_behavior | speech_phrase,,np,
235,அரிசிப்பூடு,அரிசிப்பூண்டு,aricippūṭu,aricippūṇṭu,சிறு இலைகளை உடைய ஒருவகைப் பூண்டு.,Polycarpaea corymbosa herb | small-leaved wild medicinal herb grazed by goats,அரிசிப்பூடுன்னா வெள்ளாடு நல்லா மேயும். | அரிசிப்பூடு வெள்ளாடு நல்லாக் கடிக்கும்.,பெயர்ச்சொல்,nature_animals,,np | pm,
236,அரிசிம்பருப்புஞ் சோறு,அரிசி பருப்பு சாதம் | அரிசீம் பருப்புச் சோறு,aricimparuppuñ cōṟu,arici paruppu cātam | aricīm paruppuc cōṟu,(அரிசியும் பருப்பும் கலந்து செய்யும்) கூட்டாஞ்சோறு. | அரிசியும் பருப்பும் கலந்து செய்யும் உணவு.,Arisi Paruppu Sadam | traditional Kongu spiced rice and pigeon pea one-pot meal,வர நேரமாயிடுச்சா அதான் அரிசீம் பருப்பு ஆக்கிட்டன். | எங்கூட்ல இன்னிக்கி அரிசிம்பருப்புஞ் சோறு.,பெயர்ச்சொல்,food_cooking,,np | pm,
237,அரிமனசு,,arimaṉacu,,உடன்பாடில்லாத (உறுத்தலோடு கூடிய) மனம்.,uneasy mind | lingering reluctance or inner discomfort,அவங்க ஊட்டுக்குப் போறதுக்குக் கொஞ்சம் அரிமனசாத்தான் இருக்குது.,பெயர்ச்சொல்,human_behavior,,pm,
238,அரியாந்தரம்,அரியாந்தரொ,ariyāntaram,ariyāntaro,வீட்டின் விட்டத்திலிருந்து கூரை முகட்டைத் தாங்கி நிற்கும் மரக்கட்டை.,vertical king post supporting the roof ridge beam from the crossbeam,,,home_household,,np,
239,அரிவரிப்பு,அருவருப்பு,arivarippu,aruvaruppu,அருவருப்பு.,revulsion | squeamish disgust | intense distaste,ஒரே அரிவரிப்பா இருக்குது.,,human_behavior,,np,
240,அருகிப்போச்சு,அறிகிப்போச்சு,arukippōccu,aṟikippōccu,குறைந்து வருதல்.,dwindled away | became rare | largely diminished,கோயிலுக்குப் போறது ரொம்பவும் அருகிப் போச்சு.,,speech_phrase,,np,
241,அருகுமணம்,அருகுமணொ,arukumaṇam,arukumaṇo,"கொங்குத் திருமணச் சடங்கில் இதுவும் ஒன்று. அருகம்புல்லை நெய்யில் தோய்த்து மணமக்களின் தலை, தோள், பாதங்களில் வைத்து எடுத்து வாழ்த்துவர்.",traditional Kongu wedding ritual of blessing the couple with Bermuda grass (arugampul) dipped in ghee,,,festival_religion,,np,
242,அருசி,,aruci,,அசிங்கம். அசுத்தமாக இருத்தல்.,disgusting | filthy | untidy,எங்கியோ அசிங்கரம் புடிச்சவன் போல இருக்கறே.,,human_behavior,காண்க: அசிங்கரம்,np,
243,அருமைக்காரர்,அருமைக்காரரு | சீர்க்காரர்,arumaikkārar,arumaikkāraru | cīrkkārar,"திருமண சடங்கு, சீர்களை முன்னின்று நடத்தி வைப்பவர் | திருமணச் சடங்குகளை மரபுப்படி நடத்தி வைப்பவர். இவர்களை சீர்க்காரர் எனவும் பெருமையுடன் அழைப்பர்.",ceremonial elder conducting wedding rituals | Kongu traditional ritual leader,,,festival_religion | kinship,,od | np,
244,அருவாமனை,,aruvāmaṉai,,காய்கறி நறுக்கப் பயன்படும் முனையில் கூராகவும் வளைந்த இடத்தில் கத்தி போன்று பதமாகவும் இருக்கும் சாதனம்.,traditional kitchen vegetable cutter | curved knife mounted on a wooden base,அருவாமனை எடுத்து காயை நறுக்கலாம்.,,home_household | food_cooking,,np,
245,அருவாளு,அருவாள்,aruvāḷu,aruvāḷ,பயிர்களை அறுக்க உதவும் கருவி.,sickle | harvesting billhook,அருவாளு எடுத்தா தட்டு வெட்டலாம்.,,farming_livestock,,np,
246,அரைமனசு,அரைமனசா,araimaṉacu,araimaṉacā,முழு விருப்பமில்லாத நிலை.,half-heartedness | reluctance | hesitancy,அரை மனசோட ஒத்துக்கறேன்.,,human_behavior,,np,
247,அல்பசொல்பமான,அல்பசுல்பமான,alpacolpamāṉa,alpaculpamāṉa,அற்ப சொற்பமான | அற்பமான.,trivial | meager | petty,அல்பசொல்பமான வேலைக்குத்தான் லாயக்கு.,,speech_phrase,,np,
248,அல்பம்,அல்பொ,alpam,alpo,அற்ப புத்தி உடையவன்.,mean person | petty-minded individual,சரியான அல்பமா இருக்கறே.,,human_behavior,,np,
249,அல்லக்கவுறு,அல்லக்கயிறு,allakkavuṟu,allakkayiṟu,"பனை, தென்னை மரங்களில் ஏறும்போது இடுப்போடு சேர்த்து மரத்தில் கட்டப்படும் கயிறு. | பனை மரங்களில் தெளுவிறக்க ஏறும்போது மரத்தோடு சேர்த்து இடையில் கட்டிக் கொள்ளும் பிரம்பிணை போன்று பின்னிய கயிறு.",climber waist safety rope | harness rope tied around waist when climbing palm trees,அல்லக்கவுத்தை நல்லா கட்டிக்கோ. | அல்லக்கவுறு பிரி உட்டுப் போச்சு.,பெயர்ச்சொல்,farming_livestock,,np | pm,
250,அல்லக்கன்று,அல்லக்கன்னு,allakkaṉṟu,allakkaṉṉu,வாழைமரத்தின் பக்கத்தில் வளரும் கன்று. | வாழையின் பக்கவாட்டில் புடைத்து வரும் கன்று.,banana sucker | side shoot of a banana plant,அல்லக்கன்னை வெட்டி விடோணும். | அல்லக்கன்ன வெட்டி உடு.,பெயர்ச்சொல்,nature_animals | farming_livestock,,np | pm,
251,அல்லக்கை,அல்லக்கையி,allakkai,allakkaiyi,கெட்ட செயல்கள் செய்பவருக்கு உதவியாக இருப்பவர்.,henchman | stooge | sidekick,எங்கே அல்லக்கையை இன்னிக்கி காணோம்.,,human_behavior,,np,
252,அல்லக்கொண்டை,அல்லச்சொண்டை,allakkoṇṭai,allaccoṇṭai,பெண்கள் முடியை ஒருபுறம் சேர்த்துப் போட்டுக் கொள்ளும் கொண்டை. | பெண்கள் மயிரைப் பக்கப்புறமாகச் சேர்த்துப் போட்டுக்கொள்ளும் கொண்டை.,side hair bun worn by women,அல்லக்கொண்டை நல்லா இருக்கு. | அல்லக்கொண்ட போட்டுக்கிட்டுப் போறா பாரு.,பெயர்ச்சொல்,dress_accessories,,np | pm,
253,அல்லகட்டிக் கிடத்தல்,அல்லகட்டிக் கிட (த்தல்),allakaṭṭik kiṭattal,allakaṭṭik kiṭa (ttal),போதுமான உணவு இல்லாமல் உடல் ஒடுங்கிக் கிடத்தல்.,lying curled up due to starvation | emaciated and languishing,அல்லக்கட்டி கெடக்குறானே. சீக்கிரம் செத்துப் போயிருவானாட்டம் இருக்குது.,வினைச்சொல்,body_health,,pm,
254,அல்லச்செவுரு,,allaccevuru,,அல்லைச்சுவர்; பக்கச்சுவர்.,side wall | outer flank wall,அல்லச் செவுத்து மேல காசிருக்குது எடுத்தா.,பெயர்ச்சொல்,home_household,,pm,
255,அல்லா நாளும்,அல்லா நாளுங்,allā nāḷum,allā nāḷuṅ,எல்லா நாட்களும்.,all days | every single day,அல்லா நாளும் கடையை தெறந்தே வெச்சிருப்பேன்.,,time_seasons,,np,
256,அல்லாடு,அல்லாடுதல்,allāṭu,allāṭutal,கஷ்டப்படுதல்.,to struggle | to suffer hardships | to toil,ரொம்ப அல்லாடிக்கிட்டு இருக்குறான்.,,action_verbs | human_behavior,,np,
257,அல்லாரும்,அல்லாரு,allārum,allāru,அனைவரும் | எல்லோரும்.,everyone | all people,அல்லாரும் எங்கியோ கெளம்பிட்டாங்க.,,speech_phrase,,od | np,
258,அல்லு,அல்லெடுத்தல் | அல்லெடு (த்தல்),allu,alleṭuttal | alleṭu (ttal),(வசதியிருப்பவர் அதை மறைத்து வாங்கும்) இரவல்.,sponging | borrowing under false pretense | mooching,அவனுக்கென்ன கேடு. அல்லெடுத்துக்கிட்டுத் திரியறான்.,பெயர்ச்சொல்,human_behavior,,pm,
259,அல்லுப்பொறுக்கி,,alluppoṟukki,,தரம் குறைந்த செயல்களில் ஈடுபடுபவன்.,petty scoundrel | low-life | moocher,சுத்த அல்லுப்பொறுக்கியா இருக்கறான் பாரு.,,human_behavior,,np,
260,அல்லெடுக்கிறது,அல்லெடுக்குறெ,alleṭukkiṟatu,alleṭukkuṟe,பிறரை நம்பி வாழ்பவன்.(1) | பிச்சையெடுப்பவர்.(2),sponging on others | begging | mooching,அல்லெடுக்கறதே இவனுக்கு பொழப்பாப் போச்சு.,,human_behavior | action_verbs,,np,
261,அல்லை,அட்ல | அல்லெ,allai,aṭla | alle,பக்கவாட்டுப் பகுதி | இடுப்பு | ஓரப்பகுதி; பக்கம்.(1) | அக்குளிலிருந்து இடைவரைக்குமான உடலின் விளிம்புப் பகுதி.(2) | இடம்,side | flank | waist area,அல்லையில என்னடா தழும்பு? | கொட்டாய்க்கு அல்லையில சட்டி கழுத்தீருக்குது | அந்த அல்லெ உக்காரு - அங்கே உட்கார்,பெயர்ச்சொல்,body_health | place_direction,காசர்கோடு மலையாளத்திலும் மைசூரு கன்னடத்திலும் அல்லே (alle in Mysuru Kannada) - அந்த இடம் | மலையாளத்தில் அவடே (aviṭe in Malayalam) - அவ்விடத்தில்,od | pm,
262,அல்லை இடித்தல்,அல்லை இடி (த்தல்) | அல்லை வெட்டுதல் | அல்லை வெட்டு (தல்),allai iṭittal,allai iṭi (ttal) | allai veṭṭutal | allai veṭṭu (tal),கரும்பின் கட்டைப்பயிர் தழைவதற்காகப் பக்கவாட்டுப் பார் அழித்து விடுதல்.,breaking side soil ridges around sugarcane ratoon crops,கரும்புக் காடு அல்ல இடிச்சாச்சா.,வினைச்சொல்,farming_livestock | action_verbs,,pm,
263,அல்லையெடுக்கறது,,allaiyeṭukkaṟatu,,மாடுகள் வயிறு நிறைதல்.,belly filling out in cattle | stomach protruding after full feeding,மாடு அல்லையயெடுத்தாத்தே பாலு நெறயாக் கறக்க முடிய!,,farming_livestock,,np,
264,அலகு கருது,,alaku karutu,,"கொங்கு நாட்டில் அறுவடை முடியும் தருவாயில் நெற்கதிர்களை கட்டி கோயில்களில் தொங்க விடுவர், அறுவடை இல்லாத காலங்களில் பறவைகள் வந்து உணவுக்காக தன் அலகினால் கொத்தி தின்னும். | அலகு கதிர்; திருவிழா நாளில் வைக்கோல் பிரியில் நெற்கதிர்களைக் கட்டி வட்டமாக வீட்டிலோ கோயிலிலோ தொங்கவிடும் அலங்காரம்.",decorative sheaf of paddy hung under eaves or temples for birds to feed,அலகு கருது பாரு. அழகா இருக்குது.,பெயர்ச்சொல்,festival_religion | farming_livestock,,np | pm,
265,அலகு குத்துதல்,,alaku kuttutal,,தெய்வ நேர்த்திக் கடனுக்காக நாக்கில் நீண்ட இரும்புக்கம்பியை குத்திக் கொள்ளுதல்.,piercing body or tongue with a spear or skewer as a religious vow,முருகனுக்கு அலகை குத்திட்டு வாறதா நேர்ந்து இருக்குறேன்.,,festival_religion | action_verbs,,np,
266,அலாசு,அலச,alāsu,alasa,கழுவு / நீரால் துப்புரவு செய்,to rinse | to wash clean with water,சோற்றை வடிப்பதற்கு முன்ன அரிசியை நல்லா அலாசு,,action_verbs,,od,
267,அலப்பறை,,alappaṟai,,அலம்பல்,fuss | boisterous antics | showing off,,,human_behavior,,od,
268,அலவ நாத்திக் குருவி,,alava nāttik kuruvi,,மைனாக்குருவி.,common myna bird,அலவநாத்திக் குருவீ. கள்ளக் குடிச்சிப்புட்டு கத்தறதப் பாரு.,பெயர்ச்சொல்,nature_animals,,pm,
269,அலாக்கா,,alākkā,,எதிர்பாராத அளவு எளிதாக. | (எதிர்பார்க்காத அளவு) மிகுந்த உயரமாக.,effortlessly | with unexpected ease | lifting high easily,அலாக்கா தூக்கி வீசிட்டாம் பாரு. | அப்பிடியே அலாக்காத் தூக்கீட்டான்.,வினைச்சொல்,speech_phrase,,np | pm,
270,அலுக்கரெ,,alukkare,,நினைவுபடுத்துதல் | தொந்தரவு.,nagging | pestering | repeatedly bothering,சும்மா அலுக்கரெ பண்ணாத,,human_behavior,,np,
271,அலுக்கு வண்ணாங்குருவி,,alukku vaṇṇāṅkuruvi,,அழகு வண்ணக் குருவி என்பது திரிந்து இவ்வாறு மாறிவிட்டது.,colorful small songbird | wagtail,,,nature_animals,,np,
272,அலுங்காம,,aluṅkāma,,அசைக்காமல் | நகராமல் இருத்தல்.,without shaking | steadily | gently,போசிய அலுங்காம எடுத்துட்டு வா - பாத்திரத்தை அசைக்காமல் எடுத்து வா | அலுங்காம இரு கண்ணுல தூசிய எடுத்தரலாம்.,,action_verbs | speech_phrase,,od | np,
273,அலுப்பு,,aluppu,,சலிப்பு | சோம்பல்.,fatigue | exhaustion | weariness,வேல தொறப்பா இருந்ததனால ஒரே அலுப்பா இருக்குது.,,body_health | human_behavior,,np,
274,அலும்பு,,alumpu,,அலம்பல்,boastful fuss | arrogant disturbance | mischievous troublemaking,,,human_behavior,,od,
275,அவ்ளோதெ,,avḷōte,,அவ்வளவுதான்.,that is all | that is it,எல்லா வேலயு முடிஞ்சுது அவ்ளோதெ,,speech_phrase,,np,
276,அவசநாத்தம்,அவுசநாத்தொ,avacanāttam,avucanātto,ஈரத்தோடு துணிகளை மடித்தோ குவித்தோ வைத்தால் பின்னர் அதிலிருந்து வரும் அழுகல் நாற்றம். | ஈரத்துடன் துணிகளை மடித்து வைத்தால் ஏற்படும் நாற்றம்.,musty odor | damp mildew smell from un-dried clothes,துணி அவசநாத்தம் ஏறிப்போயிரும். இன்னும் கொஞ்சம் காயட்டும். | அவுச நாத்தொ அடிக்குது துணிய காயப் போடு,பெயர்ச்சொல்,home_household,,np | pm,
277,அவத்த,அவத்தாலெ | அவடத்தாலே | அவடத்தால,avaṭatta,avaṭattāle | avattālē | avattāla,அங்கே; அவ்விடத்தில். | அவ்விடத்தில்.,there | in that place | at that place | over there,அவத்த என்னத்தத் தேடற. | அவத்தாலெ பாரு கெடக்குது.,வினைச்சொல்,place_direction,காண்க: அவத்தாலெ,pm | np,
278,அவத்தைக்கு,அவத்தை,avattaikku,avattai,அங்கே,there | towards that place,,,place_direction,,od,
279,அவம்பாட்டுல,,avampāṭṭula,,ஒருவர் மட்டும் தனியாக.,by himself | on his own accord | independently,அவம்பாட்டுல சுத்திகிட்டு இருக்குறாம் பாரு.,,speech_phrase | human_behavior,,np,
280,அவனவ,,avaṉava,,அவரவர் அவனவன் வேலையே.,each one | each person for themselves,,,speech_phrase,,np,
281,அவிக்கோனு,,avikkōṉu,,அணைக்க வேண்டும்.(1) | வேக வைத்தல்.(2),must extinguish (fire) | must boil or steam,தீயே அவிக்கோனு இல்லின்னா மளமளன்னு புடிச்சுக்கும். | மாட்டுக்கு.,,action_verbs | food_cooking,,np,
282,அவிக,அவிங்க | அவியொ,avika,aviṅka | aviyo,அவர்கள். | அவர்கள்,they | those people,அவிக எங்கப் போனாங்கனு தெரியல,,speech_phrase,,np | od,
283,அவிஞ்சிபோச்சு,,aviñcipōccu,,அணைந்து விடுதல்.(1) | அழுகிவிடுதல்.(2),got extinguished | became rotted or withered,தீ அவிஞ்சி போச்சி | மொட்டு அவிஞ்சிபோச்ச.,,action_verbs,,np,
284,அவியவிகெ,,aviyavike,,அவரவர் அவனவன் வேலையே.,each person individually | each to their own,,,speech_phrase,காண்க: அவனவ,np,
285,அவிளெமாரி,,aviḷemāri,,அவர்களைப்போல்.,like them,அவிளெமாரி நீயும் படிக்கோணு.,,speech_phrase,,np,
286,அவினி,,aviṉi,,அவுரிச் செடி; நீலச் சாயம் தரும் நாட்டு மூலிகைச் செடி.,indigo plant | medicinal shrub,காட்டு ஓரமா அவினிச் செடி நெறையக் கெடக்குது.,பெயர்ச்சொல்,nature_animals | body_health,பொருள் உறுதிப்படுத்தப்படவில்லை (AI உருவாக்கம்) · Meaning not verified (AI generated),od,
287,அவுக்கோனு,,avukkōṉu,,அவிழ்க்க வேண்டும்.(1) | கொடுக்க வேண்டும்.(2),must untie | must disburse or give,உனுக்கு அவுக்கோனுமாக்கும்,,action_verbs,,np,
288,அவுசரொ,,avucaro,,அவசரம்.,hurry | urgency | haste,இவ்ளோ அவுசரொமா எங்கெ போறெ,,speech_phrase | human_behavior,,np,
289,அவுசாரி,,avucāri,,விபச்சாரி,promiscuous woman | prostitute,,,human_behavior,,od,
290,அவுசியம்,,avuciyam,,அபிஷேகம்; தனிப்பட்ட ஒருவர் செலவில் கடவுளுக்குச் செய்யும் பூசை.,temple ritual bath | individually sponsored deity consecration,இன்னக்கி அவுசியம் எங்களது தான்.,பெயர்ச்சொல்,festival_religion,,pm,
291,அவுசேகொ,,avucēko,,அபிசேகம்.,ceremonial bath of deity | abhishekam,கோயில்ல அவுசேகங் குடுக்கறாங்க வாங்கிட்டு வா.,,festival_religion,,np,
292,அவுசேரி,,avucēri,,சோரம் போனவள். | வேசி; விபச்சாரி.,adulteress | unchaste woman,அவுசேரிப் போனவகூடவெல்லாம் சகவாசொ வெச்சக்காதெ. | உன்னாட்டம் ஆருடி அவுசேரி | அத்தக்கிப் புத்தி சொல்லி அண்ணன் மக அவுசேரி போனாளாம் (பழமொழி),பெயர்ச்சொல்,human_behavior,,np | pm,
293,அவுத்து,அவுத்துடு,avuttu,avuttuṭu,அவிழ்த்து. கழற்றி.,having untied | having unfastened | removed | untie | release | take off,மாட்டெ அவுத்து மேயவுட்டு.,,action_verbs,,np,
294,அவுதி,,avuti,,காண்க அவுசரொ. | அவசரம்.,haste | urgency | frantic hurry,அவுதியா எங்க போற.,பெயர்ச்சொல்,human_behavior | speech_phrase,,np | pm,
295,அவுறு,,avuṟu,,அவிழ்த்தல் | காண்க அவுத்து.,to untie | to get unfastened,கயிற்றை அவிழ்த்து விடு,,action_verbs,,od | np,
296,அழகுணி ஆட்டம்,,aḻakuṇi āṭṭam,,திருட்டுத் தனமாக.,stealthily | sneakily | slyly,அழகுணி ஆட்டம் ஆடாத,,human_behavior,,np,
297,அழிகாடு,,aḻikāṭu,,வெள்ளாமை முடிந்த பின் உழவு ஓட்டுவதற்கு முன் மாடுகளை மேயவிடுதல். | அறுவடை செய்தபின் மிச்சம் மீதியுள்ள செடிகொடிகளைக் காத்த பின் அவற்றையும் ஆடு மாடுகளுக்கு மேய விட்டுவிடுவதால் அழியும் நிலையில் உள்ள விளைச்சல் நிலம்.,harvested field left open for cattle grazing | stubble grazing field,அழிகாட்டுலெ மாடு மேஞ்சிட்ருக்கு. | அழிகாட்டுல தான் ஆடு மேயுது.,பெயர்ச்சொல்,farming_livestock,,np | pm,
298,அழிஞ்சுரு,,aḻiñcuru,,அழிந்து விடும்.,will be ruined | will perish,அக்கிரமொ பண்ணாதெ அழிஞ்சுருவ,,speech_phrase,,np,
299,அழியவிடுதல்,அழியவிடு (தல்),aḻiyaviṭutal,aḻiyaviṭu (tal),அறுவடை செய்தபின் மிஞ்சியிருக்கும் செடிகொடிகளில் மாடுகளை மேயவிடுதல்.,allowing cattle to graze on crop stubble after harvest,அந்தக் காட்டுல இன்னம் என்ன இருக்குது அழிய உட்றதுதான.,வினைச்சொல்,farming_livestock | action_verbs,,pm,
300,அழுக்கு,,aḻukku,,"உடை, உடலில் ஏறும் அசுத்தம்.",dirt | grime | filth,துணில பாரு அழுக்கு எப்பிடி இருக்குதுனு. | ஒடம்புல இவ்ளோ அழுக்கு இருக்குது தேச்சு குளி,,body_health | home_household,,np,
301,அழுக்குத்தொம்பை,அழுக்குப் போழை,aḻukkuttompai,aḻukkup pōḻai,அழுக்குத் துணிகளை போட்டு வைக்கும் கூம்பு வடிவ கூடை. | அழுக்குத் துணிகள் போட்டு வைக்கும் கூம்பு வடிவ கூடை.,conical laundry basket | hamper for dirty clothes,அழுக்குத் துணியெல்லாம் தூக்கி அழுக்குத் தொம்பைல போடு | துணிவள எடுத்து அழுக்குத்தொம்பைல போட்டு வைய்யேன்.,பெயர்ச்சொல்,home_household,,np | pm,
302,அழுகாச்சி,,aḻukācci,,அழுதல்.,crying | weeping,இவன்ற அழுகாச்சிய நிறுத்தவே முடில.,,human_behavior,,np,
303,அழுகாச்சு,,aḻukāccu,,அழுகை.,crying | tears | weeping fit,அடேங்கப்பா. இந்த அழுகாச்சு ஆவாதப்பா.,பெயர்ச்சொல்,human_behavior,,pm,
304,அழுகுவண்ணாங்குருவி,,aḻukuvaṇṇāṅkuruvi,,மைனாஅழகு வண்ணக் குருவி தான் அழுகுவண்ணாங்குருவி ஆகிவிட்டது என்று யாரோ சொல்லிக் கேட்டிருக்கிறேன்,common myna bird | colorful small songbird,,,nature_animals,,od,
305,அழுத்து,,aḻuttu,,தான் விரும்பியதை கேட்டால் கிடைக்காது என்றெண்ணி தெரியாமல் எடுத்துச் செல்லுதல்.,to filch | to pocket surreptitiously | to steal quietly,அவங்கிட்ட இருந்து இந்தப் பேனா அழுத்திட்டு வந்தட்டெ.,,action_verbs | human_behavior,,np,
306,அழுந்த,,aḻunta,,ஒட்டி. | ஒட்டி; ஓரமாக.,flush against | tightly close to the edge,முருங்கமரத்த அழுந்த வெட்டிப் போடு. | செவரழுந்தப் பாரு. கெடக்கும்.,வினைச்சொல்,place_direction | speech_phrase,,np | pm,
307,அழும்பு,,aḻumpu,,வீணான செயல்களில் ஈடுபடுதல். | வீணான செயல்களில் ஈடுபவதைக் குறிக்கும் திட்டுச்சொல்.,nuisance | unruly behavior | mischievous fuss,அவ பண்ற அழும்பு தாங்க முடியல. | அவன் பண்ற அழும்பு தாங்க முடியலீடா.,பெயர்ச்சொல்,human_behavior,,np | pm,
308,அள்ளப்புடுச்சிகிச்சு,,aḷḷappuṭuccikiccu,,இடுப்பு வலி பிடித்துக் கொள்ளுதல்.,caught a severe hip catch | flank muscle spasm,அள்ளப்புடுச்சிகிச்சு வலிதாங்க முடீலெ.,,body_health,,np,
309,அள்ளிட்டுப்போ,,aḷḷiṭṭuppō,,அள்ளிக் கொண்டு போ.,gather up and take away | scoop up,இத்தன கெடக்குது அள்ளிட்டுப்போ.,,action_verbs,,np,
310,அள்ளீலெ,,aḷḷīle,,இடுப்பில்.,at the waist | on the flank,அள்ளீலெ கிள்ளி வெச்சிட்டா.,,body_health | place_direction,,np,
311,அள்ளு,,aḷḷu,,முறம் போன்றவற்றால் எடுத்தல்.,to scoop up | to gather with a winnow,குப்பையெ மொறத்துல அள்ளு.,,action_verbs,,np,
312,அள்ளையில்,,aḷḷaiyil,,பக்கத்தில்,beside | at the side,,,place_direction,,od,
313,அளத்தி,,aḷatti,,அளந்து.,having measured | measured out,சட்டை தெக்கிறதெக்கு அளத்தி குடுக்கோனு.,,measure_units | action_verbs,,np,
314,அறியாப்பிள்ளை,,aṟiyāppiḷḷai,,விவரம் தெரியாத வயதில் உள்ள பெண்.,naive young girl | innocent girl child,அறியாப்பிள்ளக்கு என்ன தெரியும்.,பெயர்ச்சொல்,kinship | human_behavior,,pm,
315,அறியாப்பையன்,,aṟiyāppaiyaṉ,,விவரம் தெரியாத வயதில் உள்ள பையன்.,naive young boy | innocent boy,அறியாப் பையனோட எதுக்குச் சண்ட.,பெயர்ச்சொல்,kinship | human_behavior,,pm,
316,அறுதி,,aṟuti,,வரப்பின் கடைப்பகுதி.(1) | அதிகம் செலவு செய்யாதவள்/ன்.(2),far end of a field ridge | frugal person,"அறுதிய நல்லா வெட்டி உடு | ""அறுதிக்கு அரைப்படி, ஊதாரிக்கு ஒருபடி"" (பழமொழி)",பெயர்ச்சொல்,farming_livestock | human_behavior,,pm,
317,அறுதியா,,aṟutiyā,,அறுதியாக; துளியும் மிச்சமில்லாமல்.,completely exhausted | entirely | without any remainder,அறுதியாத் தீந்து போச்சு.,வினைச்சொல்,speech_phrase,,pm,
318,அறுப்புக்காலொ,,aṟuppukkālo,,அறுவடைக் காலம்.,harvest season | reaping time,அறுப்புக்காலொ வந்தா வாய்க்கால்ல தண்ணிய நிறுத்தீருவாங்கோ.,,time_seasons | farming_livestock,,np,
319,அறைஞ்சி,,aṟaiñci,,சத்தத்துடன் பலமாக அடித்தல்.,slapped hard | struck with force,கன்னத்துல அறைஞ்சி போட்டேன்.,,action_verbs,,np,
320,அன்னக் வாரி கரண்டி,,aṉṉak vāri karaṇṭi,,சாப்பாடு தோண்ட பயன்படும் கரண்டி.,large rice serving ladle | flat rice spoon,அன்னக் வாரி கரண்டில சோத்த தோண்டு.,,food_cooking | home_household,,np,
321,அன்னக்கரண்டி,அன்னக்கை,aṉṉakkaraṇṭi,aṉṉakkai,சோறு தோண்டி எடுக்கும் கரண்டி.,rice serving spoon | rice ladle,அன்னகரண்டியில தோண்டிப் போடு.,பெயர்ச்சொல்,food_cooking | home_household,,pm,
322,அன்னம்,,aṉṉam,,சரியாக வேகாத சோறு.,undercooked rice | grainy rice,சோறு அன்ன அன்னமா இருக்குது.,பெயர்ச்சொல்,food_cooking,,pm,
323,அன்னவாரி,,aṉṉavāri,,சாதம் அள்ளிப்போட உதவும் கரண்டி | அன்னக்கரண்டி,rice serving shovel | wide rice spoon,,,food_cooking | home_household,,od,
324,அன்னாடங்காச்சி,,aṉṉāṭaṅkācci,,தினமும் சாப்பிடுவதற்கே திண்டாடுதல்.,hand-to-mouth laborer | daily wage earner,நானே ஓரு அன்னாடங்காச்சி எங்கிட்ட வந்து காசு கேக்கற.,,human_behavior,,np,
325,அன்னாடு,அன்னாடும் | அன்னாடம் | அந்நாடும்,aṉṉāṭu,aṉṉāṭum | aṉṉāṭam | annāṭum,தினமும் | தினந்தோறும் | அன்றாடம்,daily | every day | day-to-day,அன்னாடம் இதே வழக்கமாகப் போச்சு. | அன்னாடு இதே பொழப்பாப் போச்சு.,பெயர்ச்சொல்,time_seasons,,pm | np | od,
326,அன்னாப்பு,,aṉṉāppu,,திமிர்; கர்வம்.,arrogance | haughtiness | excessive pride,அவனுக்கு அன்னாப்பு ஏறிப்போச்சு.,பெயர்ச்சொல்,human_behavior,,pm,
327,அன்னிக்கி,,aṉṉikki,,அன்றொருநாள்.,that day | on that specific day,அன்னிக்கி நானு சொன்னெனல்லொ.,,time_seasons,,np,
328,அன்னேரத்துக்கு,,aṉṉērattukku,,அந்த நேரத்திற்கு.,at that time | by that hour,அன்னேரத்தக்கு போனா ஒரு ஆளு இருக்க மாட்டாங்ங.,,time_seasons,,np,
329,அனத்தம்,,aṉattam,,அழியும் வாய்ப்பு; கேடு. | அழியும் காலம்.,ruin | doom | period of misfortune,அதுல காசுக்குத்தான் அனத்தம் போ. | அவனுக்கு அனத்த காலொ ஆரம்பிச்சுருச்சு.,பெயர்ச்சொல்,human_behavior | speech_phrase,,pm | np,
330,அனத்துதல்,அனத்து (தல்),aṉattutal,aṉattu (tal),நோய் வாய்ப்பட்டிருக்கும் போது முனகுதல். | நோயின் காரணமாக இயலாமையால் மனிதரோ வீட்டுவிலங்கோ 'ம்ம்' என்று வாய்விட்டுச் சத்தமிடுதல்.,groaning in pain | moaning due to sickness,ஒடம்புக்கு முடியாம அனத்திக்கிட்டு இருக்காம் பாரு. | இப்பிடி அனத்திக்கிட்டுக் கெடக்கறான். மருந்து வாங்கிக் குடுக்கறது தான.,வினைச்சொல்,body_health | action_verbs,,np | pm,
331,அனாமத்து,,aṉāmattu,,யாருக்கும் சொந்தம் இல்லாதது. கணக்கில் வராதது. | ஆதரவற்ற நிலை.,unclaimed | unowned | unaccounted-for,அனாமத்து பணம்தானொ செலவளிச்சிட்டு போ. | அனாமத்தாக் கெடக்கறன்.,பெயர்ச்சொல்,speech_phrase,,np | pm,
332,அனாமத்துச் சொத்து,,aṉāmattuc cottu,,வாரிசற்ற உடைமை.,heirless property | unclaimed estate,அவனுக்குப் பிள்ளையா குட்டியா. அனாமத்துச் சொத்துதான்.,பெயர்ச்சொல்,home_household,,pm,
333,அனுசு,,aṉucu,,தாலியில் இணைக்கப்பட்டிருக்கும் ஆறு சதுர காசு கொண்ட நகை.,traditional gold mangalsutra pendant with six square coins,அனுசத் சுத்தி அழுக்கேறிப் போச்சு.,பெயர்ச்சொல்,dress_accessories | festival_religion,,pm,
334,அஸ்கா,அஸ்க்கா,askā,askkā,வெஞ்சர்க்கரை | வெள்ளை சர்க்கரை,refined white sugar | granulated sugar,,,food_cooking,,od,
335,ஆக்கருவா,,ākkaruvā,,வெற்றிலை கட்டுகள் கட்டுவதற்கு பயன்படும் சிறிய அருவாள்.,small trimming sickle used for bundling betel leaves,ஆக்கருவா எடுத்தா வெத்தலைக் கட்டலா.,,farming_livestock,,np,
336,ஆக்காட்டி,ஆக்காட்டிகுருவி,ākkāṭṭi,ākkāṭṭikuruvi,ஆளைக் கண்டதும் கத்தும் ஒரு வகைப் பறவை. | ஆள் காட்டி குருவி. வனப்பகுதியில் புதிதாக ஆட்கள் வந்தால் சப்தமிடும். கொங்கு நாட்டில் மேற்குத் தொடர்ச்சி மலையை ஒட்டியுள்ள பகுதியில் உள்ள வீடுகளில் சிறு கூடு கட்டி வளர்ப்பார்.,red-wattled lapwing | sentinel plover bird,ஆக்காட்டி கத்துது பாரு.,பெயர்ச்சொல்,nature_animals,,pm | np,
337,ஆக்காட்டு,,ākkāṭṭu,,ஆக்கி காட்டுதல்.,pretend feeding | miming feeding a child,ஆக்காட்டு சோறு ஊட்டலாம்.,,human_behavior | action_verbs,,np,
338,ஆக்கு,,ākku,,உருவாக்குதல்.,to make | to cook food,சோறு ஆக்கு.,,action_verbs | food_cooking,,np,
339,ஆக்குப்பூட்டு,,ākkuppūṭṭu,,"எளிதில் பிரிக்க முடியாத வகையில் கயிற்றில் போடும் ஒருவகை முடிச்சு. | மாடு கட்டும் ஒரு வகைக் கயிற்று முடிச்சு.(1) | ஓலைக் கொட்டகையின் மையச் சட்டத்தைத் தாங்கி நிற்கும் குத்துக்கால்களுக்கு ஆதரவாக, உள்புறத்தில் இரு பனந்தப்பைகளைப் பெருக்கல் குறிபோல் அமைத்தல்.(2)",firm interlocking knot for cattle | cross-brace framework supporting shed roof,ஆக்குப்பூட்டு போட்டு கட்டு அப்பத்தெ அவுந்துட்டு போகாது. | நல்லா ஆக்குப் பூட்டுப் போட்டுக் கட்டு | குத்துக்கால் அவ்வளவு வலுவு இல்ல. ஆக்குப்பூட்டுப் போட்ட உட்ரலாம்.,பெயர்ச்சொல்,farming_livestock | home_household,,np | pm,
340,ஆக்கூடி,,ākkūṭi,,ஆக மொத்தம்.,in total | all together | sum total,ஆக்கூடி கூட்டி கழிச்சு பாத்தா ஒண்ணு மிச்சமில்லெ.,,measure_units | speech_phrase,,np,
341,ஆகாசக் கிழங்கு,,ākācak kiḻaṅku,,தோண்டி எடுத்துக் கயிற்றில் கட்டித் தொங்கவிட்டால் துளிர்விட்டு வளரும் ஒருவகை மூலிகைக் கிழங்கு.,aerial yam | air potato tuber hanging and sprouting without soil,ஆகாசக் கெழங்கு புடுங்கியாந்தன். கட்டித் தொங்க உடு.,பெயர்ச்சொல்,nature_animals | body_health,,pm,
342,ஆகாசொ,,ākāco,,ஆகாயம்.,sky | heavens,ஆகாசத்துல பாரு நச்சத்திரொ எரிஞ்சு உழுகுது.,,nature_animals,,np,
343,ஆகாவளி,ஆகாவழி,ākāvaḷi,ākāvaḻi,ஒதவாக்கரை - ஒன்றுக்கும் உதவாதவன் | ஒரு வேலைக்கும் உபயோகமற்றவன்.,good-for-nothing person | useless fellow,எங்கியோ சுத்த ஆகாவளியா இருக்கெ.,,human_behavior,,od | np,
344,ஆகிடியம்,,ākiṭiyam,,தற்காலிகம்.,temporary | provisional,அவனுக்கு வேல ஆகிடியந்தான்.,பெயர்ச்சொல்,speech_phrase | time_seasons,,pm,
345,ஆகீட்டுப்போவுது,,ākīṭṭuppōvutu,,ஆகிவிட்டு போகட்டும்.,let it happen | never mind if it happens,ஆகீட்டுப்போவுது உனுக்கென்ன.,,speech_phrase,,np,
346,ஆகுமேன்னு,,ākumēṉṉu,,பயன்படும் என எண்ணுதல்.,hoping it would be useful | anticipating future need,எதாச்சிக்கி ஆகுமேன்னு அன்னிக்கி எடுத்து வெச்செ இன்னிக்கி அதுக்கு வேலெ வந்திருச்சி.,,speech_phrase | human_behavior,,np,
347,ஆச்சி,,ācci,,சீதனம் | சீர்வரிசைகள்,maternal dowry gifts | traditional bridal gifts,,,festival_religion | kinship,,od,
348,ஆச்சிமாடு,,āccimāṭu,,குழந்தைக்கு பால் கொடுப்பதற்காக தாயின் வீட்டிலிருந்து சீதனமாக கொடுக்கப்படும் மாடு.,milch cow gifted by maternal grandparents for infant milk,,,farming_livestock | kinship,,np,
349,ஆச்சுபோச்சுன்னா,,āccupōccuṉṉā,,ஆகிப்போய் விட்டால்.,if something goes wrong | in case of an adverse event,ஏதாச்சி ஆச்சுபோச்சுன்னா என்ன பண்றது.,,speech_phrase,,np,
350,ஆசாரம்,ஆசாரொ,ācāram,ācāro,வீட்டினுள் உள்ள முற்பகுதி | வீட்டின் மையப்பகுதி | வீட்டு முற்றம்; வரவேற்பறை. | வீட்டின் முற்றம்.,central hall | front courtyard of house,ஆசாரத்துல உக்கோர வெக்கறதுதானே. | ஆசாரத்துல உக்காரு வந்தர்றெ.,பெயர்ச்சொல்,home_household,,od | np | pm,
351,ஆசு,,ācu,,செருப்பின் அடியில் குதிகால் பகுதியில் வைக்கும் தோல். | செருப்பின் அடியில் குதிகால் பகுதியில் வைத்துத் தைக்கும் தோல்.,inner heel pad of footwear | leather heel lining in sandals,செருப்புல ஆசு தேஞ்சு போச்சு. | இந்தச் செருப்புக்கு நல்ல ஆசா வெச்சுக் கொடு.,பெயர்ச்சொல்,dress_accessories,,np | pm,
352,ஆசுபத்திரி,,ācupattiri,,மருத்துவமனை.,hospital | dispensary,ஒடம்புக்கு முடியாம ஆசுபத்திரிக்கு போயிட்டு வந்தெ.,,body_health,,np,
353,ஆசுவம்,,ācuvam,,பிச்சை.,alms | charitable handout,என்னமோ ஆசுவமாக் கொடுத்தாப்பல நெனச்சுக்கிட்டா.,பெயர்ச்சொல்,human_behavior,,pm,
354,ஆசுவாசொ,,ācuvāco,,களைப்பிலிருந்து விடுபட சிறிது நேரம் அமைதியாக இருத்தல்.,relaxation | catching one's breath | taking rest,கொஞ்சொ ஆசுவாசப்படுத்திட்டு இருப்பா.,,body_health | human_behavior,,np,
355,ஆட்டம்,ஆட்ட,āṭṭam,āṭṭa,போல என்று பொருள்படும் ஒரு சொல்,like | in the manner of | resembling,அக்காளாட்டம் சும்மா இரு - அக்காளைப் போல் சும்மா இரு | அக்காளாட்டம்/ட்ட சும்மா இரு - அக்காளைப் போல் சும்மா இரு | அவனாட்ட சும்மா இரு - அவனைப் போல் சும்மா இரு.,,speech_phrase,மைசூரு கன்னடத்தில் அவனந்தெ (avanante in Mysuru Kannada) - அவனைப் போல; -ஆட்ட/-ஆட்டம் = போல,od,
356,ஆட்டாம்புழுக்கை,,āṭṭāmpuḻukkai,,ஆட்டுப் புழுக்கை.,goat dung pellets | sheep droppings,ஆட்டாம்புழுக்கைய அள்ளி வெளியெ போடு.,,farming_livestock,,np,
357,ஆட்டாளி,,āṭṭāḷi,,ஆட்டத்தைக் கற்றுக் கொடுப்பவர்; தலைவர்; காரியத்திற்குக் காரணமானவர்.,dance master | ringleader | mastermind behind an act,அவன் என்ன ஆட்டாளி.,பெயர்ச்சொல்,human_behavior,,pm,
358,ஆட்டாங்கல்,ஆட்டுக்கல் | ஆட்டாங்கல்லு,āṭṭāṅkal,āṭṭukkal | āṭṭāṅkallu,ஆட்டு உரல் | மாவு அரைக்கும் கல்.,stone wet grinder | traditional grinding mortar | stone wet grinder for batter | grinding mortar,ஆட்டுக்கல்லுலெ போட்டு மாவு ஆட்டு.,,home_household | food_cooking,,od | np,
359,ஆட்டுப்பட்டி,,āṭṭuppaṭṭi,,ஆடுகளை அடைத்து வைக்கும் தடுப்பு. | ஆடுகளைக் காக்கும் தடுப்புகளால் ஆன அடைப்பு.,sheepfold | goat pen,ஆட்டுப் பட்டிலெ ஆடுகளெ உட்டு அடைச்சு வை. | ஆட்டுப்பட்டி வேற காட்டுக்கு மாத்தோனும்.,பெயர்ச்சொல்,farming_livestock,,np | pm,
360,ஆடபாடலா,,āṭapāṭalā,,வசதியாக.,spaciously | comfortably roomy,சவாரி வண்டிலெ ரெண்டுபேரு உக்காந்தா ஆடபாடலா இருக்கு.,,speech_phrase,,np,
361,ஆடிநோம்பி,,āṭinōmpi,,ஆடிப்பண்டிகை.,Aadi festival | Tamil monsoon festival celebration,ஆடி நோம்பிக்கி பொண்ணு மாப்பிளயெ கூப்புடோனு.,,festival_religion | time_seasons,,np,
362,ஆடிப்போறது,,āṭippōṟatu,,மிகவும் பாதித்தல்.,to be deeply shaken | to be traumatized or shocked,நீ சொன்னத கேட்டு ஆடிப் போயிட்டே.,,human_behavior | action_verbs,,np,
363,ஆடிவெட்டை,,āṭiveṭṭai,,"ஆடி மாதத்தில் கையில் இருக்கும் காசை செலவழித்து காட்டில் விதைத்தல். | ஆடி மாதத்தில் விதைப்பு நடக்கும் காலத்தில் கையிலிருந்தே செலவழிக்க வேண்டியிருக்கும், அப்படியான மாதத்தில் ஏற்படும் பொருளாதார நெருக்கடி.",financial crunch during the Aadi sowing season,ஆடி வெட்டையில கையிலெ காசே சுத்தமா இல்ல. | ஆடிவெட்டையில ஆருகிட்டக் காசிருக்கும்.,பெயர்ச்சொல்,farming_livestock | time_seasons,,np | pm,
364,ஆண்டி,,āṇṭi,,கிராமங்களில் உள்ள கோயிலில் பூசை செய்பவர்.,village temple priest | ascetic temple caretaker,,,festival_religion,,np,
365,ஆணம்,,āṇam,,கொழம்பு,curry | broth | spicy gravy,,,food_cooking,,od,
366,ஆத்தமாட்டாமெ,,āttamāṭṭāme,,இயலாமல்.,unable to cope | lacking capacity to manage,ஆத்தமாட்டாதவெ பண்ணையத்த காத்தானாமா - பழமொழி.,,human_behavior,,np,
367,ஆத்தறது,,āttaṟatu,,ஆற வைத்தல்.,cooling down a hot drink | aerating liquid by pouring back and forth,காப்பி கொஞ்சொ ஆத்திக்கெறது சூடா இருக்குது.,,food_cooking | action_verbs,,np,
368,ஆத்தாடி,,āttāṭi,,பெண்களை மரியாதையாக கூப்பிடும் சொல்.,term of respect and affection for females | motherly address,ஆத்தாடி என்ன பண்றே.,,speech_phrase | kinship,,np,
369,ஆத்திர அவசரத்துக்கு,,āttira avacarattukku,,தேவைப்படும் நேரத்தில்,in times of emergency | for urgent needs,,,speech_phrase,,od,
370,ஆத்துக்கிச்சு,ஆந்துப்போச்சு,āttukkiccu,āntuppōccu,மூப்பினால் ஓய்ந்து போதல்.,worn out by old age | completely exhausted with senility,இனியென்ன கட்ட ஆத்துக்கிச்சு.,வினைச்சொல்,body_health,,pm,
371,ஆத்துப் பாசனம்,கிணத்துப் பாசனம்,āttup pācaṉam,kiṇattup pācaṉam,முறையே விவசாயத்துக்கு நீர் எங்கிருந்து வருகிறது என்பதைக் குறிக்கும்,river irrigation | river water supply for farming,,,farming_livestock,,od,
372,ஆத்துல,,āttula,,ஆறு.,in the river | river stream,ஆத்துலெ ஒரு காலும் சேத்துலெ ஒரு காலும் வெக்காதெ - பழமொழி.,,nature_animals | place_direction,'யா'கரத்திற்கு பதில் 'ஆ'கர ஒலிப்பு (யாறு -> ஆறு) | மலையாளத்தில் ஆற்று (āṟu in Malayalam) - ஆறு,np,
373,ஆதண்டை,,ātaṇṭai,,ஒருவகைச் செடி.,Indian caper shrub | Capparis zeylanica medicinal plant,ஆதண்ட எங்கயாச்சும் இருந்தாப் பாரு.,பெயர்ச்சொல்,nature_animals | body_health,,pm,
374,ஆப்பச்சாறு,,āppaccāṟu,,ஒரு கரண்டி அளவுக்கான குழம்பு.,a ladleful of gravy | single serving of curry,ஆன வந்தாலும் ஆப்பச்சாறுதான் (பழமொழி),பெயர்ச்சொல்,food_cooking | measure_units,,pm,
375,ஆப்பு,,āppu,,குழந்தைகள் உணவு.,baby porridge | mashed soft infant food,ஆப்பு ஊட்டுட்டுமா கண்ணு.,பெயர்ச்சொல்,food_cooking,,pm,
376,ஆப்பெசோப்பையா,,āppecōppaiyā,,சாதாரணமாக நினைத்தல்.,taking lightly | treating as insignificant | dismissing casually,என்னய ஆப்பெ சோப்பையா நெனைக்காத.,,human_behavior | speech_phrase,,np,
377,ஆப்பை,,āppai,,"மர அகப்பை; சிரட்டையால் அல்லது மரத்தால் செய்யப்பட்ட சோறு, குழம்பு பரிமாறும் கரண்டி.",wooden or coconut-shell ladle,சோளக்களி கிண்ட ஆப்பை எடுத்துட்டு வா.,பெயர்ச்சொல்,home_household | food_cooking,பொருள் உறுதிப்படுத்தப்படவில்லை (AI உருவாக்கம்) · Meaning not verified (AI generated),od,
378,ஆம்பளை,,āmpaḷai,,ஆண்பிள்ளை.,man | adult male,உன்னெய சின்னப் பையனா பாத்தது பெரிய ஆம்பளை ஆயிட்டே.,,kinship | human_behavior,,np,
379,ஆம்பாடு,,āmpāṭu,,காலும் இடுப்பும் சேரும் மடிப்பான இடம் | தொடைக்கும் குறிக்கும் இடைப்பட்ட (உடலின்) பகுதி.,groin crease | fold between thigh and groin,ஆம்பாட்டிலே தேய்த்துக் குளி | ஆம்பாட்டுல நெறி கட்டியிருக்குது.,பெயர்ச்சொல்,body_health,,od | pm,
380,ஆமரம்,,āmaram,,ஆண் (பனை) மரம்.,male palmyra palm tree,அந்த ஆமரத்துல பாள வந்திருக்குது.,பெயர்ச்சொல்,nature_animals | farming_livestock,,pm,
381,ஆமான்றீங்கெ,ஆமான்ட்டீங்கெ,āmāṉṟīṅke,āmāṉṭṭīṅke,ஆமாம் என்று கூறினீர்கள். | ஆமாம் என்று கூறிவிட்டீர்கள்.,you say yes | you confirm (honorific) | you said yes | you agreed (honorific),நீங்கதெ ஆமான்றீங்கெ. | நீங்கதெ ஆமான்ட்டீங்கெ.,,speech_phrase,,np,
382,ஆமுங்கெ,ஆமாங் | ஆமாங்க,āmuṅke,āmāṅ | āmāṅka,ஆமாங்க | ஆம்,yes (polite affirmative),ஆமுங்கெ நீங்க சொல்றதெ சரிங்கெ.,இடைச்சொல்,speech_phrase,,np,
383,ஆமைகொடாப்பு,,āmaikoṭāppu,,காவலுக்கு தங்குபவர்களுக்கான கொடாப்பு.,tortoise-shell shaped low thatch shelter for field watchers,ராத்திரி தாங்கறதுக்கு ஆமைகொடாப்பு போட்டுடோனு.,,farming_livestock | home_household,,np,
384,ஆயிருச்சி,,āyirucci,,முடிந்து விட்டது,finished | completed | happened,,,speech_phrase,,od,
385,ஆரு,ஆர் | ஆரூ,āru,ār | ārū,யார் | யார்.,who,ஆரு அது வந்துட்டு போனது.,,speech_phrase,,od | np,
386,ஆர்ராஅது,,ārrāatu,,யாரது.,who is that? | who goes there?,ஆர்ரா அது தொறந்த வூட்டுல நாயி பூந்தாப்பிடி.,,speech_phrase,,np,
387,ஆர்ராஅவெ,,ārrāave,,யார் அவன்.,who is he?,ஆர்ரா அவெ வெள்ளாமக் காட்டுக்குள்ள நடந்து போரது.,,speech_phrase,,np,
388,ஆரக்கால்,,ārakkāl,,மாட்டு வண்டிச் சக்கரத்தில் சுற்று வட்டத்தையும் மையத்தையும் இணைக்கும் கட்டை. | மையத்தையும் இணைக்கும் கட்டை. | மாட்டு வண்டியின் சக்கரத்தில் சுற்று வட்டத்தையும் மையத்தையும் இணைக்கும் கட்டை.,spoke of a bullock cart wheel,ஆரக்கால்ல ஒன்னு புடுங்கீடுச்சு. | சக்கரத்துல ஆரக்கால் ஒடஞ்சி போச்சு.,பெயர்ச்சொல்,farming_livestock,,pm | np,
389,ஆராச்சி,,ārācci,,"நன்மை, தீமை, தரத்தை ஆராய்தல்.",investigation | scrutiny | critical examination,எப்பப் பாத்தாலும் ஆராச்சி பண்றதே இவனுக்கு வேலை.,,human_behavior,,np,
390,ஆராட்டம்,,ārāṭṭam,,பசியினால் ஏற்படும் கிறுகிறுப்பு.,dizziness caused by extreme hunger | hunger faintness,ஒரே ஆராட்டமா இருக்குது. வா சோறு குடிக்கோனும்.,பெயர்ச்சொல்,body_health,,pm,
391,ஆராரோ,,ārārō,,யார் யாரோ.,assorted strangers | all kinds of arbitrary people,ஆராரோ வந்துட்டுப் போறாங்கெ என்ன நடக்குதுனே தெரியல.,,speech_phrase,,np,
392,ஆராலெ,ஆரால | யாருனால | யாருனாலெ,ārāle,ārāla | yārunāla | yārunāle,யாரால்; யாரின் காரணமாக.,by whom | because of whom,இத்தினி வேலைய ஆராலெ செய்ய முடியும். | இந்த வேல யாருனால ஆச்சு?,இடைச்சொல்,speech_phrase,,np | od,
393,ஆரியக்கல்,ராகிக்கல்,āriyakkal,rākikkal,கேழ்வரகு அரைக்கும் எந்திரம்.,hand millstone for grinding finger millet (ragi),ஆரியக்கல்லுல இப்ப ஆரு நெரிக்கறாங்க.,பெயர்ச்சொல்,home_household | food_cooking,,pm,
394,ஆரியத்தாள்,,āriyattāḷ,,கேழ்வரகுத் தட்டை.,finger millet straw | ragi stalk fodder,ஆரியத்தாளுஅறுத்துப் போட்டிருக்குது.,பெயர்ச்சொல்,farming_livestock,,pm,
395,ஆரியப்பயிர்,,āriyappayir,,கேழ்வரகுப் பயிர்.,finger millet crop | standing ragi crop,ஆரியப்பயிரு நடவு இருக்குது.,பெயர்ச்சொல்,farming_livestock,,pm,
396,ஆரியம்,,āriyam,,கேழ்வரகு.,finger millet | ragi,இந்த வருசம் ஆரியம் எவ்வளவாச்சு.,பெயர்ச்சொல்,food_cooking | farming_livestock,,pm,
397,ஆரியரட்டு,,āriyaraṭṭu,,கேழ்வரகுத் தவிடு.,finger millet bran | ragi husk cattle feed,இந்த எருமை ஆரியரட்டை நல்லாத் திங்கும்.,பெயர்ச்சொல்,farming_livestock | food_cooking,,pm,
398,ஆரீக்கல்,ஆரைக்கல்,ārīkkal,āraikkal,அம்மிக்கல்,flat spice grinding stone | grinding slab,,,home_household | food_cooking,,od,
399,ஆரும்,,ārum,,ஆறிவிடும்.,will cool down | will heal,கொஞ்ச நேரத்துல ஆரும் அப்புறஞ் சோத்த தின்னு.,,speech_phrase,,np,
400,ஆருன்னாலு,,āruṉṉālu,,யாராக இருந்தாலும்.,whoever it may be | regardless of who,ஆருன்னாலு ஒரே பேச்சுதா மாத்தி பேசக்கூடாது.,,speech_phrase,,np,
401,ஆரோ,,ārō,,யாரோ.,someone | somebody unknown,ஆரோ சொன்னதெ கேட்டுட்டு வந்து இப்பிடி பண்றியே.,,speech_phrase,,np,
402,ஆரோருத்தரு,,ārōruttaru,,யாராவது ஒருவர்.,someone or other | any one person,ஆரோருத்தரு மட்டும் போங்க.,,speech_phrase,,np,
403,ஆலக்குழி,,ālakkuḻi,,"ஆலைக்குழி. பனை வெல்லப்பாகு காய்ச்ச வெட்டப் படும் பெரிய குழி. | ஆலைக்குழி. பனை வெல்லப் பாகு காய்ச்ச, வீட்டு விசேஷங்களுக்குச் சமைக்கப் பெரிதாக வெட்டும் குழி.",large open trench pit for boiling jaggery syrup or community cooking,ஆலக்குழி வெட்டியாச்சு.,பெயர்ச்சொல்,food_cooking | farming_livestock,,np | pm,
404,ஆலக்கூடம்,,ālakkūṭam,,ஆலைக்கூடம். பாகு காய்ச்சும் அடுப்பைச் சுற்றி மண்ணால் உருவாக்கப்பட்ட பகுதி.,earthen furnace enclosure for boiling jaggery syrup,ஆலக்கூடத்துக்கு மண்ணிடோனும்.,பெயர்ச்சொல்,farming_livestock | food_cooking,,pm,
405,ஆலங்கட்டி,,ālaṅkaṭṭi,,மழைபெய்யும் போது உறைந்து கட்டியாகி விழும் நீர்.,hailstone | hail pellet,ஆலங்கட்டி மழ வருது.,,nature_animals | time_seasons,,np,
406,ஆலச்சட்டி,,ālaccaṭṭi,,"பனை வெல்லப் பாகை எடுத்து ஊற்றி ஆற்றவும் அடுக்குமிடாவின் மேல் பகுதியில் வைத்து மாவு, தானியம் போன்றவற்றைப் போட்டு வைத்துக் கொள்ளவுமான பெரிய மண் பாத்திரம்.",large wide earthen cooling pot for jaggery syrup and grain storage,ஆலச்சட்டியில கம்ம மாவு இருக்குது. எடுத்துக்க.,பெயர்ச்சொல்,home_household | food_cooking,,pm,
407,ஆலமேடு,,ālamēṭu,,ஆலைமேடு; பாகு காய்ச்சும் அடுப்பு இருக்கும் பகுதி.,elevated mound near the jaggery boiling furnace,ஆலமேட்டுல வெறவு கெடக்குது.,பெயர்ச்சொல்,farming_livestock | place_direction,,pm,
408,ஆலாக்கீரை,,ālākkīrai,,கீரை வகைகளில் ஒன்று.,a species of edible wild greens,ஆலக்கீர பொறிச்சாந்திருக்கிறேன்.,பெயர்ச்சொல்,food_cooking | nature_animals,,pm,
409,ஆலாத்தி,,ālātti,,ஆரத்தி.,aarati ritual | waving of ceremonial lamp or turmeric water,பொண்ணு மாப்பிளக்கி ஆலாத்தி எடுங்க.,,festival_religion,,np,
410,ஆலாத்திகுருவி,,ālāttikuruvi,,வயல்வெளிகளில் நண்டை (உழவன்) திங்கும் ஒரு வகை குருவி.,crab-eating wetland bird | pond heron,,,nature_animals,,np,
411,ஆலாப்பறக்காதெ,,ālāppaṟakkāte,,அவசரப்படுதல்.,do not panic and rush | do not be frantically restless,ஆலாப்பறக்காதே மெதுவா போ.,,speech_phrase | human_behavior,,np,
412,ஆலாப்பற,ஆலாப்பறத்தல்,ālāppaṟa,ālāppaṟattal,வலி தாங்க முடியாமல் படும் துன்பம்.,writhing in unbearable pain | frantic suffering,பையன் ஆலாப்பறக்கறான்.,வினைச்சொல்,body_health | human_behavior,,pm,
413,ஆலாம்பாடி,ஆலாம்படி,ālāmpāṭi,ālāmpaṭi,மாட்டு வகைகளில் ஒன்று. | ஒருவகை மாடு.,Alambadi cattle breed | hardy draft bullock breed | native draft breed,கட்டுத்தரையில ஆலாம்படி ஒன்னு இருந்தாத்தான் அழகு. | ஒரு நல்ல ஆலாம்பாடியா பாத்து வாங்கோணும்.,பெயர்ச்சொல்,farming_livestock | nature_animals,,pm | np,
414,ஆலையடுப்பு,,ālaiyaṭuppu,,பனை பாகோ கரும்புப் பாகோ காய்ச்சும் அடுப்பு.,large hearth for boiling sugarcane or palm jaggery juice,ஆலையடுப்புப் பக்கம் கொழந்தய உட்ராத.,பெயர்ச்சொல்,farming_livestock | food_cooking,,pm,
415,ஆவசோவை,,āvacōvai,,"தெம்பு, பலம் இல்லாத தன்மை.",lethargic person lacking stamina | physically feeble,அவன் ஒரு ஆவசோவைடா.,பெயர்ச்சொல்,human_behavior | body_health,,pm,
416,ஆவரதெ,,āvarate,,முடிந்ததை.,what is feasible | whatever can be achieved,ஆகாததெப் பத்தி பேசாதெ ஆவரதெப் பாரு.,,speech_phrase,,np,
417,ஆவு,,āvu,,முடியும்.,can happen | is feasible | will do,இத செய்ய உன்னாலெ ஆவுமா ஆவாதா.,,speech_phrase,,np,
418,ஆவுலெ,,āvule,,ஆகவில்லை.,did not happen | not accomplished,பண ஏற்பாடு ஆவுலெ.,,speech_phrase,,np,
419,ஆள்கட்டு,,āḷkaṭṭu,,ஆள் பலம்.,manpower | family or workforce strength,அவனுக்கென்ன ஆள்கட்டு நெறயா இருக்குது. | அவனுக்கென்ன ஆள்கட்டு இருக்குது.,பெயர்ச்சொல்,human_behavior,,np | pm,
420,ஆள்கைமாறுதல்,ஆள் கைமாறு,āḷkaimāṟutal,āḷ kaimāṟu,வேலை செய்து கொண்டிருப்பவர் உண்ணச் செல்ல வேறொருவர் வந்து ஆள்மாற்றி விடுதல்.,shift relief of a worker | substituting another person temporarily,ஆள்கை மாறியாச்சா.,வினைச்சொல்,farming_livestock | action_verbs,,pm,
421,ஆளுக்காரன்,ஆளுக்காரெ,āḷukkāraṉ,āḷukkāre,நிலம் இருப்போரிடம் ஆண்டுக் கூலிக்கு வேலை செய்யும் (பெரும்பாலும் தாழ்த்தப்பட்ட சாதியைச் சேர்ந்த) ஆள். | நிலம் உள்ளவரிடம் ஆண்டுக்கூலிக்காக வேலை செய்பவர்.,annual agricultural laborer | regular farmhand,உங்க ஆளுக்காரன் வந்துட்டானா? | ஆளுக்காரெ வந்தா நெல்லெ வெதைக்கச் சொல்லு.,பெயர்ச்சொல்,farming_livestock | kinship,,np | pm,
422,ஆளுவாச்சே,,āḷuvāccē,,வேலைக்கு வரும் ஆள்.,available laborer | hired farm worker,நல்ல ஆளுவாச்சே பாரு.,,farming_livestock | human_behavior,,np,
423,ஆற அமர,,āṟa amara,,மெதுவாக,leisurely | calmly | unhurriedly,,,speech_phrase,,od,
424,ஆன,ஆனை,āṉa,āṉai,ஆனை - யானை,elephant,,,nature_animals,'யா'கரத்திற்கு பதில் 'ஆ'கர ஒலிப்பு (யானை -> ஆனை/ஆன) | மலையாளத்தில் ஆனை (āna in Malayalam) - யானை,od,
425,ஆனநெருஞ்சி,,āṉaneruñci,,இலைகளும் காய்களும் பெரிதாக இருக்கும் ஒருவகை நெருஞ்சிச் செடி.,large caltrop herb | Pedalium murex,ஆனநெருஞ்சி நெறயா இருக்குது. காலப் பாத்து வெச்சு வா.,பெயர்ச்சொல்,nature_animals | body_health,,pm,
426,ஆனமட்டு,,āṉamaṭṭu,,முடிந்தவரையில்.,as much as possible | to the utmost extent,ஆனமட்டும் பாரு ஆவுலீனா உட்ரு.,,speech_phrase,,np,
427,ஆனானப்பட்ட,,āṉāṉappaṭṭa,,திறமை வாய்ந்த.,eminent | even the mighty or capable,ஆனானப்பட்டவங்ளே அல்லாடறப்ப நீமெல்லா எம்மாத்தரோ.,,speech_phrase | human_behavior,,np,
428,ஆனொ,,āṉo,,குழம்பு.,curry | spiced gravy,சோத்துக்கு ஆனொ அளத்திக்கிறியா.,,food_cooking,,np,
429,இக்கட்ட,இக்கட்டெ,ikkaṭṭa,ikkaṭṭe,இந்தப் பக்கம்.,this side | this place,இந்த வேச காலத்துல அக்கட்ட இக்கட்ட நகர முடியல | இக்கட்ட என்ன கெடக்குது.,வினைச்சொல்,place_direction,காண்க: இக்கட்டாலெ | மைசூரு கன்னடத்தில் ஈ கடெ (ī kaḍe in Mysuru Kannada) - இந்தப் பக்கம்; கடெ (kaḍe) = பக்கம்/திசை,od | pm,
430,இக்கட்டாலெ,இக்கட்டால,ikkaṭṭāle,ikkaṭṭāla,இந்தப்பக்கமாக; இந்த வழியாக.,towards this side | in this direction | this way,இக்கட்டாலெ வா.,வினைச்சொல்,place_direction,காண்க: இக்கட்ட,np,
431,இக்கட்டு,,ikkaṭṭu,,நெருக்கடி. | துன்பச் சூழல்.(1) | நெருக்கடி.(2),predicament | tight spot | dilemma | crisis,பெரிய இக்கட்டுலெ போயி மாட்டிக்கிட்டெ. | குடும்பத்த இக்கட்டுல உட்டுட்டுப் போயிட்டானே. | இப்பப் பெரிய இக்கட்டு. நீதாங் காப்பாத்தோனும்.,பெயர்ச்சொல்,human_behavior | speech_phrase,,np | pm,
432,இக்கலு,,ikkalu,,சிரமம்.,trouble | difficulty | hardship,பெரிய இக்கலு புடிச்ச வேலயா இருக்குது.,,human_behavior | speech_phrase,,np,
433,இக்கிட்டு,,ikkiṭṭu,,இடர்பாடு,obstacle | predicament | complication,,,human_behavior,,od,
434,இக்கொ,இக்கம்,ikko,ikkam,இடுப்பு.,waist | hip,இக்கத்துல கை வெக்காதே. | இக்கத்துல கை வெக்காத.,பெயர்ச்சொல்,body_health,,np | pm,
435,இங்கத்த,,iṅkatta,,இந்த ஊரினுடைய; இந்தப் பக்கத்து.,local to this place | belonging to this village,அவன் இங்கத்த பையன்.,பெயர்ச்சொல்,place_direction | speech_phrase,,pm,
436,இசுக்காட்டு,,icukkāṭṭu,,"பக்கத்தில் இருப்பவர்களுக்கு ஒன்றை கொடுப்பது போல் கொடுத்து கொடுக்காமல் ஏமாற்றுதல். | எதிரிலிருப்பவர்க்குக் கொடுப்பது போலக் காட்டி, கொடுக்காமல் ஏமாற்றுதல்.",tantalizing by pretending to give and withholding | teasing,எனக்கே நீ இசுக்காட்டு காட்டுறியா. | கொழந்தைக்குப் போயி இசுக்காட்டிக்கிட்டுத் திங்கறான்.,வினைச்சொல்,human_behavior | action_verbs,,np | pm,
437,இசுவாயிரு,,icuvāyiru,,ஒருவருக்கு இசையாய் இருத்தல்.,to be compliant | to be agreeable with someone,எனுக்கு இசுவாயிருப்பியா.,,human_behavior,,np,
438,இட்டேரி,இட்டாரி | இட்டேறி | இட்டாறி | இட்டாலி,iṭṭēri,iṭṭāri | iṭṭēṟi | iṭṭāṟi | iṭṭāli,தெரு | இட்டேறி | தடம் | கிராமப்புறங்களில் குறிப்பாக மண் சாலை | வழித்தடம் | சிறிய பாதை | கிளைத்தடம் | வயல்களினிடையே செல்லும் வரப்புப்பாதை | வண்டிப்பாதை | நிலங்களுக்கிடையில் உள்ள பெரிய வரப்பு. | நிலங்களுக்கிடையே எல்லையாக அமைக்கப்பட்ட பெரிய வரப்பு.,field pathway | broad ridge cart-track between agricultural lands,இட்டேரிலயே போனா சீக்கிரமா நம்ம காட்டுக்கு போய்ரலாம். | இட்டேரில ஆடு மேயுது.,பெயர்ச்சொல்,place_direction | farming_livestock,,od | np | pm,
439,இட்டுக்கட்டி,,iṭṭukkaṭṭi,,ஒருவரை மறைமுகமாக பேசுதல்.,concocting stories | making insinuations about someone,இட்டுக்கட்டி பேசறதே பொழப்பாப் போச்சு.,,human_behavior | speech_phrase,,np,
440,இட்டேரித்தடம்,இட்டேரிதடம்,iṭṭērittaṭam,iṭṭēritaṭam,பெரிய வரப்பின் மீதுள்ள வழி. | இட்டேறியில் உள்ள வழி.,cart pathway along agricultural boundary ridge,இட்டேரித் தடத்துல போனாச் சீக்கிரமாச் சேர்ந்தரலாம். | இட்டேரி தடத்துல முள்ளுப் போட்டு வெச்சருக்குது.,பெயர்ச்சொல்,place_direction | farming_livestock,,np | pm,
441,இட்ரிப்பு,,iṭrippu,,நெஞ்சுக்கரிப்பு.,heartburn | acid reflux,விடியால சோறு தின்னதுலருந்து ஒரே இட்ரிப்பா இருக்குது. | கொஞ்சம் இட்ரிப்பா இருக்குது. ரண்டு உப்புக்கல்லுப்போட்டுத் தண்ணி குடு.,பெயர்ச்சொல்,body_health,,np | pm,
442,இட்ரை,,iṭrai,,நெஞ்சுக்கரிப்பு.,heartburn | acid reflux,விடியால சோறு தின்னதுலருந்து ஒரே இட்ரிப்பா இருக்குது. | கொஞ்சம் இட்ரிப்பா இருக்குது. ரண்டு உப்புக்கல்லுப்போட்டுத் தண்ணி குடு.,பெயர்ச்சொல்,body_health,காண்க: இட்ரிப்பு,pm,
443,இடக்கயிறு,,iṭakkayiṟu,,"பனை, தென்னை மரங்களில் ஏறும்போது இடுப்போடு சேர்த்து மரத்தில் கட்டப்படும் கயிறு. | பனை மரங்களில் தெளுவிறக்க ஏறும்போது மரத்தோடு சேர்த்து இடையில் கட்டிக் கொள்ளும் பிரம்பிணை போன்று பின்னிய கயிறு.",waist safety harness rope for climbing palm trees,அல்லக்கவுத்தை நல்லா கட்டிக்கோ. | அல்லக்கவுறு பிரி உட்டுப் போச்சு.,பெயர்ச்சொல்,farming_livestock,காண்க: அல்லக்கயிறு,pm,
444,இடத்தான்,,iṭattāṉ,,"வண்டி, ஏற்றம், ஏர் ஆகியவற்றில் இடது பக்கம் செல்லும் பழக்கம் கொண்ட மாடு.",bullock accustomed to being yoked on the left side,அந்த எடத்தானப் புடிச்சுக் கட்டு,பெயர்ச்சொல்,farming_livestock,,pm,
445,இடால்,,iṭāl,,காட்டு விலங்குகளைப் பிடிக்க வைக்கப்படும் பொறி.,trap set to catch wild animals (e.g. wild boars),,பெயர்ச்சொல்,farming_livestock,,od,
446,இடுக்கு,,iṭukku,,"பனை, தென்னை மரங்களில் கள்ளிறக்கப் பாளைகளைப் பதப்படுத்தும் முறை. | பனை தெளுவிறக்கப் பாளைகளைப் பதப்படுத்துதல்.",tenderizing palmyra spadix with wooden tongs to stimulate sap,புதுசா வந்த பாளைய இடுக்கியாச்சா. | புதுசா வந்த பாளய இடுக்கீட்டயா.,வினைச்சொல்,farming_livestock | action_verbs,,np | pm,
447,இடுக்குக்கோல்,,iṭukkukkōl,,"பனை, தென்னை மரங்களில் தெளுவிறக்கப் பாளைகளைப் பதப்படுத்தும் இரண்டு கட்டைகள் இணைத்துக் கட்டப்பட்ட தடி, இக்கோலை ஆட்டுகிடாய்களுக்குக் காயடிக்கவும் பயன்படுத்துவர்.",wooden clamp used to press toddy spadix or castrate rams | wooden tongs used to press toddy spadix or castrate rams,இடுக்குக் கோல இப்ப எடுத்தாரலியே. நாளைக்குப் இடுக்கீறலாம்.,பெயர்ச்சொல்,farming_livestock,,pm,
448,இடுக்குத்தடி,,iṭukkuttaṭi,,"பனை, தென்னை மரங்களில் தெளுவிறக்கப் பாளைகளைப் பதப்படுத்தும் இரண்டு கட்டைகள் இணைத்துக் கட்டப்பட்ட தடி, இக்கோலை ஆட்டுகிடாய்களுக்குக் காயடிக்கவும் பயன்படுத்துவர்.",wooden tongs used to press toddy spadix or castrate rams,இடுக்குக் கோல இப்ப எடுத்தாரலியே. நாளைக்குப் இடுக்கீறலாம்.,பெயர்ச்சொல்,farming_livestock,காண்க: இடுக்குக்கோல்,pm,
449,இடுகாடு,,iṭukāṭu,,இறந்தவர்கள் உபயோகப் படுத்திய பொருட்களை எரிக்குமிடம்.,cremation ground | burning ground for disposal of belongings,,,place_direction | festival_religion,,np,
450,இடுத்தம்,,iṭuttam,,குறுகிய எண்ணம்; சுயநலம் மிக்க தன்மை.,narrow-mindedness | selfishness | petty stinginess,அவுங்க செரியான இடுத்தம் புடுச்சவிய.,பெயர்ச்சொல்,human_behavior,,pm,
451,இடும்பன்,,iṭumpaṉ,,குயவர் சக்கரத்தை நிலை நிறுத்திச் சுற்றும் வலிமையான கல்.,heavy pivot stone for potter's wheel,இடும்பனாட்டம் நிக்கறான்.,பெயர்ச்சொல்,home_household,,pm,
452,இண்டம்,,iṇṭam,,அடர்ந்திருக்கும் ஒரு வகை முள்செடி.,dense thorny climbing shrub,அந்த ஊட்ல இண்டம் புடிச்சுக் கெடக்குது.,பெயர்ச்சொல்,nature_animals,,pm,
453,இண்டம் புடிச்சவன்,இண்டம் பிடித்தவன்,iṇṭam puṭiccavaṉ,iṇṭam piṭittavaṉ,கஞ்சன்,miser | stingy person | tightwad,,,human_behavior,,od,
454,இண்டொ,,iṇṭo,,கஞ்சத்தனம்.,miserliness | stinginess,சரியான இண்டொம் புடிச்சவெ.,,human_behavior,,np,
455,இண்டொத்தனொ,,iṇṭottaṉo,,அற்பப்புத்தி உடையவன்.,petty-minded miser | stingy nature,இண்டொத் தனொ நெறயா இருக்குது இவனுக்கு.,,human_behavior,,np,
456,இணுக்கியா,,iṇukkiyā,,மரத்தில் உள்ள சிறு கிளைகளை கையால் ஒடித்தல்.,pluck off small twigs by hand | snap leafy twigs,கருவேப்பிலெயெ ரெண்டு கொத்து இணுக்கியா.,,action_verbs | farming_livestock,,np,
457,எணபொலி,இணைபொலி,eṇapoli,iṇaipoli,இருவரின் நிலங்களுக்குப் பொதுவில் எல்லையாக இருக்கும் வரப்பு.,common boundary ridge between two adjacent farm plots | common boundary ridge between two farm lands,நாங்க எணபொலிக் காட்டுக்காரங்க.,பெயர்ச்சொல்,farming_livestock | place_direction,,pm,
458,இத்தனான்டா,,ittaṉāṉṭā,,இவ்வளவு சிறிதாக.,so tiny | this small,இத்தனான்டா எழுதுனா எப்பிடி பெருசா எழுது.,,measure_units | speech_phrase,,np,
459,இத்தனூண்டு,,ittaṉūṇṭu,,மிகச் சிறிய.,tiny bit | very small,இத்தனூண்டு கருப்பட்டி கொடுத்தான்.,பெயர்ச்சொல்,measure_units | speech_phrase,,pm,
460,இத்தாச்சோடு,இத்தச்சோடு | இத்தாத்தண்டி,ittāccōṭu,ittaccōṭu | ittāttaṇṭi,இவ்வளவு பெரிய | மிகப்பெரிய,so big | this huge,இத்தாச்சோடு கூடைய யாரு தூக்கிகிட்டு போறது. | இத்தாச் சோட்டு மூட்டயத் தூக்க முடியுமா?,பெயர்ச்சொல்,measure_units,,od | np | pm,
461,இத்தாநீளொ,,ittānīḷo,,இவ்வளவு நீளம்.,this much length | so long,ரேசன் கடையுலெ கூட்டொ இத்தா நீளொத்துக்கு நிக்குது.,,measure_units | speech_phrase,,np,
462,இத்தினி,,ittiṉi,,இவ்வளவு.,this much | so much,இத்தினி சொத்து கெடக்குது அப்பூழு அடிச்சிக்கிறாங்கோ.,,measure_units | speech_phrase,,np,
463,இத,,ita,,அருகில் இருக்கும் ஒன்றை காட்டி கூறுவது.,this | referring to an object close by,இத இங்க இருக்குனு தெரியல.,,speech_phrase,,np,
464,இது முட்டும்,,itu muṭṭum,,இது வரைக்கும் | இது மட்டும்,up to this point | till now | so far,"இது முட்டும் செஞ்சா போதும், மீதிய நாளைக்கு பாக்கலாம்.",,time_seasons | speech_phrase,,od,
465,இந்த வாட்டி,,inta vāṭṭi,,இந்த முறை.,this time | on this occasion,இந்தவாட்டி ஜெயிக்கறன் பாரு.,வினைச்சொல்,time_seasons | speech_phrase,,pm,
466,இந்ததாட்டி,,intatāṭṭi,,இந்த தடவை.,this time | on this turn,இந்த தாட்டி நெல்லு நல்ல வெளச்சலு.,,time_seasons | speech_phrase,,np,
467,இந்தமாதியொ,,intamātiyo,,இவ்வளவு சீக்கிரம்.,so quickly | this early | so soon,இந்தமாதியொ போயிட்டு வந்துட்டியா.,,time_seasons | speech_phrase,,np,
468,இப்பத்தெ,,ippatte,,இப்பொழுதுதான்.,just now | only now,இப்பத்தெ பாத்துப் பேசிட்டு வந்தே.,,time_seasons | speech_phrase,,np,
469,இப்பிடிப்பண்ணாதெ,,ippiṭippaṇṇāte,,இவ்வாறு செய்யாதே.,do not do this | do not act like this,இப்பிடிப் பண்ணாதன்னு சொன்னா கேக்க மாட்டீயா.,,speech_phrase,,np,
470,இப்பென்னுங்கிறீங்கெ,,ippeṉṉuṅkiṟīṅke,,இப்பொழுது என்ன சொல்கிறீர்கள்.,what do you say now? | what is your opinion now?,நீங்கெ இப்பென்னுங்கிறீங்கெ,,speech_phrase,,np,
471,இம்முட்டூண்டு,,immuṭṭūṇṭu,,குறைவாக.,very little | tiny amount,இம்முட்டூண்டு எடத்துல எப்பிடி பெரிய வூடு கட்றது.,,measure_units,,np,
472,இமுசு,,imucu,,வலி; துயரம்; பிறரால் உண்டாகும் துன்பம்.,torment | persistent harassment | distress caused by others,இந்த இமுசு ப்ட ஆரால முடியும். | இமுசு பண்ணிக்கிட்டேஇருக்கிறான்.,பெயர்ச்சொல்,human_behavior | body_health,,pm,
473,இமுதை,,imutai,,கஞ்சத்தனம்.,miserliness | stinginess,சரியான இண்டொம் புடிச்சவெ.,,human_behavior,காண்க: இண்டொ,np,
474,இரணிய நேரம்,,iraṇiya nēram,,மாலை அந்திப் பொழுது (சூரியன் மறையும் மாலை வேளை),twilight hour | dusk | sunset time,,,time_seasons,,od,
475,இருக்கறெ,,irukkaṟe,,இருக்கிறேன்.,I am here | I am residing,நானு இங்கதெ இருக்கறெ.,,action_verbs | speech_phrase,,np,
476,இருக்கு,இருக்குதல்,irukku,irukkutal,கையாலோ தடியாலோ அடிக்கும் அடி. | அடித்தல்.,blow | strike | hit with hand or stick,ரண்டு இருக்கு இருக்கீருவன் பாத்துக்க. | சொல்ற பேச்சுக் கேக்கலீன்னா இருக்கீருவன் பார்த்துக்க.,பெயர்ச்சொல்,action_verbs,Additional word types: வினைச்சொல்,pm,
477,இருக்குதோட்டொ,,irukkutōṭṭo,,இருக்கிறது போல்.,appearing as if | seeming to be,மாடு பயிராகி இருக்குதோட்டோ தெரியுது.,,speech_phrase,,np,
478,இருக்குறமுங்கெ,,irukkuṟamuṅke,,இருத்தல்.,we are present | we stay (polite),நாங்க இங்கதெ இருக்குறமுங்கெ.,,action_verbs | speech_phrase,,np,
479,இருங்கொ,,iruṅko,,பொறுங்கள்.,wait | hold on (polite imperative),கொஞ்சொ இருங்கொ வர்றெ.,,speech_phrase | action_verbs,,np,
480,இருசி,,iruci,,மலடி. | கடினமான; இறுகிய.,barren woman | rigid or hard-hearted,எங்கியோ இருசியா இருக்கா கொழந்த குட்டி ஒண்ணியுங் காணொ. | அவனுக்கு இருசி மனசு.,பெயர்ச்சொல்,kinship | human_behavior,,np | pm,
481,இருசு,,irucu,,வண்டி அச்சு.,axle of a cart | wheel axle,இருசு தேஞ்சு போச்சு.,பெயர்ச்சொல்,farming_livestock,,pm,
482,இருசு திரட்டுதல்,இருசு திரட்டு,irucu tiraṭṭutal,irucu tiraṭṭu,வண்டியின் தேய்ந்துபோன அச்சைச் சரி செய்தல்.,repairing worn-out cart axle | reconditioning axle,வண்டிக்குஇருசுதெரட்டியாச்சா.,வினைச்சொல்,farming_livestock | action_verbs,,pm,
483,இருட்டா இருக்க,,iruṭṭā irukka,,விடிவதற்குச் சற்று முன்பு லேசாக இருள் இருக்கும் நேரம்.,at dawn twilight | in the dim light before sunrise,இருட்டாஇருக்க வந்துரு போலாம்.,பெயர்ச்சொல்,time_seasons,,pm,
484,இருட்டுகட்டுது,,iruṭṭukaṭṭutu,,பகல் முடிந்து இரவு ஆரம்பித்தல்.,night is falling | dusk is gathering,இருட்டு கட்ட ஆரம்பிச்சுருச்சி எங்கியோ வெளயாடப் போன பசங்களெ இன்னுங் காணொ.,,time_seasons,,np,
485,இருந்துக்காதெ,,iruntukkāte,,இருந்து கொள்ளாதே.,do not stay back | do not linger there,நீ போயி அங்கியே இருந்தக்காதெ சீக்கிரமா வா.,,speech_phrase | action_verbs,,np,
486,இருப்பணம்,,iruppaṇam,,கொடிக்காலில் வெற்றிலை கிள்ளும் போது கட்டை விரலில் போட்டுக் கொள்ளும் இரும்பினால் ஆன ஒரு கருவி.,iron thimble blade worn on thumb for plucking betel leaves,இருப்பணத்த எடுத்துப் போட்டுக்க.,பெயர்ச்சொல்,farming_livestock,,pm,
487,இரும்பாதெ,,irumpāte,,இருமிக்கொண்டு இருக்காதே.,do not keep coughing,அடிக்கொரு விசொ இரும்பாதெ ஆசுபத்திரிக்கு போயிட்டு வா.,,body_health | speech_phrase,,np,
488,இருமெ,,irume,,வெறுமை.,emptiness | desolation | void of a deserted house,கொழந்தீக இல்லாம வூடு ஒரே இருமெ புடிச்சி இருக்குது.,,human_behavior | home_household,,np,
489,இருவாச்சி,,iruvācci,,ஒரு வகைப்பூ.,double jasmine flower | Jasminum sambac variety,,,nature_animals,,np,
490,இல்லயோட்டத்தெரியுது,,illayōṭṭatteriyutu,,இல்லை போலத் தெரிகிறது.,seems not to be there | looks as if absent,அங்ஙனெ ஒண்ணு இல்லயோட்டத் தெரியுது.,,speech_phrase,,np,
491,இல்லாட்டி,இல்லன்னா,illāṭṭi,illaṉṉā,இல்லாவிட்டால். | இல்லையென்றால்,otherwise | or else | if not,"நானு இல்லாட்டி நீ என்னெ பண்ணுவே. | மழை பெய்தால் வீட்டைப் பூட்டு, இல்லாட்டி நனைந்துவிடும்",,speech_phrase,,np | od,
492,இல்லீண்டீங்கெ,,illīṇṭīṅke,,இல்லையென்று கூறினீர்கள்.,you said no | you declined (honorific),நீங்கதெ பணங் கேட்டு இல்லீண்டீங்கெ அப்பறோ நானு கெளம்பறே.,,speech_phrase,,np,
493,இல்லீன்னா,,illīṉṉā,,இல்லையென்றால்.,otherwise | if not,இல்லீன்னா ஒண்ணு செய்.,,speech_phrase,,np,
494,இல்லெடம்,,illeṭam,,"வீடு, வசிப்பிடம்.",home | shelter | dwelling place,"இவ்வளவு நாள் பொழச்சு என்ன, ஒரு இல்லெடங்கூடக் கெடையாது.",பெயர்ச்சொல்,home_household,,pm,
495,இவங்கிட்ட,,ivaṅkiṭṭa,,இவனிடத்தில்.,with him | from this person,இவங்கிட்ட எந்த வேல சொன்னாலு நடக்காது.,,speech_phrase,,np,
496,இவடத்தாலெ,இவுத்தாலே,ivaṭattāle,ivuttālē,இவ்விடத்தில். | காண்க இவடத்தால.,at this place | over here,இவடத்தாலெ கெடக்குது பாரு.,,place_direction,,np,
497,இவடத்த,இவத்த | இவத்தகால,ivaṭatta,ivatta | ivattakāla,இந்த இடத்தில் | இங்கே; இவ்விடத்தில்.,right here | in this place,இவடத்த கெடக்குது. நீ எங்கெங்கயோ தேடற.,வினைச்சொல்,place_direction,இவ்விடத்தில்,od | pm,
498,இவத்தைக்கு,,ivattaikku,,இங்கே,to this place | here,,,place_direction,,od,
499,இவரு,,ivaru,,இவர்.,this person | he (respectful),இவரு என்ன சொன்னாலு செரியா இருக்கு.,,speech_phrase,,np,
500,இவிக,,ivika,,இவர்கள்.,these people | they,இவிக என்ன சொன்னாலு நாம கேட்டுக்கோணு.,,speech_phrase,,np,
501,இழுசு,,iḻucu,,துன்பம்.,trouble | harassment | vexation,கொஞ்சொ இழுசு பண்ணாம இருக்கறியா.,,human_behavior,,np,
502,இளநேரம்,எளநேரம்,iḷanēram,eḷanēram,வெயில் கடுமையாக இல்லாத காலை நேரம்.,cool early morning hours | morning before hot sun | mild early morning hours,எளநேரத்திலே போயிட்டு வந்திரு.,பெயர்ச்சொல்,time_seasons,,pm,
503,இளம்பயிர்,,iḷampayir,,முளைத்துச் சிறிது நாட்களே ஆன பயிர்.(1) | சில மாதம் ஆன வெற்றிலைக் கொடிக்கால்.(2),tender young crop seedlings | young betel vine,எளம்பயிரப் போய ஆட்ட உட்டு மேச்சிருக்கிறான். | இப்பத்தான்எளம்பயிரா இருக்குது.,பெயர்ச்சொல்,farming_livestock,,pm,
504,இளவெயில்,,iḷaveyil,,காலை வெயில்.,mild morning sunshine | gentle early sunlight,எள வெயிலுக்குப் பயந்துக்கிட்டு எவனாச்சும் ஊட்ட இருப்பானா.,பெயர்ச்சொல்,time_seasons | nature_animals,,pm,
505,இளிப்பு,,iḷippu,,நமுட்டுச்சிரிப்பு.,foolish grin | sneering smirk,என்ன இளிப்பு வேண்டிக் கெடக்கு.,,human_behavior,,np,
506,இளுக்கு,,iḷukku,,தடவி விடுதல். | உடலிலோ சுவரிலோ மை போன்றவற்றைப் புள்ளியாக வைத்து விரலால் கோடு போல இழுத்துவிடுதல்.,smearing a streak with finger | smudging a line,உன்றெ சட்டைலெ மைய இளுக்கி உட்டுட்டான். | எங்கன்னத்துல பொட்டு இளுக்கி உட்டுட்டாம் பாரு.,வினைச்சொல்,action_verbs,,np | pm,
507,இறக்கத்துக்கோயில்,,iṟakkattukkōyil,,மலை அடிவாரத்தில் அமைந்திருக்கும் கோயில்.,hill-foot temple | shrine at the base of a hill,"மலைக்கு ஆருபோனா, எறக்கத்துக் கோயிலில் சாமி கும்புட்டுட்டு வந்தோம்.",பெயர்ச்சொல்,festival_religion | place_direction,,pm,
508,இறங்கு துறை,,iṟaṅku tuṟai,,"வாய்க்காலின் ஓரத்தில் கால்நடை, மனிதர்கள் இறங்கும் பகுதி.",canal steps | landing bank for people and cattle,எறங்கு தொறைல தண்ணி மோரு.,பெயர்ச்சொல்,place_direction,,pm,
509,இறவாரம்,,iṟavāram,,கூரையின் சாய்வின் உட்பகுதி,sloping underside of thatched roof | eaves,,,home_household,,od,
510,இன்னாக்காலொ,இன்னாக்காலம்,iṉṉākkālo,iṉṉākkālam,இதே காலம்.,this same time of year | this very season,போன வருசம் இன்னாக் காலமெல்லாம் சம்பா ஒசரம் நிக்கிது. | போன வருச இன்னாக்காலொந்தான உனுக்கு கண்ணாலொ நடந்துச்சு.,பெயர்ச்சொல்,time_seasons,,np | pm,
511,இன்னாரு,,iṉṉāru,,இவர் என்று சுட்டிச் சொல்லுதல்.,such and such a person | this specific person,இன்னாருன்னு தெரியும்.,பெயர்ச்சொல்,speech_phrase,,pm,
512,இன்னாருன்னு,,iṉṉāruṉṉu,,யாரென்று.,who specifically | identity of the person,இன்னாருன்னு சொன்னாதானெ தெரியும்.,,speech_phrase,,np,
513,இன்னிக்கி,,iṉṉikki,,இன்று.,today,இன்னிக்கி உங்க வூட்டுக்கு வர்றெ.,,time_seasons,,np,
514,இன்னிக்கு,,iṉṉikku,,இன்றைக்கு,today | this day,,,time_seasons,,od,
515,இன்னேரத்துக்கு,,iṉṉērattukku,,இந்த நேரத்திற்கு.,by this time | by this hour,இன்னேரத்துக்குப் போனா யாரு இருக்கமாட்டாங்கெ.,,time_seasons,,np,
516,இன்னேரோ,,iṉṉērō,,இந்த நேரம்.(1) | இவ்வளவு நேரம்.(2),this time of day | so long a time,நேத்து இன்னேரோ எங்கிருந்தெ. | இன்னேரோ வரைக்கி என்ன பண்ணிட்ருந்தெ சீக்கிரமா வரவேண்டீது தானோ.,,time_seasons,,np,
517,இன்னொரு வினக்கா,,iṉṉoru viṉakkā,,"மறுபடியும், அடுத்த முறை.",once again | next time around,அடுத்ததாட்டி வரும்போது இந்த சீட்ட கொண்டு வரோணும்.,,speech_phrase | time_seasons,காண்க: அடுத்ததாட்டி,np,
518,இன்னொருக்கா,இன்னொருவாட்டி,iṉṉorukka,iṉṉoruvāṭṭi,"மறுபடியும், அடுத்த முறை.",another time | once again | next time around | next time,அடுத்ததாட்டி வரும்போது இந்த சீட்ட கொண்டு வரோணும்.,,speech_phrase | time_seasons,காண்க: அடுத்ததாட்டி,np,
519,இனிமேலு,,iṉimēlu,,இனிமேலும்.,hereafter | anymore | from now on,இனிமேலு உன்னைய உட்டு வைக்கக்கூடாது.,,time_seasons | speech_phrase,,np,
520,இனுங்கு,இனுங்குதல்,iṉuṅku,iṉuṅkutal,மரத்திலோ செடியிலோ கிளைகளை கையால் பிடித்து ஒடித்தல். | மரத்திலோ செடிகளிலோ இருக்கும் சிறு கோலை வேகமாகச் கையாலோ கோலாலோ இழுத்துப் பறித்தல்.,to snap off small twigs by hand | to strip foliage twigs,ரெண்டு வேப்பெலைக் கொத்து இனுங்கிப் போடு. | இனுங்கிப் போடு.,வினைச்சொல்,action_verbs | farming_livestock,,np | pm,
521,இஸ்கார்,,iskār,,தேவையற்ற தொல்லை; துன்பம் வரும் என்று தெரிந்தும் ஒரு செயலில் இறங்குதல்.,unwarranted trouble | self-invited nuisance,"எனக்கு அந்த இஸ்காரே வேண்டாமப்பா, நா வர்ல.",பெயர்ச்சொல்,human_behavior,,pm,
522,ஈக்கமார்,ஈக்கிமாரு,īkkamār,īkkimāru,தென்னை ஈர்க்குகளால் (ஓலை நரம்பு) ஆன கூட்டப் பயன்படும் விலக்குமாறு. | தென்னை ஈர்க்குகளால் ஆன ஓலை நரம்பு கூட்டப் பயன்படும் விளக்குமாரு.,coconut rib broom | yard broom made from palm leaf midribs,அந்த ஈக்கமாத்த எடுத்தா. | ஈக்கிமாத்துலெ வூட்டக்கூட்டு.,பெயர்ச்சொல்,home_household,,np | pm,
523,ஈக்கமாறு,ஈக்குமாறு | ஈய்க்குமாறு,īkkamāṟu,īkkumāṟu | īykkumāṟu,ஈர்க்க மாறு (விளக்குமாறு) | விளக்குமாறு (தென்னைமர குச்சியில் செய்தது) | விளக்குமாறு,coconut midrib broom for sweeping yard,"வீட்டுக்கு வெளியில் கூட்ட, பெருக்க பயன்படும்",,home_household,சீமாறு,od,
524,ஈக்கி,,īkki,,தானியத் தட்டுகளின் மேற்புறமுள்ள கெட்டியான தோல். பூவரச இலைகளை இணைக்கப் பயன்படும் மெல்லிய குச்சி. | ஈர்க்கு; தானியத் தட்டைகளின் மேற்புறத் தோல்.,hard outer fiber of millet stalk | slender midrib stick,"தட்டப் பாத்து உருவு, ஈக்கி கிழிச்சிப்புடும்.",பெயர்ச்சொல்,farming_livestock | nature_animals,,np | pm,
525,ஈச்சட்டி,,īccaṭṭi,,அலுமினியத்தால் செய்யப்பட்ட பாத்திரம்.,aluminum cooking vessel,ஈச்சட்டிலெ சோத்தெ ஆக்கு.,,home_household | food_cooking,,np,
526,ஈசுகன்னு,,īcukaṉṉu,,குறைப் பிரசவத்தில் மாடு ஈன்ற கன்று.,premature calf,ஈசுகன்னுக்கு மயிரே மொளக்கல.,பெயர்ச்சொல்,farming_livestock,,pm,
527,ஈசுகுட்டி,,īcukuṭṭi,,குறை பிரசவத்தில் ஆடு ஈன்ற குட்டி. | குறைப் பிரசவத்தில் ஆடு ஈன்ற குட்டி.,premature lamb or kid,ஆடு ஈசுக்குட்டி போட்டுருச்சு. | இந்த ஈத்து ஈசுகுட்டி போட்டுடுச்சு.,பெயர்ச்சொல்,farming_livestock,,np | pm,
528,ஈஞ்சமாறு,,īñcamāṟu,,தென்னை ஈர்க்குகளால் (ஓலை நரம்பு) ஆன கூட்டப் பயன்படும் விலக்குமாறு. | தென்னை ஈர்க்குகளால் ஆன ஓலை நரம்பு கூட்டப் பயன்படும் விளக்குமாரு.,palm leaf midrib broom,அந்த ஈக்கமாத்த எடுத்தா. | ஈக்கிமாத்துலெ வூட்டக்கூட்டு.,பெயர்ச்சொல்,home_household,காண்க: ஈக்கமார்,pm,
529,ஈஞ்சிக்கிடத்தல்,ஈஞ்சிக்கிட,īñcikkiṭattal,īñcikkiṭa,மரத்தில் பழங்கள் நிறைந்திருத்தல்.,tree being abundantly laden with fruit clusters,அந்த மரத்துல புளி இந்த வருசம் ஈஞ்சிக் கெடக்குது.,வினைச்சொல்,nature_animals | farming_livestock,,pm,
530,ஈட்டாக்குட்டி,,īṭṭākkuṭṭi,,ஈன்ற இளம் ஆட்டுக்குட்டி; பால்குடி ஆட்டுக்குட்டி.,newborn lamb or kid | suckling lamb,"ஈட்டாக்குட்டிய வெயிலுல விடாதே, கூடைக்குள்ள வை.",பெயர்ச்சொல்,farming_livestock,பொருள் உறுதிப்படுத்தப்படவில்லை (AI உருவாக்கம்) · Meaning not verified (AI generated),od,
531,ஈட்டுலக்கை,,īṭṭulakkai,,உரலில் ஒரே நேரத்தில் இரண்டு பேர் மாற்றி மாற்றிப் போட்டுக் குத்தும் உலக்கை.,twin pestles pounded alternately in a single mortar,இந்த மாவு இடிக்க முடியாதா. ஈட்டொலக்க போட்டா அர நிமிசம்.,பெயர்ச்சொல்,home_household | food_cooking,,pm,
532,ஈடு,,īṭu,,கையாலே தடியாலோ அடிக்கும் அடி.,a heavy blow | strike with hand or stick,நல்ல மாட்டுக்கு ஒரு ஈடு.,பெயர்ச்சொல்,action_verbs,,pm,
533,ஈத்து,,īttu,,ஆடு மாடுகளின் மகப்பேறு எண்ணிக்கை.,calving count of livestock | parity of cattle or sheep,இந்த மாடு எத்தன ஈத்து கன்னுப் போட்டிருக்குது.,பெயர்ச்சொல்,farming_livestock,,pm,
534,ஈத்துமாடு,,īttumāṭu,,"இரண்டு, மூன்று தடவை கன்று போட்ட மாடு. | ஒருமுறைக்கு மேல் கன்று ஈன்ற மாடு.",cow that has calved multiple times,இந்த மாடு எத்தன ஈத்து போட்ருக்குது. | ஈத்து மாட்டுக்கென்ன அப்பிடிப் பாவன,பெயர்ச்சொல்,farming_livestock,,np | pm,
535,ஈந்துவிடுதல்,,īntuviṭutal,,"பனைமரத்தின் அதிகக் கள் சுரக்கவோ, நுங்கு காய்க்கவோ தேவையில்லாத பட்டை, பன்னாடைகளை அறுத்துவிடுதல்.",pruning dry fronds and fiber sheath of palmyra palm,காயில்ல காயில்லங்கற. மரத்த ஈந்து உட்ருந்தாத்தான.,வினைச்சொல்,farming_livestock | action_verbs,,pm,
536,ஈமெ,,īme,,இல்லை என்பதைக் குறிக்கும் சொல்.,no | not so,,,speech_phrase,,np,
537,ஈயொ,,īyo,,அலுமினியம்.,aluminum | tin-lead alloy used for vessel lining,சட்டிக்கி ஈயம் பூசோணு.,,home_household,,np,
538,ஈயோட்டு,,īyōṭṭu,,எந்த வேலையும் செய்யாமல் இருத்தல்.,idling away time | loafing without work,என்ன ஈயோட்டிகிட்டு இருக்கறாப்புலலை.,,human_behavior,,np,
539,ஈர்கோதி,,īrkōti,,தலையில் உள்ள ஈர்களை கோதி எடுக்க உதவும் மரச்சீப்பு.,wooden nit comb | fine-toothed lice comb,ஈர்கோதி எடுத்தாலெ ஈர் எடுக்கலாம்.,,home_household | dress_accessories,,np,
540,ஈர்வலி,,īrvali,,தலையில் பிடித்திருக்கும் ஈர்களைக் கோதி எடுப்பதற்கான மரச்சீப்பு.,fine-toothed wooden nit-removing comb,அந்த ஈர்வலிய எடு.,பெயர்ச்சொல்,home_household | dress_accessories,,pm,
541,ஈராங்காயம்,,īrāṅkāyam,,ஈர வெங்காயம் மருவிய வார்த்தை,shallot | small onion,,,food_cooking,,od,
542,ஈருளி,,īruḷi,,"பேன், ஈர் முதலியவற்றை நீக்கப் பயன்படும் கருவி",fine-toothed nit comb,,,home_household | dress_accessories,,od,
543,ஈவிறக்கொ,,īviṟakko,,துன்பங்களை கண்டு வருந்தி உதவுதல்.,compassion | benevolence | pity,அவரு ஈவிறக்கொ பாக்கறவரு.,,human_behavior,,np,
544,ஈனம்,,īṉam,,ஒன்றைச் செய்வது குறித்த தெளிவான அறிவு.,sense of propriety | discretion | basic decency,அவனுக்கு கொஞ்சமாச்சும் ஈனமிருந்தாத்தான.,பெயர்ச்சொல்,human_behavior,,pm,
545,ஈனமானம்,ஈனவானம்,īṉamāṉam,īṉavāṉam,ஒன்றைச் செய்வது குறித்த தெளிவான அறிவு.,sense of decorum | modesty and propriety | sense of decency and propriety,அவனுக்கு கொஞ்சமாச்சும் ஈனமிருந்தாத்தான.,பெயர்ச்சொல்,human_behavior,காண்க: ஈனம்,pm,
546,ஈனன்,ஈனெ,īṉaṉ,īṉe,இழிந்த புத்தி உள்ளவன்; கருமி. | இழிந்த புத்தி கொண்டவன்.,miser | vile-minded person,ஈனனுக்கு இரு செலவு. | ஈனனுக்கு இரு செலவு - பழமொழி.,பெயர்ச்சொல்,human_behavior,,np | pm,
547,உக்கமுத்துச்செயினு,,ukkamuttucceyiṉu,,கழுத்துடன் ஒட்டி அணியும் நகை.,pearl choker necklace fitting close to neck,உக்கமுத்துச் செயினை மாட்டிகிட்டு போறா பாரு.,,dress_accessories,,np,
548,உக்கலச்செயினு,,ukkalacceyiṉu,,கழுத்தோடு ஒட்டியிருக்கும்படியாக அணியும் நகை.,tight choker chain fitting close to neck,எங்க பாட்டியா இன்னம் உக்கலச்செயினு போட்டிருக்குது.,பெயர்ச்சொல்,dress_accessories,,pm,
549,உங்கட்டெ,,uṅkaṭṭe,,உன்னிடத்தில்.,with you | to you,உங்கட்டெ எத்தினி தாட்டி சொல்றது.,,speech_phrase,,np,
550,உங்குனாலே,,uṅkuṉālē,,உங்களாலே,because of you | by you (honorific),,,speech_phrase,,od,
551,உங்கெண்ணை,,uṅkeṇṇai,,குழந்தைகளை உண்ணச் செய்யும் விளக்கெண்ணெய்.,castor oil fed to babies as laxative,,,body_health,,np,
552,உங்கொ,,uṅko,,கொங்கு வட்டாரத்தில் ஒருவரை மரியாதையாக அழைப்பது.,honorific address particle in Kongu dialect | sir or madam,,,speech_phrase,,np,
553,உங்கொன்ன,,uṅkoṉṉa,,அண்னன்,your elder brother,,,kinship,,od,
554,உங்கோனு,,uṅkōṉu,,சாப்பிடவேண்டும்.,must eat | want to have food,பசிக்குது சோறு உங்கோனு.,,food_cooking | action_verbs,,np,
555,உச்சாணி,,uccāṇi,,உச்சி | உயரமான.,treetop crown | highest point | pinnacle,கொஞ்சோ எடங்குடுத்தா உச்சாணிக் கொம்புல ஏறி உக்காந்துக்குவெ.,,place_direction,,od | np,
556,உச்சானி,,uccāṉi,,உயரமான மரக்கிளையின் நுனிப்பகுதி.,treetop peak | tip of the highest branch,உச்சானியில ஏறிக்கிட்டு வெளையாட்டு என்னடா?,பெயர்ச்சொல்,place_direction | nature_animals,,pm,
557,உச்சிப்பொடி,,uccippoṭi,,குழந்தைகள் குளிப்பதற்கு தலையில் மூலிகைகளான பொடிகளை வைத்து குளிக்க வைப்பார்.,herbal infant crown powder applied before bath,உச்சிப் பொடி வெச்சு கொழந்திக்கி தண்ணி ஊத்தியுடு.,,body_health,,np,
558,உச்சிமத்தியானொ,,uccimattiyāṉo,,மதியம் 12-1 மணி.,scorching midday | exact noon,உச்சிமத்தியான வெய்யில்ல எங்க சுத்திகிட்டு திரியற.,,time_seasons,,np,
559,உச்சிமலெ,,uccimale,,உச்சி | உயரமான.,mountain peak | summit,கொஞ்சோ எடங்குடுத்தா உச்சாணிக் கொம்புல ஏறி உக்காந்துக்குவெ.,,place_direction,காண்க: உச்சாணி,np,
560,உசுப்பி,,ucuppi,,பிரச்சினைகளை தூண்டி விடுதல்.,inciting | stirring up trouble | provoking,கம்முனு இருந்தவனெ உசுப்பி வுட்டு வேடிக்கெ பாக்கறாம் பாரு.,,human_behavior | action_verbs,,np,
561,உசுப்பு,,ucuppu,,வளைக்குள் நீளக்குச்சியை நுழைத்து வேகமாக இழுத்து இழுத்து முனை மீண்டும் உள்ளே விட்டு எலியை வெளியே கிளப்பு.(1) | தொந்தரவு செய்து எழுப்புதல்.(2),poking a burrow to flush out rats | prodding someone awake,நல்லா உசுப்புடா. எலி வர்ட்டும். | நல்லா உசுப்பி எழுப்புடா.,வினைச்சொல்,action_verbs,,pm,
562,உசுப்பேற்றுதல்,,ucuppēṟṟutal,,தூண்டி விடுதல்.,instigating | egging on | provoking,அவனநல்லா உசுப்பேத்தி உட்டுட்டான்டா.,வினைச்சொல்,human_behavior | action_verbs,,pm,
563,ஓக்காரொ,உக்காரு | உட்கார்,ōkkāro,ukkāru | uṭkār,அமர் கீழே அல்லது நாற்காலியில் (அமர்வது) | உட்கார் | உட்கார.,to sit down | to take a seat | take a seat,ஓக்காரொக்கோட நேரமில்லாமெ பொழப்பு ஓடிகிட்டு இருக்குது.,,action_verbs,,od | np,
564,உட்டரபோவு,,uṭṭarapōvu,,விட்டுப் போகிவிடுமா.,will it ever fade away? | will it leave?,அப்பா மக்க மேல பாசொ அப்பால உட்டாப் போயிருமா.,,speech_phrase,காண்க: உட்டாப்போயிரு,np,
565,உட்டா,,uṭṭā,,விட்டால்.,if allowed | if left unchecked,உட்டா நீ என்ன வேணுனாலு பண்ணுவெ அப்பிடித்தானொ.,,speech_phrase,,np,
566,உட்டாச்சு,,uṭṭāccu,,விட்டாயிற்று.,has been left | released | school closed,பள்ளிக்கோடம் லீவு உட்டாச்சு.,,speech_phrase,,np,
567,உட்டாப்போயிரு,,uṭṭāppōyiru,,விட்டுப் போகிவிடுமா.,will it just disappear?,அப்பா மக்க மேல பாசொ அப்பால உட்டாப் போயிருமா.,,speech_phrase,,np,
568,உட்டு என்ன பண்றது,,uṭṭu eṉṉa paṇṟatu,,விட்டு என்ன செய்வது.,what to do by leaving it?,அவம்போக்குலெ உட்டு என்ன பண்றது.,,speech_phrase,,np,
569,உட்டுக்குடுங்கெ,உட்டுக்கொடுக்கோனு,uṭṭukkuṭuṅke,uṭṭukkoṭukkōṉu,விட்டு கொடுங்கள்.,compromise | make concessions (polite) | must yield | should compromise,ஆரோருத்தரு உட்டுக்குடுங்கொ அப்பத்தெ சுமுகமா முடியும்.,,human_behavior | speech_phrase,,np,
570,உட்டுட்டு வந்தெ,,uṭṭuṭṭu vante,,விட்டுவந்தேன்.,dropped off and came back,கொழந்தீகளை பள்ளிக் கோடத்துலெ உட்டுட்டு வந்தெ.,,action_verbs,,np,
571,உட்டுப்புடிக்கோனு,,uṭṭuppuṭikkōṉu,,விட்டுப் பிடித்தல்.,give leeway to bring round | handle tactfully,கொஞ்சொ அவன உட்டுப்புடிக்கோனு அப்பதெ நம்ம வசத்துக்கு வருவெ.,,human_behavior | speech_phrase,,np,
572,உட்டுப்போட்டு,,uṭṭuppōṭṭu,,விட்டு விட்டு.,abandoning | leaving behind,அப்பிடியே உட்டுப்போட்டு போயிட்டியா.,,action_verbs | speech_phrase,,np,
573,உட்ருங்கெ,,uṭruṅke,,விட்டுவிடுங்கள்.,let it go | leave it alone (polite),பிரச்சனை பண்ணாம அப்பிடியே உட்ருங்கெ.,,speech_phrase,,np,
574,உட்ரே,,uṭrē,,விடுகிறேன்.,I am leaving it | I let go,அப்பிடியே உட்ரே வேண்டீதுதெ.,,speech_phrase,,np,
575,உட்றதா,,uṭṟatā,,விட்டுவிடுவதா.,should we just let it go?,அதுக்காக அவம்போக்குலெ அப்பிடியே உட்றறதா.,,speech_phrase,,np,
576,உடமாட்டீனு,,uṭamāṭṭīṉu,,விட மாட்டேன் என்று.,saying that one won't let go | stubbornly insisting,அதை உடமாட்டீனு அடம்புடிக்காதே.,,speech_phrase | human_behavior,,np,
577,உடமாட்டெ,,uṭamāṭṭe,,விடமாட்டேன்.,I will not let go | I will not spare,உன்னய பழிவாங்காம உடமாட்டே.,,speech_phrase,,np,
578,உடாமே,,uṭāmē,,விடாமல்.,incessantly | persistently without letting up,என்ன உடாம பின்னாடியே வுந்துட்ருக்குறே.,,speech_phrase,,np,
579,உடுங்கெ,,uṭuṅke,,விடுங்கள்.,leave it | never mind (polite),உடுங்கெ என்னதாம் பன்றான்னு பாக்கலாம்.,,speech_phrase,,np,
580,உண்டி,,uṇṭi,,மாதிரி,test notch cut into fruit to sample ripeness,தர்பூசணியில் உண்டிபோட்டுக்கொடு; எப்படி இருக்கிறதென்று பார்க்கலாம்,,food_cooking | measure_units,சொற்பிறப்பு உறுதிப்படுத்தப்படவில்லை,od,
581,உண்டுட்டுப்போ,,uṇṭuṭṭuppō,,சாப்பிட்டுவிட்டும் போ.,eat food and then go,கொஞ்சொ சோறு உண்டுட்டுப் போ வெறுவவுத்தோட போவாதே.,,food_cooking | speech_phrase,,np,
582,உண்டுனா,,uṇṭuṉā,,அதிகமாக | அளவுக்கு அதிகமாக; நிரம்ப.,in large quantity | excessively | plenty,உண்டுனா திங்காத - அதிகமாக உண்ணாதே | சோறு கொஞ்சம் உண்டுனாத் தின்னுட்டன்.,வினைச்சொல்,measure_units,,od | pm,
583,உண்ணுங்கூடொ,,uṇṇuṅkūṭo,,இன்னும் கூட.,even now | yet still,இத்தனை அடிபட்டு உனுக்கு உண்ணுங்கூடொ புத்தி வரலை.,,time_seasons | speech_phrase,,np,
584,உத்தி,,utti,,வரப்பு. | சிறுவர்கள் விளையாட்டில் காலால் மண்ணில் வட்டமிட்டு ஏற்படுத்திக் கொள்ளும் எல்லை.(1) | சிறுவர்கள் விளையாட்டில் அணி பிரிக்கும் முறை.(2),game boundary line | team selection ritual in children games,நா ( ன் ) உத்தியத் தொட்டுட்டன். | உத்தி பிரிச்சிக்கிட்டு வெளையாடலாம்.,பெயர்ச்சொல்,human_behavior,,np | pm,
585,உத்துநூண்டு,உத்துநூண்டுண்டு,uttunūṇṭu,uttunūṇṭuṇṭu,மிகக் குறைவாக / சிறிதளவு,very little | tiny amount,குழம்பில் உப்பு உத்துநூண்டுதான் சேர்த்திருக்கிற,,measure_units,,od,
586,உத்துப்பூலெ,,uttuppūle,,உத்தேசமாக.,approximately | by rough estimate | guessing,ஓரு உத்துப்புலெ பதிலு சொன்னே சரியாப் போச்சி,,measure_units | speech_phrase,,np,
587,உதி,உதித்தல்,uti,utittal,உடம்பில் சதை பிடித்தல்.,putting on body weight | becoming chubby,ஆளுஇப்படி உதிச்சுப் போயிட்டான்.,வினைச்சொல்,body_health,,pm,
588,உப்பசொ,உப்பசம்,uppaco,uppacam,சரியான செரிமானம் இல்லாமையால் வயிறு ஊதிப் போதல்.(1) | புழுக்கம்.(2),abdominal bloating from indigestion | sultry stifling heat,வயிறு உப்பசமா இருக்குது. என்ன தின்னனோ தெரீல. | ஒரே உப்பசமா இருக்குது. அதான் வேத்து ஒழுவுது. | எதோ உப்பசொமா இருக்குது அதான் வேத்து ஊத்துது.,பெயர்ச்சொல்,body_health,,np | pm,
589,உப்பாட்டம்,,uppāṭṭam,,பெண்கள் விளையாடும் ஒரு வகை விளையாட்டு.,traditional folk game played by girls,உப்பாட்டத்துக்கு வர்றியா.,பெயர்ச்சொல்,human_behavior,,pm,
590,உப்பு சுமக்கறது,,uppu cumakkaṟatu,,குழந்தையை முதுகின் மீது ஏற்றி விளையாடுதல்.,piggybacking a child | carrying child on back in play,எம்முதுகுலெ ஏறிக்கொ உன்னிய உப்புசுமக்கறேன்.,,human_behavior | kinship,,np,
591,உப்புக்கண்டம்,,uppukkaṇṭam,,திட்டும் வார்த்தை.(1) | உப்பும் மஞ்சளும் கலந்து காய வைத்த கறித்துண்டம்.(2) | உப்புத் தடவிக் காயவைத்த கறித்துண்டம்.,salted cured sun-dried meat pieces | abusive threat,தோல உரிச்சு உப்புக்கண்டொ போடுவே. | ஒழுங்கா இருந்துக்க. இல்லீனா தோல உரிச்சு உப்புக்கண்டம் போட்ருவன்.,பெயர்ச்சொல்,food_cooking,,np | pm,
592,உப்புக்கெணுறு,,uppukkeṇuṟu,,குறைந்த சுவை கொண்ட தண்ணீர் உள்ள கிணறு.,brackish water well used for washing,உப்புக்கெணுத்துலெ போயி தண்ணி கொண்டுட்டுவா துவைக்கறதுக்கு.,,home_household,,np,
593,உப்புசம்,உக்கரம்,uppucam,ukkaram,புழுக்கம்,sultry weather | stifling mugginess,,,body_health | time_seasons,,od,
594,உப்புமூட்டை,,uppumūṭṭai,,குழந்தையை முதுகின் மீது ஏற்றி விளையாடுதல்.,piggyback ride | carrying on back in play,எம்முதுகுலெ ஏறிக்கொ உன்னிய உப்புசுமக்கறேன்.,,human_behavior | kinship,காண்க: உப்பு சுமக்கறது,np,
595,உப்புவாங்குறது,,uppuvāṅkuṟatu,,நிச்சயதார்த்தத்தில் நடக்கும் சடங்கு.,auspicious salt-buying ritual in Kongu engagement,இன்னிக்கி உப்பு வாங்கறதுக்கு போறோ.,,festival_religion | kinship,,np,
596,உம்பான்,,umpāṉ,,உணவு.,food | daily meal,வேல செய்யலீனா உம்பானுக்கு எங்கே போறது.,பெயர்ச்சொல்,food_cooking,,pm,
597,உம்மங்கெடாய்,,ummaṅkeṭāy,,உம் என்று இருத்தல்.,sullen silence | moping silently like an ox,உம்மங்கெடாயோட்ட உக்காந்தருக்க.,,human_behavior,,np,
598,உம்மணாமூஞ்சி,உம்மணாண்டி,ummaṇāmūñci,ummaṇāṇṭi,எதுவும் பேசாமல் முகத்தை உம்மென்று வைத்திருத்தல்.,glum-faced taciturn person | sullen mute | glum sullen face | brooding sourpuss,இவனென்ன உம்மணாமூஞ்சியா இருப்பான் போலருக்கு.,,human_behavior,,np,
599,உம்மை,,ummai,,உண்மை,truth | reality,,,speech_phrase,,od,
600,உயிர்நிலை,,uyirnilai,,ஆண் பெண் குறி.,genitalia | vital private parts,உயிர்நிலை மேலேயே மிதிச்சி போட்டான். | உயிர்நெலையிலேயே ஓதச்சுட்டான்டா.,பெயர்ச்சொல்,body_health,,np | pm,
601,உர்ருனு,,urruṉu,,கோபமாக இருத்தல்.,fuming sulkily | glaring angrily,உர்ருன்னு இருக்குறான்.,,human_behavior,,np,
602,உரி,உறி,uri,uṟi,தோல் நீக்குதல் | பிரித்தல்.,to peel | to strip off skin or husk,மக்காச்சோளத்த கதிர்ல இருந்து பிரிக்கணும்.,,action_verbs,,od | np,
603,உரிக்காக் கொடி,,urikkāk koṭi,,உறி கட்டுவதற்குப் பயன்படும் பலமான கொடி அல்லது நார்.,strong wild vine used to weave pot hangers (uri),காட்டுல போயி உரிக்காக் கொடி அறுத்துட்டு வா.,பெயர்ச்சொல்,nature_animals | home_household,பொருள் உறுதிப்படுத்தப்படவில்லை (AI உருவாக்கம்) · Meaning not verified (AI generated),od,
604,உரிகாமட்டெ,,urikāmaṭṭe,,உரித்த தேங்காயின் மட்டை.,stripped coconut husk,ஏற்க தோப்புல உரிகாமட்டே நெறயெ கெடக்குது.,,nature_animals | home_household,,np,
605,உரிமி,,urimi,,இசைக்கருவி.,urumi folk drum | two-headed hourglass ritual drum,உரிமிய எடுத்து அடி சத்தோ நல்லா வரும்.,,festival_religion,,np,
606,உருட்டா,,uruṭṭā,,வாய்ச் சவடால்.,tall talk | boastful bluff | bravado,உருட்டாவுக்கொன்னும் கொறச்சல் இல்ல.,பெயர்ச்சொல்,human_behavior | speech_phrase,,pm,
607,உருட்டிக் கோமணம்,,uruṭṭik kōmaṇam,,வேட்டியின் பின்பக்கத்தில் கோவணம் போல் சொருகிக் கொள்ளும் கட்டுமுறை.,tight loincloth tuck of dhoti between legs for manual work | tucking dhoti tightly like a loincloth for work,உருட்டிக்கட்டுப் போட்டுக்கிட்டு வந்துட்டான். வேலையில ஒண்ணுமில்ல.,பெயர்ச்சொல்,dress_accessories,,pm,
608,உருட்டிக்கட்டு,,uruṭṭikkaṭṭu,,வேட்டியின் பின்பக்கத்தில் கோவணம் போல் சொருகிக் கொள்ளும் கட்டுமுறை.,tucking dhoti tightly like a loincloth for work,உருட்டிக்கட்டுப் போட்டுக்கிட்டு வந்துட்டான். வேலையில ஒண்ணுமில்ல.,பெயர்ச்சொல்,dress_accessories,,pm,
609,உருண்டை வெல்லம்,,uruṇṭai vellam,,உருண்டையாகச் செய்யப்பட்ட வெல்லம்.,round jaggery balls,உருண்ட வெல்லம் வாங்கியா.,பெயர்ச்சொல்,food_cooking,,pm,
610,உருப்புடி,,uruppuṭi,,எண்ணிக்கை.,individual unit | head of cattle | item piece,மாடு எத்தனெ உருப்புடி இருக்குது.,,measure_units | farming_livestock,,np,
611,உருமாக்கட்டு,,urumākkaṭṭu,,தலைப்பாகை.,turban | cloth headgear,உருமாக்கட்டெல்லா பெலமா இருக்கு.,,dress_accessories,,np,
612,உருமாக்கட்டுசீரு,,urumākkaṭṭucīru,,தாய்மாமன் மணமகனுக்கு தலைப்பாகை அறிவித்து செய்யும் சீர்.,ceremonial turban presentation by maternal uncle at wedding,உருமாக்கட்டுசீரு தாய்மாமந்தெ பண்ணோணும்.,,festival_religion | kinship,,np,
613,உருமாலை,உருமாலெ | உருமாளை,urumālai,urumāle | urumāḷai,காண்க. உருமாக்கட்டு. | தலைப்பாகை.,turban | headcloth,உருமாலைய அவுத்துட்டு வாடா.,பெயர்ச்சொல்,dress_accessories,,np | pm | od,
614,உருவாஞ்சுருக்கு,,uruvāñcurukku,,"ஆடு மாடுகளை காட்டும் போதும் இலகுவாக அவிழ்க்கும் படியும், அதே சமயம் கழண்டு விடாதபடியும் போடப்படும் முடிச்சு | கழற்றுமாறு போடும் முடிச்சு.",quick-release slip knot for tying livestock,உருவாஞ்சுருக்கு போட்டுக்கட்டு அப்பதெ அவுக்கறதுக்கு ஈஸியா இருக்கும்.,,farming_livestock,,od | np,
615,உருவாரம்,,uruvāram,,நேர்த்திக்கடனுக்காக சிலைகளை மண்சாராம் செய்து வைத்தல்.,clay votive idols offered to deities as religious vows,உருவாரொ செஞ்சி வெக்கரதா நேந்துக்க.,,festival_religion,,np,
616,உருவு,,uruvu,,நோய் நொடி வராமல் காக்க வேண்டுமென்ற நேர்ச்சிக்காகச் சிறு தெய்வங்களுக்கு மண்ணால் செய்து வைக்கும் மனிதர் உருவம்.,terracotta human figurine offered to folk deities to avert sickness,பையனுக்கு உருவு செஞ்சு வைச்சிருக்கறன்.,பெயர்ச்சொல்,festival_religion | body_health,,pm,
617,உருவுதடி,,uruvutaṭi,,"பனை, தென்னை மரங்களில் தெளுவிறக்கப் பாளைகளைப் பதப்படுத்தும் இரண்டு கட்டைகள் இணைத்துக் கட்டப்பட்ட தடி, இக்கோலை ஆட்டுகிடாய்களுக்குக் காயடிக்கவும் பயன்படுத்துவர்.",wooden pressing tongs for palmyra spadix or castrating rams,இடுக்குக் கோல இப்ப எடுத்தாரலியே. நாளைக்குப் இடுக்கீறலாம்.,பெயர்ச்சொல்,farming_livestock,காண்க: இடுக்குக்கோல்,pm,
618,உருளி,,uruḷi,,பொய்சொல்லுதல்.,habitual liar | deceitful bluffer,அவன் செரியான உருளி.,,human_behavior,,np,
619,உலுக்காட்டு,உலுக்காட்டி | உலுக்காட்டுதல்,ulukkāṭṭu,ulukkāṭṭi | ulukkāṭṭutal,தொலைத்தல்.,having lost | having mislaid something | to lose carelessly | to misplace,நகைய எங்கியே உலுக்காட்டிட்டா. | ரெண்டு பவுன் சங்கிலிய எங்கயோ உலுக்காட்டிட்டயேடா.,,action_verbs,,np | pm,
620,உலுத்துப்போச்சு,,uluttuppōccu,,பூச்சி அரித்து விடுதல்.,wood-borer eaten | hollowed out by termites,மர உலுத்துப்போச்சு பொடிப் பொடியா உழுவது பாரு.,,nature_animals | home_household,,np,
621,உழப்பு,,uḻappu,,சேற்றையும் தண்ணீரையும் சேர்த்துக் கலக்குதல்.,churning into mud slush | messing up muddy water,இப்படி ஒழப்பி வெச்சிருக்கறான்.,வினைச்சொல்,action_verbs | farming_livestock,,pm,
622,உழுக்கோல்,,uḻukkōl,,"உழவின்போது மாடுகளை ஓட்டவும், கலப்பையில் சேர்ந்துவிட்ட மண்ணைத் தள்ளிவிடவும் கையில் வைத்திருக்கும் குச்சி.",ploughman driving goad stick with mud-scraper,உழுதவன் கணக்குப் பாத்தா ஒழக்கோல்கூட மிஞ்சாது,பெயர்ச்சொல்,farming_livestock,,pm,
623,உழும்பு,,uḻumpu,,"மாடு பன்றி போன்றவை தவிட்டை பிரித்துத் தின்பதற்காக முகத்தை உள்ளே விட்டுத் தேடுதல். | பன்றி, மாடு ஆகியவை தண்ணீருக்குள் கலந்த தவிட்டைத் தின்பதற்காக முகத்தை உள்விட்டுத் தேடுதல்.",cattle or pigs nuzzling into water mash to scoop bran,நல்லா உழும்பித் தண்ணியெ குடிக்கிது இந்த மாடு. | நல்லா உழும்பித் திங்கும் இந்த மாடு. | பன்னியாட்டம் உழும்பறான்.,வினைச்சொல்,farming_livestock | action_verbs,,np | pm,
624,உள் அவுனிப்பட்டை,,uḷ avuṉippaṭṭai,,(தயிர் கடைவதற்காக மத்தை நிறுத்தித் தூணில் மேலும் கீழுமாய்க் கட்டும்படி) பனம் பட்டையின் அடிப்பகுதியிலிருந்து உரிக்கப்படும் நார்.,palmyra bark fiber used to anchor churning rod to pillar,உள் அவுனிப்பட்ட ரண்டு உரிச்சுக்குடு.,பெயர்ச்சொல்,home_household | food_cooking,,pm,
625,உள்க்குத்து,,uḷkkuttu,,சேலை கட்டும்போது முதல் சுற்றாக வைத்துக் கட்டும் சேலைப் பகுதி.,innermost waist tuck when draping a saree,உள்குத்து நல்லா வெச்சாத்தான ஆவும்.,பெயர்ச்சொல்,dress_accessories,,pm,
626,உள்கொடைசாய்தல்,உள்கொடைசாய்,uḷkoṭaicāytal,uḷkoṭaicāy,வண்டிச் சக்கரத்தில் கும்பம் உள்பக்கமாகத் தள்ளி இருத்தல்.,inward tilt of bullock cart wheel hub,இதென்ன சக்கரம் உள்கொட சாஞ்சிருக்குது.,வினைச்சொல்,farming_livestock,,pm,
627,உள்சுருக்கு,,uḷcurukku,,மனதில் இருப்பதை வெளிக்காட்டாமை.,hidden reservation | guarded secrecy in speech,அவன் உள் சுருக்கு வெச்சு பேசும்போதே நெனச்சேன். | அவன் உள்சுருக்கு வெச்சுப் பேசறான்.,பெயர்ச்சொல்,human_behavior,,np | pm,
628,உள்ரங்கமா,,uḷraṅkamā,,ரகசியத்தை யாருக்கும் வெளிப்படுத்தாமல் இருப்பது.,covertly | keeping secretly within,அவன் மனசுக்குள்ளெ எதோ ஒரு உள்ரங்கம் இருக்குது.,,human_behavior | speech_phrase,,np,
629,உள்ளுமடி,,uḷḷumaṭi,,வெளியே தெரியாமல் உள்ளே கட்டியிருக்கும் மடி. | வெளியே தெரியாத வகையில் உள்ளே கட்டிக்கொள்ளும் மடி.,inner concealed waistband pouch for keeping money,உள்ளு மடியில பாரு நெறய வெச்சிருக்கறான். | உள்ளுமடியில் வெச்சிருப்பா பாரு.,பெயர்ச்சொல்,dress_accessories,,np | pm,
630,உள்ளொளவு,,uḷḷoḷavu,,நமக்குள்ளேயே இருந்து கொண்டு எதிரிக்கு உளவு சொல்பவன்.,insider mole | internal informant,இது ஏதோ! உள்ளொளவு வேலதான்.,பெயர்ச்சொல்,human_behavior,,pm,
631,உள்ளோட்டு,,uḷḷōṭṭu,,ஆடுகளை அடைப்பதற்காகப் பட்டிக்குள் ஓட்டுதல்.,herding livestock inside the fold,ஆட்ட உள்ளோட்டிப்புட்டு வா.,வினைச்சொல்,farming_livestock | action_verbs,,pm,
632,உளந்தைக்குருவி,,uḷantaikkuruvi,,வாயின் இருபுறமும் வெளுத்துக் கோணியது போன்றிருக்கும் ஒருவகைக் குருவி.,wide-mouthed nightjar or frogmouth bird,உளந்தக் குருவிங்க சத்தம் இப்படி கேக்குது.,பெயர்ச்சொல்,nature_animals,,pm,
633,உளிமுகம்,,uḷimukam,,பல வசதிகளும் கொண்ட (சிறப்புடைய) நடுவான இடம்.,prime central vantage location,ஊடு நல்ல உளிமொகமா இருக்குது.,பெயர்ச்சொல்,place_direction | home_household,,pm,
634,உளுந்துருமோட்டோ,,uḷunturumōṭṭō,,விழுந்து விடும்போல.,as if about to fall over | tottering,நல்லா உள்ள தள்ளி வெய் உளுந்துருமோட்டோ இருக்குது பாரு.,,speech_phrase,,np,
635,உறவாரை,,uṟavārai,,வெல்லப் பாகை உலர்த்த உதவும் தட்டையான முனை கொண்ட கோல்.,flat wooden paddle used for stirring and cooling jaggery syrup,உறவாரையில்திருப்பிப் போடு,பெயர்ச்சொல்,food_cooking | farming_livestock,,pm,
636,உறிக்கொடி,,uṟikkoṭi,,உறிபோல் தொங்கும் காயையுடைய கொடி.,climbing vine with hanging pouch pods,அங்க உறிக்கொடி படந்திருக்குது பாரு.,பெயர்ச்சொல்,nature_animals,,pm,
637,உறிச்சட்டி,உரிச்சட்டி,uṟiccaṭṭi,uriccaṭṭi,உறியில் வைக்கப்பட்டிருக்கும் மண்பாத்திரம். | உரியில் வைக்கப்பட்டிருக்கும் மண் பாத்திரம்.,pot suspended in rope hanger | earthen pot kept in a rope hanging hanger,உறிச்சட்டியில உப்பிருக்குது. கொஞ்சம் அள்ளு. | உரிச்சட்டியில பாரு தயிருக்கு.,பெயர்ச்சொல்,home_household | food_cooking,,pm | np,
638,உறை ஊத்து,,uṟai ūttu,,பாலை தயிராக மாற்ற பாலில் இரண்டு துளி தயிர் விடுதல்.,to add starter curd to warm milk | inoculating milk to make yogurt,பால் உறை ஊத்தியாச்சா.,,food_cooking | action_verbs,,np,
639,உறை வெல்லம்,,uṟai vellam,,கரும்புப் பாகு உலர்வதற்கு முன் உண்பதற்காகப் பலமுறை கரண்டியால் உறைத்துச் செய்யப்படும் மென்மைத் தன்மையுடைய வெல்லக் கட்டி.,soft whipped jaggery fudge beaten while cooling,பாகு ஆறறதுக்குள்ள உறவெல்லம் போடு.,பெயர்ச்சொல்,food_cooking,,pm,
640,உறைப்புளுத்தி,ஒறப்புளுத்தி,uṟaippuḷutti,oṟappuḷutti,ஆண்குறியின் முன் குமிழ் மேல் இயற்கையிலேயே தோல் மூடியிராமை.,slang referring to bare unretracted foreskin | slang referring to bare foreskin,டே உறைப்புளுத்தி இங்க வாடா.,பெயர்ச்சொல்,body_health,,pm,
641,உன்ற,உன்ட | உம்பட | ஒன்ற,uṉṟa,uṉṭa | umpaṭa | oṉṟa,உன்னுடைய,your | yours,,,speech_phrase,,od,
642,உன்றது,,uṉṟatu,,உன்னுடையது | உன்ர,yours | belonging to you,இது உன்ற தோட்டம்.,,speech_phrase,,od | np,
643,உன்னீ,,uṉṉī,,இன்னும்.,still | yet more,உன்னீ வேணும்னா சொல்லு.,,speech_phrase | time_seasons,,np,
644,உன்னெமாரி,,uṉṉemāri,,உன்னைப்போல.,like you | as you do,நானு உன்னெமாரி பெரிய ஆளா.,,speech_phrase,,np,
645,உன்னொவேணுமா,,uṉṉovēṇumā,,இன்னும்.,do you need more? | still more?,உன்னீ வேணும்னா சொல்லு.,,speech_phrase,காண்க: உன்னீ,np,
646,ஊக்காலி,,ūkkāli,,பெரியவர்கள் சொல் மதியாமல் தான்தோன்றித்தனமாக சுற்றுபவர்களை ஊக்காலி என்பர் (ரவுடி),recalcitrant rogue | unruly vagabond,,,human_behavior,?ஊர்க்காலி,od,
647,ஊங்காரம்,,ūṅkāram,,காற்றின் ஓசை | காற்றின் ஊளை.,howling roar of wind | whistling gust,காத்து ஊங்காரம் போட்டுகிட்டு வருது.,பெயர்ச்சொல்,nature_animals,,od | pm,
648,ஊசாட்டொ,,ūcāṭṭo,,நடமாட்டம்.,foot movement | bustling presence of people,ஆளு ஊசாட்டோ நெறயா இருக்குதோட்டொ தோது.,,human_behavior | speech_phrase,,np,
649,ஊசாடிட்டு,,ūcāṭiṭṭu,,நடமாடிக்கொண்டு.,loitering around | moving about,அங்கியிங்கி சும்மா ஊசாடிகிட்டே இருக்காம்பாரு.,,action_verbs,,np,
650,ஊசித்தட்டான்,,ūcittaṭṭāṉ,,ஊசி போன்ற உடலமைப்பை உடைய ஒருவகைச் சிறிய தட்டாம்பூச்சி.,damselfly | slender needle-shaped dragonfly,ஊசித் தட்டான் புடுச்சுப்புடுவியா.,பெயர்ச்சொல்,nature_animals,,pm,
651,ஊசிப்புல்,,ūcippul,,ஊசிபோல மெலிந்த தண்டை உடைய ஒருவகைப் புல்.,needle grass | Aristida needle-like slender grass,ஊசிப் பில்லேறிக் கெடக்குது காட்டுல.,பெயர்ச்சொல்,nature_animals | farming_livestock,,pm,
652,ஊசிப்போச்சு,,ūcippōccu,,பதம் கெடுதல்.,turned stale | gone sour or rancid,லட்டு ஊசிப்போச்சு திங்காத.,,food_cooking,,np,
653,ஊசை,,ūcai,,"கெட்டுப் போனது | கொட்டுப் போனது | கெட்டுப்போன தானியம், பலகாரம்.",spoiled or stale food | rancid grain,"அது ஊசைடா, திங்காத.",பெயர்ச்சொல்,food_cooking,,od | pm,
654,ஊஞ்சமரம்,,ūñcamaram,,தலைக்குத் தேய்த்துக் குளிக்கும் அரப்புத் தழை கொடுக்கும் மரம் (துரிஞ்சி என்றும் வழங்குவர்).,Albizia amara tree | oil cake foliage tree used for traditional hair wash,ஊஞ்சமரம் ஒன்னு கட்டுவாயில இருக்குது.,பெயர்ச்சொல்,nature_animals | body_health,,pm,
655,ஊஞ்செவேலாமரம்,,ūñcevēlāmaram,,அரப்பு இலை தரும் மரம்.,Albizia amara tree yielding hair-cleansing powder,ஊஞ்சவேலாமரத்துலை போய் அரப்பு உருவி வா அரப்பு அரைக்கலா.,,nature_animals | body_health,,np,
656,ஊட்டி,,ūṭṭi,,முன் கழுத்தின் நடுவில் இருக்கும் மூச்சுக்குழாய்.,windpipe | throat,ஊட்டியப் புடுச்சிப்புடுவம் பாத்துக்க.,பெயர்ச்சொல்,body_health,,pm,
657,ஊட்டியெ அறுத்துருவெ,,ūṭṭiye aṟutturuve,,முன் கழுத்தில் இருக்கும் மூச்சுக்குழாய்.,threat idiom: slit your throat,ரொம்ப திமிரு பண்ணுன ஊட்டியை அறுத்துருவேன்.,,speech_phrase | body_health,,np,
658,ஊட்டுக்காரரு,,ūṭṭukkāraru,,கணவர்.,husband | householder (respectful),உன்ற ஊட்டுக்காரரு எங்க போயிருக்காரு.,,kinship,,np,
659,ஊட்டுக்காரி,,ūṭṭukkāri,,வீட்டுக்காரி - மனைவி - மனையாள் | மனைவி.,wife | lady of the house,உன்ற ஊட்டுக்காரி எங்க போயிருக்கா.,,kinship,,od | np,
660,ஊட்டுக்கு தூரமாயிருக்க,,ūṭṭukku tūramāyirukka,,மாதவிடாய் காலத்தில் பெண்கள் வீட்டிற்கு வெளியில் இருத்தல்.,staying in menstrual isolation outside the house,நானு ஊட்டுக்கு தூரமாயிருக்கேன்.,,festival_religion | body_health,,np,
661,ஊட்டுக்குள்ளாறெ,,ūṭṭukkuḷḷāṟe,,வீட்டிற்குள்.,inside the house,ஊட்டுக்குள்ளாறெவே இருந்துகிட்டு ஏன்னுங் கூட கேக்க மாட்டீகிறெ.,,home_household | place_direction,,np,
662,ஊட்டெக்கூட்டு,,ūṭṭekkūṭṭu,,வீட்டைச் சுத்தப் படுத்துதல்.,sweep the house clean,ஊட்டக் கூட்டி வா மண்ணு நெறஞ்சி கெடக்குது.,,home_household | action_verbs,,np,
663,ஊட்டெத்தொறெ,,ūṭṭettoṟe,,வீட்டைத்திற.,open the house doors,ஊட்டத்தொறந்து போட்டுட்டு எங்க போனெ.,,home_household | action_verbs,,np,
664,ஊட்டெவழி,,ūṭṭevaḻi,,வீட்டை வழித்தல். சாணம் கொண்டு மெழுகுதல்.,smearing and cleaning house floor with cow dung,,,home_household | action_verbs,,np,
665,ஊடடைக்கிறது,,ūṭaṭaikkiṟatu,,இறப்பு நடந்த நேரம் சரியில்லையென வீட்டை குறிப்பிட்ட காலத்திற்கு பூட்டி விடுதல்.,locking house temporarily due to inauspicious death hour,எங்க தாத்தா செத்த நேரம் சரியில்லீன்னு ஊட அடைச்சிருக்கறோம்.,,festival_religion | home_household,,np,
666,ஊடு,,ūṭu,,வீடு,house | home,ஊடு பூட்டியிருக்குது.,,home_household,,od | np,
667,ஊடு புகுதல்,,ūṭu pukutal,,குழந்தை பிறந்த 9 வது நாள் வீடு சுத்தம் செய்து தாயையும் குழந்தையும் வீட்டிற்குள் அழைத்துச் செல்லப்படும் சீர்.,postpartum ceremony of mother and newborn entering home on ninth day,,,festival_religion | kinship,,np,
668,ஊடு பூசுதல்,ஊடு பூசு,ūṭu pūcutal,ūṭu pūcu,வீடுகளுக்கு வெள்ளை அடித்தல். | வீடு பூசு; வீட்டுச் சுவர்களுக்குச் சுண்ணாம்பு பூசுதல்.,whitewashing house walls with lime,பொங்கலுக்கு ஊடு பூசணும். | கலியாணம் வருது. ஊடுபூசோனும்.,வினைச்சொல்,home_household | action_verbs,,np | pm,
669,ஊடுகட்டி அடி,ஊடுகட்டி அடித்தல்,ūṭukaṭṭi aṭi,ūṭukaṭṭi aṭittal,தப்பிக்க முடியாமல் சூழ்ந்து அடித்தல். | தப்பிக்க விடாமல் சூழ்ந்து அடித்தல்.,cornering someone so they cannot escape and thrashing them,அவன ஊடுகட்டி அடிச்சிப் போட்டாங்க. | உன்னய ஊடுகட்டி அடிச்சிப் போடுவம்டா.,வினைச்சொல்,action_verbs | human_behavior,,np | pm,
670,ஊடுகூட்டுதல்,ஊடு கூட்டு,ūṭukūṭṭutal,ūṭu kūṭṭu,குழந்தை பெற்ற பெண்ணை வீட்டுக்குள் அழைத்தல்.,postpartum ceremony welcoming newborn mother into house,அந்தப் பிள்ளய என்னக்கி ஊடுகூட்டறாங்களாமா.,வினைச்சொல்,festival_religion | kinship,,pm,
671,ஊடுமுட்டி,,ūṭumuṭṭi,,யாருக்கும் தெரியாமல் வீட்டிற்குச் செல்லுதல். | பெருச்சாளி.,bandicoot rat | stealthy intruder sneaking into homes,அவன் சரியான ஊடுமுட்டி. | அங்க ஒரு ஊடுமுட்டி ஓடுது.,பெயர்ச்சொல்,nature_animals | human_behavior,,np | pm,
672,ஊடுவழித்தல்,ஊடுவழி,ūṭuvaḻittal,ūṭuvaḻi,வீடு வழித்தல்; வீட்டுத் தரையைச் சாணத்தால் மெழுகுதல்.,swabbing floor with fresh cow dung,சனிக் கெழமிக்கித்தான் ஊடு வழிக்கோணும்.,வினைச்சொல்,home_household | action_verbs,,pm,
673,ஊத்தானிக்குச்சி,ஊத்தாணிக்குச்சி,ūttāṉikkucci,ūttāṇikkucci,ஏரில் கலப்பையிலிருந்து கருவுத்தடி கழன்று விடாமல் இருக்கப் பின்பக்கத்தில் துளையிட்டுச் செருகப்படும் சிறு குச்சி. | ஏரில் கலப்பையிலிருந்து நுகத்தடி கழன்று விடாமல் இருக்க பின்பக்கத்தில் துளையிட்டு செருகப்படும் சிறு குச்சி.,linchpin peg preventing plough shaft from slipping out,ஊத்தானிக்குச்சிய நல்லா அடிச்சு உடு. | ஊத்தாணிக்குச்சி கழண்டு போச்சி நல்லா அடிச்சிவுடு.,பெயர்ச்சொல்,farming_livestock,,np | pm,
674,ஊத்து,,ūttu,,நீரை ஒரு பாத்திரத்திலிருந்து இன்னொரு பாத்திரத்தில் ஊற்றுதல்.,to pour liquid into a vessel,தண்ணி சிந்தாம ஊத்து.,,action_verbs,,np,
675,ஊத்துத்தண்ணி,,ūttuttaṇṇi,,நிலத்திலிருந்து நீர் தானாக வெளியேறிக் கொண்டே இருத்தல்.,natural spring water bubbling up from ground,,,nature_animals,,np,
676,ஊத்தெறமா,,ūtteṟamā,,உபத்திரவம் தொல்லையாக.,as a nuisance | vexatious trouble,உன்னோட ஒரே ஊத்தெறமாப் போச்சு.,,human_behavior | speech_phrase,,np,
677,ஊத்தை,,ūttai,,கெட்டுப்போன.,rotten | spoiled | tainted,கத்திரிக்கா ஊத்தையா இருக்குது.,,food_cooking | body_health,,np,
678,ஊதாங்கொழலு,,ūtāṅkoḻalu,,அடுப்பு எரியும்போது தீ எரியாமல் இருந்தால் ஊதி எரிய வைக்க பயன்படும் குழல்.,blowpipe for stoking hearth fire,ஊதாங்கொழலெ எடுத்து ஊதியுடு அப்பதெ தீ நல்லா புடிக்கும்.,,home_household | food_cooking,,np,
679,ஊமங்கெடாயி,,ūmaṅkeṭāyi,,காண்க. ஊமங்கெடா.,sullen mute person | taciturn dummy,,,human_behavior,,np,
680,ஊமைக்காயம்,,ūmaikkāyam,,வெளிப்புறம் தெரியாமல் ஏற்படும் உள் காயம். | வெளியே தெரியாமல் ஏற்படும் உள் காயம்.,internal contusion | bruise without external wound,ஊமைக்காயம் போல இருக்கு அதுதான் வலிக்குது. | ஊமைக்காயம் பட்டிருக்கும்.,பெயர்ச்சொல்,body_health,,np | pm,
681,ஊமைக்குத்து,,ūmaikkuttu,,வெளியே காயம் ஏற்படாமல் பலமாகக் குத்துதல். | வெளியே காயமேற்படாமல் பலமாகக் குத்தும் குத்து.,heavy blunt punch causing internal injury without open wound,ஒரு ஊமைக் குத்து விட்டன்னா கம்முனு அடங்கிருவ. | அவன ஒரு ஊமக்குத்து உடு.,பெயர்ச்சொல்,action_verbs | human_behavior,,np | pm,
682,ஊய்க்கா,,ūykkā,,எருமை.,water buffalo,அந்த ஊய்க்கா மேக்கிற பசங்களக் கூப்பிடு.,பெயர்ச்சொல்,farming_livestock | nature_animals,,pm,
683,ஊய்க்காமந்தை,,ūykkāmantai,,ஆடு மாடுகளை மேய்க்க கொண்டு சென்று சேர்க்கும் இடம். | மேய்ச்சலுக்கு ஓட்டிச்செல்ல எருமைகளைத் திரட்டி ஒன்று சேர்க்கும் இடம்.,village gathering ground where buffaloes herd before grazing,ஊய்க்கா மந்தைப் பக்கம் போய்ட்டு வாறன்.,பெயர்ச்சொல்,farming_livestock | place_direction,,np | pm,
684,ஊய்க்காலி,,ūykkāli,,பொறுப்பற்ற தன்மையைக் குறிக்கும் திட்டுச்சொல்.,irresponsible layabout | reckless slouch,அவன்/ ள் சுத்த ஊய்க்காலி.,பெயர்ச்சொல்,human_behavior,,pm,
685,ஊர் மேய்தல்,ஊரமேய்றா,ūr mēytal,ūramēyṟā,ஆணோ பெண்ணோ முறையற்ற தொடர்பு வைத்திருத்தல்.,philandering | wandering around promiscuously,ஊர்மேஞ்சுகிட்டுத் திரியறவனோட உனக்கு என்ன சரவகாசம்? | ஊரை மேஞ்சிகிட்டு திரியாதெ.,வினைச்சொல்,human_behavior,,np | pm,
686,ஊர்க்கட்டுமானம்,,ūrkkaṭṭumāṉam,,ஒரு ஊரில் ஏற்படுத்தப்பட்டிருக்கும் கட்டுப்பாடு.,village community regulation | communal customary code,இந்த ஊருலெ ஊர்க்கட்டுமானம் பண்ணி வெச்சிருக்காங்கெ.,,human_behavior | festival_religion,,np,
687,ஊர்க்காடு,,ūrkkāṭu,,குடியிருப்புக்கு அருகில் உள்ள நிலம்.,farmland adjoining village settlement,ஊர்க்காட்டுலதான் ஆடுமேயும்.,பெயர்ச்சொல்,place_direction | farming_livestock,,pm,
688,ஊர்க்கிணறு,ஊர்க்கெணுறு,ūrkkiṇaṟu,ūrkkeṇuṟu,ஊருக்குப் பொதுவான கிணறு. | ஒரு ஊருக்கு பொதுவான கிணறு.,village public well,ஊர்க்கெணத்துல தண்ணி வத்திப் போச்சு. | ஊர்க்கெணுத்துலெ போயி தண்ணி கொண்டு வந்தேன்.,பெயர்ச்சொல்,home_household | place_direction,,np | pm,
689,ஊர்க்கொத்து,,ūrkkottu,,நாட்டாண்மை.,village headmanship arbitration | village council mediation,உனக்கெதுக்கு இந்த ஊர்க்கொத்து வேல?,பெயர்ச்சொல்,human_behavior,,pm,
690,ஊர்சுத்தி,,ūrcutti,,வேலைக்குச் செல்லாமல் ஊரைச் சுற்றுதல்.(1) | கழுதையின் லத்தி.(2) | பன்றி.(1) | கழுதை.(2),aimless vagabond | donkey dung used in folk rites,கழுதையோட்ட ஊர் சுத்திகிட்டு திரியாதே | ஊர்சுத்திய எடுத்துட்டுவா சுத்தி போடலாம். | ஊர் சுத்தி கறி போடறாங்க. | ஊர் சுத்தியாட்டம் திரிஞ்சுட்டு வர்ரான்.,பெயர்ச்சொல்,human_behavior | nature_animals,,np | pm,
691,ஊர்ப்பட்ட,ஊரப்பட்ட,ūrppaṭṭa,ūrappaṭṭa,அளவுக்கு அதிகமான. | அளவுக்கதிகமான.,immense amount | countless | huge multitude | enormous crowd | excessive quantity,ஊர்ப்பட்ட பேருவந்துட்டாங்க. | ஊர்ப்பட்ட பேரு வந்துட்டாங்க கூட்டம் அதிகமாப் போச்சு.,பெயர்ச்சொல்,measure_units | speech_phrase,,pm | np,
692,ஊர்ப்பட்ட நேரம்,,ūrppaṭṭa nēram,,அதிகமான நேரம்.,excessively long time | hours on end,அங்கிருந்து வர்றதுக்கு ஊர்ப்பட்ட நேரம் ஆயிரும்.,,time_seasons,,np,
693,ஊர்ப்பண்ணாடி,,ūrppaṇṇāṭi,,ஊர்த்தலைவர்.,traditional village elder | village headman,ஊர்ப் பண்ணாடி ஊட்டுல இருப்பாரு போய்ப்பாரு. | ஊர்ப்பண்ணாடி தோட்டத்துல இருப்பாங்க.,பெயர்ச்சொல்,human_behavior | kinship,,np | pm,
694,ஊர்மந்தை,,ūrmantai,,விழாக்களில் பொதுமக்கள் ஒன்று கூடும் இடம்.,village common square | gathering ground for festival assemblies,,,festival_religion | place_direction,,np,
695,ஊரடி,,ūraṭi,,ஊருக்கு மிக அருகில் உள்ள.,lands situated right next to village boundary,ஊரடித் தோட்டம் அவருதுதான்.,பெயர்ச்சொல்,place_direction,,pm,
696,ஊரடிபூமி,,ūraṭipūmi,,ஊரை ஒட்டி அமைந்துள்ள பூமி.,agricultural land immediately adjacent to village settlement,ஊரடி பூமிதெ எங்களோடது.,,place_direction | farming_livestock,,np,
697,ஊரப்பானை,,ūrappāṉai,,குறுகிய வாய் மற்றும் அகன்ற அடிப்பாகம் கொண்ட பித்தளை அல்லது எவர்சில்வர் பாத்திரம்,wide-bottomed metal pot for soaking cooked rice,,,home_household | food_cooking,,od,
698,ஊரப்பிடி,,ūrappiṭi,,பாத்திரத்தைத் தலைகீழாகப் பிடித்து நீரை வடியச் செய்.,holding vessel tilted upside down to drain water,குண்டாவ நல்லா ஊரப்பிடி,வினைச்சொல்,action_verbs | food_cooking,,pm,
699,ஊரல்,,ūral,,உடம்பில் ஏற்படும் புண்.,itchy skin eruption | weeping sore,ஒடம்புல ஊரல் வந்துருச்சு மருந்து வாங்கிப் போடோணும்.,,body_health,,np,
700,ஊரவேலெ,,ūravēle,,திருவிழாக் காலங்களில் இளைஞர்கள் ஊரைச் சுத்தப்படுத்துவது.,communal village clean-up drive by youth before temple festival,,,festival_religion | human_behavior,,np,
701,ஊராளி,,ūrāḷi,,ஊர்த்தலைவர்.,village chieftain | community headman,அந்த ஊராளிகிட்ட சொன்னா நியாயம் கிடைக்கும்.,,human_behavior,,np,
702,ஊரான்,,ūrāṉ,,பிறர்; உறவற்றவர்.,stranger | non-relative | outsider,பிள்ளயின்னு பொறந்தா அது எனக்கிருந்தாலும் ஊரான் வீட்டுக்குத்தான் சொந்தம்.,பெயர்ச்சொல்,kinship | speech_phrase,,pm,
703,ஊளமூக்கன்,,ūḷamūkkaṉ,,சளி ஒழுகும் மூக்கை உடையவன்.,sniveling child | boy with runny nose,அவங் கெடக்கறான் ஊளமூக்கன்.,பெயர்ச்சொல்,body_health | human_behavior,,pm,
704,ஊளமூக்கு,ஊளை மூக்கு,ūḷamūkku,ūḷai mūkku,சளி நிரம்பிய மூக்கு | சளி மூக்கு. | சளி நிறைந்த மூக்கு.,runny sniveling nose,ஊள மூக்கு ஒழுவுது பாரு: அவன் ஊளமூக்குப் பையன். | அவன் ஊளைமூக்கன் ஊளைய சிந்தவே மாட்டான்.,பெயர்ச்சொல்,body_health,ஈழைமூக்கு | மலையாள பிரயோகத்தில் - ஊளை - சளி,od | np | pm,
705,ஊளை,,ūḷai,,கெட்டுப்போன பொருள்.(1) | சளி.(2),rotten spoiled matter | nasal mucus,ஊளைய திங்காத | மூக்குல ஊளை ஒழுகுது பாரு. | ஊளையாப் போனதத் திங்காத. | ஊளை ஒழுவுது. சிந்துபோ.,பெயர்ச்சொல்,food_cooking | body_health,,np | pm,
706,ஊளை முட்டை,ஊளமொட்டு,ūḷai muṭṭai,ūḷamoṭṭu,கெட்டுப் போன முட்டை. | கெட்டுப்போன முட்டை.,rotten addled egg | rotten egg | addled egg,ஊளை முட்டைய தின்னு போட்டு நல்ல முட்டையா கொண்டுவா. | ஊளமொட்டத் தின்னுட்டு நல்ல மொட்டக் கொண்டுக்கிட்டு ஓடியா.,,food_cooking,,np | pm,
707,ஊளையிடு,,ūḷaiyiṭu,,நாய் அல்லது நரி போல நீளமாக ஊளையிடுதல்; கூக்குரலிடுதல்.,to howl | to wail loudly,அங்க எவன்டா ஊளக்குரிக்கிறான்.,வினைச்சொல்,action_verbs | nature_animals,,pm,
708,ஊறத்தண்ணி,,ūṟattaṇṇi,,மழை பெய்த பிறகு பூமியில் அல்லது பாறைகளில் கசிந்து ஊறி வரும் தெளிவான நீர்,clear seepage spring water oozing after rain,,,nature_animals,,od,
709,ஊறல்,,ūṟal,,சாராயம் காய்ச்ச தேவையான பல பொருட்களையும் கலந்து பானையில் ஊறப் போட்டிருத்தல். | சாராயம் காய்ச்சத் தேவையான பல பொருட்களையும் கலந்து பானையில் ஊறப் போட்டிருத்தல்.,fermenting mash soaked in earthen pot for illicit distillation,போலீஸ் வந்து ஊறல் பானைய தூக்கிட்டாங்க. | போலீசு வந்துஊறல எல்லாம் ஒடச்செறிஞ்சிட்டாங்க.,பெயர்ச்சொல்,food_cooking,,np | pm,
710,ஊறுதல்,ஊறு,ūṟutal,ūṟu,குழந்தைகள் சதை பிடித்து வளர்ச்சியடைதல். | குழந்தைகள் சதை பிடித்துக் குண்டாதல்.,infants plumping up nicely with healthy baby fat,கொழந்தெ நல்லா ஊறியிருக்குதா. | பிள்ளை நல்லா ஊறியிருக்கறாளா.,வினைச்சொல்,body_health,,np | pm,
711,ஊறுப்பட்ட,ஊறுபட்ட,ūṟuppaṭṭa,ūṟupaṭṭa,ஏகப்பட்ட,immense amount | in huge excess,சோத்துல ஊறுப்பட்ட உப்பு. உறு- மிகை | சோத்துல ஊறுபட்ட உப்பு. உறு - மிகை,,measure_units | speech_phrase,,od,
712,ஊனு,ஊன்,ūṉu,ūṉ,பழங்களின் சதைப்பகுதி. | சாப்பிட்ட தட்டில் மிச்சமிருக்கும் கடைசி கலவை | பழங்களின் சதைப்பகுதி.(1) | பலமாகத் தாக்குதல்.(2) | பலமாகத் தாக்கு.,pulp or flesh of fruit | landing a solid punch,"தோலக் கடிச்சுத்துப்பிட்டு ஊன மட்டும் திங்கறான். | தோலத்திங்காத ஊன மட்டும் தின்னு | அவன ரெண்டு ஊனு ஊனுடா அப்பதெ கம்முனு நிப்பான். | நல்லா ஊனுடா, அப்பத்தான் அவனுக்குப் புத்தி வரும்.",பெயர்ச்சொல்,food_cooking | action_verbs,,pm | od | np,
713,ஊனாங்கொடி,,ūṉāṅkoṭi,,உறுதியான அறுந்து விடாத ஒருவகைக் கொடி. | ஒரு வகைக் கொடி.,strong unbreakable wild woody vine used for swing ropes,ஊனாங் கொடியில தூரிகட்டுனா அந்து போகாது. | ஊனாங்கொடில தூரி ஆடலாம்.,பெயர்ச்சொல்,nature_animals,,np | pm,
714,ஊனி,,ūṉi,,பாரம் அதிகமாகும் போது மாட்டு வண்டியின் பின்பக்கம் நிலத்தோடு சென்று அழுந்தாமல் இருக்க ஊன்றும் தடி.,rear support prop stick of bullock cart to prevent tipping,அந்த ஊனிய எடுத்து உடு.,பெயர்ச்சொல்,farming_livestock,,pm,
715,எக்கச்சக்கம்,,ekkaccakkam,,அளவுக்கதிகமாக.,enormous amount | excessive surplus,எக்கச்சக்கமா வந்திருக்கு.,,measure_units | speech_phrase,,np,
716,எக்கட்ட,,ekkaṭṭa,,எங்கே; எந்தப் பக்கம்.,where | in which direction,அய்யன் எக்கட்ட போயிருக்கறாங்க.,வினைச்சொல்,place_direction,,pm,
717,எக்காளம்,,ekkāḷam,,மிக ஆபாசம்.,lewd banter | obscene ridicule,எக்காள எக்காளமாப் பேசறான்.,பெயர்ச்சொல்,human_behavior | speech_phrase,,pm,
718,எக்கு,,ekku,,வயிற்றை உள்ளே இழுத்தல். | வயிற்றை உள்ளே ஒட்டிப் போகும்படி செய்.,pulling in or sucking in the abdomen,வவுத்த நல்லா எக்கு அப்பதெ டவுசரு பட்டன போட முடியும். | வவத்த எக்காத நல்லா உட்டு நில்லு.,வினைச்சொல்,action_verbs | body_health,,np | pm,
719,எக்குத்தப்பா,,ekkuttappā,,தவறிவிட்டால்.,if something goes awry | in a disastrously wrong manner,எக்குத் தப்பா ஏதாவது ஆயிருச்சுன்னா.,,speech_phrase,,np,
720,எகத்தாளம்,,ekattāḷam,,நக்கல் | பரிகாசம் | திமிரு/ நக்கல் | திமிராகப் பேசுதல்.,sarcasm | mocking insolence | derisive scoffing,பெரியவங்க கிட்ட எகத்தாளமா பேசாதே | என்ன எங்கிட்டயே எகத்தாளம் பேசறீயா.,,human_behavior | speech_phrase,,od | np,
721,எகனைமொகனை,,ekaṉaimokaṉai,,எகத்தாளமாக எதுகை மோனையாக.,sarcastic rhyming wordplay | witty mockery,இவளுக்கு எகனைமொகனையா பேசறதே வேலயாப் போச்சு.,,speech_phrase | human_behavior,,np,
722,எகிலி,,ekili,,சலவைத் தொழில் செய்பவர்; ஏகாலி / வண்ணார்.,washerman | traditional laundryman,எகிலிக்கு பொடம்போட்டு எத்தெ ஊடும் பாழாச்சு.,பெயர்ச்சொல்,kinship,பொருள் உறுதிப்படுத்தப்படவில்லை (AI உருவாக்கம்) · Meaning not verified (AI generated),np,
723,எகுறுது,,ekuṟutu,,பேச்சில் எல்லை மீறுதல்.(1) | செலவு விலை முதலியன அளவுக்கு அதிகமாக உயருதல்.(2),talking insolently | prices skyrocketing,என்ன ரொம்ப எகுறுற | தக்காளி வெல நாளுக்கு நாளு எகுறுது.,,speech_phrase | human_behavior,,np,
724,எங்காச்சு,எங்காலு,eṅkāccu,eṅkālu,எங்கேயாவது.,somewhere | anywhere | wherever,எங்காச்சும் சுத்திட்டிருப்பான் பாரு.,,place_direction,,np,
725,எங்கீனு,,eṅkīṉu,,எங்கே என்று.,where at | asking where,எங்கீனு நான் போய்த் தேடறது.,,place_direction | speech_phrase,,np,
726,எங்கெனெ,,eṅkeṉe,,எங்கே எந்தப் பக்கம்.,where | which way,தம்பி எங்கெனெ போயிட்டு வர்ற.,,place_direction,,np,
727,எச்சக்கல,,eccakkala,,எச்சில் இலை என்பதைக் குறிக்கும் திட்டுச்சொல்.,used dining leaf | worthless scoundrel (derogatory),"ஆடிக்காத்துல அம்மியே பறக்கறப்ப, எச்சக்கல நீ எந்த மூலக்கி.",பெயர்ச்சொல்,human_behavior | speech_phrase,,pm,
728,எச்சக்கலெ,,eccakkale,,அதிகப் பிரசங்கித்தனம்.,presumptuous impudence | meddlesome audacity,எச்சக்கல நாயி சொன்னா கேக்க மாட்டியா.,,human_behavior,,np,
729,எச்சக்கொளாங்கி,எச்சக்கோளாங்கி | எச்சக்கோலாம்பி,eccakkoḷāṅki,eccakkōḷāṅki | eccakkōlāmpi,எச்சில் துப்ப உதவும் பாத்திரம்.,spittoon | cuspidor,எச்சக்கொளாங்கிய எடுத்தாந்து வெய்யி.,பெயர்ச்சொல்,home_household,காண்க: எச்சக்கொளாங்கி,pm,
730,எச்சம்,,eccam,,அதிகம்.,excess | surplus | more,சோறு கொஞ்சம் எச்சா தின்னாங்காட்டி வவுறு வலிக்குது.,,measure_units | speech_phrase,,np,
731,எச்சா,எச்சு | ஹெச்சு,eccā,eccu | heccu,அதிகமாக | அதிகம்,in excess | more | extra portion,சோறு கொஞ்சமா போனா கூட போச்சாது. பையனுக்கு கறி எச்சா வை | சோறு கொஞ்சம் எச்சு.,பெயர்ச்சொல்,measure_units | speech_phrase,மைசூரு கன்னடத்தில் ಹೆಚ್ಚು (hecchu in Mysuru Kannada) - அதிகம்,od | pm,
732,எச்சாயிரும்,,eccāyirum,,அதிகமாகிவிடும்.,will increase excessively | will become surplus,நாளுக்கு நாளு வெலெ எச்சாயிரும்.,,speech_phrase,,np,
733,எச்சிப் பணிக்கம்,,eccip paṇikkam,,எச்சில் துப்பும் கலம்,spittoon | metal cuspidor,,,home_household,,od,
734,எச்சுப் பன்னாட்டு,,eccup paṉṉāṭṭu,,அதிகப் பிரசங்கித்தனம்.,meddlesome arrogance | overbearing officiousness,எச்சுப் பன்னாட்டுப் பண்ணாதீடா.,பெயர்ச்சொல்,human_behavior,,pm,
735,எச்சுப்பண்ணாட்டயம்,,eccuppaṇṇāṭṭayam,,தேவை இல்லாமல் அதிகாரம் செய்தல்.,unwarranted bossiness | overbearing arrogance,எச்சப் பண்ணாட்டியம் பன்ற வேல யெல்லா இங்கெ வேண்டா.,,human_behavior,,np,
736,எச்சுப்பேச்சு பேசுதல்,,eccuppēccu pēcutal,,தேவையற்ற வார்த்தைகளைப் பேசுதல்.,talking insolently | blabbering unnecessary words,ரொம்ப எச்சுப்பேச்சு பேசிப் பழகிட்டே.,,speech_phrase | human_behavior,,np,
737,எசகடம்,,ecakaṭam,,நேர்த்திக்கடன் | தெய்வத்திற்கு செலுத்தும் காணிக்கை வேண்டுதல்.,votive offering to deity | religious pledge,சாமிக்கி எசகடம் குடுக்கறதா வேண்டியிருக்கேன்.,,festival_religion,,od | np,
738,எசகேடு,,ecakēṭu,,இசை(வு) கேடு: சிறிது தவறிவிடுதல்.,slight mishap | misstep | unfortunate slip,கொஞ்சம் எசகேடா உட்டுட்டன் இல்லைனாப் புடுச்சிருக்கலாம்.,பெயர்ச்சொல்,human_behavior | speech_phrase,,pm,
739,எசமான்,,ecamāṉ,,பணியாட்களுக்கும் அடிமைகளுக்கும் தலைமைப் பொறுப்பேற்று செயல்படுபவன்.,master | landlord | employer,,,kinship | human_behavior,,np,
740,எசவா,,ecavā,,இணக்கமாக.,harmoniously | compliantly | in agreement,எசவா ஏதாச்சும் இருந்தா சொல்லுங்கெ.,,human_behavior | speech_phrase,,np,
741,எசிலி,எசிரி | எசிறி,ecili,eciri | eciṟi,போட்டி | போட்டி.,rivalry | competition | contention,எசிலிக்குப் புறுக்குட்டு ஈரோடும் பாழாச்சு.,,human_behavior,காண்க: எசிலி,od | pm,
742,எட்டாங்கரம்,எட்டாங்கரை,eṭṭāṅkaram,eṭṭāṅkarai,தாயம் போன்ற எட்டுக்கரம் உள்ள ஒரு விளையாட்டு. | எட்டுக் கட்டம் உள்ள ஒருவகையான விளையாட்டு. தாயம் போன்ற போட்டி.,traditional eight-square board game similar to Chaupar,எந்நேரம் பாரு எட்டாங்கரத்துலயே இருக்கறான். | எட்டாங்கரை வெளயாட வர்றியா.,பெயர்ச்சொல்,human_behavior,,np | pm,
743,எட்டாநாளு,,eṭṭānāḷu,,வரப்போகிற அல்லது கழிந்துபோன வாரத்தின் இதே நாள்.,same day next week or last week | on the eighth day,எட்டா நாளைக்கு வர்றன் | எட்டா நாளு சந்தையில பார்த்தன்.,பெயர்ச்சொல்,time_seasons,,pm,
744,எட்டி,,eṭṭi,,வேகமாக. | காலடி.,stride | taking brisk long steps,நடைய எட்டிப் போடுடா. | ஒரு எட்டிக்கு ஒரு மணி நேரமாவுது.,வினைச்சொல்,action_verbs,Additional word types: பெயர்ச்சொல்,pm,
745,எட்டி வைத்தல்,,eṭṭi vaittal,,காலை வேகமாக வைத்துநடத்தல்.,striding out fast | taking brisk steps,"இப்படி நடந்தாப் போய்ச் சேர முடியுமா, எட்டி வச்சு நட்டா.",வினைச்சொல்,action_verbs,,pm,
746,எட்டிப்பாக்கலை,,eṭṭippākkalai,,வந்து பார்க்கவே இல்லை.,did not even drop in to visit | never visited,ஒரு எட்டு வந்து எட்டிப் பாக்கலை.,,speech_phrase | human_behavior,,np,
747,எட்டிப்போடு,,eṭṭippōṭu,,வேகமாக நட.,walk fast | take brisk strides,சீக்கிரொ எட்டிப் போட்டு நடொ.,,action_verbs | speech_phrase,,np,
748,எட்டு,,eṭṭu,,நடக்கும்போது இருகாலுக்கும் உள்ள தூரம். | வாரம்.,step length | stride | week,ரெண்டு எட்டு வைக்கறதுக்குள்ளெ மூச்சுவாங்குது. | போன எட்டுத்தான் சந்தைக்குப் போனன்.,பெயர்ச்சொல்,measure_units | time_seasons,,np | pm,
749,எடக்கு,,eṭakku,,எதற்கும் ஒத்துவராத.,obstinate | contentious | uncooperative,சரியான எடக்கு புடிச்ச ஆளா இருக்கற.,,human_behavior,,np,
750,எடங்காடு,இடஞ்சல்,eṭaṅkāṭu,iṭañcal,போதிய இடம் இல்லை | பயிர்செய்வதற்கு இடையூறுகள் நிறைந்த நிலம். | இடைஞ்சல்.,insufficient space | awkward cramped farmland,எடங்காட்டுல எள்ளு வெதை கொறங்காட்டுல கொள்ளு வெதை. | அவனோட பெரிய எடங்காடா இருக்குது.,பெயர்ச்சொல்,place_direction | farming_livestock,,od | np | pm,
751,எடங்கெட்டவன்,,eṭaṅkeṭṭavaṉ,,வாழ்க்கை நடத்தவதற்கான சாமார்த்தியம் இல்லாதவன்.,clueless incompetent fellow | incapable person,,,human_behavior,,np,
752,எடங்கோடு,,eṭaṅkōṭu,,பயன்பாட்டிற்குப் போதாத இடம்.,cramped unusable space,அங்க கொஞ்சம் எடங்கோடா இருக்குது,பெயர்ச்சொல்,place_direction,,pm,
753,எடஞ்சலு,,eṭañcalu,,இடையூறு.,hindrance | obstacle | inconvenience,எவ்ளோ எடஞ்சல்லயும் நானு உன்னய படிக்க வெச்சேன் தெரியுமா.,,speech_phrase | human_behavior,,np,
754,எடத்தான்,,eṭattāṉ,,மாட்டு வண்டியில் இடதுபக்கம் செல்லும் மாடு. | காண்க: இடத்தான்.,bullock harnessed on the left side,எடத்தான புடிச்சி கட்டில.,,farming_livestock,,np | pm,
755,எடத்து மாடு,,eṭattu māṭu,,"இடத்து மாடு; (ஏர், ஏற்றம், வண்டி போன்ற வற்றில்) இடப்பக்கம் கட்டிப் பழக்கப்பட்ட மாடு.",draft bullock trained to work on the left side,எடத்து மாட்டப் புடிச்சோயித் தண்ணி காட்டு.,பெயர்ச்சொல்,farming_livestock,,pm,
756,எடப்பு,,eṭappu,,"வயிற்றை நிமிர்த்துக் கொண்டோ, வளைத்துக் கொடுத்துப் கொண்டோ பின்பக்கம் சாய்ந்தது போல உடம்பை ஆக்குதல்.",strutting with protruding belly tilted backward,நடக்கறதுக்கு இப்படி எடப்பறான்.,வினைச்சொல்,human_behavior | action_verbs,,pm,
757,எடம்,,eṭam,,இடம்.,place | spot | space,இந்த எடம் பூரா என்றது.,,place_direction,,np,
758,எடமொடக்கு,,eṭamoṭakku,,எதற்கும் ஒத்துவராத. | இடமுடக்கு. இயல்பாக உழுவதற்கு ஏற்றபடி இல்லாத மிகக் குறுகலான நிலப்பகுதி.(1) | எதற்கும் ஒத்து வராத ஆள்.(2),awkward narrow land unfit for plowing | cantankerous person,சரியான எடமொடக்கு புடிச்ச ஆளா இருக்கற. | அவன் சுத்த எடமொடக்கு.,பெயர்ச்சொல்,farming_livestock | human_behavior,,np | pm,
759,எடவன்,,eṭavaṉ,,மாட்டு வண்டியில் இடதுபக்கம் செல்லும் மாடு.,left-hand draft bullock,எடத்தான புடிச்சி கட்டில.,,farming_livestock,காண்க: எடத்தான்,np,
760,எடவாடு,,eṭavāṭu,,"(முறையற்ற, ரகசியமான) ஆண் - பெண் தொடர்பு.",illicit secret liaison | romantic entanglement,அங்க அவனுக்குக் கொஞ்சம் எடவாடு இருக்கு மாட்டந்தான் தெரீது.,பெயர்ச்சொல்,human_behavior,,pm,
761,எடாலு,,eṭālu,,எலிப்பொறி. | பெருச்சாளி பிடிப்பதற்காக வைக்கப்படும் பொறி.,rat or bandicoot trap,எடாலு வெச்சு எலிய புடிச்சேன். | பெருக்கானுக்கு எடாலு வெச்சாப்புடிச்சர்லாம்.,பெயர்ச்சொல்,home_household | farming_livestock,,np | pm,
762,எடுப்பு,,eṭuppu,,கம்பீரம்.,impressive stature | striking presence,ஆளு வாட்டசாட்டமா எடுப்பா இருக்கறான். | ஆளு நல்லா எடுப்பா இருக்கறான்.,பெயர்ச்சொல்,human_behavior,,np | pm,
763,எடுப்புச்சோறு,,eṭuppuccōṟu,,பிச்சை எடுத்து சாப்பிடும் சோறு. | பிச்சை எடுத்து வந்த சோறு.,begged food | alms food,எடுப்புச்சோத்தெ திங்கற உனக்கு இவ்ளவு திமிரு இருந்தா ஊட்டுசோறு திங்கற எனக்கு எவ்ளோ திமிரு இருக்கும். | என்னய என்ன எடுப்புச் சோத்துக்கு வந்தவன்னு நெனச்சியா?,பெயர்ச்சொல்,food_cooking | human_behavior,,np | pm,
764,எடைப்பால் சோறு,,eṭaippāl cōṟu,,இடைப்பகல் உணவு,midday meal | noon lunch,,,food_cooking,,od,
765,எடையில,,eṭaiyila,,இடையில்.,in between | midway | in the middle,பேசிக்கிட்டு இருக்கறப்ப எடையில நுழைஞ்சு பேசாத.,,place_direction | speech_phrase,,np,
766,எண்ணெக்கச்சலு,,eṇṇekkaccalu,,நாள்பட்ட பலகாரங்களிலிருந்து வரும் கெட்ட எண்ணெயின் நாற்றம்.,rancid oil odor from stale snacks,மிச்சரு எண்ணெக்கச்சலு அடிக்குது இதப் போயி வாங்கியாந்திருக்குற.,,food_cooking,,np,
767,எணக்கம்,,eṇakkam,,ஒத்துப்போதல்.,harmony | mutual understanding | rapport,ரெண்டு பேரு ரொம்ப எணக்கமா இருக்கறாப்புடி தோணுது.,,human_behavior,,np,
768,எணச்சீர்,,eṇaccīr,,கொங்கு திருமணங்களில் மணமகனின் திருமணமாகாத தங்கைக்கு செய்யப்படும் சீர்.,traditional gift presentation to groom unmarried younger sister,,,festival_religion | kinship,,np,
769,எணப்பொளி,,eṇappoḷi,,இரு காடுகளுக்கு இடையில் உள்ள பொளி.,demarcating boundary strip between two fields,நாங்க ரெண்டு பேரு எணப்பொளி காட்டுக் காரங்க.,,farming_livestock | place_direction,,np,
770,எத்தன்,,ettaṉ,,விபரமானவன் பிரச்சினைகளில் சிக்காமல் நழுவி விடுபவன்.,cunning rogue | sly dodger,இவன் பயங்கர எத்தனா இருக்கான்.,,human_behavior,,np,
771,எத்தாச்சோடு,எத்தாசோடு,ettāccōṭu,ettācōṭu,எவ்வளவு பெரிசு | எவ்வளவு பெரியது,how huge | how very large,"எத்தாச்சோடு மரம் பாரு, ஆளையே முழுங்கிரும்.",,measure_units | speech_phrase,,od,
772,எத்திப் போ,எத்திப் போதல் | எதுத்துப் போதல் | எதுத்துப் போ,ettip pō,ettip pōtal | etuttup pōtal | etuttup pō,மிதமிஞ்சிப் போதல்.,overgrowing beyond bounds | shooting up excessively | exceeding limits | shooting up disproportionately,நத்தக்காட்டுக் கம்புவ ந்து எத்திப் போச்சாம்.,வினைச்சொல்,farming_livestock | action_verbs | speech_phrase,காண்க: எத்திப் போதல்,pm,
773,எத்தினிதாட்டி,எத்தினிதவொ | எத்தினீ,ettiṉitāṭṭi,ettiṉitavo | ettiṉī,எத்தனை தடவை.,how many times | how many occasions | how often,ஒனக்கு எத்தினிதாட்டி நாஞ் சொல்றது.,,speech_phrase | time_seasons,,np,
774,எத்து,,ettu,,இரவல்; தத்து.,adoption | foster care | borrowing,எத்துல பிள்ள பெத்து.,பெயர்ச்சொல்,kinship | human_behavior,,pm,
775,எத்தென,எத்தினி | எத்தீனி | எத்தனீ | எத்தனை,etteṉa,ettiṉi | ettiṉī | ettaṉī | ettaṉai,எத்தனை; எவ்வளவு.,how many | how much,எத்தென ரூவா குடுத்து இத வாங்குன. | தோட்டத்துல எத்தீனி மரம் இருக்குது? | எத்தனீ பேரு வந்திருக்காங்க?,பெயர்ச்சொல்,measure_units | speech_phrase,,np | od,
776,எதிரடி,,etiraṭi,,பதிலி.,compensatory substitute land | equivalent exchange,எதிரடியா நெலத்த எழுதிக் குடுத்துரு.,பெயர்ச்சொல்,farming_livestock | place_direction,,pm,
777,எதுக்களிப்பு,,etukkaḷippu,,அளவுக்கதிகமாக சாப்பிடும் போது ஏற்படும் குமட்டல். | சாப்பிடுவதாலோ வேறு காரணத்தாலோ ஏற்படும் குமட்டல்.,acid regurgitation | nausea from overeating,ரொம்ப அதிகமா சோத்தெ தின்னாங்காட்டி எதுக்களிக்குது. | எது சாப்பிட்டாலும் எதுக்குளிச்சுக்கிட்டே வருது.,பெயர்ச்சொல்,body_health,,np | pm,
778,எதுக்காலெ,,etukkāle,,எதிரில்.,in front | right opposite,உனக்கு எதுக்காலெதா இருக்குது பாரு.,,place_direction,,np,
779,எதுக்கு,,etukku,,எதற்கு.,why | what for,எதுக்கு அடிக்கொருக்கா ஊட்டுல சண்டெ போடுற.,,speech_phrase,,np,
780,எதுக்கொளிக்குது,,etukkoḷikkutu,,எதற்கு.,regurgitating | nauseating reflux,எதுக்கு அடிக்கொருக்கா ஊட்டுல சண்டெ போடுற.,,body_health,காண்க: எதுக்கு,pm,
781,எதுத்தாவுடு,,etuttāvuṭu,,எதிர்வீடு.,house opposite | facing house,இவங்கொ எங்கூட்டுக்கு எதுத்தாப்புல இருக்குறாங்கொ.,,home_household | place_direction,,np,
782,எதுப்பொண்ணு,,etuppoṇṇu,,பெண்ணெடுத்தல்.,reciprocal marriage between two families | bride exchange,அவுங்களுக்கு எதுப்பொண்ணுகட்டியிருக்கறாங்க.,பெயர்ச்சொல்,kinship | festival_religion,,pm,
783,எதுன்னாலும்,,etuṉṉālum,,எது என்றாலும்.,whatever it may be | come what may,இவன் எதுன்னாலும் முன்னுக்கு வந்துவந்து நிக்கறான்.,,speech_phrase,,np,
784,எதெத்தெ,,etette,,எதைத்தான்.,which one indeed | what on earth,எதெத்தெ நானு பண்றதுனு எனக்கே தெரீலெ.,,speech_phrase,,np,
785,எந்தநேர்,,entanēr,,நேர் - எந்தப்பக்கம் | எவ்விடம்/எந்தப்பக்கம்,where | which direction,,,place_direction,,od,
786,எந்தரம்,எந்திரம்,entaram,entiram,தாயத்து.,talisman | protective yantra amulet | protective amulet | yantra charm,பையனுக்கு ஒரு எந்தரம் கட்டு. காச்ச செரியாப் போயிரும். | எந்திரம் மந்திரிச்சி வாங்கியாந்து கட்டு காச்சலு சீக்கிரொ சரியாயிரும்.,பெயர்ச்சொல்,festival_religion | body_health,,pm | np,
787,எந்திரிச்சி,,entiricci,,எழுந்து.,standing up | having risen,பெரியவங்ககிட்ட பேசறப்பொ எந்திரிச்சி நின்னு பேசோனும்னு தெரியாதா.,,action_verbs,,np,
788,எந்தெடத்திலெ,,enteṭattile,,எந்த இடத்தில்.,at which place | where,எந்தெடத்திலெ நீ இப்ப இருக்கெ.,,place_direction,,np,
789,எந்நேரம்,எந்நேர,ennēram,ennēra,மிகுந்த நேரம். | எந்த நேரத்தில்; எப்பொழுது.,such a late hour | at all hours | at what time | when,எந்நேரத்துக்கு வர்றான் பாரு. | எந்நேர வருவீங்க?,பெயர்ச்சொல்,time_seasons,,pm,
790,எந்நேரமும்,,ennēramum,,எப்பொழுதுமே.,at all times | continuously,எந்நேரமும் கெளம்பிப் போனா அப்புறம் லேட்டாயிரும்.,,time_seasons,,np,
791,எப்டீன்னாலும்,,epṭīṉṉālum,,எப்படி என்றாலும்.,in any case | anyway | however it may be,எது எப்டீன்னாலும் நமக்கு சோறு கெடக்கிறதே பெருசு.,,speech_phrase,,np,
792,எப்பத்தெ,,eppatte,,எப்பொழுதுதான்.,when on earth | when indeed,இந்த வேலை எப்பத்தெ முடியும்னு தேரீலை.,,time_seasons | speech_phrase,,np,
793,எப்பப்புடிச்சும்,,eppappuṭiccum,,எப்பொழுதிலிருந்து.,since when | from what time,எப்பப்புடிச்சும் பாக்குறேன் நீயி சும்மாவே இருக்கற.,,time_seasons | speech_phrase,,np,
794,எப்பப்புடுச்சு,,eppappuṭuccu,,எப்போதிருந்து.,since when,எப்பப்புடுச்சு வருவ வருவன்னு பாக்கறன்.,வினைச்சொல்,time_seasons | speech_phrase,,pm,
795,எப்பயிலருந்து,,eppayilaruntu,,எப்பொழுதிலிருந்து.,from when onwards,எப்பப்புடிச்சும் பாக்குறேன் நீயி சும்மாவே இருக்கற.,,time_seasons | speech_phrase,காண்க: எப்பப்புடிச்சும்,np,
796,எப்பூம்போல,,eppūmpōla,,எப்பொழுதும் போல்.,as always | as usual,எப்பூம்போல நீயி கம்முனு இருந்தீனா எந்தப்பிரச்சினையும் இல்லே.,,time_seasons | speech_phrase,,np,
797,எம்படது,,empaṭatu,,என்னுடையது.,mine | belonging to me,இந்தப் பேனா எம்படது.,,speech_phrase,,np,
798,எம்பொறாப்பு,,empoṟāppu,,என்னுடன் பிறந்தவர்,my sibling | my uterine brother or sister,,,kinship,,od,
799,எம்மல்,,emmal,,ஏமாற்றுதல் ஏய்த்தல். | ஏமாற்று: ஏய்ப்பு.,duplicity | deceit | cheating,இந்த எம்மல் வேலையெல்லா எங்கிட்ட வேண்டா. | அவம் பெரிய எம்மல் பண்ணுவான்.,பெயர்ச்சொல்,human_behavior,,np | pm,
800,எம்மல்காரன்,,emmalkāraṉ,,ஏமாற்றுக்காரன்.,cheat | swindler | deceitful person,எம்மல்காரன நம்பாதீடா.,பெயர்ச்சொல்,human_behavior,,pm,
801,எமட்டன்,,emaṭṭaṉ,,மிக சிரமமான காரியத்தையும் முடிக்கும் ஆற்றல் உள்ளவன்.,tenacious person capable of hard labor | hardy powerhouse,சரியான எமட்டனா இருப்பான் போலருக்கு.,,human_behavior,,np,
802,எமுட்டு,எமட்டு,emuṭṭu,emaṭṭu,எவ்வளவு.,how much | what amount | what price,உனக்கு நான் எமட்டுப் பணம் குடுக்கோனும். | இந்த சட்டைய எமுட்டு ரூவா குடுத்து வாங்குன.,வினைச்சொல்,measure_units | speech_phrase,,pm | np,
803,எமாவேலை,,emāvēlai,,எச்சரிக்கையான ஆள்.,vigilant shrewd person | watchful fellow,அந்தப் பையன் எமாவேலைடா.,பெயர்ச்சொல்,human_behavior,,pm,
804,எமுட்டுநேரொ,,emuṭṭunēro,,எவ்வளவு நேரம்.,how much time | how long,எமுட்டு நேரம் ஆச்சு வேலக்கி போனவன இன்னுங் காணோமே.,,time_seasons,,np,
805,எரப்ப,எரப்பு,erappa,erappu,வீட்டை ஒட்டியதுபோல் பக்கவாட்டில் இருக்கும் கூரை. | வீட்டை ஒட்டிப் பக்கவாட்டில் இருக்கும் கூரை.,side lean-to thatched shed attached to house,எரப்புக்குள்ள போயி படுத்துத் தூங்கு. | எரப்புக்குள்ள கன்னுக்குட்டியக் கட்டு.,,home_household,,np | pm,
806,எரப்பாணி,,erappāṇi,,"இரந்து உண்ணுபவன் | திட்டுச் சொல், இரந்து தின்பவன் / ள்.",beggar | sponger (derogatory),எரப்பாணி பெத்த புள்ள,பெயர்ச்சொல்,human_behavior,,od | pm,
807,எரவாரம்,,eravāram,,"கூரையின் கீழ் பகுதி (தாள்வாரம்) | ஓட்டு வீடுகளில் திண்ணைக்கு மேல் கைக்கைட்டும் இடத்தில் அகப்படும் இடுக்கு, தாள்வாரம் | சிறு சிறு பொருட்களைப் பத்திரப்படுத்தி வைத்துக் கொள்ளத்தக்க வீட்டு உள் கூரையின் கீழ்ப்பகுதி.",overhanging roof eaves | eaves shelf space,தொறப்புக்குச்சி எரவாரத்துல இருக்கும் பாரு.,பெயர்ச்சொல்,home_household,,od | pm,
808,எரவானம்,,eravāṉam,,தாவாரம்,verandah eaves | overhanging shelter of roof,,,home_household,,od,
809,எரவு,,eravu,,இரவல்.,borrowed item | temporary borrowing,எந்தப் பொருளை எரவு கொடுத்தாலும் திரும்ப வராது.,,home_household | speech_phrase,,np,
810,எரிப்பான்,,erippāṉ,,தீ எரிக்கப் பயன்படும் பொருள்கள்.,firewood kindling | combustible fuel material,கொஞ்சம் எரிப்பான் கொண்டாரக் கூடாதா.,பெயர்ச்சொல்,home_household,,pm,
811,எருக்கலஞ்சிட்டு,,erukkalañciṭṭu,,எருக்கஞ் செடியில் உள்ள பூச்சி புழுக்களைத் தின்று வாழும் சிட்டுக்குருவி வகை.,small sunbird frequenting calotropis bushes,எருக்கலஞ்சிட்ட அடிச்சுக் கொண்டாந்திருக்கறான்.,பெயர்ச்சொல்,nature_animals,,pm,
812,எருக்கலாஞ்செடி,,erukkalāñceṭi,,தண்டுகளில் பால் நிறைந்த தானாக வளரும் செடி.,calotropis plant | crown flower milkweed shrub,எருக்கலாஞ்செடியில ரெண்டு தண்ட ஒடிச்சிட்டு வா.,,nature_animals | body_health,,np,
813,எருக்காலி,எருவுகாலி,erukkāli,eruvukāli,பயந்து நடுங்குவன் | சின்னச் சின்ன விஷயங்களுக்கெல்லாம் பயந்து காலோடு கழிபவன் / ள்.,faint-hearted coward | easily frightened person | spineless coward | chicken-hearted person,சுத்த எருக்காலியா இருந்தா எப்படிப் பொழைக்கறது.,பெயர்ச்சொல்,human_behavior,காண்க: எருக்காலி,od | pm,
814,எருக்குழி,,erukkuḻi,,நிலத்திற்குப் போடும் எருவைச் சேர்த்து வைக்கும் குழி.,manure pit | compost trench for cattle dung,எருக்குழியில் கொண்டோயிக் கொட்டு.,பெயர்ச்சொல்,farming_livestock,,pm,
815,எருத்துவாரி,,eruttuvāri,,ஏற்றம் இறைக்கும்போது சால் நீரை இழுத்துக்கொண்டு மாடுகள் ஓடும் தடம்.,sloping ramp track trodden by bullocks when lifting water,எருத்து வாரியில் புழுதி கௌம்புது. கொஞ்சம் தண்ணி தெளி.,பெயர்ச்சொல்,farming_livestock,,pm,
816,எருமா மட்டை,,erumā maṭṭai,,சாணத்தை வட்டமாகத் தட்டிக் காய வைத்த (எரிக்கப் பயன்படும்) எரிபொருள்; வரட்டி.,dried cow dung cake fuel | dried manure fuel cake,எருமா மட்டை தட்டிக் காய வைச்சிருக்கறான்.,பெயர்ச்சொல்,home_household | farming_livestock,,pm,
817,எருமா முட்டி,,erumā muṭṭi,,கள் மிடாவின் அடியில் தேங்கியிருக்கும் கழிவு. | கரும்புப் பாகு காய்ச்சும் போது மேலே வரும் அழுக்கு நிறைந்த நுரை போன்ற பொருள் (காண்க: கோழை).,sediment in toddy vat | scum skimmed off boiling sugarcane juice,,,food_cooking | farming_livestock,,pm,
818,எருமைத் தேளு,எருமைத் தேள்,erumait tēḷu,erumait tēḷ,கரு நிறத்தில் பெரிய உருவில் இருக்கும் தேள். | கருமையான நிறத்தில் இருக்கும் பெரிய தேள்.,giant black scorpion,எருமத் தேளு பாரு எத்தாப் பெருசு போவுது. | எருமைத் தேளு கடிச்சு ஆளு உசிரே போச்சு.,பெயர்ச்சொல்,nature_animals,,pm | np,
819,எருவாட்டி,,eruvāṭṭi,,சாணத்தை வட்டமாகத் தட்டிக் காய வைத்த (எரிக்கப் பயன்படும்) எரிபொருள்; வரட்டி.,dried cow-dung cake fuel,எருமா மட்டை தட்டிக் காய வைச்சிருக்கறான்.,பெயர்ச்சொல்,home_household | farming_livestock,காண்க: எருமா மட்டை,pm,
820,எருவாமுட்டி,,eruvāmuṭṭi,,சாணத்தை வட்டமாகத் தட்டி காய வைத்தல்.,pats of sun-dried dung cakes,எருவா முட்டி இருந்தா அடுப்பெரிக்கலா.,,home_household | farming_livestock,,np,
821,எருவு,,eruvu,,காட்டிற்கு உரமாகப் போடும் சாணம் மற்றும் பல பொருட்கள். | (பயத்தால்) மலத்தைக் காலோடு கழிதல். | நிலத்திற்கு உரமாகப் பயன்படும் சாணம் முதலியன.,farmyard manure | organic cattle dung fertilizer,காட்டுக்கு எருவு போட்டு உழவு ஓட்டணும். | இருட்டுல என்னயப் பாத்ததும் எருவிட்டான். | எருவுப் போட்டா வௌயுமா; ஏவிரிஞ்சா வௌயுமா,வினைச்சொல்,farming_livestock,Additional word types: பெயர்ச்சொல்,np | pm,
822,எல்லாத்தீயும்,,ellāttīyum,,அனைத்தையும்.,everything | all of them,எல்லாத்தீயும் அவனுக்கே கொடுத்துடு.,,speech_phrase,,np,
823,எல்லாத்துங்குந் தெரியும்,,ellāttuṅkun teriyum,,எல்லாருக்கும் தெரியும்.,everyone knows it,அவன் ஆருன்னு எல்லாத்துங்குந் தெரியும்.,,speech_phrase,,np,
824,எல்லாப் பொழுதுக்கும்,,ellāp poḻutukkum,,பகல் முழுவதும்.,all day long | entire daytime,பல்லாப் பொழுதுக்கும் வேலயே தீரல.,,time_seasons,,np,
825,எலங்கு (தல்),,elaṅku (tal),,சுற்றத்தோடு சேர்ந்திருத்தல்.,mingling cordially with relatives | socializing warmly,இத்தன நாள் உட்டுட்டு எச்சகலப் பட்டுடுத்தி நான் அவங்கூட எலங்கப் போறனா.,வினைச்சொல்,kinship | human_behavior,,pm,
826,எலிப்பூண்,,elippūṇ,,எலிப்பொறி.,rat trap,எலிப்பூண்ல என்ன குத்தி வச்சிருக்கற.,பெயர்ச்சொல்,home_household,,pm,
827,எலும்புக்கறி,,elumpukkaṟi,,எலும்பு இறைச்சி.,meat cuts with bone | bone mutton,எலும்புக்கறி நெறையாப் போட்டிருக்கறான்.,பெயர்ச்சொல்,food_cooking,,pm,
828,எவ்வெட்டு,,evveṭṭu,,எட்டு எட்டாக.,in eights | eight units each,ஆளுக்கு எவ்வெட்டுப் பணம் கணக்காக் குடு,பெயர்ச்சொல்,measure_units,,pm,
829,எவடத்தாலே,எவத்தாலே,evaṭattālē,evattālē,எவ்விடத்தில்.,at which place | whereabouts | at what place | where,எவடத்தாலே நிக்கற.,,place_direction,காண்க: எவடத்தாலே,np,
830,எவெத்திக்கி,,evettikki,,எவ்விடத்தில்.,to which location | where,எவடத்தாலே நிக்கற.,,place_direction,காண்க: எவடத்தாலே,np,
831,எழப்புளி,,eḻappuḷi,,மரம் இழைக்கும் உளி.,carpenter wood planing chisel,எழப்புளிய எடுத்தா மரத்தெ கொஞ்ச இழைக்கலா.,,home_household,,np,
832,எழவாளு,,eḻavāḷu,,இறப்பை சொந்தங்களுக்கு தெரிவிக்க போகும் தாழ்த்தப்பட்ட சமூகத்தை சேர்ந்தவர்.,funeral herald sent to announce a bereavement,எழவாளு வந்துட்டான்.,,festival_religion | kinship,,np,
833,எழவு,,eḻavu,,இறப்பு.,bereavement | funeral mourning,எழவுக்கு போகோனும்.,,festival_religion | kinship,,np,
834,எழுதிங்கள்,,eḻutiṅkaḷ,,"கொங்கு பெண் மக்களுக்கு செய்யப்பெறும் சடங்கு | திருமணமான, பெண் குழந்தைகள் பெற்ற பெண்களுக்கு நடத்தப்படும் சீர்",traditional Kongu auspicious ceremony performed for mothers of daughters,,,festival_religion | kinship,,od,
835,எழும்புலெ,,eḻumpule,,எழுந்திருக்கவில்லை.,has not woken up | has not gotten up,அவன் இன்னும் தூங்கிகிட்டு இருக்கறான் இன்னு எழும்பல.,,action_verbs,,np,
836,எள்ளுரண்டெ,,eḷḷuraṇṭe,,எள்ளை இடித்து செய்யப்படும் உருண்டை.,sesame jaggery sweet ball,எள்ளுரண்ட செஞ்சு திங்கோனும் போல இருக்கு.,,food_cooking,,np,
837,எளக்காரம்,,eḷakkāram,,கிண்டல் கேலியாக.,disparagement | condescension | contemptuous slight,என்னப்பாத்தா எளக்காரமாத் தோணுதா உனக்கு.,,human_behavior,,np,
838,எளங்கன்னு,,eḷaṅkaṉṉu,,இளம் கன்று.,tender young calf,எளங்கன்னு வெயில்ல இருக்குது நெழல்ல புடிச்சிக் கட்டு.,,farming_livestock,,np,
839,எளச்சு,,eḷaccu,,உடல் மெலிந்து.,having grown lean | emaciated,ரொம்ப எளச்சுப் போயிட்ட.,,body_health,,np,
840,எளசு,,eḷacu,,இளையவர்.,younger person | junior,இவன் எனக்கு எளசு.,,kinship,,np,
841,எளந்தாரி,,eḷantāri,,வாலிபன் (வயசுப் பையன்).,young lad | youthful fellow,எளந்தாரி ஊரச் சுத்திகிட்டு திரியறான்.,,kinship | human_behavior,,np,
842,எளப்பு,,eḷappu,,வேகமாக நடக்கும்போதோ படிக்கட்டுகளில் ஏறும்போதோ ஏற்படும் மூச்சிரைப்பு. | மூச்சிரைப்பு.,breathlessness | panting | wheezing from exertion,வேகமா வந்தாங்காட்டி பயங்கரமா எளப்பெடுக்குது. | எதுக்குடா இப்பிடி எளப்பு வாங்க வாங்க ஓடியார.,பெயர்ச்சொல்,body_health,,np | pm,
843,எளப்புநோவு,,eḷappunōvu,,காசநோய்.,tuberculosis | chronic wheezing disease,எளப்பு நோவு வந்து ஆளு போய் சேந்துட்டான். | எளப்பு நோவு வந்தா ஆளத் தின்னுரும்.,பெயர்ச்சொல்,body_health,,np | pm,
844,எளம்பயிரு,,eḷampayiru,,முளைத்து சிறிது நாட்களே ஆன பயிர்.,tender young crop seedlings,எளம்பயிருல மாட்ட உட்டு மேய்க்காத.,,farming_livestock,,np,
845,எளம்பு,,eḷampu,,முதிராத.,tender | succulent | not tough,ஆட்டுக்கறி எளம்பா இருக்கு.,,food_cooking,,np,
846,எளரத்தம்,,eḷarattam,,வாலிப இரத்தம்.,hot-headed youth | young blood,எளரத்தமாச்சா பையன் முறுக்கறான்.,,human_behavior,,np,
847,எளவட்டம்,,eḷavaṭṭam,,வாலிபன்.,youth | energetic young lad,எளவட்டங்களாச்சு சொன்னா கேக்க மாட்டிகிறாங்க.,,human_behavior | kinship,,np,
848,எளவெய்யிலு,,eḷaveyyilu,,அதிகாலை நேர சூரிய வெளிச்சம்.,gentle morning sunlight | early sun rays,எளவெய்யில்ல உக்காரு.,,time_seasons | nature_animals,,np,
849,எளனி,,eḷaṉi,,இளநீர்.,tender coconut water,வெயிலுக்கு எளனி குடிச்சா நல்லாயிருக்கு.,,food_cooking | nature_animals,,np,
850,எளுசா,,eḷucā,,எளிதாக.,easily | casually | lightly,என்னயப் பாத்தா ஒனக்கு எளுசா தெரியுதா.,,speech_phrase,,np,
851,எளையகுடி,,eḷaiyakuṭi,,இரண்டாவது மனைவி.,second wife | junior co-wife,அந்த வீட்டுல எளையகுடி கட்டீருக்காரு.,,kinship,,np,
852,எறகடை,,eṟakaṭai,,வீட்டுப் புழக்கடை; வீட்டின் பின்புறமுள்ள கொல்லை அல்லது மாட்டுப் பட்டிப் பகுதி.,backyard | rear livestock backyard of house,எறகடையில ஆடு மாடு நிக்கிது பாரு.,பெயர்ச்சொல்,home_household | place_direction,பொருள் உறுதிப்படுத்தப்படவில்லை (AI உருவாக்கம்) · Meaning not verified (AI generated),pm,
853,எறகூடை,,eṟakūṭai,,நீர் இறைக்கும் கூடை. | இறைகூடை. கிணற்றிலிருந்து தூர வயல்களுக்கு நீர் பாய்ச்ச வேண்டும்போது முதலில் சற்று தொலைவில் ஆழம் அதிகம் அற்ற குழியில் நீரை விட்டுப் பின் அதிலிருந்து இறைத்து வயலுக்குப் பாய்ச்சுவர். அதில் நீர் இறைக்கப் பயன்படும் கூடை.,water-bailing basket used for lift irrigation,எறகூடைய நல்லா மாட்டியுடு கெணுத்துலருந்து தண்ணி இறைக்கலாம். | ஏறகூட போட்டா நாலு இழுப்புல வந்திருது.,பெயர்ச்சொல்,farming_livestock,,np | pm,
854,எறங்காடு,,eṟaṅkāṭu,,கரிசல் காடு.,black cotton soil farmland,"எறங்காட்டுல எள்ளு வெதைக்கோணு, கொறக்காட்டுல கொள்ளு வெதைக்கோணு.",,farming_livestock | place_direction,,np,
855,எறங்கு,,eṟaṅku,,இறங்குதல்.,to descend | to step down,மேல ஏறி என்ன பன்ற கீழ எறங்கு.,,action_verbs,,np,
856,எறவாரம்,எறவாணம்,eṟavāram,eṟavāṇam,சிறு சிறு பொருட்களை செருகி வைக்கும் கூரையின் கீழ்ப் பகுதி. | காண்க: எரவாரம்.,thatched eaves storage nook | thatched eaves crevices used as storage ledge,எறவாரத்துல சீப்பு சொருகி இருக்குது எடு.,,home_household,காண்க: எறவாரம்,pm | np,
857,எறவுத் தண்ணி,,eṟavut taṇṇi,,வீட்டின் ஓடுகளின் ஓரத்திலிருந்து வடியும் மழைநீர,rainwater dripping from roof tiles,,,home_household | nature_animals,,od,
858,எறிகொள்ளி,,eṟikoḷḷi,,இறந்தவர்களுக்கு இடும் கொள்ளி.,funeral pyre fire brand | lighting the cremation torch,எறிகொள்ளி போட்டுட்டு திரும்பி பாக்காம போவனும்.,,festival_religion,,np,
859,எறிஞ்சிட்டா,,eṟiñciṭṭā,,வீசி விடுதல்.,threw down | hurled away,காச தூக்கி மூஞ்சிலெ எறிஞ்சிட்டா.,,action_verbs,,np,
860,எறையாமெ,,eṟaiyāme,,கீழே விழாமல்.,without spilling | without scattering,சோத்தெ கீழ எறயாம தின்னு.,,food_cooking | action_verbs,,np,
861,என்நேரம்,,eṉnēram,,எப்போது | எந்த நேரம்,what time | whenever | always,நீ என்நேரம் வருவன்று கேட்டேன்,,time_seasons,,od,
862,என்ற,என்ட | எம்பட,eṉṟa,eṉṭa | empaṭa,என்னுடைய,my | mine,,,speech_phrase,,od,
863,என்றது,,eṉṟatu,,என்னுடையது | என்ர | காண்க. எம்படது.,mine | that which belongs to me,,,speech_phrase,,od | np,
864,என்றெ பழக்கொ,,eṉṟe paḻakko,,என்னுடைய பழக்கம்.,my usual habit | my nature,இததா என்ற பழக்கொ இத மாத்திக்க முடியாது.,,human_behavior | speech_phrase,,np,
865,என்றெ மகெ,என்றெ மகொ,eṉṟe make,eṉṟe mako,எனது மகன். | எனது மகள்.,my son | my daughter,என்றேமகெ வேலக்கி போயிரக்குறான். | என்றெமகோ சொன்னான சரியா இருக்கு.,,kinship,,np,
866,என்ன அவசர,,eṉṉa avacara,,ஏன் இவ்வளவு வேகம்.,why such hurry | what is the rush,என்ன அவசரொ மெதுவா போகவேண்டீத தானே.,,speech_phrase,,np,
867,என்ன பண்றெ,,eṉṉa paṇṟe,,என்ன செய்கிறாய்.,what are you doing?,இங்கை உக்காந்துகிட்டு நீயி என்ன பண்றெ,,speech_phrase,,np,
868,என்னத்துக்கு,,eṉṉattukku,,எதற்காக | எதற்கு,why | what for,அவ என்னத்துக்கு கேட்கிறா,இடைச்சொல்,speech_phrase,,od,
869,என்னப்புனு,,eṉṉappuṉu,,வயதில் சிறியோரை பெரியோர்கள் விசாரிக்கும் சொல்.,affectionate elder inquiry to young person: how are you dear?,என்னப்புனு நல்லாக்கிற்ம்பா,,speech_phrase | kinship,,np,
870,என்னாராகு,,eṉṉārāku,,எவ்வளவு நேரம் ஆகும்.,how long will it take,இது முடியறதுக்கு என்னாராகு.,,time_seasons | speech_phrase,,np,
871,என்னாவறது,,eṉṉāvaṟatu,,என்ன ஆகும்.,what will happen | what would become of it,கீழ உளுந்தா என்னாவறது,,speech_phrase,,np,
872,என்னாவோனு,,eṉṉāvōṉu,,என்ன உறவு வேண்டும்.,how are they related to you? | what kinship relation?,அவரு உனுக்கு என்னா ஆவோனு | என்ன உறவு,,kinship | speech_phrase,,np,
873,என்னுங்கோ,ஏனுங்கோ,eṉṉuṅkō,ēṉuṅkō,என்னங்க.,yes sir or what is it (polite)? | what is it sir or madam (polite)?,என்னுங்கோ இங்கெ வாங்கோ.,,speech_phrase,,np,
874,என்னுதெஞ்சொன்னாலு,,eṉṉuteñcoṉṉālu,,எவ்வளவு தான் சொன்னாலும்.,no matter how much one advises | however much is said,நா என்னு தஞ் சொன்னாலு நீ கேக்கப் போறுதில்லெ.,,speech_phrase,,np,
875,என்னெமாறி,,eṉṉemāṟi,,என்னைப்போல்.,like me | in my manner,என்னெமாரி ஒருத்தருங் கூடெ இருக்கமாட்டாங்கே,,speech_phrase,,np,
876,என்னேரொ வந்தீங்க,,eṉṉēro vantīṅka,,எப்பொழுது வந்தீர்கள்.,what time did you arrive? | when did you come?,ஒறமனைக்காரங்க எல்லா என்னேரோ வந்தீங்க,,time_seasons | speech_phrase,,np,
877,எனெத்தெ,,eṉette,,எதை.,what indeed | whatever,நீ எனெத்த சொன்னாலு நாங் கேக்க மாட்டே,,speech_phrase,,np,
878,ஏகடியம்,,ēkaṭiyam,,கேலி | கிண்டல்,ridicule | mockery | teasing banter,இந்த ஏகடியமெல்லா எங்கிட்ட வேண்டா.,பெயர்ச்சொல்,human_behavior,,od | pm,
879,ஏகதேசம்,ஏகதேசமா,ēkatēcam,ēkatēcamā,ஏறக்குறைய | ஏறக்குறைய.,approximately | more or less | roughly,ஏகதேசமா இந்தெ வேலை முடிஞ்சுது.,,speech_phrase | measure_units,,od | np,
880,ஏகமாக,,ēkamāka,,மிகுதியாக | பரவலாக,in abundance | extensively | overwhelmingly,,,measure_units,,od,
881,ஏகாலி,,ēkāli,,சலவைத் தொழிலாளி.,traditional laundryman | washerman,ஏகாலிகிட்ட துணிய குடுத்து தேய்க்கணும்.,,kinship,,np,
882,ஏங்கல்,,ēṅkal,,குழந்தைகளுக்கு வரும் மூச்சிரைப்புடன் கூடிய நோய்; இளவயதுக் காசநோய். | ஏதுவும் கிடைக்காமல் வருந்துதல்.(1) | மூச்சு விடுவதற்கு திணறும் நோய்.(2),childhood wheezing disorder | intense yearning longing,ஏங்கலுக்கு அந்தப் பாட்டி தழ குடுக்கும். | அப்பனம்மா பாசத்துக்கு கொழந்த ஏங்கிப் போச்சு | குளுருகாலொ வந்தா ஏங்கலு வந்துரு.,பெயர்ச்சொல்,body_health | human_behavior,,pm | np,
883,ஏங்கால்,,ēṅkāl,,கிணற்று ஏற்றக்கால்களுக்கு முட்டுக் கொடுக்கும் கட்டை.,supporting prop timbers of traditional well-hoist,ஏங்காலு நல்லா வலுவாப் போடு.,பெயர்ச்சொல்,farming_livestock,,pm,
884,ஏச்சட்டு,,ēccaṭṭu,,ஏமாற்றுதல்.,deceiving | swindling | defrauding,ஏச்சிகவிட்டே அருக்குறாம் பாரு.,,human_behavior,,np,
885,ஏசகோசலா,,ēcakōcalā,,இறைந்து கிடத்தல்.,strewn about in total disarray | scattered topsy-turvy,எல்லா சாமானு ஏசகோசலா கெடக்குது பார.,,home_household | speech_phrase,,np,
886,ஏடாகூடமா,,ēṭākūṭamā,,முறைகேடான செயல்.,perversely awkward | improper and clumsy,ஏடாகூடமா புடிச்ச ஆளா இருக்கறியே.,,human_behavior | speech_phrase,,np,
887,ஏடு,,ēṭu,,நடுத்தண்டைக் கிழித்து குறுக்கப்பட்ட வாழை இலை.,trimmed banana leaf plate cut along the rib,இத்தச்சோடு எலை எதுக்கு ஏடு எடுத்தப்போடு.,,food_cooking | home_household,,np,
888,ஏடுஎழுதறெது,,ēṭueḻutaṟetu,,குழந்தைகளுக்கு நோய் நீங்க ஓலையில் எழுதிக் கட்டுவது.,inscribing protective palm-leaf amulet to cure sick children,கொழந்திக்கி உடம்புக்கு செரிரில்லெ ஏடு எழுதோனு,,festival_religion | body_health,,np,
889,ஏணிப்புழு,கொட்டப்புழு,ēṇippuḻu,koṭṭappuḻu,ஆமணக்குச் செடியில் காணப்படும் புழுவகை; (இது நகரும்போது நடு உடல் வளைந்து கொக்கி போல் நிற்கும்; இதன் உடலே ஏணியாக மாறி கொள்ளும்). | காண்க: ஏணிப்புழு.,castor semilooper caterpillar,,பெயர்ச்சொல்,nature_animals | farming_livestock,,pm,
890,ஏத்தொ,ஏத்தம்,ētto,ēttam,கிணற்றில் மாடுகளைக்கொண்டு நீர் இறைப்பதற்கு இரண்டு கால்களை ஊன்றி இடையே பெரிய உருளை பொருத்தப்பட்ட அமைப்பு.(1) | தலைக்கனம் கொண்ட திமிர்.(2) | திமிர் பிடித்தவன்.,bullock-drawn well water hoist | haughtiness | arrogance,ஏத்தம் எறைக்கோணும் மாட்டப்புடுச்சா. | அவனுக்கு ஏத்தமேறிப்போச்சு. | உனுக்கு எவ்ளோ ஏத்தொ இருந்தா எங்கிட்டியே சண்டெ கட்டுவெ.,பெயர்ச்சொல்,farming_livestock | human_behavior,,np | pm,
891,ஏத்தமேடு,,ēttamēṭu,,கிணற்று மட்டத்தைவிட உயரமாக அமைக்கப்பட்ட ஏத்தம் வைக்கப்படும் பகுதி.,elevated ramp at well head for operating water hoist,ஏத்த மேட்டுல நின்னு பாத்தா நல்லாத் தெரியும்.,பெயர்ச்சொல்,farming_livestock | place_direction,,pm,
892,ஏத்தவண்டி,,ēttavaṇṭi,,ஏற்ற வண்டி நடுவில் உள்ள (நீர் இறைக்கப் பயன்படும்) மர உருளை.,wooden pulley drum of traditional water hoist,ஏத்த வண்டியக் கழட்டி வெச்சிட்டாங்க.,பெயர்ச்சொல்,farming_livestock,,pm,
893,ஏத்தவாரி,,ēttavāri,,கிணற்றில் ஏற்றம் பூட்டி நீர் இறைத்த பகுதி,haulage slope of bullock-driven well hoist,,,farming_livestock,,od,
894,ஏத்தோனு,,ēttōṉu,,ஏற்ற வேண்டும்.,must load up | must hoist onto bank,வயலுக்குள்ள இருக்குற பயிரையெல்லாம் கரைக்கி ஏத்தோனு.,,action_verbs,,np,
895,ஏதாச்சும்,,ētāccum,,ஏதாவதும்,something or other | anything,,,speech_phrase,,od,
896,ஏதாச்சொன்னு ஆச்சுனா,,ētāccoṉṉu āccuṉā,,ஏதாவது நடந்துவிட்டால்.,if something untoward happens,இப்பிடி போறியே ஏதாச்சொன்னு ஆச்சுன்னா என்னெ பண்றது.,,speech_phrase,,np,
897,ஏந்தே,,ēntē,,(பெரும்பாலும் குழந்தைகளுக்குள்) விளித்து அழைக்கப் பயன்படும் சொல்.,intimate call to playmates: hey listen!,"ஏந்தே, இதக் கேளு.",பெயர்ச்சொல்,speech_phrase,,pm,
898,ஏப்பு,,ēppu,,ஏமாற்றுதல்.,deceit | hoax | bluff,இந்த ஏப்பு காமிக்கிற வேலமெல்லா எங்கிட்ட வேண்டா.,,human_behavior,,np,
899,ஏமினி,,ēmiṉi,,ஏன் அம்மினி என்பதின் சுருக்கம். பெண்களை மரியாதையாக கூப்பிடுதல்.,respectful address to a woman in Kongu dialect,ஏமினி அய்யெ எங்கெ போனாரு.,,speech_phrase | kinship,,np,
900,ஏய்க்கறவேலெ,,ēykkaṟavēle,,வேலை செய்யாமல் ஏமாற்றுதல்.,shirking work deceitfully | slacking off,ஆளு இல்லன்ன ஏய்க்கற வேலெயே சரியாப் போகு.,,human_behavior,,np,
901,ஏர்க்கால்,ஏர்க்காலு,ērkkāl,ērkkālu,மாட்டு வண்டியின் முன்பக்கம் | மாட்டு வண்டியின் முன் பக்கம் நிலத்தில் ஊன்றும் கட்டை. | நுகத்தடியையும் ஏரையும் இணைக்கும் கட்டை.(1) | மாட்டு வண்டியின் முன் பக்கத்தை நிலத்தில் ஊன்றச் செய்யும் கட்டை.(2) | போச்சு வேற கட்டை(3),draught pole connecting plough and yoke | front prop pole of cart,ஏர்க்கால நல்லாத் தூக்கிப் புடிடா. | ஏர்க்கால நல்லா கட்டு உருவிகிட்டே வருது. | ஏர்க்கால் முறிஞ்சு மாத்தனும்.,பெயர்ச்சொல்,farming_livestock,,od | pm | np,
902,ஏர்வாடி,,ērvāṭi,,திமிராகப் பேசும் பெண்களைக் குறிக்கும் திட்டுச் சொல்.,arrogant sharp-tongued woman (derogatory),ஏர்வாடிகிட்ட என்ன பேச்சு.,பெயர்ச்சொல்,human_behavior,,pm,
903,ஏரி,,ēri,,மிக உயரமான வரப்பு.,high raised field boundary embankment | lake bund,அந்த ஏரியில ரண்டு பில்லு வெட்டிகிட்டு வர்றன்.,பெயர்ச்சொல்,place_direction | farming_livestock,,pm,
904,ஏரிமேடு,,ērimēṭu,,நீர்த்தேக்கமான ஏரியின் இருபுறங்களிலும் செல்லும் நீளமான மண் கரை.,embankment bund of lake or reservoir,ஏரி மேட்டுல ஆடு மேய்து பாத்துக்க.,பெயர்ச்சொல்,place_direction | nature_animals,,pm,
905,ஏவல்,,ēval,,கெடுதல் செய்ய தீய சக்திகளை ஏவிவிடுதல்.,sorcery | evil hex directed against someone,அவனோட ஊட்டுல ஏவல் செஞ்சு வெக்சட்டாங்களாமா.,,festival_religion,,np,
906,ஏவாரொ,,ēvāro,,வியாபாரம்.,trade | business | commerce,ஏவாரொ எப்பிடி போயிட்ருக்குது பரவாயில்லையா.,,human_behavior | speech_phrase,,np,
907,ஏவொகமில்லாமெ,,ēvokamillāme,,நினைவு இல்லாமல்.,without recollection | absent-mindedly,உன்ற ஏவொக மில்லாமெ நாப் பாட்டுல போய்ட்டெ.,,human_behavior | speech_phrase,,np,
908,ஏழங்கண வீடு,,ēḻaṅkaṇa vīṭu,,ஏழு பிரிவுகள் (அங்கணங்கள்) அல்லது ஏழு பகுதிகளைக் கொண்ட ஒரு பெரிய பாரம்பரிய ஓட்டு வீடு,traditional ancestral house with seven open courtyards or bays,,,home_household,,od,
909,ஏழாம் பொருத்தம்,,ēḻām poruttam,,ஒருவர் மற்றொருவரோடு ஒத்துப்போக முடியாத சூழ்நிலை.,irreconcilable incompatibility | astrological mismatch,ரெண்டு பேருக்கும் எப்பவுமே ஏழாம் பொருத்தந்தான்.,,human_behavior | kinship,,np,
910,ஏழைபாழை,,ēḻaipāḻai,,"ஏழை, எளியவர்.",destitute poor folk | indigent people,ஏழைபாழையா இருந்தாலே யாரும் உதவமாட்டாக்க.,,human_behavior,,np,
911,ஏறுக்குமாறு,,ēṟukkumāṟu,,முரண்பாடாக.,contradictorily | perversely at odds,ஏறுக்கு மாறா பேசாத.,,speech_phrase | human_behavior,,np,
912,ஏறுபனை,,ēṟupaṉai,,"கள், பதநீர் ஆகியவற்றைத் தரும் பனைமரம்.",tapped palmyra tree yielding sweet toddy sap,அந்த மரத்த வெட்டீராத அது ஏறுபனை.,பெயர்ச்சொல்,farming_livestock | nature_animals,,pm,
913,ஏறுமாறு,,ēṟumāṟu,,கூடக்குறைவு.(1) | அதிகமும் குறைவுமாக.(2),irregular | inconsistent | uneven,அவன்கிட்ட ஒரு வேல சொன்னா ஏறுமாறாத்தான் செய்வான். | கொஞ்சம் ஏறுமாறா இருந்தா என்ன போடு.,பெயர்ச்சொல்,measure_units | speech_phrase,,pm,
914,ஏறுவெயிலு,ஏறுவெயில்,ēṟuveyilu,ēṟuveyil,கதிரவன் மேல் செல்லும் நேரம் | அதிகரித்துக்கொண்டே வரும் (காலையிலிருந்து நண்பகல் வரையிலான) வெயில். | சூரியன் மேலே எழும்போது வரும் வெயில்.,rising sun | climbing forenoon heat before midday,முதுவுல ஏறுவெயிலு சுள்ளுனு படுது பாரு. | ஏறுவெயில்லெ பொழப்புக்கு போனாத்தா எறங்கு வெயில்ல வவுத்துக்கு திங்க முடியு.,பெயர்ச்சொல்,time_seasons | nature_animals,,od | pm | np,
915,ஏனம்,,ēṉam,,பாத்திரம்,vessel | cooking utensil | pot,ஏனத்தக் கழுவீட்டியா.,பெயர்ச்சொல்,home_household | food_cooking,,od | pm,
916,ஏனவானோ,,ēṉavāṉō,,வீட்டில் பயன்படுத்தும் பாத்திரங்கள்.,household pots and cooking vessels,ஏனவானங்களெ எடுத்து கழுவி வெய்ய,,home_household,,np,
917,ஐயன்,,aiyaṉ,,பெரியவர் | உயர்ந்தவர்,father | venerable elder | respected father figure,,,kinship,,od | pm,
918,ஒக்கட்டக்காய்,ஒக்கட்டை,okkaṭṭakkāy,okkaṭṭai,ஒற்றை பருப்புடைய வேர்க்கடலைக் காய்.,groundnut pod with a single seed | single-kernel peanut pod,ஒக்கட்டக்காயெல்லா கழிச்சுப்புட்டாம் பாரு.,பெயர்ச்சொல்,farming_livestock | food_cooking,,pm,
919,ஒகைக்கறது,,okaikkaṟatu,,அசைத்தல்.,shaking a tree branch vigorously to drop fruit,ஒகைக்காத நெல்லிக்காயெல்லா கீழ உளுந்துரு.,,action_verbs,,np,
920,ஒச்சொடி,,occoṭi,,மெலிந்த; இளைத்த.,scrawny | emaciated frail build,ஒச்சொடியான ஒடம்புக்காரன் அவன்.,பெயர்ச்சொல்,body_health,,pm,
921,ஒசக்க,,ocakka,,உயரமாக.,up high | towering above,ஆளு நல்லா வளத்தியா ஒசரமா இருப்பாப்பிடி.,,place_direction,காண்க: ஒசரமா,np,
922,ஒசம்பு,,ocampu,,கனத்த மழை பெய்யும் போதும் நிலங்களுக்கு அருகில் ஏரிகளில் அளவுக்கதிமாக தண்ணீர் தேங்கினால் தானாக வயலில் ஊறும் நீர். | கனத்த மழை பெய்யும் போதோ அருகில் ஏரி போன்ற நீர்த்தேக்கங்கள் இருக்கும் போதோ பள்ளமான நிலத்தின் மேற்பரப்பில் தானாக ஊறும் நீர்.,water seepage oozing onto field from nearby lake swelling,மழைபேஞ்சி வயில்ல ஒசம்பு தூக்கிருச்சு. | அந்தக் காட்ட எப்பிடி ஓட்டறது ஊறுது.,பெயர்ச்சொல்,nature_animals | farming_livestock,,np | pm,
923,ஒசரத்து,,ocarattu,,உயரத்தில்,at a height | up above,,,place_direction,,od,
924,ஒசரமா,,ocaramā,,உயரமாக.,tall | lofty | high,ஆளு நல்லா வளத்தியா ஒசரமா இருப்பாப்பிடி.,,place_direction | measure_units,,np,
925,ஒட்ட நாடகம்,,oṭṭa nāṭakam,,ஒட்டரைத் தலைவராகக் கொண்ட ஒருவகைக் கூத்து.,traditional folk drama depicting earth-digger Ottar legends,பொங்கலுக்கு ஓட்டக்கூத்து போடறாங்களாம்.,பெயர்ச்சொல்,festival_religion,காண்க: ஒட்டக்கூத்து,pm,
926,ஒட்டக்கூத்து,,oṭṭakkūttu,,ஒட்டரைத் தலைவராகக் கொண்ட ஒருவகைக் கூத்து.,traditional folk street-theatre dance performed during festivals,பொங்கலுக்கு ஓட்டக்கூத்து போடறாங்களாம்.,பெயர்ச்சொல்,festival_religion,,pm,
927,ஒட்டடை,,oṭṭaṭai,,ஒட்டடை.,cobweb | soot web,இப்பிடி ஒட்டடை புடிச்சிக் கெடக்குது தொடச்சி உடலாமல்லோ,,home_household,,np,
928,ஒட்டராமாயணம்,,oṭṭarāmāyaṇam,,ஒட்டரைத் தலைவராகக் கொண்ட ஒருவகைக் கூத்து.,folk theatrical drama enactments during village festivals,பொங்கலுக்கு ஓட்டக்கூத்து போடறாங்களாம்.,பெயர்ச்சொல்,festival_religion,காண்க: ஒட்டக்கூத்து,pm,
929,ஒட்டாஎடுக்கலா,,oṭṭāeṭukkalā,,ஒன்றாக எடுக்கலாம்.,can purchase or take together,ரெண்டு பேரு துணிய ஒட்டா எடுக்கலா.,,speech_phrase | action_verbs,,np,
930,ஒட்டியாணொ,,oṭṭiyāṇo,,இடுப்பில் அணியும் நகை.,traditional ornate waist girdle | gold oddiyanam belt,ஓட்டியாணொ போட்டுகிட்டு,,dress_accessories,,np,
931,ஒட்டு,,oṭṭu,,"மிக நெருக்கமாக. | பால் கறக்கும் மாடு(1), எருமைகளுக்குப் பிறர் கண்படாமல் இருப்பதற்காகவோ குளிப்பதற்காகவோ ஓலையால் கட்டப்படும் மறைப்பு. 2. பனைமரத்தில் தெளுவு சுரக்கும் பாளைக்கு மேல் அதைச் சார்ந்து வரும் சிறுபாளை. 3. மிக நெருக்கம்.",intimate affinity | thatched milking screen | secondary palm spadix,இப்பிடி ஒட்டுஉறவுமா இருக்கிறீங்க. | ஓட்டுக் கட்டுனா ஆரு கேக்கறா. எரும ஒதச்சிக்கிட்டுப் போயிருச்சி. | அந்தப் பனைல ஒட்டு வந்திருக்குது. | ஒட்டும் ஒறவும் எத்தன நாளக்கினு பாக்கலாம்.,பெயர்ச்சொல்,human_behavior | farming_livestock,,np | pm,
932,ஒட்டுக் கூடை,,oṭṭuk kūṭai,,"அடிப்பகுதி அகன்றும், உயரம் குறைந்தும் இருக்கும் மண் அள்ள பயன்படும் கூடை. | அடி அகன்றும் உயரம் குறைந்தும் இருக்கும் சாணி, மண் போன்றவை அள்ள உதவும் சிறு கூடை.",shallow broad basket for scooping dung or soil | shallow wide-bottomed basket for carrying mud or manure,ஒட்டிக் கூடைய எடுத்தா அள்ள | சாணி எடுக்கற ஒட்டுக்கூட எங்கடா. | வட்டக் கூடையெ எடுத்தாந்து மண்ண அள்ளிப் போடு.,பெயர்ச்சொல்,home_household | farming_livestock,,od | np | pm,
933,ஒட்டுக்கா,,oṭṭukkā,,ஒரேயடியாக | இணைந்து | ஒன்றாக. | ஒரே நேரத்தில்.(1) | ஒன்றாக.(2),all at once | together in unison | simultaneously,ரெண்டு பேரும் ஒட்டுக்காகப் போயிட்டு வாங்க - இருவரும் இணைந்து சென்று வாருங்கள் | ஒட்டுக்கா இத்தன யென்னத்தெ தூக்கிட்டு போகாத. | ஒண்ணொண்ணா நூறோ ஒட்டுக்கா நூறோ | ரண்டு பேரும் ஒட்டுக்கா பொறந்தவுங்களா.,வினைச்சொல்,speech_phrase,"மைசூரு கன்னடத்தில் ஒட்டிகெ (oṭṭige in Mysuru Kannada) - ஒன்றாக | மலையாளத்தில் ஒட்டாகெ (oṭṭāke in Malayalam) - ஆக கூடி, ஒன்றாக",od | np | pm,
934,ஒட்டுத்திண்ணை,,oṭṭuttiṇṇai,,உடம்போடு ஒட்டியது போல் கட்டப்பட்டிருக்கும் திண்ணை. | வீட்டை ஒட்டி வாசற்பகுதியில் (உட்காருவதற்காகக்) கட்டப்படும் அகலம் குறைந்த சிறு திண்ணை.,narrow verandah bench adjoining the front doorway,ஒட்டுத் திண்ணைல போய் படுத்தத் தாக்கு. | ஒட்டுத் திண்ண மேல அப்பிடி உக்காரேன் ஏன் நிக்கற.,பெயர்ச்சொல்,home_household,,np | pm,
935,ஒட்டுத்துணி,,oṭṭuttuṇi,,உடம்பில் ஒரு துணியும் இல்லாமல்.,a single thread of clothing | stripped bare,ஒட்டுத்துணியுங் கூட இல்லாம இருக்குற.,,dress_accessories,,np,
936,ஒட்டுவாரொட்டி,,oṭṭuvāroṭṭi,,தொற்றுநோய்.,contagious disease | communicable infection,"இவன்கூட சேராத ஒட்டுவாரொட்டி உனக்குமு ஒட்டிக்கும். | அவங்கிட்ட ஆரு பொழங்குவா, ஒட்டுவாரொட்டி வந்து கெடக்கறான்.",பெயர்ச்சொல்,body_health,,np | pm,
937,ஒடக்கா,ஒடக்கான்,oṭakkā,oṭakkāṉ,ஓணான்,garden lizard | bloodsucker agamid lizard,ஒடக்கா புடிக்கிறதே இவனுக்கு வேலயாப் போச்சு. | ஒடக்கான எதுக்குடா அடிக்கிற.,பெயர்ச்சொல்,nature_animals,,od | np | pm,
938,ஒடக்கிக்கட்டறது,,oṭakkikkaṭṭaṟatu,,வீட்டில் இருக்கும் போது வயல் வேலைகளில் ஈடுபடும் போதும் கட்டிக்கொள்ளும் (அதிகமாகப் பயன்படுத்தும்) சாதாரணச் சேலை.,rough daily-wear saree draped for household and farm chores,"அதுல மண்ணுப்பட்டா என்ன, ஒடக்கிக் கட்டறதுதான.",பெயர்ச்சொல்,dress_accessories | farming_livestock,,pm,
939,ஒடசல்,,oṭacal,,(சரியாக விதைக்காததாலோ விதை முளைக்காததாலோ) நிறைய இடைவெளி விட்டுப் முளைத்திருத்தல்.,patchy sparse crop germination with gaps,பயிர் ஒடசலா மொளச்சிருக்கே.,பெயர்ச்சொல்,farming_livestock,,pm,
940,ஒடதட்றது,,oṭataṭṟatu,,"காய் அடிப்பது. கிடாய், எருதுகளுக்கு ஆண்மைக்குறைவை ஏற்படச் செய்வது.",castrating rams or young bulls,கெடாயிக்கு ஒட தட்டோனு இல்லீன்னா மேயாமெ பின்னாடி மே ஓடிகிட்டு இருக்கு.,,farming_livestock | action_verbs,,np,
941,ஒடம்பு,,oṭampu,,உடம்பு,body | physique | health,,,body_health,,od,
942,ஒடம்புக்கு முடியலெ,,oṭampukku muṭiyale,,உடல்நிலை சரியில்லாமை.,feeling unwell | sick,எனக்கு ஒடம்புக்கு முடியலை.,,body_health | speech_phrase,,np,
943,ஒடுக்கஞ்சோறு,,oṭukkañcōṟu,,பொங்கலில் சிறிது எடுத்துக் கடவுளுக்குப் படைக்கும் சோறு.,sanctified portion of newly cooked festival rice offered to deity,கொஞ்சம் ஒடுக்கஞ்சோறு எடுத்து வெச்சிருங்க.,பெயர்ச்சொல்,festival_religion | food_cooking,,pm,
944,ஒடுக்கு,,oṭukku,,பனையோலையை வைத்து சாப்பிட பின்னப்படும்,woven palmyra leaf dining dish,ஒடுக்கஞ்சோறு என்று ஒரு பதமும் உண்டு,,home_household | food_cooking,,od,
945,ஒடை,,oṭai,,"காளை(1), கிடாய்களின் விரை. 2. கனமற்ற ஒருவகை மூங்கில்.",testicles of livestock | slender light bamboo,அந்தக் கெடாய்க்கு ஒட அடிச்சரோனும். | ரண்டு ஒடய வெட்டியாந்திருக்கலாம்.,பெயர்ச்சொல்,farming_livestock | nature_animals,,pm,
946,ஒடையடி,ஒடை அடித்தல்,oṭaiyaṭi,oṭai aṭittal,ஆடு மாடுகளுக்குக் காயடித்தல். | காயடித்தல்,castration of livestock | castrating livestock,அதுக்கு ஒடை அடிச்சாச்சா.,வினைச்சொல்,farming_livestock | action_verbs,,pm | od,
947,ஒண்ட,,oṇṭa,,அழுந்த.,pressed close against | standing right beside,கெணத்தொண்ட நிக்கறான் பாரு.,வினைச்சொல்,place_direction | speech_phrase,,pm,
948,ஒண்டவெட்டு,ஒண்ட வெட்டுறது,oṇṭaveṭṭu,oṇṭa veṭṭuṟatu,"(மயிர், புல் போன்றவற்றை) இல்லாதது போல அழுந்த வெட்டுதல்.",close cropped shave or shearing down to skin,மயிர இப்பிடி ஒண்ட வெட்டிருக்கறா. அசிங்கமா. | ஒண்ட வெட்டோனும்.,வினைச்சொல்,action_verbs | dress_accessories,,np | pm,
949,ஒண்டி,,oṇṭi,,கதவு மாட்டுவதற்காக நிலவுகாலில் அடிக்கப்படும் இரும்புப் பூண்.(1) | தனித்திருப்பவன் / ள்.(2),iron door pivot socket | lone person standing solitary,ஒண்டி கழண்டு போச்சு | ஒண்டியா உக்காந்திருக்கறன்.,பெயர்ச்சொல்,home_household | human_behavior,,pm,
950,ஒண்டி சண்டி,,oṇṭi caṇṭi,,ஆதரவற்றவன்.(1) | கதவுமாட்ட நிலவுக் காலில் அடிக்கப்படும் பூண்.(2),helpless destitute person without kin | door pivot socket,ஒண்டி சண்டிக்கு ஆதரவா ஒருத்தருங் கெடையாது. | ஒண்டிய நல்லா அடிச்சு கதவு கமண்டுக்கிட்டு வருது.,,human_behavior | kinship,,np,
951,ஒண்டி மணியம்,,oṇṭi maṇiyam,,ஒருவராக செய்யும் விவசாயம்.,single-handed farming management without assistance,ஒண்டி மணியத்துக்கெ இங்கெ ஆளக் காணா.,,farming_livestock,,np,
952,ஒண்டிக்காரி,,oṇṭikkāri,,வேலை செய்யத் துணையற்று ஒருத்தியாக இருக்கும் பெண்.,lone woman managing household or field without assistance,"அவளே ஒண்டிக்காரி. பாவம், எல்லா வேலயும் அவதான்.",பெயர்ச்சொல்,kinship | human_behavior,,pm,
953,ஒண்டிமினி,,oṇṭimiṉi,,யாருடனும் கலந்து பழகாதவன்,unsociable recluse | solitary hermit,ஒண்டிமினியாட்ட இருந்த யாரு வருவாங்க நம்ம வீட்டுக்கு,,human_behavior,,od,
954,ஒண்டு,,oṇṭu,,தேன் எடுப்பதற்கு மலைப் பகுதிகளில் பயன்படுத்தப்படும் ஒற்றை மூங்கில்.,single bamboo pole ladder used for gathering wild honey,ஒண்ட எடுத்தாந்து குடு.,பெயர்ச்சொல்,nature_animals | farming_livestock,,pm,
955,ஒண்டுக்கட்டை,,oṇṭukkaṭṭai,,எந்தவிதத் துணையும் இன்றித் தனியாக வாழும் ஒருவரைக் குறிக்கும் சொல்லாகும்,solitary lone person without family or support,,,human_behavior | kinship,,od,
956,ஒண்டுகவை,,oṇṭukavai,,கூரை அல்லது மரக்கிளையைத் தாங்கிப் பிடிக்கும் கவை மரம்.,forked wooden support prop for roof or heavy branch,கூரை சாயாம ஒண்டுகவை குடுத்து நிறுத்து.,பெயர்ச்சொல்,home_household | farming_livestock,பொருள் உறுதிப்படுத்தப்படவில்லை (AI உருவாக்கம்) · Meaning not verified (AI generated),od,
957,ஒண்டுது,,oṇṭutu,,ஒதுங்கி நிற்றல்.,taking shelter | huddling against a wall for shelter,மழைக்கி செவுக்தோரமா போயி எப்பிடி ஒண்டுது பாரு.,,action_verbs,,np,
958,ஒண்ணரெய்யி,,oṇṇareyyi,,ஒன்றாக வை.,keep together | gather into one place,எல்லாத்திய கலைக்காதெ ஒண்ணா வெய்ய,,action_verbs,,np,
959,ஒண்ணில்லெ,,oṇṇille,,ஒன்றும் இல்லை.,nothing | nothing at all,ஒண்ணில்லே சும்மா பாத்துட்டுப் போலாம்னு வந்தெ.,,speech_phrase,,np,
960,ஒண்ணுமாத்திஒண்ணு,,oṇṇumāttioṇṇu,,ஒன்று மாற்றி ஒன்று.,one after another | alternately in succession,ஒண்ணு மாத்தி ஒண்ணு ஏதாச்சி வந்துகிட்டே இருக்குதாச்சி,,speech_phrase,,np,
961,ஒணத்தி,,oṇatti,,சுவையாக/உஷாராக,savory flavor | smartly alert | piping hot,,,food_cooking | speech_phrase,உணர்ச்சி,od,
962,ஒணத்து,,oṇattu,,ஈரமான பொருட்களைக் காய வைத்தல்.,to dry wet clothes or grains in the sun,"பருப்பு நனஞ்சிருச்சு, கொஞ்சம் வெயில்ல ஓணத்தோனும் | துணிய நல்லா ஓணத்து.",வினைச்சொல்,action_verbs | home_household,,pm,
963,ஒணவாய்,,oṇavāy,,"சட்டிப் பானைகளின் வாய்ப்பகுதி (சிறிதளவோ, பாதியோ) உடைந்திருத்தல்.",chipped-rim earthen pot,அந்த ஓணவாய்ப் பானைய எடுத்தா.,பெயரடை,home_household,,pm,
964,ஒத்தடொ,,ottaṭo,,உடம்பில் ஏற்படும் காயங்களுக்கு வெதுவெதுப்பாக துணியைச் சுற்றி சுடவைத்துக் குடவி எடுத்தல்.,warm fomentation | hot cloth compress,ஒடம்பெல்லாம் ஒரே வலியா இருக்குது ஒத்தடொங் குடுக்கோனு.,,body_health,,np,
965,ஒத்தவண்டி,,ottavaṇṭi,,ஒரு மாட்டைச் கட்டி ஓட்டும் வண்டி.,single-bullock cart,ஒத்தவண்டி கட்டிகிட்டு எங்கியோ கெளம்பியாச்சி.,,farming_livestock,,np,
966,ஒத்தாசை,,ottācai,,உதவி | ஒருவருடைய வேலையின் பளுவைக் குறைப்பதற்குச் செய்யும் உதவி.,helping hand | assistance in work,அவனுங் கூட பரவாயில்ல எனக்கு ரொம்ப ஒத்தாசையா இருந்தான்.,,human_behavior,,od | np,
967,ஒத்து உதறது,,ottu utaṟatu,,இன்னொருவருக்கு ஒத்து பேசுதல்.,chiming in sycophantically | playing second fiddle,ஒத்து ஊதாம உட்டுட்டு உன்ற வேலபெப் பாரு.,,human_behavior | speech_phrase,,np,
968,ஒத்துப் பேசறது,,ottup pēcaṟatu,,இணங்கி போதல்.,talking agreeably | reconciling differences,எந்த வீகிபுத்தெ சொன்னாலும் ஒத்துப் போயிருவாந் தம்பி.,,speech_phrase | human_behavior,,np,
969,ஒத்தைக் கோவணம்,,ottaik kōvaṇam,,உடம்பில் வேறு துணி எதுவும் இல்லாமல் கோவணம் ஒன்று மட்டுமே இருக்கும் நிலை.,wearing only a solitary loincloth | reduced to bare loincloth,ஒத்தக் கோமணத்தோட நிக்கறான் பாரு.,பெயர்ச்சொல்,dress_accessories,,pm,
970,ஒத்தைக்கொத்தை,,ottaikkottai,,ஒருவருக்கு ஒருவராக.,one on one | man to man confrontation,ஒத்தைக் கொத்தை மோதிக்கலாமா.,,speech_phrase | human_behavior,,np,
971,ஒத்தையடுப்பு,,ottaiyaṭuppu,,பக்க அடுப்பு இல்லாமல் ஒரே அடுப்பு கொண்டது.,single-burner clay hearth,ஒத்தையடுப்பு வெச்சி சோத்த ஆக்கு.,,home_household | food_cooking,,np,
972,ஒதச்சிக்கிட்டுப் போ (தல்),,otaccikkiṭṭup pō (tal),,மாடோ எருமையோ பால் கறக்க நிற்காமல் காலை உதைத்துக்கொண்டு ஓடிவிடுதல்.,cow or buffalo kicking and refusing to be milked,நாலு மாசத்திலயே இந்த எரும ஒதச்சிக்கிட்டுப் போயிடுச்சு.,வினைச்சொல்,farming_livestock | action_verbs,,pm,
973,ஒதஞ்சி,,otañci,,காலை நிலத்தில் அழுந்த ஊன்றி (இருத்தல்).,bracing one's feet firmly against the ground,கால நல்லா ஒதஞ்சி நில்லுடா.,வினைச்சொல்,action_verbs,,pm,
974,ஒதவல்,,otaval,,"குவியலாக வைக்கப்பட்டிருக்கும் செடி, கொடி மற்றும் புல் நண்டு.",tangled heap of cleared weeds and dry brush,ஒதவலா இருக்குது பாத்துபோ பூச்சி புழுவு இருக்குறப் போவுது.,,farming_livestock | nature_animals,,np,
975,ஒதவு,,otavu,,கறிக்காக அறுக்கப்படும் ஆட்டின் குடலில் செரிக்காமல் மாவு போல இருக்கும் தழை உணவை எடுத்துத் துணியில் போட்டு பிழியும் சாறு. (இதனைக் குடிப்பர். நோய் வராமல் காக்க உதவும்).,traditional medicinal broth squeezed from goat rumen contents,இந்தத் தடவ கறிபோடறப்ப ஒதவு குடிச்சரோனும்.,பெயர்ச்சொல்,food_cooking | body_health,,pm,
976,ஒதறனு,,otaṟaṉu,,உதறிவிடுதல்.,must shake vigorously to dislodge seeds,எள்ளுக் கழிய நல்லா ஒதறனு அப்பதான் எள்ளு கீழ உழுமும்.,,action_verbs | farming_livestock,,np,
977,ஒதறிவிடு,,otaṟiviṭu,,தீவனத் தட்டைகளைக் காய்வதற்காகப் பரப்பி விடுதல்.,spread out sorghum stalks loosely to dry,தட்ட நல்லா ஒதறிஉடு.,வினைச்சொல்,farming_livestock | action_verbs,,pm,
978,ஒதுக்குப்படல்,ஒதுக்குப்படலு | ஒதுக்குபடல்,otukkuppaṭal,otukkuppaṭalu | otukkupaṭal,திறந்து மூடும் வகையில் ஒதுக்குப்புறமாகக் கட்டப்படும் சிறு தடுப்பு. | ஒருபுறமாக திறந்து மூடும் வகையில் இருக்கும் சிறு குடுப்பு.,wattle hurdle screen | movable bamboo partition screen,இங்க ஒரு ஒதுக்குப்படல் கட்டி வெய்யின்னா ஆரு கேக்கறா. | காத்து பயங்கரமா வீசுது பாரு ஒதுக்குப்படல வெச்சு மறப்பு கட்டு.,பெயர்ச்சொல்,home_household,,od | np | pm,
979,ஒதை,,otai,,உதைத்தல்.,a kick | kicking blow,ரெண்டு ஒதை குடுத்தாத்த சொன்ன பேச்சு கேப்பாம் போலருக்கு.,,action_verbs,,np,
980,ஒதை (தல்),,otai (tal),,"உதைதல், காலை நிலத்தில் அழுத்தமாக ஊன்றி நிற்றல்.",bracing legs firmly | kicking against,நல்லா ஒதஞ்சி நில்லுடா.,வினைச்சொல்,action_verbs,,pm,
981,ஒப்பாளம்,,oppāḷam,,கோபத்திற்கு எதிராகக் காட்டும் கோபம்.,retaliatory anger | petulant resentment,அவனுக்குனா மட்டும் அந்த ஒப்பாளம் இருக்காதா.,பெயர்ச்சொல்,human_behavior,,pm,
982,ஒப்புட்டு,ஒப்பிட்டு,oppuṭṭu,oppiṭṭu,"போளி | கடலைமாவும், மைதா மாவும் சேத்து செய்யும் இனிப்பு வகை பதார்த்தம். | கடலைப்பருப்பும் மைதாமாவும் சேர்த்துச் செய்யப்படும் இனிப்புப் பலகாரம்.",oppittu | sweet stuffed lentil flatbread (boli),எங்கூட்டுல ஒப்புட்டு செஞ்சு தின்னமாக்கும். | இன்னிக்கி எங்கூட்ல ஒப்புட்டுடா.,பெயர்ச்சொல்,food_cooking,மைசூரு கன்னடத்தில் ஒப்பிட்டு (oppiṭṭu in Mysuru Kannada) - போளி,od | np | pm,
983,ஒப்பு,,oppu,,தேவையானால் பயன்படுத்திக் கொள்ளும் வகையில் வைத்திருப்பது.,standby substitute | placeholder | nominal reserve | mere dummy substitute | nominal stopgap,அவன் ஒப்புக்குத்தான் இருக்கறான் | அவன ஒப்புக்குச் சப்பா வெச்சுக்கலாம்.,பெயர்ச்சொல்,speech_phrase | human_behavior,,pm,
984,ஒப்புக்கு,,oppukku,,தேவைப்படும் போது பயன்பாட்டிற்கு வைத்து கொள்ளும் ஆள்.,for mere formality | as a nominal standby | nominal figurehead | dummy substitute,ஒப்புக்குச் சப்பரத இருக்குறான்.,,speech_phrase | human_behavior,,np,
985,ஒப்புக்குச் சப்பு,,oppukkuc cappu,,தேவையானால் பயன்படுத்திக் கொள்ளும் வகையில் வைத்திருப்பது.,mere dummy substitute | nominal stopgap,அவன் ஒப்புக்குத்தான் இருக்கறான் | அவன ஒப்புக்குச் சப்பா வெச்சுக்கலாம்.,பெயர்ச்சொல்,speech_phrase | human_behavior,காண்க: ஒப்பு,pm,
986,ஒப்புக்குச்சப்பா,,oppukkuccappā,,தேவைப்படும் போது பயன்பாட்டிற்கு வைத்து கொள்ளும் ஆள்.,nominal figurehead | dummy substitute,ஒப்புக்குச் சப்பரத இருக்குறான்.,,human_behavior | speech_phrase,,np,
987,ஒரக்கு ஊத்தறது,,orakku ūttaṟatu,,பாலில் தயிரை ஊற்றி பிரை ஊற்றுவது.,adding starter culture to warm milk to make yogurt,பாலுக்கு ஒரக்கு ஊத்தி வெக்கோனு.,,food_cooking | action_verbs,,np,
988,ஒரட்டாங்கை,சொன்னாங்கை | ஒறட்டாங்கை,oraṭṭāṅkai,coṉṉāṅkai | oṟaṭṭāṅkai,இடது கை. | காண்க: ஒரட்டாங்கை.,left hand (Kongu dialect),"ஒரட்டாங்கையில சாப்புடக் கூடாது. | எங்க ஒரட்டாங்கையக் காட்டு. | வலது கையை, சோத்தாங்கை என்பார்கள்",பெயர்ச்சொல்,body_health,,np | pm | od,
989,ஒரட்டாங்கைக்காரன்,,oraṭṭāṅkaikkāraṉ,,இடதுகையை அதிகம் பயன்படுத்துபவன்.,left-handed person,அவன் ஒரட்டாங்கைக்காரன்.,பெயர்ச்சொல்,human_behavior | body_health,,pm,
990,ஒரப்பான்,,orappāṉ,,"குழத்தைகளுக்கு சுக்கு, வசம்பு, ஜாதிக்காய், மஞ்சள் போன்றவைகளை அரைத்து பாலில் கலந்து கொடுப்பது.",traditional herbal paste ground and fed to infants,,,body_health,,np,
991,ஒரப்பு,,orappu,,"குண்டாகு | உப்பு, காரம் அதிகமாக இருத்தல். | குண்டு.(1) | (உப்பு) சிறிது அதிகம்.(2)",plumpness | spicy hotness or pungency,கொஞ்ச ஒரப்பா இருக்கற மாதிரி கொழம்பு வெய்ய. | அந்தப் பொண்ணு ரொம்ப ஒரப்பு | உப்பு நல்லா ஓரப்பா இருக்குது.,வினைச்சொல்,body_health | food_cooking,,od | np | pm,
992,ஒரம்பரை,ஒராம்பரை | ஒறம்பற | ஒரம்பர | உறம்பரை | உறைம்பிரை | ஒறமுறை | உறமுறை | ஒறமொறெ,oramparai,orāmparai | oṟampaṟa | orampara | uṟamparai | uṟaimpirai | oṟamuṟai | uṟamuṟai | oṟamoṟe,விருந்தினர் | உறவினர் | சொந்தக்காரர்கள் | உறவின்முறை | உறவுக்காரர்,guests | relatives | kinfolk visiting | relations,எங்கவீட்டுக்கு ஒரம்பரை வந்திருக்காங்க. | வீட்டுக்கு ஒறமுறை வந்திருக்காங்க. | உங்கூட்டுக்கு ஒறமொறெ வந்துருக்குது. | வராத ஓரம்பர இன்னிக்கு வந்திருக்குது.,பெயர்ச்சொல்,kinship,உறன் பரை = உறம்பரை (உறவின்முறை / சொந்தக்காரர்கள்),np | pm | od,
993,ஒரம்பு,,orampu,,ஈரநிலம் | காண்க: ஒசும்பு.,waterlogged seepage soil | marshy ground,,,farming_livestock | place_direction,,od | pm,
994,ஒரம்புப்பூடு,,orampuppūṭu,,நிலத்தில் காணப்படும் பூண்டு வகை. சிராய்ப்பு முதலிய காயங்களுக்கு மருந்தாகப் பயன்படும்.,medicinal weed applied on cuts and abrasions,ஓரம்புப்பூடு அந்தப் பக்கம் இருக்குதான்னு பார.,பெயர்ச்சொல்,nature_animals | body_health,,pm,
995,ஒரலு,,oralu,,தானியம் குற்றுவதற்கும் இடிப்பதற்கும் பயன்படும் மர அல்லது கல் உரல்.,stone or wooden mortar for pounding grains,ஒரல்ல போட்டு நெல்லுக் குத்து.,பெயர்ச்சொல்,home_household | food_cooking,,od,
996,ஒரு அட்டை,,oru aṭṭai,,சம வயது.,of the same age | peers of identical age,அவனும் எங்க பையனும் ஒரு அட்டதான்.,வினைச்சொல்,kinship | speech_phrase,,pm,
997,ஒரு உழவு மழை,,oru uḻavu maḻai,,ஒரு உழவு செய்ய போதுமான மழை.,plowing rainfall | rain sufficient to moisten ground for plowing,,பெயர்ச்சொல்,farming_livestock | time_seasons,,pm,
998,ஒரு ஒலவு மல,,oru olavu mala,,மழை பெய்யும் அளவை குறிப்பது,rain soaking soil enough to commence first plowing,'ழ'கர உச்சரிப்பு இருக்காது | ஆட்டுக்கல் அல்லது உரலில் இருக்கும் குழி நிரம்பினால் ஒரு உழவிற்குத் தேவையான அளவு மழை பெய்திருக்கிறது என்று அனுமானம் செய்து கொள்வார்கள்,,farming_livestock | time_seasons,உழவு,od,
999,ஒரு பாட்டுநேரம்,ஒருபாடு நேரொ,oru pāṭṭunēram,orupāṭu nēro,ஒரு பகுதி வேலை முடியும் நேரம்.,duration required to finish one shift or unit of farm labor,இப்பத்தான் ஒரு பாட்டு நேரம் ஆயிருக்குது. | ஒருபாடு நேரா ஆகிப் போச்சு இதுக்கே.,பெயர்ச்சொல்,time_seasons | farming_livestock,,np | pm,
1000,ஒரு பாடு,,oru pāṭu,,வேலையில் குறிப்பிட்ட ஒரு பகுதி.,one designated work shift | a defined portion of task,வேல ஒருபாடு ஆயிருச்சு.,பெயர்ச்சொல்,farming_livestock | measure_units,,pm,
1001,ஒரு பொலிக்காடு,,oru polikkāṭu,,ஒரே வரப்பு இரு நிலத்தின் பொதுவாக வைத்துக் கொள்வது. | ஒரே வரப்பைப் பொது எல்லையாகக் கொண்ட நிலங்கள்.,adjacent plots sharing a common boundary ridge,நாங்க ரெண்டுபேரும் ஒருபொலிக் காட்டுக்காரங்கெ. | அது ரண்டும் ஒரு பொலிக்காடுதான்.,பெயர்ச்சொல்,farming_livestock | place_direction,,np | pm,
1002,ஒரு மிக்க,,oru mikka,,இடைவிடாமல்.,unceasingly | continuously without break,இப்பத்தான் ஒருமிக்க அழுவறான்.,வினைச்சொல்,speech_phrase,,pm,
1003,ஒருக்கட்டத் தொய்யல்,,orukkaṭṭat toyyal,,கொங்கு நாட்டுப் பகுதியில் சமைத்து உண்ணப்படும் ஒரு வகை பாரம்பரியக் காட்டுக்கீரை / தொய்யல் கீரை உணவு.,edible wild greens variety | traditional thoyyal greens dish,காட்டுல ஒருக்கட்டத் தொய்யல் கீரை பறிச்சு கடையல் செஞ்சாங்க.,பெயர்ச்சொல்,food_cooking | nature_animals,தொய்யல் என்பது கொங்குப் பகுதியில் மழைக்காலத்தில் தானாக விளையும் சத்துள்ள பாரம்பரியக் கீரை. · பொருள் உறுதிப்படுத்தப்படவில்லை (AI உருவாக்கம்) · Meaning not verified (AI generated),od,
1004,ஒருக்கா,,orukkā,,ஒரு முறை,once | one time,ஒருக்கா சொன்னா கேக்க மாட்டியா. | ஒருகா சொன்னாப் போதாதா.,வினைச்சொல்,speech_phrase | time_seasons,,od | np | pm,
1005,ஒருக்காங்கூடெ,,orukkāṅkūṭe,,ஒரு தடவையாவது.,even once | at least one time,நானு உங்க ஊட்டுக்கு ஒருக்காங்கூட வந்ததில்லை.,,speech_phrase | time_seasons,,np,
1006,ஒருச்சோடு,,oruccōṭu,,ஒரே அளவு.,of equal size | identical stature,நாங்க ரெண்டு பேரும் ஒருச்சோடு.,,measure_units | speech_phrase,,np,
1007,ஒருசந்தி,ஒருசிந்தி | ஒரு சிந்தி,orucanti,orucinti | oru cinti,ஒரு வேளை மட்டும் விரதம் இருத்தல் | ஒரு வேளை மட்டும் பட்டினி இருத்தல் | ஒரு வேளை மட்டும் உண்டு விரதம் இருத்தல் | விரதம் இருத்தல் | ஒருமுறை. | ஒருவேளை மட்டும் உணவு உண்ணாமல் இருக்கும் நிலை.,fasting with only a single meal a day | half-day religious fast,ஒவ்வொரு வெள்ளிக்கெழமையு ஒரு சந்தி வரதா இருக்கோணு. | சனிக்கெழமக்கு நான் ஒரு சந்தி.,பெயர்ச்சொல்,festival_religion | food_cooking,சந்தி,od | np | pm,
1008,ஒருசந்தி இருத்தல்,,orucanti iruttal,,ஒரு பொழுது இருத்தல்,observing one-meal-a-day religious fast,ஒக்க பொத்து உண்டேதி,வினைச்சொல்,festival_religion | time_seasons,,od,
1009,ஒருத்தன்,,oruttaṉ,,ஒருவன்.,one guy | a certain man,இவனொருத்தன் எப்பப் பாத்தாலும் சும்மா ஒளறிட்டே இருக்கறது.,,speech_phrase,,np,
1010,ஒருதரம்,,orutaram,,ஒரு முறை,once | one occasion,ஒருக்கா சொன்னா கேக்க மாட்டியா. | ஒருகா சொன்னாப் போதாதா.,வினைச்சொல்,speech_phrase | time_seasons,காண்க: ஒருக்கா,np,
1011,ஒருநேரொ,,orunēro,,நாளில் ஒரு பகுதி.,half day | one shift of the day,இன்னிக்கி பள்ளிக்கோட ஒரு நேரந்தான்.,,time_seasons,,np,
1012,ஒருபேச்சுக்கு,,orupēccukku,,வேறு வகையில் அர்த்தப்படுத்திக் கொள்ளத் தேவை இல்லாமல்.,just for the sake of talk | hypothetically speaking,ஒருபேச்சுக்கு நாஞ் சொன்னெ அதெ நீ பெருசா எடுத்தகிட்ட.,,speech_phrase,,np,
1013,ஒருவாடு,,oruvāṭu,,மிக அதிகமாக,in huge quantity | exceedingly,,,measure_units,மலையாளத்தில் ஒருபாடு (orupāḍu in Malayalam) - மிக அதிகமாக; பொள்ளாச்சி பகுதியில் புழங்கும் சொல்,od,
1014,ஒருவாடுநேரொ,,oruvāṭunēro,,அதிக நேரம்.,a great deal of time | very long duration,ஒருவாடு நேரமா இந்த வேலயத்தெ செய்ய முடிஞ்சது.,,time_seasons,,np,
1015,ஒருவிச,,oruvica,,காண்க. ஒருக்கா. | ஒருமுறை.,once | one time,ஒருவிசதான் சொல்லுவன் நான்.,வினைச்சொல்,speech_phrase | time_seasons,,np | pm,
1016,ஒரே முட்டா,ஒருமுட்டு,orē muṭṭā,orumuṭṭu,ஒரு முறையில்.,in a single trip | all at once | in one single go,ஒரே முட்டா இத்தனெயும் தூக்கிட்டு போகாத.,,measure_units | speech_phrase,,np,
1017,ஒரேசட்டெ,,orēcaṭṭe,,சமவயது.,of the same age | peers,நானும் அவனும் ஒரேசட்டெ.,,kinship | speech_phrase,,np,
1018,ஒரேயடியா,,orēyaṭiyā,,ஒரு முறையில்.,once and for all | all in one stretch,ஒரே முட்டா இத்தனெயும் தூக்கிட்டு போகாத.,,speech_phrase,காண்க: ஒரே முட்டா,np,
1019,ஒரோல மழை,,orōla maḻai,,ஒரு உரல் மழை; ஒரு உரல் நிறையும் அளவு பெய்யும் மழை.,rainfall filling a stone mortar | heavy plowing downpour,ஒரோல மழைபெஞ்சுதுனாப் போதும்.,பெயர்ச்சொல்,nature_animals | farming_livestock,,pm,
1020,ஒல்ட்றது,,olṭṟatu,,"தாறுமாறாக பேசுவது, செய்வது.",babbling incoherently | acting chaotically,இத்தெ ஒல்ட்ற வேலமெல்லா இங்கெ வேணா.,,human_behavior | speech_phrase,,np,
1021,ஒல்லிக்காய்,,ollikkāy,,உள்ளே ஒன்றுமே இல்லாத தேங்காய். | பருப்பில்லாத தேங்காய்.,hollow dried coconut lacking meat or water,அந்த ஒல்லிக்காய எறிஞ்சிடு. | எல்லாக்காயுமு ஒல்லிக்காயாப் போச்சு.,பெயர்ச்சொல்,farming_livestock | food_cooking,,pm | np,
1022,ஒல்லிக்குச்சி,,ollikkucci,,சதைப்பற்று இல்லாத.,skinny as a rail | frail stick-like person,ஆளு எங்கியோ ஒல்லிக்குச்சியா இருக்குறான்.,,body_health | human_behavior,,np,
1023,ஒல்லு,ஓல்லு,ollu,ōllu,"நெல், கம்பு குத்த பயன்படும் ஒருவகையான செக்கு | உரல்.",wooden or stone pounding mortar for millets,ஒல்லுல மாவிடிக்கிறா.,பெயர்ச்சொல்,home_household | food_cooking,,od | pm,
1024,ஒலக்கு,,olakku,,உழக்கு; பழைய தானிய முகத்தல் அளவை (அரை ஆழாக்கு அல்லது காற்படி).,uzhakku | traditional grain volume cup,ஒரு ஒலக்கு அரிசி அளந்து போடு.,பெயர்ச்சொல்,measure_units,,od,
1025,ஒலக்குப்பூண்,,olakkuppūṇ,,உலக்கைப் பூண். உலக்கையின் இருபக்கமும் பூட்டப்பட்டிருக்கும் இரும்பால் ஆன வளையம். | உலகையின் இரு புறமும் உள்ள இரும்பால் பூட்டப்பட்ட வளையம்.,iron ferrule ring reinforcing the pounding pestle,ஒலக்கப்பூண நல்லாத்தட்டு மாவு உழுவட்டும். | ஒலக்குப் பூணுல பாரு மாவு அப்பிக்கிட்டு இருக்குது.,பெயர்ச்சொல்,home_household,,pm | np,
1026,ஒலக்கை,ரக்க,olakkai,rakka,உலக்கை,wooden pestle for pounding grain,உரலில் குத்தப் பயன்படும் கருவி,,home_household,,od,
1027,ஒலகு,,olaku,,நீரை வயலில் இருந்து வடிக்க ஒரு பக்கத்தில் சிறிது ஆழமாகப் பறிக்கும் குழி.,drainage sump pit dug at field corner to drain water,இன்னுஞ் கொஞ்ச ஆழமா ஒலகு வெட்டறதுதான.,பெயர்ச்சொல்,farming_livestock,,pm,
1028,ஒலவமரம்,,olavamaram,,இலவம் பஞ்சு மரம்.,kapok tree | silk-cotton tree,ஒலவமரத்துல பாரு கிளி உக்காந்தருக்குது.,,nature_animals,,np,
1029,ஓலவாயி,ஒலவாய்,ōlavāyi,olavāy,பொக்கை வாய்.,toothless sunken mouth,அவனுக்குப் பல்லேது ஓலவாயி. | அவ ஓலவாயிக்கார வாயில பல்லே இல்லை.,பெயர்ச்சொல்,body_health,,pm | np,
1030,ஒலன்,,olaṉ,,திட்டுச்சொல். உடல் உறவில் மிகுந்த விருப்பம் உள்ளவன்; அதிகமாக உடல் உறவில் ஈடுபடுபவன்.,lecher | dissolute person (derogatory),அவன் செரியான ஓலன்டா.,பெயர்ச்சொல்,human_behavior,,pm,
1031,ஒலாத்திகிட்டு,,olāttikiṭṭu,,இங்கும் அங்கும் நடந்து கொண்டு இருத்தல்.,pacing back and forth | strolling restlessly,எதுக்கு இங்கி அங்கி ஒலாத்திகிட்டு இருக்குற கம்முனு படுத்ததாக்கு.,,action_verbs,,np,
1032,ஒலிவருதல்,,olivarutal,,பார்ப்பதற்கு அதிகமாயிருக்கும் ஆனால் பயன் பாட்டிற்கு போதாதிருத்தல் (அதாவது கட்டி வராது).,appearing bulky but boiling down to very little yield,சக்கரயாட்டம் கருப்பட்டி ஒலிவருமா?,வினைச்சொல்,measure_units | food_cooking,,pm,
1033,ஒலுப்பட்டி,,oluppaṭṭi,,ஈன்ற இளம் ஆட்டுக்குட்டிகளைப் பாதுகாப்பாக அடைத்து வைக்கும் சிறிய குட்டிப் பட்டி / அடைப்பிடம்.,small sheltered fold for newborn lambs or kids,ஈட்டாக்குட்டியெல்லாம் ஒலுப்பட்டியில பத்திரமா அடைச்சு வை.,பெயர்ச்சொல்,farming_livestock,கொங்கு வட்டார வழக்கில் இளம் ஆட்டுக்குட்டிகளை அடைத்து வைக்கும் இடத்தைக் குறிக்கும் சொல். · பொருள் உறுதிப்படுத்தப்படவில்லை (AI உருவாக்கம்) · Meaning not verified (AI generated),od,
1034,ஒலெவெக்கிறது,,olevekkiṟatu,,உணவு செய்ய சட்டியில் தண்ணீரை ஊற்றி கொதிக்க வைப்பது.,boiling water in cooking pot before adding rice,சோத்துக்கு ஒலெவெக்கோனு.,,food_cooking | action_verbs,,np,
1035,ஒலைக்கர மீனு,,olaikkara mīṉu,,நட்சத்திரங்கள் இரவில் மூன்று ஒரே வரிசையில் காணப்படும் இந்த வடிவத்தை ஒலைக்கர மீண் என்று கூறுவர்.,Orion Belt stars | trio constellation in night sky,,,nature_animals | time_seasons,,np,
1036,ஒலைக்கரப்புடை,,olaikkarappuṭai,,உழுதாழ் படை. உழுவதை பிரித்துச் காட்டுவதற்காக மிக ஆழமாக உழப்படும் முறை.,deep marker furrow ploughed to demarcate plowed sections,,,farming_livestock,,np,
1037,ஒலைத்தல்,,olaittal,,நாய் குரைத்தல்.,dog barking or howling,இந்த நாய் இப்பிடியே ஒலச்சிகிட்டு இருக்குது. | இந்த நாய் ஏண்டா இப்படி ஒலைக்குது.,வினைச்சொல்,nature_animals | action_verbs,,np | pm,
1038,ஒவ்வுனுக்கு,,ovvuṉukku,,ஒவ்வொன்றிற்கு.,for each single thing,ஒவ்வுனுக்கு நானேதே சொல்லோனு மாக்கு.,,speech_phrase,,np,
1039,ஒவ்வொருகாலெக்கி,,ovvorukālekki,,ஏதாவது ஒரு தடவை.,once in a while | occasionally,ஒவ்வொருகாலக்கி உன்ற ஞாவகோ வரு.,,time_seasons | speech_phrase,,np,
1040,ஒவுத்திரியம்,ஒவுத்திரியொ,ovuttiriyam,ovuttiriyo,பெரும் துன்பம் கொடுக்கும் வலி.(1) | தொல்லை. (சொ.வி) உபத்திரவம் என்னும் சொல்லின் வழக்கு.(2) | தொந்தரவு.,excruciating pain | nuisance | severe affliction,ராத்திரி யெல்லாம் இந்த புண்ணு ஒவுத்திரியம் தாங்க முடியல. | அவன் பண்ற ஒவுத்திரியம் ஆரு தாங்குவா | உங்கூட ஒரே ஒவுத்திரியமாப் போச்சு.,பெயர்ச்சொல்,body_health | human_behavior,,np | pm,
1041,ஒவை,ஒவைத்தல்,ovai,ovaittal,அசைத்தல் | ஆட்டுதல் | நடுங்குதல் | மரக்கிளையை அசைத்தல்.,to shake | to wobble | to vibrate | to shake tree branches,நெல்லி மரத்த நல்லா ஒவை அப்பத காயெல்லா கீழ உழும். | ஒவைக்காத கீழ உழுந்திருவான். | மரத்துல ஏறிட்டு அப்படி ஒவையாத.,வினைச்சொல்,action_verbs,பொதுத்தமிழில் அசை / நடுங்கு (ஒவைத்தல்). எதிர்மறை ஏவல்: ஒவையாத (ஒவைக்காத).,od | np | pm,
1042,ஒழவு,,oḻavu,,உழவு.,plowing | tillage of farm land,மழை பேஞ்சா காட்டுல ஒழவு ஓட்டிரனும்.,,farming_livestock,,np,
1043,ஒழவு கயிறு,,oḻavu kayiṟu,,"உழவு கயிறு. நுகத்தடியையும், கலப்பையையும் இணைக்கும் கயிறு.",plough rope lashing yoke to ploughshare,அந்த ஒழவுக்கவ இறுக்கமா கட்டு.,பெயர்ச்சொல்,farming_livestock,,pm,
1044,ஒழாவு,,oḻāvu,,(அதிக சூடான) வெந்நீரில் குளிர்நீரைக் (சூடு குறைத்துக் குளிக்கவோ குடிக்கவோ போதுமானதாகும் வரை) கலத்தல்.,tempering boiling water by adding cold water to make lukewarm,இன்னங் கொஞ்சம் தண்ணி ஊத்தி ஒழாவு.,வினைச்சொல்,home_household | action_verbs,,pm,
1045,ஒழைக்காத்தடி,,oḻaikkāttaṭi,,காண்க: உழக்கடி.,ploughman goad stick,,,farming_livestock,,pm,
1046,ஒளப்பிக்காத,,oḷappikkāta,,குழப்பிக்காத,do not confuse yourself | do not get muddled,கண்ட கண்டதுக்கெல்லாம் மனசப் போட்டு ஒளப்பிக்காத. நடக்குற போது பாத்துக்கலாம்,,human_behavior | action_verbs,,od,
1047,ஒளப்பிரி,,oḷappiri,,"உளறு ""இவன் என்ன இப்படி ஒளப்பிரிக்கிறான்""",babbling nonsense | rambling in confusion,,,speech_phrase | human_behavior,,od,
1048,ஒளப்புறது,,oḷappuṟatu,,குழம்பச் செய்தல்.,muddling up | churning into confusion,சேத்துல இந்தே ஒளப்பு ஒளப்புறெ.,,action_verbs | human_behavior,,np,
1049,ஒளியா,,oḷiyā,,உண்மையாக.,truly | genuinely | in truth,ஒளியா இப்பிடியா அவஞ் சொன்னை.,,speech_phrase,,np,
1050,ஒறைக்கி,,oṟaikki,,காண்க. உறை.,starter curd culture for milk,,,food_cooking,,np,
1051,ஒன்றரை,,oṉṟarai,,ஒன்றரை.,one and a half,மணி ஒன்றரையாச்சு இன்னுஞ் சாப்புடலியப்பா.,,measure_units | time_seasons,,np,
1052,ஒன்னுக்கு உடற நேரொ,,oṉṉukku uṭaṟa nēro,,இடைவேளை. காலை 11 மணி.,morning school recess break around eleven,ஒன்னுக்கு உடற நேரமாச்சு இன்னுமு பள்ளிக் கோடம் போகிலியா நீயா.,,time_seasons,,np,
1053,ஒனத்தி,,oṉatti,,"சூடு, சூடாக. | சுவை.",piping hot | appetizing savor,காப்பி ரொம்ப ஒனத்தியா இருக்குது. | கொழம்பு நல்லா ஒனத்தியா இருக்குதா.,பெயர்ச்சொல்,food_cooking,,np | pm,
1054,ஒனத்துறது,,oṉattuṟatu,,காயவைத்தல்.,drying damp items in the sun,துணிய ஒனத்து இப்பிடி ஈரமாயிருக்குது.,,action_verbs | home_household,,np,
1055,ஓக்காலம்,,ōkkālam,,வாந்தி வராமல் அந்த உணர்ச்சியால் தூண்டப்படும் வெறும் சத்தம் மட்டும் தொண்டையிலிருந்து வருதல்.,retching | dry heaving reflex,என்னமோ ஒரே ஓக்காலமா இருக்குது.,பெயர்ச்சொல்,body_health,,pm,
1056,ஓசனை,,ōcaṉai,,யோசனை,thought | deliberation | suggestion,ஓசனெ பண்ஞ்சு பாரு.,,speech_phrase | human_behavior,,od | np,
1057,ஓசிச்சு,,ōciccu,,யோசித்து.,having thought over | pondering,ஓசிச்சு ஒரு முடிவெடு.,,action_verbs | human_behavior,,np,
1058,ஓசுக்கு,,ōcukku,,பணம் வாங்காமல் செய்து தரும் வேலை.,for free | gratis | without charge,சும்மா ஓசுக்கு செஞ்சு தர்றம்னு நெனச்சிகிட்டீயா.,,speech_phrase,,np,
1059,ஓசும்புத் தாக்கு,,ōcumput tākku,,"நீர் ஊறி, மிகுந்த ஈரமாக இருக்கும் நிலம்.",marshy seepage farm plot soggy with ground water,ஒசும்புத் தாகுல என்னத்த போடறது.,பெயர்ச்சொல்,farming_livestock | place_direction,,pm,
1060,ஓஞ்சுட்டெ,,ōñcuṭṭe,,களைத்துப் போதல்.,became exhausted | worn out from work,வேல செஞ்சு ஓஞ்சுட்டே.,,body_health,,np,
1061,ஓஞ்சுபோச்சு,,ōñcupōccu,,ஓய்ந்து விடுதல்.,subsided | rain ceased | rested,மழ பேஞ்சு ஓஞ்சு போச்சு.,,nature_animals | time_seasons,,np,
1062,ஓட்டக்கை,,ōṭṭakkai,,எவ்வளவு கையில் இருந்தாலும் எளிதாக செலவாகி விடுதல்.,spendthrift | squanderer unable to hold money,அவங்கையில காசே தங்காது ஓட்டக்கைய செலவு செஞ்சுருவான்.,,human_behavior,,np,
1063,ஓட்டப்பல்,,ōṭṭappal,,இடை இடையே பல் விழுந்த குழிகளை உடைய பல் வரிசை.,gap-toothed denture | missing teeth gap,ஓட்டப்பல்ல வச்சிகிட்டுத் தேங்கா திங்கறயா.,பெயர்ச்சொல்,body_health,,pm,
1064,ஓட்டப்பல்லு,,ōṭṭappallu,,பல் வரிசைகளில் பல் விழும்போது ஏற்படும் இடைவெளி.,gap between teeth | missing tooth socket,ஓட்டப்பல்ல வெச்சுகிட்டு கறி திங்காத.,,body_health,,np,
1065,ஓட்டாங்கரம்,,ōṭṭāṅkaram,,"சிறுவர், சிறுமியர் விளையாடும் ஒருவகை விளையாட்டு.",traditional children folk board or hopping game,அது ரண்டும் ஓட்டாங்கரம் ஆடிக்கிட்டு இருக்குதுவ. | ஓட்டாங்கரொ வெளயாடலாமா.,பெயர்ச்சொல்,human_behavior,,pm | np,
1066,ஓட்டாண்டி,,ōṭṭāṇṭi,,நல்ல நிலையிலிருந்து பிச்சை எடுக்கும் நிலைக்கு ஆளாகுதல்.,pauper | bankrupt beggar ruined of wealth,எல்லாருக்கும் குடுத்துட்டு அவன் இப்ப ஓட்டாண்டியா நிக்கான்.,,human_behavior,,np,
1067,ஓட்டீட்டு,,ōṭṭīṭṭu,,கழித்துக் கொண்டு.,getting by | eking out a livelihood,இப்பிடியே பொழப்பெ ஓட்டீட்டு இருக்க வேண்டித்துதா.,,speech_phrase | human_behavior,,np,
1068,ஓட்டைஉடைசலு,,ōṭṭaiuṭaicalu,,பாத்திரங்கள் உடைந்து ஓட்டை விழுதல்.,broken worn-out pots and pans | damaged junk ware,பாத்திரமெல்லா ஓட்டைஉடைசலா போயிருச்சு.,,home_household,,np,
1069,ஓட்டைவாயெ,,ōṭṭaivāye,,வாயில் பற்கள் இடைவெளி விட்டு அமைந்திருத்தல்.,gap-toothed person | blabbermouth unable to keep secrets,அவனொரு ஓட்டவாயெ அவங்கிட்ட ஏதாச்சு சொன்ன அப்பிடியே போய் சொல்லிருவான்.,,human_behavior | body_health,,np,
1070,ஓடக்கல்,,ōṭakkal,,நீர் ஓடும் பகுதியில் காணப்படும் கல் (சுண்ணாம்பு வேகவைக்கப் பயன்படும்). | சுண்ணாம்புச் சத்து அதிகம் உள்ள கல்.,stream-bed limestone nodule used for lime calcination,ஓடக்கல்லுதான் காட்டுல நெறயக் கெடக்குது. | ஓடக்கல் பொறுக்கியா சுண்ணாம்பு வேக வெக்கலா.,பெயர்ச்சொல்,nature_animals | home_household,,pm | np,
1071,ஓடியாங்கெ,,ōṭiyāṅke,,ஓடி வாருங்கள்.,come running (polite imperative),எல்லாரு ஓடியாங்கெ இங்கெ.,,action_verbs | speech_phrase,,np,
1072,ஓடியாந்தெ,,ōṭiyānte,,ஓடி வந்தேன்.,came running,பஸ்ஸ புடிக்க எவ்ளோ வேகமா ஓடியாந்தெ அப்பூமு புடிக்க முடீலெ.,,action_verbs,,np,
1073,ஓடியாரப்பொ,,ōṭiyārappo,,ஓடி வரும்பொழுது.,while running over,ஓடியாரப்பொ கல்லு தடிக்கி உழுந்து கீழெ உளுந்துட்டே.,,action_verbs | time_seasons,,np,
1074,ஓடுகாலி,,ōṭukāli,,ஒரு இடத்தில் இருக்காமல் சுற்றிக்கொண்டே இருப்பவர்.(1) | வீட்டை விட்டு வேறுபக்கம் ஓடி விடும் பெண்.(2) | ஓரிடத்தில் நில்லாமல் (வேலை செய்யாமல்) மாறிக்கொண்டே இருப்பவள்.(1) | வீட்டை விட்டுத் தான் விரும்பியவரோடு ஓடிவிடும் பெண்.(2),flighty wanderer | runaway person,அவன் ஒரு ஓடுகாலிப்பய. | அவ ஒரு ஓடுகாலி. | ஒரு எடத்துல வேல செஞ்சால்ல ஆவும். ஓடுகாலியா இருக்கறானே. | அவ ஓடுகாலி,பெயர்ச்சொல்,human_behavior,,np | pm,
1075,ஓடுஞ்சுளுவு,,ōṭuñcuḷuvu,,அரிதாக ஒன்றிரண்டு இடங்களில் மட்டும்.,sporadically | sparsely in a few isolated spots,ஓடுச்சுளுவாத்தான் வேல நடக்குது.,பெயர்ச்சொல்,measure_units | speech_phrase,,pm,
1076,ஓடை,,ōṭai,,மேட்டு நிலம் | இயற்கையாக ஆற்றிலிருந்து பிரிந்து வரும் நீர்வழி. | நான்கைந்து வயல்களை உள்ளடக்கிய நிலப்பகுதி.,natural brook stream | tract of connected farm fields,ஓடைக்கு போயி குளிச்சுட்டு வர்ற. | அந்த ஓடைக்கு தண்ணிபாஞ்சாச்சா.,பெயர்ச்சொல்,nature_animals | farming_livestock,,od | np | pm,
1077,ஓடைக்காய்,,ōṭaikkāy,,ஓணான்,garden lizard,,,nature_animals,,od,
1078,ஓடைமண்,ஓடைமண்ணு,ōṭaimaṇ,ōṭaimaṇṇu,நீர் ஓடும் பகுதியில் காணப்படும் ஒருவகை (சுவர் வைக்கப் பயன்படும்) மண். | நீர் ஓடும் பகுதியில் இருக்கும் களிமண்.,alluvial clay mud from stream beds used for masonry,அது ஓடமண்ணுல கட்டுன செவுரு. | வீடு கட்ட ஓடை மண்ணு எடுத்துட்டு வந்தெ.,பெயர்ச்சொல்,home_household | nature_animals,,np | pm,
1079,ஓணவாய்,,ōṇavāy,,பானையின் உடைந்த வாய்ப்பகுதி,chipped mouth rim of an earthen pot,,,home_household,,od,
1080,ஓணாவாயி,,ōṇāvāyi,,பானைகளில் வாய்ப் பகுதி உடைந்திருத்தல்.,chipped-mouthed clay pot,ஓணாவாயிப் பானைல பாரு பணம் போட்டு வெச்சிருக்கறெ.,,home_household,,np,
1081,ஓதம்,,ōtam,,"மழைக்காலத்தில் சுவரிலோ, தரையிலோ ஏற்படும் ஈரக்கசிவு.",damp moisture seepage on floor or wall,செவுத்துல என்ன ஓதம் ஏறிக்கெடக்குது.,,home_household | time_seasons,,np,
1082,ஓப்பாளொ,ஓப்பாளம்,ōppāḷo,ōppāḷam,கோபம் வந்தால் முகத்தைத் திருப்பி வைத்துக் கொள்ளுதல் | கோபத்திற்கு எதிராக கோபமாக பேசுதல்.,sullen sulking petulance | defiant anger,உனக்கென்ன இவ்ளோ ஓப்பாளொ வருது.,,human_behavior,,od | np,
1083,ஓமத்திரான்,,ōmattirāṉ,,ஓமத்திராவகம்.,carom seed water | herbal digestive water,வவுறு செரிமில்லெ ஓமத்திரா கொஞ்சங் குடிச்சா செரியாப் போயிரு.,,food_cooking | body_health,,np,
1084,ஓமல்,,ōmal,,பொறாமைப் பார்வை.,envious gaze | blight of jealous evil eye,ஊரு ஓமல் பட்டே இக்காடு வெளங்காமப் போச்சு.,,human_behavior | festival_religion,,np,
1085,ஓயாமெ,,ōyāme,,ஓய்ந்து விடாமல்.,incessantly | unflaggingly without rest,ஓயாமெ வேல செஞ்சு செஞ்சு சலுப்பாயிருச்சு.,,speech_phrase,,np,
1086,ஓர் ஒளவு,,ōr oḷavu,,ஓர் உழவு,rainfall enough to allow one round of plowing,பெய்த மழையைக் குறிக்கும் சொல்,,farming_livestock | time_seasons,,od,
1087,ஓர்சல்,ஓர்சலு,ōrcal,ōrcalu,ஒரே முறையில் முழுமையாக (வேலையை) ச் செய்தல். | ஒரே முறையில் ஒரு வேலையை முழுமையாகச் செய்து முடித்தல்.,completing a task entirely in one single stretch,ஓர்சலா அதச் செஞ்சுட்டு வரவேண்டீதுதானே. | நீ இந்த வேலைய ஓர்சலா முடிச்சிட்டு வாற.,பெயர்ச்சொல்,action_verbs | speech_phrase,,pm | np,
1088,ஓரக்கால்,,ōrakkāl,,கால்பாத்தி கட்டப்பட்ட வயலின் ஓரத்தில் இருக்கும் பாத்திப் பகுதி.(1) | வயலின் ஓர உழவுத்திட்டு.(2) | வயலின் ஓர உழவுத்திட்டு.,outer edge furrow plot of irrigated field,ஓரக்கால்ல வெத நல்லா ஊனு. | ஓரலக்கால முதிக்காத. | பாத்தி ஓரக்கால மிதிக்காம போ.,பெயர்ச்சொல்,farming_livestock | place_direction,,pm | np,
1089,ஓராம் பயிர்,,ōrām payir,,கம்புப் பயிர் முளைத்துச் சில நாட்களான பின் உழவு ஓட்டிப் பயிர் களைந்து விடுதல்.,first inter-cultivation weeding by light plowing,பயிருவந்திருச்சு. ஓராம்பயிர்,பெயர்ச்சொல்,farming_livestock,,pm,
1090,ஓரி,,ōri,,உடன் பிறந்தவர் யாரும் இல்லாதவர் | உடன்பிறந்தோர் இல்லாமல் வீட்டுக்கு ஒரே பிள்ளையாகப் பிறந்தவர்.,sole solitary child without siblings,எனக்கு ஆரிருக்கறா நானே ஓரி,பெயர்ச்சொல்,kinship,,od | pm,
1091,ஓரியாட்டம்,,ōriyāṭṭam,,சண்டை | சிறு குழந்தைகளுக்குள் ஏற்படும் சிறு சிறு சண்டை. | குழந்தைகளுக்குள் ஏற்படும் சிறு சச்சரவு.,childish bickering | petty quarrel among kids,அவிய பங்காளிகளுக்குள்ள எப்பவுமே ஓரியாட்டம்தான் | எப்ப பாத்தாலும் ஓரியாண்டு கிட்டே இருக்காதீங்க. | இதுவளுக்கு எப்பப்பாரு ஓரியாட்டந்தான்.,பெயர்ச்சொல்,human_behavior,"மலையாள பிரயோகம், ஓரியிடுக- கூவலிடுக, கத்தலிடுக | ஓரி - ஒற்றை",od | np | pm,
1092,ஓரெட்டு,,ōreṭṭu,,குறிப்பிட்ட தூரத்தை குறிக்கும் சொல்.,a short distance | a stone throw away,ஓரெட்டு வெச்சா போய்ச்சேந்துருவா.,,place_direction | measure_units,,np,
1093,ஓலி,,ōli,,திட்டுச்சொல். உடல் உறவில் மிகுந்த விருப்பம் உள்ளவள்; அதிகமாக உடல் உறவில் ஈடுபடுபவள்.,promiscuous woman (derogatory),அந்த ஒலிகிட்டப் பேச்சுக் குடுத்து மீள முடியுமா?,பெயர்ச்சொல்,human_behavior,,pm,
1094,ஓலை,,ōlai,,"காதில் அணியும் ஓலை, காதணி. | காதணி.",traditional gold or palm-leaf ear ornament,காதுல ஓல போட வேண்டியதுதான காத சும்மா வச்சுருக்கற. | காதுல ஓலபோட்டுக்கிட்டுஇருக்கறா.,பெயர்ச்சொல்,dress_accessories,,np | pm,
1095,ஓலைக்கருக்கு,ஓலக்கருக்கு,ōlaikkarukku,ōlakkarukku,"பனை மட்டையில் இரண்டு பக்கமும் இருக்கும் முள் போன்ற செதிலான பகுதி. | ஓலைக்கருக்கு, பனை மட்டையின் இருபுறமும் இருக்கும் ரம்பம் போன்ற கிழிக்கும் பகுதி.",saw-toothed serrated margin of palmyra leaf stalk,ஓலக் கருக்குல கைய வெச்ச இப்பிடி அறுத்துருச்சு. | கையவெச்சுக் கிழிச்சுக்காத.,பெயர்ச்சொல்,nature_animals | farming_livestock,,np | pm,
1096,ஓலைக்குடிச,,ōlaikkuṭica,,தென்னை மட்டையால் வேயப்படும் குடிசை.,thatched palm leaf hut,நானெ ஓலக்குடிசயிலை குடியிருக்கு.,,home_household,,np,
1097,ஓலைக்குடை,,ōlaikkuṭai,,பனை ஓலையால் செய்யப்பட்ட குடை.,traditional palmyra-leaf umbrella,அந்த ஓலக்கொடைய எடுத்தா.,பெயர்ச்சொல்,dress_accessories | home_household,,pm,
1098,ஓவிடியம்,ஓவிடியொ,ōviṭiyam,ōviṭiyo,உபதேசம்.,unsolicited sermon | moralizing preach,சிரிச்சுப் போன முண்ட ஊருக்கு ஓவிடியம் பேச வந்துட்டா. | இவனுக்கு ஓவிடியொம் பண்றதே வேலயாப் போச்சு.,பெயர்ச்சொல்,speech_phrase | human_behavior,,np | pm,
1099,ஓவிலி,,ōvili,,ஓய்வில்லாமல் அலைகிறவன் / ள்; உருப்படாதவன் / ள்.,restless vagrant | good-for-nothing wanderer,அவனுக்கு நிக்க நேரமேது ஓவிலியா அலயரான்.,பெயர்ச்சொல்,human_behavior,,pm,
1100,ஓவு,,ōvu,,மண் அடுப்பில் எரியும் தீ படுமாறு அடுப்பை ஒட்டி இணைந்த பக்க அடுப்பு. | மண் அடுப்பின் பக்கத்தீ படுமாறு இணைக்கப்பட்ட பக்க அடுப்பு.,auxiliary side hearth heated by main stove flue,ஓவுல பாரு சுடுதண்ணி சட்டி வெச்சிருக்க. | ஓவுல கொழம்புச் சட்டிய வெச்சிரு.,பெயர்ச்சொல்,home_household | food_cooking,,np | pm,
1101,ஓனவா,ஒனத்தியா,ōṉavā,oṉattiyā,வக்கனையா | நாக்கிற்கு ருசியாக,delectably appetizing | tasteful relish,,,food_cooking | speech_phrase,,od,
1102,கக்கல்,,kakkal,,நாள்பட்ட எண்ணெயிலிருந்து எழும் (கெட்ட) வாசம்.,rancid stale oil stench,எண்ணெயக் கக்கலடிக்கிற வெரைக்குமா வெச்சிருப்பாங்கொ.,பெயர்ச்சொல்,food_cooking,,pm,
1103,கக்கிட்டி,,kakkiṭṭi,,கண்ணுக்கு அருகில் வரும் வீக்கம்.,stye | eyelid swelling,கக்கிட்டி வந்து கண்ணு வீங்கிருச்சு.,,body_health,,np,
1104,கக்குதல்,,kakkutal,,வாந்தி எடுத்தல்.,to vomit | to spit up food,"சும்மா கக்கிகிட்டே இருக்குறாம் பாரு, ஆஸ்புத்திரிக்கு கூட்டிட்டு போ.",,body_health | action_verbs,,np,
1105,கக்கெ,,kakke,,தோள்பட்டைப் பிசின் அடிப்பகுதி.,armpit hollow,கக்கத்துல என்ன வெச்சுருக்க.,,body_health,,np,
1106,கங்கணம்,,kaṅkaṇam,,ஒன்றை நினைத்து அதை செய்து முடித்தல்.,vow of resolute determination,அத செஞ்சு வாங்கறதுக்கு கங்கணங் கட்டிகிட்டு நிக்காத.,,human_behavior | festival_religion,,np,
1107,கங்காணி,,kaṅkāṇi,,ஆள்காட்டி.,field overseer | informer,கங்காணி வேலையிருந்தாப் போது பொழச்சிக்கலா.,,human_behavior | farming_livestock,,np,
1108,கங்கிடி,கங்கிடித்தல் | கங்கிடி (த்தல்),kaṅkiṭi,kaṅkiṭittal | kaṅkiṭi (ttal),கரும்பின் கட்டைப்பயிர் தழைவதற்காகப் பக்கவாட்டுப் பார் அழித்து விடுதல்.,razing side soil ridges to sprout ratoon sugarcane | razing side soil ridges for ratoon sugarcane growth,கரும்புக் காடு அல்ல இடிச்சாச்சா.,வினைச்சொல்,farming_livestock | action_verbs,காண்க: அல்லை இடித்தல்,pm,
1109,கங்கு,,kaṅku,,விளிம்பு.(1) | தணல்.(2) | விளிம்பு.,brink or rim | glowing red embers,கெணத்து கங்குல போயி நிக்காத. | தீகங்கு பாரு எப்படி எரியுது. | கெணத்து கங்குல நின்னா எனக்கே பகீர்னுடிச்சி | கெணத்து கங்குல நிக்கிறான் எனக்கே பகீர்னுடிச்சி.,வினைச்சொல்,place_direction | home_household,Additional word types: பெயர்ச்சொல்,np | pm,
1110,கங்கூடு,,kaṅkūṭu,,தோளின் கீழ் பகுதி.,armpit hollow | tucked under arm,கொடையெ கங்கூட்டுல வெச்சுகிட்டு போறாரு,,body_health,,np,
1111,கச்சல்,,kaccal,,குழப்பம் | நைந்து விடுதல் | குழப்பம்; தாறுமாறு.,confusion | messy tangled state,குடும்பம் ரொம்பக் கச்சலாக் கெடக்குது. | அந்தக் குடும்பம் ரொம்பக் கச்சலாக் கெடக்குது.,பெயர்ச்சொல்,speech_phrase | human_behavior,,od | pm,
1112,கச்சாயம்,,kaccāyam,,அதிரசம் | அரிசி மாவும் வெல்லமும் கலந்து எண்ணெயில் வேக வைக்கும் இனிப்புப் பண்டம்.,kachayam | traditional fried rice and jaggery delicacy (athirasam),கச்சாயம் சுடறவ கருத்தாளி (பழமொழி) | கச்சாயம் சுடறவ கருத்தாளி,பெயர்ச்சொல்,food_cooking,மைசூரு கன்னடத்தில் கஜ்ஜாய (kajjāya in Mysuru Kannada) - அதிரசம்,od | pm,
1113,கச்சிதமா,,kaccitamā,,சரியாக.,precisely | perfectly fitting,அடேங்கப்பா கச்சிதமா போச்சபோ.,,speech_phrase,,np,
1114,கச்சேரி,,kaccēri,,நீதிமன்றம்.,court of law | government office,என்னய கச்சேரி ஏற வெச்சிட்டியாடா.,,speech_phrase,,np,
1115,கசக்கிபிழியறது,,kacakkipiḻiyaṟatu,,கடுமையாக வேலை வாங்குதல்.,sweating workers harshly | working someone to the bone,போயும் போயி அவங்கிட்டயா வேல செய்யற கசக்கி பிழிஞ்சிருவாப்லியே.,,human_behavior | action_verbs,,np,
1116,கசடா,,kacaṭā,,எண்ணெய்க் கசடு.,sludge dregs of oil,கசடா நாத்தத்துல போயி உக்காந்திருக்க.,,food_cooking,,np,
1117,கசமுசா,,kacamucā,,வெளிப்படையாக இல்லாமல்.,whispering illicitly | obscure hanky-panky,கசமுசான்னு பேசிக்கிறாங்க என்னன்னு தெரியல.,,human_behavior | speech_phrase,,np,
1118,கட்ட,கட்டை,kaṭṭa,kaṭṭai,அறுத்தபிறகு நிலத்தில் மீதமிருக்கும் பயிரின் அடிப்பகுதி. | அறுத்தபின் நிலத்தில் எஞ்சியிருக்கும் பயிரின் அடிப்பகுதி.,crop stubble left after harvest | ratoon base,கட்டமே நல்லா தழைய விடனும். | கட்டய உட்டுட்டு அறுடா.,,farming_livestock,,np | pm,
1119,கட்டக்கவுறு,,kaṭṭakkavuṟu,,"கட்டில் கயிறு. கட்டில் கட்டுவதற்காக நூல், கற்றாழை நார் போன்றவற்றைக் கொண்டு திரித்த கயிறு. | கட்டில் கயிறு. கட்டில் கட்டுவதற்காக நூல், கற்றாழை நார் போன்றவற்றைக் கொண்டு திரிக்கும் கயிறு.",woven rope cord used for string cot,கட்டக்கவுறு ஒரு சுருண இருந்தாக் குடு.,பெயர்ச்சொல்,home_household,,pm,
1120,கட்டக்குருத்து,,kaṭṭakkuruttu,,அறுவடை செய்தபின் எஞ்சியிருக்கும் பயிரின் அடிப்பகுதி மீண்டும் தழைதல்.,fresh shoot sprouting from harvested crop stubble,கட்டக் குருத்து விட்டுருச்சு.,,farming_livestock,,np,
1121,கட்டக்கொடி,,kaṭṭakkoṭi,,திண்மையான தண்டுடைய ஒருவகைக் கொடி (இதனைக் கொண்டு மாடுகளுக்கு வாய்க் கூடை பின்னலாம்). கட்டுவதற்கும் கயிறு போலப் பயன்படும். | திண்ம தண்டுடைய ஒருவகைக் கொடி (இதனைக் கொண்டு மாடுகளுக்கு வாய்க் கூடை பின்னலாம்). கட்டுவதற்கும் கயிறு போலப் பயன்படும்.,tough woody vine used to weave cattle muzzles and ties,கட்டக்கொடியில் பின்னுன வாக்கூடைடா இது. | கட்டக்கொடியில் பின்னன வாக்கூடைடா இது.,பெயர்ச்சொல்,nature_animals | farming_livestock,,pm,
1122,கட்டச்சட்டம்,,kaṭṭaccaṭṭam,,கட்டில் சட்டம்; கட்டில் குத்துக்கால்களை இணைப்பது. | கட்டில் சட்டம்; கட்டில் குத்துக்கால்களை இணைக்கும் மரச் சட்டம்.,wooden framework beam of a charpoy cot,"கட்டச் சட்டம் ஒடஞ்சிரப் போவுதுடா, அங்க உக்காராத. | கட்டச் சட்டம் ஒடஞ்சிரப் போவுதுடா, அதுமேல உக்காராத.",பெயர்ச்சொல்,home_household,,pm,
1123,கட்டவண்டி,,kaṭṭavaṇṭi,,மரக்கட்டைகளால் ஆன வண்டி.,heavy wooden bullock cart,கட்டவண்டிய பூட்டு டவுனுக்கு போலா.,,farming_livestock,,np,
1124,கட்டவழிக்கறது,,kaṭṭavaḻikkaṟatu,,இறந்தவர்களைப் புதைத்த பின் இடுகாட்டில் ஏழைகளுக்கு கொடுக்கப்படும் தானியம்.,funeral charity grain distributed to the needy at cremation ground,,,festival_religion,,np,
1125,கட்டவெட்டி,,kaṭṭaveṭṭi,,"கட்டை வெட்டி, நிலத்தில் தங்கிவிட்ட மரம் செடிகளின் அடிக்கட்டைகளை வெட்டி எடுக்கப் பயன்படும் கருவி. | கட்டை வெட்டி, நிலத்தில் தங்கிவிட்ட மரம் செடி ஆகியவற்றின் அடிக்கட்டைகளை வெட்டி எடுக்கப் பயன்படும் கருவி.",heavy mattock tool for grubbing up tree stumps and roots,கட்ட வெட்டி இருந்தாக் கொஞ்ச நேரத்துல பேத்து எடுத்தரலாம்.,பெயர்ச்சொல்,farming_livestock,,pm,
1126,கட்டாது,,kaṭṭātu,,கட்டுபடியாகாது.,not economically viable | not affordable,இந்த வெலைக்கு கட்டாது.,,speech_phrase,,np,
1127,கட்டாந்தரெ,கட்டுத்தாரெ,kaṭṭāntare,kaṭṭuttāre,வறண்டு இருகி இருக்கும் நிலப்பகுதி.,hard baked dry ground | barren hardpack soil | hard-baked barren hardpack soil,கட்டாந்தரைல மாட்டுச் சாணியிருக்கு அள்ளிட்டு வா.,,farming_livestock | place_direction,,np,
1128,கட்டாப்பு,,kaṭṭāppu,,தடவை.(1) | சுற்றிலும் ஆள் சேர்த்துக் கொண்டு சண்டைக்கு வருவது.(2) | சுற்றிலும் ஆள் சேர்த்துக் கொண்டு சண்டைக்கு வருதல்.(2),turn or occasion | gang mobbing up for a fight,இந்தக் கட்டாப்பு அவ பொழச்சதே பெரிசு. | கட்டாப்பு கட்டிக்கிட்டுச் சண்டைக்கு வர்ராங்க. | கட்டாப்புக் கட்டிக்கிட்டுச் சண்டைக்கு வர்ராங்க.,பெயர்ச்சொல்,time_seasons | human_behavior,,pm,
1129,கட்டிச்சோத்து விருந்து,,kaṭṭiccōttu viruntu,,கட்டிச்சாத விருந்து | வளைகாப்பு,traditional seventh-month pregnancy feast with variety rice dishes,,,festival_religion | food_cooking,,od,
1130,கட்டீத்திண்ணி,,kaṭṭīttiṇṇi,,திட்டும் சொல்.,worthless glutton (abusive term),கட்டீத்திண்ணி நாசமாப் போனே.,,human_behavior,,np,
1131,கட்டுக்குடுமி,,kaṭṭukkuṭumi,,ஆண்கள் (தலைக்கு மேல்) வைத்திருக்கும் குடுமி.,traditional topknot tuft of hair worn by men,,பெயர்ச்சொல்,dress_accessories,,pm,
1132,கட்டுக்கொலை,,kaṭṭukkolai,,தன் சாதியைச் சார்ந்த நிகழ்வுகளில் பங்கு பெறும் மற்ற சாதிகள்,affiliated service castes participating in traditional community rites,"உதாரணமாக, கவுண்டர் இனத்தைச் சார்ந்தவர்கள் நாவிதர்கள், குயவர்கள் போன்றவர்களை கட்டுக்கொலைக்காரர்கள் என்பார்கள். தாழ்த்தப்பட்ட சாதியைச் சார்ந்தவர்கள் (சக்கிலியர், பறையர்) | உதாரணமாக, கவுண்டர் இனத்தைச் சார்ந்தவர்கள் நாவிதர்கள், குயவர்கள் போன்றவர்களை கட்டுக்கொலைக்காரர்கள் என்பார்கள். தாழ்த்தப்பட்ட சாதியைச் சார்ந்தவர்கள் இந்தக் கட்டுக் கொலைக்காரர்கள் என்ற சொல்லுக்குள் வரமாட்டார்கள் (சக்கிலியர், பறையர்)",,festival_religion | kinship,,od,
1133,கட்டுச்சோத்து விருந்து,கட்டுசோத்துவிருந்து,kaṭṭuccōttu viruntu,kaṭṭucōttuviruntu,ஐந்து வகையான உணவு வகைகளை செய்து உறவினர்களை அழைத்து விருந்து வைத்து கர்ப்பிணிப் பெண்ணை ஏழாவது மாதம் பிறந்த வீட்டுக்கு அழைத்துச் செல்லும் சீர். | மாதமாக உள்ள பெண்களுக்கு உறவினர்கள் சேர்ந்து விருந்து வைத்தல் (வளைகாப்பு) | கட்டிச்சாத விருந்து | வளைகாப்பு,traditional pregnancy feast welcoming expectant mother home,கட்டுச்சோத்து விருந்துக்கு போயிட்டு வர்ற.,,festival_religion | food_cooking,,od | np | pm,
1134,கட்டுச்சோறு,,kaṭṭuccōṟu,,"புளி சாதம், எலுமிச்சை சாதம் போன்ற வகையறா",packed variety rices (tamarind or lemon rice) for journey or ceremonies,பெண் கர்ப்பமாக இருக்கும் போது ஐந்து அல்லது ஏழு வகையான சோறு செய்து விருந்து நடக்கும். அவ்விருந்தின் பெயரே கட்டுச் சோத்து விருந்துதான் (வளை காப்பு),,food_cooking,,od,
1135,கட்டுத்தரை,,kaṭṭuttarai,,"மாட்டுத் தொழுவம் | மாடு கன்றுகளை கட்டி வைக்கும் தொழுவம் | மாடுகள் கட்டும் இடம், கட்டுத்தறி.",cattle stall | cow tethering shed,கட்டுத்தரச் சாணிய எடுடா.,பெயர்ச்சொல்,farming_livestock,,od | pm,
1136,கட்டுத்திட்டம்,,kaṭṭuttiṭṭam,,"ஊருக்கோ, சாதிக்கோ உரிய சட்டதிட்டம்; கட்டுப்பாடு.",communal customary rules | community discipline,கட்டுத்திட்டத்த அனுசரிச்சுத்தான் நடக்கோணும்.,பெயர்ச்சொல்,human_behavior | festival_religion,,pm,
1137,கட்டுப்பானை,,kaṭṭuppāṉai,,சாராயம் காய்ச்சப் பயன்படும் வாய்கட்டப்பட்ட பானை அடுக்கு.,stacked sealed clay pots used for country liquor distillation,,பெயர்ச்சொல்,food_cooking,,pm,
1138,கட்டுப்பானைச் சாராயம்,,kaṭṭuppāṉaic cārāyam,,"பானை அடுக்கு வைத்து, அதன் வழி வடித்தெடுக்கப்படும் சாராயம்.",pot-distilled illicit country liquor,கட்டுப்பானச் சாராயம் குடிக்கறவன் உருப்படுவானா.,பெயர்ச்சொல்,food_cooking,,pm,
1139,கட்டுப்புடி,,kaṭṭuppuṭi,,சிறுவர்கள் ஒருவரை ஒருவர் கட்டிப் பிடித்துப் போட்டுக் கொள்ளும் சிறு சண்டை.,grappling scuffle between children | wrestling scrimmage,அவுங்க ரண்டு பேருந்தான் கட்டுப்புடுச்சுக் கிட்டாங்க இப்ப அழுவறாங்க.,வினைச்சொல்,human_behavior,,pm,
1140,கட்டுப்பொண்ணு,,kaṭṭuppoṇṇu,,குடும்பத்திற்குப் பெண் கொடுத்து அங்கிருந்தே பெண் எடுக்கும் முறை.,exchange marriage where families swap daughters as brides,கட்டுப் பொண்ணுக் கட்டுனா குடுமுபத்துக்கு ஆவாது.,பெயர்ச்சொல்,kinship | festival_religion,,pm,
1141,கட்டுமாறு,,kaṭṭumāṟu,,(நெருங்கிய உறவினர்கள் போட்டுக் கொள்ளும்) சண்டை.,feud or fierce quarrel between close kinsmen,அப்பக் கட்டுமாறு கட்டிக்கிட்டாங்க இப்பச் சேந்துகிட்டாங்க.,பெயர்ச்சொல்,kinship | human_behavior,,pm,
1142,கட்டுமானம்,,kaṭṭumāṉam,,(ஒருவர் குடும்பத்தை விலக்கி வைக்கும்) ஊர்க்கட்டுப்பாடு.,social boycott decree imposed by village council,"முடிஞ்சா கட்டுமானம் பண்ணிக்கோங்க, பாக்கறன்.",பெயர்ச்சொல்,human_behavior | festival_religion,,pm,
1143,கட்டுமுடி,,kaṭṭumuṭi,,பயிர்களைக் கத்தையாகக் கட்டும் நார்.,fiber tie used for binding crop sheaves,கட்டுமுடிய அந்தக் கரைமேலதாம் போட்டன். எடுத்தா.,பெயர்ச்சொல்,farming_livestock,,pm,
1144,கட்டுமொறை,,kaṭṭumoṟai,,கட்டு முறை | பேய் பிசாசுகள்,protective talisman ritual against evil spirits,செய்வினை போன்ற செயல்களிலிருந்து காத்துக் கொள்ளச் செய்யும் ஒரு மந்திர முறை. | கட்டுமொற கட்டிக்கிட்டு வந்ததுக்கப்பறந்தான் ஒடம்பு பரவாயில்ல.,,festival_religion,,pm,
1145,கட்டுவழியாகாது,,kaṭṭuvaḻiyākātu,,கட்டுபடியாகாது.,not feasible financially | not viable,,,speech_phrase,,np,
1146,கட்டுவாய்,,kaṭṭuvāy,,நீர் ஓடுமாறு வாய்க்கால் போலக் கட்டப்படும் புன்செய்நிலத்துக் கரை.,irrigation field channel bund in drylands,அந்தக் கட்டுவாய்ல உடு. எரும நல்லா மேயும்.,பெயர்ச்சொல்,farming_livestock,,pm,
1147,கட்டுவிடு (தல்),,kaṭṭuviṭu (tal),,தனித்தனியாகப் பிய்ந்து போகுமாறு உடல் வலித்தல்.,excruciating bodily ache as if joints are coming apart,நேத்து ஒடம்பு அப்பிடியே கட்டுட்டுப்போச்சு.,வினைச்சொல்,body_health,,pm,
1148,கட்டுவிரியன்,,kaṭṭuviriyaṉ,,உடம்பைச் சுற்றிலும் வரிவரியுடன் காணப்படும் பாம்பு.,banded krait venomous snake,கட்டு விரியங் கடிச்சு உடம்புல கட்டு கட்டா வந்திருக்குது.,,nature_animals,,np,
1149,கட்டை தழை (தல்),,kaṭṭai taḻai (tal),,அறுவடை செய்தபின் எஞ்சியிருக்கும் அடிப்பகுதி மீண்டும் தழைந்து வருதல்.,regrowth of ratoon shoots from stubble for fodder,கட்ட தழஞ்சு வருட்டும். மேவுக்காவும்.,வினைச்சொல்,farming_livestock,,pm,
1150,கட்டை வெலக்குமாறு,,kaṭṭai velakkumāṟu,,தேய்ந்து கட்டையாகிப் போன விலக்குமாறு.,short worn-out stub of a broom,கட்ட வெலக்குமாத்தாலயே சாத்திப்புடுவம் பாத்துக்க.,பெயர்ச்சொல்,home_household,,pm,
1151,கட்டையிலெ போறவெ,,kaṭṭaiyile pōṟave,,கிராமப் புறங்களில் அதட்டும் வார்த்தை.,scoundrel headed for funeral pyre (rebuke),கட்டையிலெ போறவென எங்கூட சண்டெ கட்டுறியா.,,speech_phrase | human_behavior,,np,
1152,கடக்கட்டக் கவுறு,,kaṭakkaṭṭak kavuṟu,,கடைக் கட்டில் கயிறு. கட்டிலின் கடைப்பகுதியில் கட்டில் கயிறு தொங்கிப் போகாமல் விறைப்பாக இருப்பதற்காக ஒரு சாண் அளவு இழுத்துக் கட்டும் வலுவான கயிறு.,tight tension rope at the foot of charpoy bed,கடக்கட்ட கவுறு தளந்துப் போச்சு. இழுத்துக் கட்டு.,பெயர்ச்சொல்,home_household,,pm,
1153,கடக்குட்டி,,kaṭakkuṭṭi,,குடும்பத்தில் கடைசியாக பிறக்கும் குழந்தை.,last-born youngest child of the family,கடக்குட்டிக்கு ரொம்ப செல்லங் குடுத்தது தப்பாப் போச்சு.,,kinship,,np,
1154,கடகடனு,,kaṭakaṭaṉu,,ஓசை குறிப்பு சொல்.,rattling noise | rapidly with a clatter,கட்டைவண்டில பாரு அச்சு கழுண்டுருச்சோட்ட இருக்குது கடகடனு சத்தம் வருது.,,speech_phrase,,np,
1155,கடகாலு,கடகால்,kaṭakālu,kaṭakāl,"கடைகால், அஸ்திவாரம்.",foundation trench of a building,ஊட்டுக்கு என்னிக்கிக் கடகால் போடறீங்க. | நாளைக்கி இல்ல நாளா கடகாலு போட்டணும்.,பெயர்ச்சொல்,home_household | place_direction,,pm | np,
1156,கடகெட்டவொ,,kaṭakeṭṭavo,,பெண்ணை திட்டும் சொல்.,senseless ill-bred woman (derogatory rebuke),கடகெட்ட உனக்கு மதி 0பதுக்கு,,human_behavior,,np,
1157,கடகோடு,,kaṭakōṭu,,கடைசி,farthest end | final corner,"கோட்டுக்கடை - கடைசிக்கடை, அந்த கோட்டிலே பாரு - அந்த கடைசியிலே பாரு | அந்த கோட்டிலே பாரு - அந்த கடைசியிலே பாரு",,place_direction,,od,
1158,கடங்காரத்தனமா,,kaṭaṅkārattaṉamā,,ஏனோதானோ வென்று.,slipshod manner | perfunctorily as a chore,ஒரு வேலயச் சொன்னா கடங்காரத்தனமாத்தஞ் செய்யறது.,,human_behavior | speech_phrase,,np,
1159,கடசக் கட்டில்,,kaṭacak kaṭṭil,,கடைந்த வேலைப்பாடுடன் கூடிய குத்துக்கால்களைக் கொண்ட கட்டில்.,cot with turned-wood ornamental legs,அந்தக் கடசக் கட்டலத் தூக்கியா.,பெயர்ச்சொல்,home_household,,pm,
1160,கடப்பாரெ,,kaṭappāre,,"குழி தோண்ட உதவும் முன்பக்கம் கூர்மையான, நீண்ட இரும்புக் கம்பி.",crowbar | heavy iron digging bar,"கடப்பாறைக் கம்பி இருந்தா எடுத்தா, இங்ஙனெ குழி தோண்டலாம்",,home_household | farming_livestock,,np,
1161,கடபோவுது,கெடெப்போகுது,kaṭapōvutu,keṭeppōkutu,கிணற்றில் நீர் வழிந்து செல்லுதல்.,well overflowing with excess water | Well water overflowing its brim after heavy rains,தண்ணி கடபோவுது அந்தளவுக்கு மழ பேஞ்சிருக்குது | மழபேஞ்சி கெணுத்துல தண்ணி கெடப்போகுது.,,nature_animals | farming_livestock,,np,
1162,கடமொள,,kaṭamoḷa,,வண்டியில் மாடுகளை கட்ட உதவும் குச்சி.,retaining peg on cart yoke,வண்டில கடமொள ஒடஞ்சி போச்சு,,farming_livestock,,np,
1163,கடலெமுத்து,,kaṭalemuttu,,நிலக்கடலை விதை.,groundnut peanut seed,காட்டுல கடலெமுத்து போட்டுருக்கோ,,farming_livestock | food_cooking,,np,
1164,கடவாயி,கடவாய்,kaṭavāyi,kaṭavāy,வாயின் ஒரப்பகுதி | வாயின் ஓரம்.,corner of the mouth | molar area,கடவாயில அடிச்சுப்புடுவேன்,,body_health,,od | np,
1165,கடவு,கடவுப்படல் | வேலியில் சிறு ஓட்டை,kaṭavu,kaṭavuppaṭal | vēliyil ciṟu ōṭṭai,தட்டி | நுழைவு வாயில் | முள்வேலியில் ஆள் நுழையுமளவு தானாகவே ஏற்படும் சிறுவழி.(1) | திறந்து மூடும்படி மூங்கிலால் செய்த சிறு படல்.(2),wattle hurdle field wicket gate | gap in thorn hedge,வேலியில மேக்கால ஒரு கடவு உழுந்திருச்சு. | கடவத் தொறந்துக்கிட்டுப் போடா.,பெயர்ச்சொல்,farming_livestock,,od | pm,
1166,கடனக்கழிக்கறது,,kaṭaṉakkaḻikkaṟatu,,ஒருவரிடம் வாங்கிய கடனை திரும்ப அடைத்தல்.,repaying a borrowed debt | clearing loans,உங்கிட்ட பட்டக் கடனக்கழிக்கோணு.,,human_behavior | speech_phrase,,np,
1167,கடாசு,,kaṭācu,,வீசி எறிதல்.,to fling away | to discard violently,ஆகாத சாமானையெல்லாம் கடாசி எறியனு,,action_verbs,,np,
1168,கடுக்காய்,,kaṭukkāy,,அதிக நேரம் வெந்ததால் இறுகிப் போன இட்லி.(1) | முற்றிய நுங்கு.(2),overcooked rock-hard idli | over-mature palmyra kernel,இட்லி கடுக்காயாப் போறளவுக்கு உட்டுட்டியே. | நொங்கு கடுக்காயாப்போச்சு.,பெயர்ச்சொல்,food_cooking,,pm,
1169,கடுக்காய் கொடுத்தல்,,kaṭukkāy koṭuttal,,மறைந்து கொள்ளுதல்.,giving someone the slip | hoodwinking and evading,எனக்கே கடுக்காய் குடுக்கிறியா,,human_behavior | speech_phrase,,np,
1170,கடுக்கு,,kaṭukku,,"ஆண்கள் காதில் அணியும் ஆபரணம். | ஆண்கள் காதில் அணியும் அணி, கடுக்கண்.",traditional gold ear stud worn by men (kadukkan),ஆள் பாரு கடுக்கன் போட்டுகிட்டு சுத்தறான் | காதுல கடுக்குப் போட்டிருக்கற ஆளப்பாரு.,பெயர்ச்சொல்,dress_accessories,,np | pm,
1171,கடுப்பான்,,kaṭuppāṉ,,புளி சேர்த்துச் சில நாட்களுக்குக் கெடாமல் இருக்கும் வகையில் செய்யும் துவையல்.,sour tamarind chutney preserve that stays fresh for days,கொஞ்சூண்டு கடுப்பானிருந்தாவெய்யி.,பெயர்ச்சொல்,food_cooking,,pm,
1172,கடும்பு,,kaṭumpu,,சதை போடுதல் | கதுப்பு.,fleshy cheek bulge | plump plumpness,கன்னமெல்லாம் சத கடும்பு தள்ளுதுங்கோ.,பெயர்ச்சொல்,body_health,,od | pm,
1173,கடுமிஞ்சம்,,kaṭumiñcam,,"அதிக தூரம் நடக்க முடியாத குழந்தை (கைகளைக் கழுத்தில் கட்டிக் கொண்டும், கால்களை வயிற்றுப் பகுதியில் கட்டிக் கொண்டும்) பெரியவர்களின் முதுகில் ஏறிக் கொள்ளுதல்.",piggybacking a tired toddler clinging to neck and waist,இவன எவ்ளோ நேரம் கடுமிஞ்சம் கட்டித் தூக்கியாரது.,பெயர்ச்சொல்,human_behavior | kinship,,pm,
1174,கடுவு,,kaṭuvu,,பருத்தி எடுக்கும் முறை / அளவு.,cotton picking batch or handful measurement,எத்தன கடுவு பருத்தி எடுத்துருக்கற.,பெயர்ச்சொல்,measure_units | farming_livestock,,pm,
1175,கடுவெ,,kaṭuve,,"ஆண் நாய், பூனை போன்ற பிராணிகளின் குட்டி.",male pup or kitten,இந்த நாயி கடுவெக்குட்டி போட்டுருக்குது,,nature_animals | farming_livestock,,np,
1176,கடெ கெட்டவன்,,kaṭe keṭṭavaṉ,,ஒன்றுக்கும் வசதியில்லாதவன்.,worthless penniless rogue,அவங்கெடக் கறான் கெடெகெட்டவன்.,பெயர்ச்சொல்,human_behavior,,pm,
1177,கடை கெட்ட,,kaṭai keṭṭa,,மதிப்பற்ற. - பழமொழி.,worthless | utterly disreputable,கடகெட்ட சாமிக்கு லொடலொடப் படியாம்,பெயர்ச்சொல்,speech_phrase | human_behavior,,pm,
1178,கடை கெட்டவன்,கடை கெட்டவள்,kaṭai keṭṭavaṉ,kaṭai keṭṭavaḷ,திட்டுச்சொல். மதிப்பற்றவள் / ன்.,worthless scoundrel (derogatory),கடகெட்டவனோட சேந்தா உனக்கும் கேடுதான்.,பெயர்ச்சொல்,human_behavior,,pm,
1179,கடை போதல்,,kaṭai pōtal,,"ஏரி, கிணறு போன்றவற்றில் தண்ணீர் நிரம்பி வழிதல்.",lake or well brimming over with overflow,ஏரி கடபோவுது.,வினைச்சொல்,nature_animals | farming_livestock,,pm,
1180,கடைகால்,கடக்கால்,kaṭaikāl,kaṭakkāl,அடித்தளம்,foundation base of building,,,home_household | place_direction,,od,
1181,கடைமடை,கடக்கோடு,kaṭaimaṭai,kaṭakkōṭu,இறுதி/கடைசி,tail-end sluice of irrigation canal network,,,place_direction | farming_livestock,,od,
1182,கடைமுளை,,kaṭaimuḷai,,வண்டி நுகத்தில் மாடுகள் நகராமலிருக்க இருபுறமும் போடும் முளைக்குச்சி.,outer yoke peg keeping bullocks from slipping out,கடமொளய நல்லா அடிச்சு உடு.,பெயர்ச்சொல்,farming_livestock,,pm,
1183,கடையாணி,,kaṭaiyāṇi,,அச்சாணி | வண்டிச்சக்கரம் கழலாமல் இருக்க செருகும் ஆணி.,linchpin holding cart wheel on axle,"கடையாணிய நல்லா அடிச்சு வை, சக்கரம் கழன்றப் போவுது | கடையாணியச் செரியாப் போட்டயா.",பெயர்ச்சொல்,farming_livestock,,od | np | pm,
1184,கடையோடறது,,kaṭaiyōṭaṟatu,,மத்து கொண்டு தயிர் அல்லது மோரைக் கடைந்து வெண்ணெய் எடுத்தல்; கடைதல்.,churning curd with churning rod to extract butter,காலையிலேயே மத்து போட்டு தயிர் கடையோடறாங்க.,வினைச்சொல்,food_cooking | action_verbs,தயிர் கடைதலைக் குறிக்கும் கொங்கு வட்டார வழக்கு. · பொருள் உறுதிப்படுத்தப்படவில்லை (AI உருவாக்கம்) · Meaning not verified (AI generated),od,
1185,கண்கட்டி,,kaṇkaṭṭi,,மாயாஜாலம்.,sleight of hand | optical illusion trick,இந்த கண்கட்டி வித்தையெல்லாம் எங்கிட்ட வேணா,,human_behavior,,np,
1186,கண்டமேனிக்கு,,kaṇṭamēṉikku,,கண்ட படி | சகட்டு மேனிக்கு.,indiscriminately | recklessly at random,கண்ட மேனிக்கு ஊர் சுத்திட்டு வராத,,speech_phrase | human_behavior,,od | np,
1187,கண்டரை,,kaṇṭarai,,அடுக்கு,storage shelf tier | loft ledge,,,home_household,,od,
1188,கண்டவன்,கண்டவள்,kaṇṭavaṉ,kaṇṭavaḷ,அறிமுகம் இல்லாதவள் / ன்; அப்போது தான் பார்த்தவள் / ன்.,any random stranger | unknown passerby,கண்டவளோட எல்லாம் உனக்கென்ன பேச்சு,பெயர்ச்சொல்,human_behavior | speech_phrase,,pm,
1189,கண்டிக்கிழங்கு,,kaṇṭikkiḻaṅku,,சக்கரைவள்ளிக்கிழங்கு (?),sweet potato tuber | edible starchy tuber,,,food_cooking | nature_animals,,od,
1190,கண்டுட்டுவா,,kaṇṭuṭṭuvā,,பார்த்துவிட்டு.,go check on him and return | visit,நீ போயி அவன கண்டுட்டு வா,,action_verbs,,np,
1191,கண்ணசரு,,kaṇṇacaru,,தூங்குதல்.,to take a short nap | to doze off,கொஞ்ச நேரம் கண்ணசருறேன்,,body_health | action_verbs,,np,
1192,கண்ணடக்கம்,,kaṇṇaṭakkam,,கண் தொடர்பான வேண்டுதலின் பேரில் சாமிக்குச் செய்து வைக்கும் (வெள்ளி அல்லது ஈயத்தாலான ) கண்.,silver or tin votive eye offered to deity for eye healing,மாரியாயிக்கு ஒரு கண்ணடக்கம் செஞ்சு வெச்சரோனும்.,பெயர்ச்சொல்,festival_religion | body_health,,pm,
1193,கண்ணாமுழி,,kaṇṇāmuḻi,,கண் விழி.,eyeball,கண்ணாமுழிய தோண்டி காக்காயிக்கு போட்டுருவேன்,,body_health,,np,
1194,கண்ணார,,kaṇṇāra,,கண்களால் நன்றாக பார்த்தல்.,with one's own eyes to heart content,எங்கண்ணாரப் பாத்தேன்,,speech_phrase | action_verbs,,np,
1195,கண்ணாரை,,kaṇṇārai,,"நுங்குப் பருவத்திலிருக்கும் போது பனங்காயின் மேல் மூடிக்கு வெளியில் வெண்மையா தெரியும் பகுதி . ( அப்பகுதி கருத்துவிட்டால் நுங்கு முற்றிவிட்டது என்று பொருள் ) .(1) | வீட்டில் தானியம் சேமித்து வைக்கச் சுவரால் கட்டப்படும் தொட்டி போன்ற அமைப்பு ,(2)",white eye spot on tender palmyra nut | masonry grain bin,இன்னம் முத்துல. கண்ணார தெரீது. | கண்ணாரையில நெல்லு எவ்வளவு இருக்குதுன்னு பாரு.,பெயர்ச்சொல்,nature_animals | home_household,,pm,
1196,கண்ணாலம்,கல்யாணம் | கண்ணாலொ,kaṇṇālam,kalyāṇam | kaṇṇālo,கல்யாணம் | திருமணம் | திருமணம்,marriage | wedding celebration,வெடியாலெத்திக்கி கண்ணாலத்துக்குப் போகோனு,,festival_religion | kinship,கண்ணாலம்,od | np,
1197,கண்ணாலொ மூச்சுக்க,,kaṇṇālo mūccukka,,திருமணம் செய்துகொள்.,get married (imperative),இப்பிடி இருக்காதெ கண்ணாலொ முடிச்சுக்க,,festival_religion | kinship,,np,
1198,கண்ணாவி,,kaṇṇāvi,,வேலைப் பளு பசியினாலோ தோன்றும் கண் கிறுகிறுப்பு மயக்கம்.,Dizziness or fainting sensation caused by excessive exhaustion and hunger,கண்ணாவி போவ வேல செஞ்சு போட்டா தின்னூட்டுப் படுத்திருப்பநீ,பெயர்ச்சொல்,body_health,,pm,
1199,கண்ணி,,kaṇṇi,,சிறு கயிறுகள் பலவற்றை சேர்த்து முறுக்கிச் செய்திருக்கும் பெரிய கயிற்றில் உள்ள ஒரு சிறு கயிறு.,A small rope strand within a larger twisted rope.,கவுத்துல ஒரு கண்ணி உட்டுப்போச்சு.,பெயர்ச்சொல்,farming_livestock,,pm,
1200,கண்ணிக்கவுறு,,kaṇṇikkavuṟu,,கண்ணிக்கயிறு; மாடுகளை வண்டியிலோ நுகத்தடியிலோ பிணைக்கும் ( கண்ணிகளால் பின்னப்பட்ட) கயிறு.,Rope with loops used to hitch oxen to a cart or yoke,கண்ணிக் கவுத்துல மாட்டி உடு.,பெயர்ச்சொல்,farming_livestock,,pm,
1201,கண்ணுச்சூடு,,kaṇṇuccūṭu,,கண்ணிமை.,Eyelid; twitching eyelid,கண்ணுச்சூடு ரண்டு நாளாத் துடிக்குது.,பெயர்ச்சொல்,body_health,,pm,
1202,கண்மண்ணு தெரியாமெ,,kaṇmaṇṇu teriyāme,,எதிரில் இருப்பது தெரியாமல்.,Recklessly without looking ahead; blindly,கண்மண்ணு தெரியாமெ வண்டி ஓட்டறாம் பாரு,,human_behavior | speech_phrase,,np,
1203,கண்ராவி,,kaṇrāvi,,பார்ப்பதற்கு சசிக்காமை,Unsightly or displeasing sight; hideous appearance,,,human_behavior,,od,
1204,கண்றாவி,,kaṇṟāvi,,அசிங்கம்.,Disgusting sight; hideous or repulsive state,அந்தக் கண்றாவிய வேற என்ற வாயால சொல்லணுமா,,human_behavior | speech_phrase,,np,
1205,கத்தக்கொடி,,kattakkoṭi,,கற்றாழை வகை அல்லது சணல் கொடி.,Aloe creeper / fiber plant,வேலி ஓரமா கத்தக்கொடி படந்திருக்குது.,பெயர்ச்சொல்,nature_animals,பொருள் உறுதிப்படுத்தப்படவில்லை (AI உருவாக்கம்) · Meaning not verified (AI generated),od,
1206,கத்தங்கல (த்தல்),,kattaṅkala (ttal),,முறையற்று கசகசவென்று வேலை செய்தல்.,Working haphazardly or in an unorganized manner,இப்பிடிக் கத்தங்கலந்தா வேல எப்ப முடியறது?,வினைச்சொல்,human_behavior | action_verbs,,pm,
1207,கத்தறுது,,kattaṟutu,,சத்தம் போடுதல்.,Screaming; shouting loudly,காட்டு கத்துக் கத்துறது உனக்கு கேக்குலையா,,action_verbs | speech_phrase,,np,
1208,கத்தாழக்கவுறு,,kattāḻakkavuṟu,,கற்றாழையில் பிரிக்கப்பட்ட நார்.,Rope woven from agave or aloe plant fibers,கத்தாழக் கவுத்தெ எடுத்தாந்து இந்தக் கொடிய கட்டு,,farming_livestock | home_household,,np,
1209,கத்தாழபஞ்சொ,,kattāḻapañco,,கொங்கு நாட்டில் கடுமையான பஞ்சத்தின் போது மக்கள் கற்றாழை கிழங்கை உண்டு வாழ்ந்த காலம்.,Historic severe famine in Kongu region when people survived eating agave roots,,,time_seasons | food_cooking,,np,
1210,கத்தாழமுட்டி,,kattāḻamuṭṭi,,கற்றாழை செடியின் அடிபாகம்.,Lower base or stump of the agave/aloe plant used for fuel,கத்தாழமுட்டிய எடுத்தா தீயெரிக்கு,,nature_animals | farming_livestock,,np,
1211,கத்தாழைக் கயிறு,,kattāḻaik kayiṟu,,கற்றாழை நாரினால் திரிக்கப்படும் கயிறு.,Rope twisted from aloe / agave fibers,கட்டலுக்குத் கத்தாழக் கவுறுதான் கட்டீருக்கறன்.,பெயர்ச்சொல்,farming_livestock | home_household,,pm,
1212,கத்துக்குட்டி,,kattukkuṭṭi,,ஒன்றும் தெரியாத.,Novice; inexperienced person; rookie,சரியான கத்துக்குட்டியா இருக்கியே,,human_behavior,,np,
1213,கதக்கு,,katakku,,குழந்தை வாந்தி எடுத்தல்குழந்தை கதக்கி வெச்சுடுச்சு,Regurgitate or vomit milk (by infants),,,body_health | action_verbs,,od,
1214,கதகதனு,,katakataṉu,,ஒரு வித வெப்பம்.,Pleasantly warm; cozy warmth,குளிருக்கு இங்நன கதகதன்னு நல்லா இருக்குது,,nature_animals | speech_phrase,,np,
1215,கதம்ப நார்க்கயிறு,,katampa nārkkayiṟu,,"கற்றாழை, புளிச்சநார் போன்றவை கலந்து திரிக்கப்படும் கயிறு.",Rope woven by combining multiple fibers like agave and wild hibiscus,சந்தைல கதம்ப நார்க் கவுறே இல்ல.,பெயர்ச்சொல்,farming_livestock | home_household,,pm,
1216,கதவுக் கம்பை,,katavuk kampai,,கதவின் வெளிப்பகுதியில் அமைக்கப் பட்டிருக்கும் கட்டை.,Wooden brace or crossbar frame on the exterior of a door,கதவுக் கம்பையப் புடுச்சுக்கிட்டுத் தொங்காத.,பெயர்ச்சொல்,home_household,,pm,
1217,கதனவெடி,,kataṉaveṭi,,ஒருவகை வெடி.,Type of explosive cracker or country dynamite used in farms to scare animals,தோப்பில கதனையுட்டு நாமெல்லாம் ஓடிப்போயிருச்சு,,farming_livestock,,np,
1218,கதனை,,kataṉai,,கை கால்களில் இருக்கும் சதை முண்டுகள்.,Fleshy chubbiness or baby fat on limbs,கொழந்தக்கு கைகாலெல்லாம் நல்லா கதனை கதனையா இருக்குது.,பெயர்ச்சொல்,body_health,,pm,
1219,கதுக்கு,,katukku,,கூரிய விளிம்புப் பகுதி,Sharp protruding edge or corner of a wall,செவுத்துக் கதுக்குல கால்பட்டுக் காய்மாயிருச்சு.,பெயர்ச்சொல்,home_household | place_direction,,pm,
1220,கதுமை,,katumai,,கூர்மை கத்தி பயங்கரக் கதுமை,Sharpness (of a blade or knife),,,speech_phrase | home_household,,od,
1221,கதைக்காகாத,,kataikkākāta,,நடைமுறைக்கு சாத்தியப் படாத.,Impractical; unfeasible; useless,கதைக்காகாததெ வுட்டுட்டு வேற வேலயப் பாரு.,,human_behavior | speech_phrase,,np,
1222,கதையளத்தல்,,kataiyaḷattal,,கற்பனை செய்து பொய் சொல்லுதல்.,Fabricating tall tales; spinning lies,அவன் ரொம்ப கதையளப்பான் தெரியுமா,,human_behavior | speech_phrase,,np,
1223,கந்தர கோலம்,கந்தரகோலொ,kantara kōlam,kantarakōlo,அலங்கோலம் | முற்றிலும் கலைக்கப்பட்ட நிலை.,Disheveled state; complete chaos or ruined condition,ஊட்டப்பாரு கந்தர கோலமாக் கெடக்குது | என்ற வாழ்க்கையே கந்தரகோலமா ஆயிப் போச்சு,பெயர்ச்சொல்,human_behavior,,od | np | pm,
1224,கந்தாயம்,போக்கியம் | கிரயம் | கந்தாயொ,kantāyam,pōkkiyam | kirayam | kantāyo,நிலத்தை விற்றல் /வாடகைக்கு விடுதல் ஆகியவற்றைக் குறிக்கும் சொற்கள் | ஆண்டுக் குத்தகை .(1) | நிலவரி. ( பழமொழி )(2) | கொடுத்த பணத்திற்கு வட்டியில்லை ; உழும் நிலத்திற்குப் இல்லை என்று நிலம் உழுபவருக்கும் சொந்தக்காரருக்கும் இடையே ஒப்பந்தம் .,Land lease; annual lease rent or land revenue agreement between landowner and tenant,அந்தக் காட்டக் கந்தாயத்துக்கு உட்ருக்கறம். | தூங்குன மணியாரன எழுப்புனா பழைய கந்தாயமெல்லாம் கேப்பான் | போக்கியத்துக்கு நெலம் ஓ | காட்டுக்கு கந்தாயம் கட்டணு,பெயர்ச்சொல்,farming_livestock,,od | np | pm,
1225,கப்பி,கப்பு,kappi,kappu,"மணலை சலித்தபின் எஞ்சி இருக்கும் பொருள். | மணல் , மாவு போன்றவற்றில் சலித்து எடுத்த பெருந்துகள் .(1) | ஜல்லிக்கல்(2) | உருண்டையான அடிப்பக்கம் குறுகியும் மேல்பக்கம் விரித்தும் இருக்கும் பாத்திரம். | விரைவாகவும் நிறையவும் உண்ணுதல்",Coarse particles left after sieving sand or flour | Gravel | Eating ravenously,"கப்பிய அள்ளிட்டு வா | நல்லா இடி, மாவு கப்பி கப்பியா இருக்குது. | கப்பிபோட்டுத் தட்டி உடோணும். | கப்புல சோறு போட்டுக்குரு | ஆக்கி வெச்சிருக்கறன் வந்து கப்பீட்டுப்போ.",பெயர்ச்சொல்,food_cooking | measure_units,,np | pm,
1226,கப்பிக்குடி,,kappikkuṭi,,"( நீர், தேநீர் போன்றவற்றை பாத்திர விளிம்பில் ) வாய் வைத்துக் குடித்தல்",Drinking by touching lips directly to the rim of the cup or vessel,"கப்பிக் குடிக்காத, கப்பிக் குடிக்காதன்னு சொன்னா கேக்கறதே இல்ல இவன்.",வினைச்சொல்,human_behavior | food_cooking,,pm,
1227,கப்புசிப்புனு,,kappucippuṉu,,"வாயை மூடிக்கொண்டு, அமைதியாக இருத்தல்.",In pin-drop silence; remaining completely quiet,"கப்சிப்புனு இருக்கோனு, சத்த வந்தது அப்புறம் பாரு",,human_behavior | speech_phrase,,np,
1228,கப்பை,,kappai,,காசல் சு. அங்கராக்கு.,Traditional loose overcoat or tunic (angarakha),,,dress_accessories,,np,
1229,கப்பொ,,kappo,,லஞ்சம்.,Tribute; bribe or extorted payment,போலீசுக்கு கப்பங் கட்டியே ஆகோணு,,human_behavior,,np,
1230,கபகபனு,,kapakapaṉu,,வயிற்றில் பசியை தூண்டும் வகையில்.,Intense hunger pangs stimulated by appetite or aroma,கபகபனு வாசம் மூக்கத் துளைக்குது,,body_health | food_cooking,,np,
1231,கம்பத்தாட்டம்,,kampattāṭṭam,,கோவில் திருவிழாவில் ஆடும் ஆட்டம்,Traditional folk dance performed around a festive pole during village temple festival,,,festival_religion,,od,
1232,கம்பம்,,kampam,,மாரியம்மன் போன்ற சிறு தெய்வங்களுக்குத் திருநாள் சாட்டும்போது வாயிலில் நடும் மூன்றாகக் கிளை பிரிந்த மரக் கொம்பு.,Three-pronged wooden sacred post installed at temple entrance during Mariamman festival,கம்பம் புடுங்கறது என்னைக்கு.,பெயர்ச்சொல்,festival_religion,,pm,
1233,கம்பரக்கத்தி,,kamparakkatti,,"ராகி, சோளம் போன்றவற்றை அறுக்க உதவும் பிறை வடிவிலான கத்தி. | தானியக் கதிர்களை அறுத்தெடுக்கும் சிறு கத்தி.",Small sickle with a crescent blade used for harvesting finger millet and sorghum stalks,கம்பரக்கத்தி இருந்தா குடு கம்மந்தட்ட அறுக்க | கம்பரக்கத்தி இல்லாமபூட்ட பொறுக்கறது எப்படி.,பெயர்ச்சொல்,farming_livestock,,od | np | pm,
1234,கம்பரிசி,,kamparici,,தவிடு நீக்கிய கம்பு.,Dehusked pearl millet grains,கம்பரிசிய இடிச்சு எடுத்தா.,பெயர்ச்சொல்,food_cooking | farming_livestock,,pm,
1235,கம்பிநீட்டு,,kampinīṭṭu,,யாருக்கும் தெரியாமல் ஓடி விடுதல்.,Abscond; slip away quietly without anyone noticing,பணத்தெ எடுத்துக்கிட்டு கம்பி நீட்டிட்டான்,,action_verbs | human_behavior,,np,
1236,கம்பு வெளையாட்டு,,kampu veḷaiyāṭṭu,,"தடிகொண்டு விளையாடுவது. தடிவிளையாட்டு என்றும் கூறுவர். இதில் சிறப்பாக விளையாடுபவர்களை வீடு கட்டுதல், கோட்டை கட்டுதல் என்று அழைப்பர்.",Traditional martial stick-fighting game (silambam),,,festival_religion | human_behavior,,np,
1237,கம்ம மாவு,கம்மம்மாவு,kamma māvu,kammammāvu,கம்பரிசியில் வெல்லம் சேர்த்து இடிக்கும் மாவு. | கம்பும் வெல்லமும் சேர்த்து செய்யப்படும் மாவு.,Sweet flour made by pounding pearl millet with jaggery,பொங்கலுக்குக் கம்ம மாவு இடிச்சிருக்கறம். | கம்மம்மாவு தின்னுருக்கிறயா,பெயர்ச்சொல்,food_cooking,,np | pm,
1238,கம்மஞ்சோறு,,kammañcōṟu,,கம்பு சோறு | கம்பால் செய்யப்பட்ட சோறு. | கம்பரிசியால் ஆக்கப்படும் சோறு.,Cooked pearl millet rice (traditional kambu meal),கம்மஞ்சோத்த தின்னா உடம்புக்கு ரொம்ப நல்லது | கம்மஞ்சோறுக்கும் தயிருக்குந்தான் பொருத்தம்.,பெயர்ச்சொல்,food_cooking,,od | np | pm,
1239,கம்மந்தட்டு,,kammantaṭṭu,,காய்ந்த கம்புப்பயிர். | கம்புப் பயிரின் தட்டை.,Dried pearl millet stalks used as livestock fodder or thatched roofing,கம்மந்தட்ட அள்ளி மாட்டுக்குப் போடு | கம்மந்தட்டுப் போட்டு ஊடு மேஞ்சிருக்கறான்.,பெயர்ச்சொல்,farming_livestock,,np | pm,
1240,கம்மம் பூட்டை,கம்மம்பூட்டெ,kammam pūṭṭai,kammampūṭṭe,கம்புக் கதிர். | கம்பை எடுத்தபின் எஞ்சி இருக்கும் பகுதி.,Harvested earhead of pearl millet | Cob core left after threshing,கம்மம் பூட்டை பொறுக்கோணும். | கம்மம்பூட்ட எடுத்தாந்து தீ எரிக்கலாம்,பெயர்ச்சொல்,farming_livestock | food_cooking,,np | pm,
1241,கம்மம்பூ,,kammampū,,கம்புக் கதிரில் அரும்பும் பூ.,Tiny blossoms appearing on the pearl millet earhead,கம்மம் பூவெல்லாம் மழையில உதுந்து போச்சு.,பெயர்ச்சொல்,nature_animals | farming_livestock,,pm,
1242,கம்மனாட்டி,,kammaṉāṭṭi,,முட்டாள் | மடையன்,Slang term for an idiot or foolish person; scoundrel,,,human_behavior | speech_phrase,,od,
1243,கம்மி,,kammi,,குறைவு.,Less; insufficient; reduced,சோறு கம்மியாத்தான் இருக்குது.,பெயர்ச்சொல்,measure_units,,pm,
1244,கம்மியா,,kammiyā,,குறைந்த அளவு.,In smaller quantity; lesser amount,இந்த வருசம் வெளச்சலு கம்மியாப் போச்சு,,measure_units,,np,
1245,கம்மியாக,,kammiyāka,,குறைவாக,Less; in small measure,,,measure_units,,od,
1246,கம்முனு,,kammuṉu,,அமைதியாக.,Remaining quiet; silently without making noise,"கம்முனு இருக்கனும், சத்த வெளிய வந்தது உதை கெடைக்கும்",,human_behavior | speech_phrase,,np,
1247,கமறல்,,kamaṟal,,காரம் கலந்த நெடி.,Pungent choking smell from roasting dry chilies or burnt oil,மொளவாயத் தீச்சுப்புட்டயா. இந்தக் கமறலடிக்குது.,பெயர்ச்சொல்,body_health | food_cooking,,pm,
1248,கமுக்கம்,,kamukkam,,இரகசியம்.,Secrecy; discreet behavior,விசயத்த கமுக்கமா வெச்சிருக்கறாங்க.,பெயர்ச்சொல்,human_behavior,,pm,
1249,கமுக்கமா,,kamukkamā,,அமைதியாக.,Quietly; secretive and reserved manner,செய்யுறதையுஞ் செஞ்சுட்டு கமுக்கமா உக்காந்திருக்கியா,,human_behavior | speech_phrase,,np,
1250,கமுக்கமானவன்,,kamukkamāṉavaṉ,,அமைதியானவன்.,"Quiet, secretive, or discreet person",பயங்கரமான கமுக்கனா இருக்கறியே,,human_behavior,,np,
1251,கமுக்கன்,,kamukkaṉ,,விஷயத்தை ரகசியமாக வைத்திருப்பவன்.,Person who keeps secrets tightly to oneself,அவன் ஆளு கமுக்கனா இருப்பாம் போலருக்குது.,பெயர்ச்சொல்,human_behavior,,pm,
1252,கமுத்தி,,kamutti,,கவிழ்த்தி,Upside down; overturning or inverting a vessel,,,action_verbs,,od,
1253,கயாவலி,,kayāvali,,கழிக்கப்பட்டவன் / ள் (திட்டுச்சொல் ).,Derogatory term for a worthless or discarded outcast person,கயாவலிக் கிட்ட எல்லாம் நமக்கென்ன பேச்சு.,பெயர்ச்சொல்,human_behavior | speech_phrase,,pm,
1254,கயித்து கட்டல்,,kayittu kaṭṭal,,கயிற்றால் பின்னப்பட்ட கட்டில்,Traditional cot strung with coir ropes,,,home_household,,od,
1255,கரகட்டறது,,karakaṭṭaṟatu,,வீட்டில் தளத்திற்கும் சுவற்றிற்கும் இடையில் அழகிற்காக இடப்படும் வண்ணக் கோடு.,Painting a decorative border line along the base of the wall above the floor,,,home_household,,np,
1256,கரகன்னு,,karakaṉṉu,,ஈசுகன்னு,Eesukannu (specialized local bovine term / calf),,காண்க,farming_livestock,,pm,
1257,கரகுட்டி,,karakuṭṭi,,ஈசுகுட்டி,Eesukutti (specialized local bovine term / young calf),,காண்க,farming_livestock,,pm,
1258,கரச்சோறு,கற சோறு | கரசோறு,karaccōṟu,kaṟa cōṟu | karacōṟu,"நீர், மோர் ஆகியவற்றைச் சேர்த்துக் கரைத்த சோறு. | நீரும் தயிரும் சேர்த்து கரைத்த சோறு.",Cold cooked rice mixed with buttermilk and water,காத்தால கரச்சோறு குடிச்சன் | கரசோறு இருந்தா கொஞ்சம் போடு பசிக்குது,பெயர்ச்சொல்,food_cooking,,od | np | pm,
1259,கரட்டுமுரட்டுனு,,karaṭṭumuraṭṭuṉu,,சிரமப்பட்டு.,With great struggle; rough and clumsy effort,கரட்டுமுரட்டுனு எப்பிடியோ பாசாயிட்டான்,,human_behavior | speech_phrase,,np,
1260,கரடு,,karaṭu,,சிறு குன்று | மலைப்பாங்கான இடம்.,Small rocky hillock or stony rugged mound,அந்தக் கரட்டுமேல பெருமாள்கோயிலு இருக்குது | அந்தக் கரட்டுக்குத்தான் ஆடு ஒட்டிகிட்டு போவம்.,பெயர்ச்சொல்,nature_animals | place_direction,,od | np | pm,
1261,கரண்டுகம்பொ,,karaṇṭukampo,,மின்கம்பம்.,Electric pole; utility pole,கரண்டு கம்பத்துல பாரு காக்கா உக்காந்து இருக்கு,,home_household | place_direction,,np,
1262,கரணை,,karaṇai,,"சிறு சிறு துண்டுகளாக வெட்டப்பட்ட கரும்பு. | ( மரம், கரும்பு போன்றவற்றின் நீண்ட பகுதியிலிருந்து நறுக்கப்பட்ட ) சிறு துண்டு.",Cut piece or node segment of sugarcane or wood,கரணை வெட்ட வர்றியா | அந்தக் கரும்ப எத்தன கரணயா வெட்டுன.,பெயர்ச்சொல்,farming_livestock | nature_animals,,np | pm,
1263,கரம்,,karam,,( தாயம் போன்ற விளையாட்டுக்களில் போடப்படும் ) கோடு; கட்டம்.,Square grid or line drawn on floor for board games like dayakattai,கரம் போட்டுட்டுக்கூப்புடு. வர்ரன்.,பெயர்ச்சொல்,home_household,,pm,
1264,கரம்பக்காளை,,karampakkāḷai,,கருமை கலந்த வெள்ளை நிறக் காளை.,Black and white speckled draft bull,கரம்பக்காளை எந்தப் பக்கம் நிக்கிதுன்னு பாரு.,பெயர்ச்சொல்,farming_livestock,,pm,
1265,கரம்பெலி,,karampeli,,நீர் செல்லும் வாய்க்கால் கரைகளில் வாழும் ஒரு வகை எலி.,Type of field rat dwelling in irrigation canal embankments,அந்தக் கரையில கரம்பெலிவங்கு வெச்சிருக்குது.,பெயர்ச்சொல்,nature_animals,,pm,
1266,கரம்பைக் காடு,,karampaik kāṭu,,சிறு சிறு கற்கள் நிறைந்த மண் கொண்ட நிலம்.,Fallow gravelly land with pebbles and hard soil,கரம்பக்காட்ட ஓட்டி ஓட்டி வெதைக்கறதுதான் மிச்சம். ஒன்னும் வரமாட்டீங்குது.,பெயர்ச்சொல்,farming_livestock | place_direction,,pm,
1267,கரவலோடு,,karavalōṭu,,பயிறுகளை வறுக்கும் ஓடு.,Earthen shallow pan used for roasting pulses and grains,கரவலோட்டுல போட்டு வறுத்தா நல்லா வறுபடும்.,பெயர்ச்சொல்,food_cooking | home_household,,pm,
1268,கரவழி,,karavaḻi,,கரைவழி; ஆற்றோரத்தில் இருக்கும் நிலப்பகுதி.,Riverbank route; cultivable land located along the riverbank,அவனுக்கென்ன கரவழில வயக்காடுஇருக்குது.,பெயர்ச்சொல்,place_direction | farming_livestock,,pm,
1269,கரள்,,karaḷ,,பல்லால் பற்றிச் சுரண்டி இழுத்தல்.,Scraping or gouging out with teeth (such as coconut meat),தேங்காய அப்படிக் கரள்றான்.,வினைச்சொல்,action_verbs | food_cooking,,pm,
1270,கரி அடுப்பு,,kari aṭuppu,,கரித் துண்டுகளைப் போட்டு எரிப்பதற்கேற்ப அடுப்பு.,Charcoal stove,கரி அடுப்பு ஒன்னு இருந்தாப் பரவால்ல.,பெயர்ச்சொல்,home_household | food_cooking,,pm,
1271,கரிக்குருவி,,karikkuruvi,,கொங்கு நாட்டில் வாழும் ஒருவகைக் குருவி.,Black drongo; black-colored field bird common in Kongu farmlands,கரிக்குருவி காட்டுக்குள்ளெ இருந்த புழுவெயெல்லாம் கொத்திட்டு போயிருச்சி,,nature_animals,,np,
1272,கரிச்சீலை,,kariccīlai,,சமையலறையில் சூடான பாத்திரத்தைப் பிடித்து எடுப்பதற்கான அழுக்குத் துணி.,Soiled kitchen rag used to handle hot cooking pots,கரிச்சீலையை எடுத்துக் கொழம்ப எறக்கு. சுட்டரப் போவுது.,பெயர்ச்சொல்,home_household | food_cooking,,pm,
1273,கரிச்சுக்கொட்டறது,,kariccukkoṭṭaṟatu,,கோபம் கொண்டு அடுத்தவரை திட்டுதல்.,Scolding someone harshly in anger; venting fury on another,சும்மா அவன கரிச்சுக் கொட்டிகிட்டே இருக்காதெ,,human_behavior | speech_phrase,,np,
1274,கரிசக்காடு,,karicakkāṭu,,கரிசல் மண் நிலம்.,Black cotton soil farmland,கரிசக்காட்டு மண்ணுலெ வெளஞ்சது,,farming_livestock | place_direction,,np,
1275,கரிசம்,,karicam,,அன்பு | சிரத்தை,Affection; deep care; fondness,"கரிசம் கட்டிட்டு அழுகுது, கண்ணாடிச்செவுரு மூட்டீட்டு அழுகுது",,human_behavior,,od,
1276,கரிசனொ,,karicaṉo,,"அன்பு, அக்கரையுடன் விசாரித்தல், ஆதரவு.",Affectionate inquiry; compassionate concern,எம்மேல உனக்கென்ன இவ்வளவு கரிசனொ,,human_behavior,,np,
1277,கரிஞ்சிக்குட்டிக் கீரை,கருஞ்சுக்கிட்டித்தழை,kariñcikkuṭṭik kīrai,karuñcukkiṭṭittaḻai,மணத்தக்காளிக் கீரை | மணத்தக்காளிக்கீரை,Black nightshade greens (Solanum nigrum / Manathakkali greens) | Black nightshade leaves used as edible greens,,,food_cooking | nature_animals,,od,
1278,கரிஞ்சிக்குட்டிச் செடி,,kariñcikkuṭṭic ceṭi,,மணத்தக்காளிச் செடி.,Black nightshade plant (Manathakkali plant),கரிஞ்சிக்குட்டிச்செடி காட்டுல இருக்குதா.,பெயர்ச்சொல்,nature_animals | food_cooking,,pm,
1279,கரித்துணி,,karittuṇi,,கரியும் அழுக்கும் படிந்த பழைய பயனற்ற கந்தல் துணி | சமையலறையில் சூடான பொருட்களை பிடித்து தூக்க உபயோகிக்கும் துணி. | கரீச்சீலை.,Waste cloth to carry/handle cooking pots.,கரித்துணியப் புடிச்சு சட்டியத் தூக்கு இல்லன்னா சுட்டுரு,காண்க,dress_accessories | home_household,,od | np | pm,
1280,கருக்கடை,,karukkaṭai,,பயம்; அக்கறை.,Fear; inward apprehension; concern or scruple,நெஞ்சுல கொஞ்சமாச்சும் கருக்கடை இருக்குதா?,பெயர்ச்சொல்,human_behavior,,pm,
1281,கருக்கருவா,கருக்கரிவாள்,karukkaruvā,karukkarivāḷ,புல் அறுக்கும் (ரம்பம்போன்ற வாய் கொண்ட ) அரிவாள். | புல் அறுக்கும் கருக்கு முனை கொண்ட ஆயுதம்.,Serrated grass-cutting sickle,கருக்கரிவாள எடுத்தா. கொஞ்சம் பில்லறுத்தாரன். | கருக்கருவா எடுத்தா பில்லு அறுக்கலாம்,பெயர்ச்சொல்,farming_livestock,,np | pm,
1282,கருக்கருவாள்,,karukkaruvāḷ,,"பொதுவாக சிறிய இலை, தழைகளை அறுக்கப் பயன்படுவது",Small Sickle with grooved edges used to cut small crops,,,farming_livestock,,od,
1283,கருக்கல்,கருக்கலு,karukkal,karukkalu,மழை பெய்யத் திரளும் மேகம். | மேகம்.(1) | அதிகாலைப் பொழுது.(2),Gathering rain clouds; twilight or dawn before sunrise,மானத்துல கருக்கல் கட்டீருச்சு. | கருக்கலு இப்பிடி கட்டிருக்கு மழ வரும் | கருக்கல்லயே எங்கியோ கெளம்பிட்ட,பெயர்ச்சொல்,time_seasons | nature_animals,,pm | np,
1284,கருக்காம்பட்டை,,karukkāmpaṭṭai,,பனைமரத்தின் கூர்மையான பட்டை அல்லது மட்டை விளிம்பு.,Sharp serrated edge of palmyra leaf stalk,கருக்காம்பட்டையில கைய அறுத்துக்காதே.,பெயர்ச்சொல்,nature_animals | farming_livestock,பொருள் உறுதிப்படுத்தப்படவில்லை (AI உருவாக்கம்) · Meaning not verified (AI generated),od,
1285,கருக்காய்,,karukkāy,,குறையுள்ள நெல்மணிகள் | பாளை நெல். | நெல்லில் வரும் பாளை.,Chaff; unfilled or underdeveloped grain husks,கருக்காயத் தூத்தி எடுத்திரு. | கருக்காயத் தூத்தி எடுக்கணும்,பெயர்ச்சொல்,farming_livestock,,od | pm | np,
1286,கருக்கு,,karukku,,பனம்பட்டையின் இருபுறமும் (ரம்பம் போல் ) இருக்கும் அறுக்கும் பல் .(1) | பனைமரக் கன்று.(2),Serrated sharp edge on sides of palm leaf stalk | Young palmyra sprout,கருக்குப் பட்டரப் போவுது. கிழிச்சிப்புடும். | அந்தக் கருக்குல ஓல வெட்டியாச்சா.,பெயர்ச்சொல்,nature_animals | farming_livestock,,pm,
1287,கருக்கு (தல்),,karukku (tal),,தீய்த்தல்.,Singeing or scorching (e.g. hair of goat's trotters over fire),ஆட்டுக்கால நல்லா கருக்குடா.,வினைச்சொல்,action_verbs | food_cooking,,pm,
1288,கருக்கு நேரொ,,karukku nēro,,மாலை நேரம்.,Dusk; twilight hour,கருக்க நேரத்துல எங்க கெளம்பிட்ட,,time_seasons,,np,
1289,கருக்கு வை (த்தல்),,karukku vai (ttal),,கருக்கரிவாளின் மொன்னையாகிவிட்ட வாய்ப்பகுதியில் மீண்டும் பல் ஏற்படுத்துதல்.,Sharpening or re-grooving teeth of a serrated sickle,இந்த அரிவாளுக்குக் கருக்கு வெக்கோனும்.,வினைச்சொல்,action_verbs | farming_livestock,,pm,
1290,கருக்குணு,,karukkuṇu,,பகீரென்று.,Startled shock; sudden sinking feeling in the chest,எனக்கு அப்பிடியே கருக்குனு ஆயிருச்சு,,body_health | human_behavior,,np,
1291,கருக்குத்தடி,,karukkuttaṭi,,ஏரில் கலப்பையையும் நுகத்தையும் இணைப்பதற்காகக் கலப்பையில் செருகப்பட்டிருக்கும் திண்மையான மரக்கம்பு.,Sturdy wooden connecting pole linking plow body to yoke,இந்தக் கருக்குத் தடிய நொகத்துல கட்டு.,பெயர்ச்சொல்,farming_livestock,,pm,
1292,கருக்குதாரு,,karukkutāru,,பனம்பட்டையின் இருபுறமும் உள்ள கூர்மையான பல்வரிசை.,Serrated fiber edge of a palmyra stalk,கருக்குநார்ல கையெ கிழிச்சுக்கிட்டெ,,nature_animals | farming_livestock,,np,
1293,கருக்கோலை,,karukkōlai,,பனங்கற்றின் ஓலை.,Leaf of a young palmyra palm tree,கருக்கோல இருந்தாப் போதும். மறுப்புக் கட்டீரலாம்.,பெயர்ச்சொல்,nature_animals | farming_livestock,,pm,
1294,கருகமணி,,karukamaṇi,,கன்னிமார் என்னும் சிறு தெய்வங்களுக்குக் கழுத்தில் போடும் அணிகலன்,Black bead necklace offered to the Kannimar guardian deities,காதோல கருகமணி போடறன்னு வேண்டிக்கிட்டிருக்கறன்.,பெயர்ச்சொல்,festival_religion | dress_accessories,,pm,
1295,கருகருனு,,karukaruṉu,,கருமையான.,Deep dark; pitch dark or heavily overcast sky,வானம் கருகருனு இருக்கு மழ வரப்போகுது,,nature_animals | speech_phrase,,np,
1296,கருகும்னு,,karukumṉu,,பயங்கர இருட்டு.,Pitch dark; gloomily dark,ஓரே கருகும்னு இருக்குது வெளக்க பத்த வெக்கவேண்டியதுதானெ,,nature_animals | speech_phrase,,np,
1297,கருங்காத்து,,karuṅkāttu,,அதிக ஈரப்பதத்துடன் வீசும் காற்று.,Humid chilly damp wind,,,nature_animals | time_seasons,,np,
1298,கருஞ்சுக்கிட்டி,,karuñcukkiṭṭi,,மணத்தக்காளி.,Black nightshade berry / plant (Manathakkali),கருஞ்சுக்கிட்டி கீரை தின்னா உடம்புக்கு நல்லது,,nature_animals | food_cooking,,np,
1299,கருத்து,,karuttu,,அக்கறை.,Attentiveness; deep care; earnest concern,வேலையில் கருத்தா இருப்பான்.,பெயர்ச்சொல்,human_behavior,,pm,
1300,கருது,,karutu,,தானியக்கதிர். | தானியக் கதிர்.(1) | ஏற்ற உருளையின் அச்சு .(2),Earhead of grain (sorghum / corn) | Spindle or axle of a water-lifting pulley,"மக்காச்சோளக் கருது அடிக்கணும் | சோளப் பயிர்ல நல்லா கருது வந்துருக்கதா. | கருதுக்குக் கொஞ்சம் தண்ணியடி, கீச்சுகீச்சுன்னு சத்தம் போடுது.",பெயர்ச்சொல்,farming_livestock,,np | pm,
1301,கருநாக்கு,,karunākku,,நாக்கில் கருமையாக இருப்பது. இவர்கள் ஏதாவது கூறினால் பலிக்கும் என்பது ஐதீகம்.,Black tongue; person believed to possess omenous tongue whose utterances come true,கரு நாக்குக் காரன் சொல்லும் சொல்லுலெ விழுகாதெ,,human_behavior | festival_religion,,np | pm,
1302,கருப்பு,,karuppu,,கருமாதி (ஈமச்சடங்கு) | பிசாசு .(1) | இறப்பினால் ஏற்படும் தீட்டு . காண்க : கருப்புக் கழித்தல் .(2) | பஞ்சம் .(3),Memorial funeral feast | Evil spirit | Death ritual pollution | Famine,ஏதாச்சும் கருப்பு அண்டிருக்கும். | ஒரு போர்த்தட்டு இருக்கங்காட்டி மேவ கருப்பத்துப் போச்சு.,பெயர்ச்சொல்,festival_religion,,od | pm,
1303,கருப்புக் கழித்தல்,,karuppuk kaḻittal,,பங்காளி வீட்டுச் சாவுக்காக எண்ணெயும் அரப்பும் சேர்த்துக் குளித்துத் தீட்டுக் கழித்தல்.,Ritual purification bath using oil and arappu powder to cleanse death pollution,கழிச்சுப்புட்டாதீந்தது.,வினைச்சொல்,festival_religion,,pm,
1304,கரும்பிலிகுட்டி,,karumpilikuṭṭi,,கறுப்புநிற ஆட்டுக் குட்டி.,Black-colored baby goat / lamb,கரும்பிலிகுட்டியப் புடிச்சிக் கட்டு,,farming_livestock | nature_animals,,np,
1305,கரும்புச் சக்கரை,,karumpuc cakkarai,,வெல்லத்தை உடைத்துச் செய்யப்படும் சர்க்கரை /ஜாஃகிரி,Unrefined country sugar made from jaggery,,,food_cooking,,od,
1306,கருமருந்து,,karumaruntu,,திருநீறு. | திருநீறு ( சாமியாடுபவர்கள் - வழக்கு ).,Sacred ash (vibhuti) in ritual folk medium dialect,இவ்வளவு கருமருந்து பூசியிருக்கற | கருமருந்த வாயில போட்டுக்கோ.,பெயர்ச்சொல்,festival_religion,,np | pm,
1307,கருமழை,,karumaḻai,,சூரிய வெளிச்சம் மறைத்து பெய்யும் மழை.,Heavy torrential dark rain that obscures sunlight,,,nature_animals | time_seasons,,np,
1308,கருமன்,,karumaṉ,,பன்றி,Boar; wild or domestic pig,,,nature_animals,,od,
1309,கருமாதி,,karumāti,,இறந்தவர்களுக்கு செய்யும் ஈமச்சடங்கு.,Final obsequies; funeral ritual ceremony performed for the deceased,ஞாயித்துக்கெழமெ கருமாதி வெச்சிருக்குது எல்லாரு வந்துருங்கெ,,festival_religion,,np,
1310,கருமாந்தரம்,,karumāntaram,,திட்டுச் சொல். கொடுஞ்செயல் நிரம்பியவன்/ ள்.,Evil omen; foul deed; curse word for an atrocious person,இந்தக் கருமாந்தரம் எதுக்கு வந்தது.,பெயர்ச்சொல்,human_behavior | speech_phrase,,pm,
1311,கருமாந்திரம்,,karumāntiram,,கருமாதி என்பதாக இருக்கலாம் | திட்டும் சொல்,Abusive exclamation referring to something detestable or accursed,"பிடிக்காத ஒரு நிகழ்வில் கருமாந்திரம், கெரகம் என்ற இரண்டு சொற்களும் அடிக்கடி உபயோகிக்கப் படும் (கருமாந்திரம் புடிச்சது)",,festival_religion | human_behavior,,od,
1312,கருமானக்காரி,,karumāṉakkāri,,சிக்கனக்காரி.,Thrifty and frugal woman,,,human_behavior,,np,
1313,கருமானம்,,karumāṉam,,காசை கருத்துடன் செலவழிக்கும் சிக்கனம்.,Prudence; careful management of money; frugality,அவ நல்லா கருமானம் உள்ளவ.,பெயர்ச்சொல்,human_behavior,,pm,
1314,கருமுசுன்னு,,karumucuṉṉu,,கோபம்.,Frowning with anger; showing an irritated scowl,கருமுசுன்னு இருக்குது எங்கெ போற,,human_behavior | speech_phrase,,np,
1315,கருவாப்பில்லு,,karuvāppillu,,கறிவேப்பிலை.,Curry leaves (Kariveppilai),கருவாப்பில்லு கொஞ்சோ அணுங்கீட்டு வா,,food_cooking | nature_animals,,np,
1316,கருவாயன்,,karuvāyaṉ,,கருப்பு நிறமுடையவன்.,Dark-complexioned boy or man,அந்தக் கருவாயன் எங்க போனான்.,பெயர்ச்சொல்,human_behavior,,pm,
1317,கருவிழிச்சுப் போ (தல்),,karuviḻiccup pō (tal),,கண்ணுக்குக் கீழே கருவளையம் விழுந்து இளைத்துப் போதல்,Developing dark circles under eyes from emaciation or illness,ஆளுகருவிழிச்சுப் போயிட்டான்.,வினைச்சொல்,body_health | human_behavior,,pm,
1318,கருவுத்தடி,,karuvuttaṭi,,"ஏரில் கலப்பையையும், நுகத்தையும் இணைப்பதற்கு கலப்பையில் சொருகப்பட்டிருக்கும் நீண்ட மரம். | கருக்குத்தடி.",Thick wooden pole connecting the plow share to the yoke (plow shaft),கருவுத்தடியெ இழுத்து நுகத்துல கட்டு,காண்க,farming_livestock,,np | pm,
1319,கரெ,,kare,,"தொண்டி, தாயம் போன்ற விளையாட்டுகளை விளையாடுவதற்கு போடும் கோடு.",Boundary line drawn for traditional courtyard games like thondi or dayam,கரெய நல்லா தீண்டியுடு,,home_household,,np,
1320,கரெறும்பு,,kareṟumpu,,கறுநிறமுடைய எறும்பு.,Black ant,எங்கிருந்தோ கரெறும்பு கூட்டமா வந்திருச்சு.,பெயர்ச்சொல்,nature_animals,,pm,
1321,கரையேனு,,karaiyēṉu,,கருப்பு வர்ணத்தை அழுத்தமாகக் கூறுதல்.,Jet black; deeply dark color,கரையேனு இருக்குது மழை வரும்போல தெரியுது,,nature_animals | speech_phrase,,np,
1322,கல்பிமடையான்,,kalpimaṭaiyāṉ,,ஒரு வகை நெல்.,Traditional native variety of paddy,,,farming_livestock | nature_animals,,np,
1323,கல்மாரி,,kalmāri,,மழை வரும்போது விழும் பெரிய பனிக்கட்டி. | ஆலங்கட்டி மழை.,Hailstorm; rain accompanied by hailstones,கல்மாரி மழை உழுவது | கல்மாரி உழுவுது. பொறுக்கலாமா.,பெயர்ச்சொல்,nature_animals | time_seasons,,np | pm,
1324,கல்லங்குமிட்டி,,kallaṅkumiṭṭi,,வெள்ளைப் பூவைக் கொண்ட ஒருவகைக் கீரை.,Wild edible greens with white flowers growing on stony land,கல்லக்காட்டுல கல்லங்குமிட்டி நெறைய மொளச்சிருக்கு.,பெயர்ச்சொல்,nature_animals | food_cooking,,pm,
1325,கல்லங்கொளுஞ்சி,,kallaṅkoḷuñci,,கொளஞ்சிச் செடியின் வகைகளுள் ஒன்று.,Stony wild kolunji plant (Tephrosia),கல்லங்கொளுஞ்சிதான் குமிஞ்சு கெடக்குது.,பெயர்ச்சொல்,nature_animals | farming_livestock,,pm,
1326,கல்லடுப்பு,,kallaṭuppu,,பெரிய கற்களை முக்கூட்டாக வைத்து உருவாக்கப்படும் அடுப்பு.,Open campfire stove made by arranging three large stones,கல்லடுப்புக் கூட்டிப் பொங்க வெச்சம்.,பெயர்ச்சொல்,home_household | food_cooking,,pm,
1327,கல்லாங்காடு,,kallāṅkāṭu,,கல் நிறைந்த பூமி.,Stony or gravelly uncultivated wasteland,கல்லாங்காட்டுலெ பாரு ஆடு மேயுதான்னு,,farming_livestock | place_direction,,np,
1328,கல்லாங்குழி,,kallāṅkuḻi,,கற்களை நிறைத்து அதற்கு இடையில் உண்டாக் கப்பட்டிருக்கும் ( கல்லெலியின் ) வளை.,Underground burrow built among stones by stony-field mice,கல்லாங்குழியில காலவெச்சராத,பெயர்ச்சொல்,nature_animals,,pm,
1329,கல்லாங்குழிப்புண்,,kallāṅkuḻippuṇ,,(கல்லெலியின் வளையை மிதித்து விட்டதால் வரும் என நம்பப்படும் ) சிறுசிறு கொப்புளங்கள் நிறைந்திருக்கும் புண்.,Blister-like sores or boils on feet attributed to stepping on stony rat burrows,கல்லாங்குழிப் புண்ணு வந்திடுச்சு அவனுக்கு.,பெயர்ச்சொல்,body_health,,pm,
1330,கல்லாபெட்டி,,kallāpeṭṭi,,கடைகளில் பணம் போட்டு வைத்திருக்கும் பெட்டி.,Cash box or cash counter drawer in shops,கல்லாப்பெட்டில பணமிருக்குது எடுத்தாந்து வா,,home_household,,np,
1331,கல்லுக்கட்டு,,kallukkaṭṭu,,கற்களை வரிசையாக அடுக்கி வைத்திருத்தல். | ஏற்றம் வைப்பதற்காகக் கிணற்றில் கல்லினால் கட்டப்பட்ட சுவர்.,Stone masonry wall built in a well for mounting water-lift (ettram),கல்லுக் கட்டில பாம்பு எத்தாச்சோறு இருக்குது | கல்லுக்கட்டுல ஏறி நின்னு பாத்தாத் தெரியும்.,பெயர்ச்சொல்,farming_livestock | home_household,,od | np | pm,
1332,கல்லுக்கண்டு,,kallukkaṇṭu,,இனிப்பு சுவையுடைய கற்கண்டு.,Sugar candy / rock candy,,,food_cooking,,np,
1333,கல்லுமுடி,,kallumuṭi,,எளிதில் அவிழ்க்க முடியாதபடி போடப்பட்ட முடிச்சு.,"Tight, hard knot that is difficult to untie",கல்லுமுடி போட்டு வெச்சுட்டா எப்படி அவுக்கறது.,பெயர்ச்சொல்,home_household | human_behavior,,pm,
1334,கல்லுளி,,kalluḷi,,கல் உடைக்கப் பயன்படும் உளி.,Stone-mason's chisel,அந்தக் கல்லுளிய எடுத்தா.,பெயர்ச்சொல்,home_household,,pm,
1335,கல்லுளிமங்கெ,,kalluḷimaṅke,,மனதில் ஒன்றும் பதிய வைத்துக்கொள்ள முடியாதவன்.,Thick-headed or stubborn person incapable of grasping anything,சுத்த கல்லுளி மங்கனா இருக்குற,,human_behavior,,np,
1336,கல்லெடுப்பான்,,kalleṭuppāṉ,,"நடுவில் கற்களைக் கூட்டமாக வைத்து விட்டு அதை ஒருவன் காக்க, நாற்புறமும் இருந்து அவனை ஏமாற்றிக் கல்லை எடுக்க முயலும் சிறுவர் விளையாட்டு.",Traditional children's outdoor game of stone-guarding and snatching,நாங்க கல்லெடுப்பான் வௌயாடப்போறம்.,பெயர்ச்சொல்,human_behavior,,pm,
1337,கல்லெலி,,kalleli,,சுற்றிலும் கற்களைப் பரப்பி அதனூடே வளை ஏற்படுத்தி வசிக்கும் ஒருவகை எலி.,Species of rat that burrows under loose rock piles,கல்லெலி இருக்குமாட்டந்தெரீது. அதான் இத்தன கல்லுக்கெடக்குது.,பெயர்ச்சொல்,nature_animals,,pm,
1338,கல்லெறி தூரொ,,kalleṟi tūro,,கல்லை எறியும் தூரம்.,Stone's throw away; very short distance,கல்லெறி தூரத்துலதே அவங்க வீடு இருக்குது,,place_direction | measure_units,,np,
1339,கல்றெ,கல்றை,kalṟe,kalṟai,"குருணையும், கற்களும் கலந்த கலவை. | குருணையும் கற்களும் கலந்த கலவை.",Mixture of broken rice and grit / tiny gravel stones,அரிசில கல்றையாக் கெடக்குது | இந்தக் கல்றைய வெச்சிக்கிட்டு எப்படிச் சோறாக்கறது.,,food_cooking,,np | pm,
1340,கலசொ,,kalaco,,சிறிய மண் பானை.,Small ornamental clay pot or ceremonial brass vessel,கலசத்துக்குள்ள பாரு காசு இருக்கு,,home_household | festival_religion,,np,
1341,கலப்பெ,கலப்பை,kalappe,kalappai,ஏர் உழுவதற்கு பயன்படும் மரத்தாலான முன்புறம் கூர்மையான மரக்கட்டை.,Traditional wooden plow with pointed metal or wooden share,கலப்பைய நல்லா ஊனி ஏரோட்டு,,farming_livestock,,np | od,
1342,கலயப்பானெ,கலயப்பானை,kalayappāṉe,kalayappāṉai,அடிப்பகுதி அகன்றும் வாய்ப்பகுதி குறுகியும் உள்ள சிறு பானை. | அடிப்பகுதி அகன்று வாய்ப்பகுதி குறுகியும் உள்ள சிறுபானை.,Small earthen pot with wide belly and narrow mouth,கலயப் பானைய எடுத்தா | கலயப் பானையத் தூக்கியா.,,home_household | food_cooking,,np | pm,
1343,கலயம்,,kalayam,,கலயப் பானை.,Small round earthen pot with narrow neck,,காண்க,home_household,,pm,
1344,கலியாணொ,,kaliyāṇo,,திருமணம்.,Marriage; wedding ceremony,ஒரு கலியாணங்காச்சி உண்டா ஒண்ணா,,festival_religion | kinship,,np,
1345,கவ்வாத்து,,kavvāttu,,மரக்கிளையை வெட்டுதல்.,Pruning or lopping branches of trees,மரத்தெ கவ்வாத்து செய்யொணும்,,farming_livestock | action_verbs,,np,
1346,கவ்வுதல்,,kavvutal,,வாயால் கடிப்பது.,Biting or gripping firmly with teeth or jaws,நாய் என்னத்தெ இப்பிடி கவ்விகிட்டு ஓடுது,,action_verbs | nature_animals,,np,
1347,கவ்வெ,கவ்வை கோலு | கவ்வை,kavve,kavvai kōlu | kavvai,குச்சி | இரண்டாக பிரியும் மரத்தின் கிளைப் பகுதி.,V Forked stick,கவ்வெக் குச்சிய எடுத்துட்டு வா,,home_household,,od | np,253.png
1348,கவட்டி,,kavaṭṭi,,இரண்டாக விரிந்து செல்லும் குச்சி | மரக்கோல் முதலியவை இரண்டாகப் பிளவு பட்டிருக்கும் தன்மை.,Forked branch of a tree; bifurcated stick,கவட்டியாப் பாத்து வெட்டிப்போடு.,பெயர்ச்சொல்,home_household | nature_animals,,od | pm,
1349,கவண்,,kavaṇ,,குருவிகளை விரட்டப் பயன்படுவது; நடுவில் கல் வைத்து வீசும் கவண் கயிறு.,Sling (traditional rope sling used to scare birds from crops),கவண் வச்சு காட்டுல காக்கா குருவிய ஓட்டு.,பெயர்ச்சொல்,farming_livestock,கயிற்றில் செய்யப்பட்ட நடுவில் ஒரு கல் வைத்து வீசுமளவுக்கு அகலம் உள்ளவாறு அமைக்கப்பட்டது.,od,
1350,கவலை ஓட்டுதல்,கவலையோட்டுதல் | கவலையோட்றது,kavalai ōṭṭutal,kavalaiyōṭṭutal | kavalaiyōṭṟatu,மாடுகளைக் கொண்டு கபிலை அல்லது கவலை மூலம் கிணற்றிலிருந்து தண்ணீர் இறைத்தல்.,Bailing water from well using bullock-drawn leather/metal bucket (kavalai),கவலை ஓட்டப்போவோணும். | கெணத்துலெ கவலையோட்டோனும். | கவலையோட்டி நாத்துப்பாவி தண்ணி பாய்ச்சினோம்.,வினைச்சொல்,farming_livestock,,od | pm | np,
1351,கவிட்டி,,kaviṭṭi,,கவட்டி,Bifurcated tree branch / forked stick,,காண்க,home_household | nature_animals,,pm,
1352,கவிட்டிகுச்சி,,kaviṭṭikucci,,குச்சி | இரண்டாக பிரியும் மரத்தின் கிளைப் பகுதி.,V Forked stick,கவ்வெக் குச்சிய எடுத்துட்டு வா,,home_household,காண்க: கவ்வை,np,
1353,கவுச்சி,,kavucci,,"நாற்றம். | துர்நாற்றம் .(1) | மீன் , இறைச்சி முதலியன .(2)",Fishy or raw meat odor; stench,இந்த எடத்துலெ மீனுக் கவுச்சி அடிக்கிது | அந்தப் பக்கம் கவுச்சி அடிக்குது. | உங்கூட்ல இன்னக்கிக் கவுச்சி எடுக்கறீங்களா.,பெயர்ச்சொல்,food_cooking | body_health,,np | pm,
1354,கவுட்டி,,kavuṭṭi,,கவை மரம்; கவட்டை வடிவிலான பெரிய மரக் கொம்பு.,V like Wooden stick large.,,பெயர்ச்சொல்,home_household | farming_livestock,பொருள் உறுதிப்படுத்தப்படவில்லை (AI உருவாக்கம்) · Meaning not verified (AI generated),od,
1355,கவுண்,,kavuṇ,,கயிற்றில் கட்டப்பட்ட பட்டையான தோலில் கல்லை வைத்து சுழற்றி வீசி எறியும் சிறு கருவி. விவசாயிகள் இதை வைத்து பறவைகளை விரட்டுவர்.,Sling fashioned from leather and rope used by farmers to fling stones and scare birds,,,farming_livestock,,np,
1356,கவுண்டிக்கை,,kavuṇṭikkai,,அதிகாரம் செய்யும் தோரணை.,Overbearing demeanor; behaving like an authoritative village chieftain,அடேங்கப்பா. அவம் பண்ற கவுண்டிக்கை இருக்குதே.,பெயர்ச்சொல்,human_behavior,,pm,
1357,கவுத்தெ,,kavutte,,கயிற்றை.,Rope,கவுத்தெ நல்லா இறுக்கிக் கட்டு,,farming_livestock | home_household,,np,
1358,கவுந்துருச்சு,,kavunturuccu,,கவிழ்ந்துவிட்டது.,Capsized; overturned or fallen upside down,அங்கே ரெயிலு கவுந்துருச்சாமா,,action_verbs,,np,
1359,கவுரத்தி,,kavuratti,,கௌரவம்.,Sense of self-pride; aristocratic prestige,உனக்கு கவுரத்தி அதிகமாகப் போச்சு,,human_behavior,,np,
1360,கவுளி,,kavuḷi,,வெற்றிலைக்கட்டு அளவு. | நூற்றி நான்கு எண்ணிக்கை கொண்ட வெற்றிலை அளவு.,Traditional unit of counting betel leaves (bundle of 104 betel leaves),அம்பது கவுளி வெத்தலெயாச்ச | ஒரு கவுளி வெத்தல வாங்கியா.,பெயர்ச்சொல்,measure_units | food_cooking,,np | pm,
1361,கவுறு வாய்க்கால்,,kavuṟu vāykkāl,,சிறு பாசன வாய்க்கால்.,Narrow feeder channel or rope-straight irrigation canal,கவுறு வாய்க்கால்லெ தண்ணி நெறயாப் போவுது,,farming_livestock | place_direction,,np,
1362,கவை,,kavai,,"( முள், செத்தைகள் போன்றவற்றைச் சேர்த்துத் தள்ள உதவும் ) நுனியில் இரண்டாகப் பிரிந்து செல்லும் நீண்ட மரக்கோல்.",Long forked wooden pole used to push thorny branches and dry leaves,அந்தக் கவைய எடுத்தாந்து செத்தயெல்லாம் சேர்த்துத்தள்ளு.,பெயர்ச்சொல்,farming_livestock | home_household,,pm,
1363,கவைக்கோல்,கவ்வக்கோல்,kavaikkōl,kavvakkōl,முனையில் இரண்டாக பிரிக்கப்பட்ட குச்சி | கவை,Forked stick / bifurcated branch rod,,காண்க,farming_livestock | home_household,,od | pm,
1364,கழஞ்சு,,kaḻañcu,,அரிசியை நீரில் கழுவுவது,Washing rice in water before cooking,,,food_cooking | action_verbs,,od,
1365,கழத விரியன்,,kaḻata viriyaṉ,,விரியன். பாம்பின் ஒரு வகை.,Russell's viper / saw-scaled viper snake known for surviving multiple strikes,கழத விரியன் எப்பிடி அடிச்சாலும் சீக்கிரம் சாவாது.,பெயர்ச்சொல்,nature_animals,,pm,
1366,கழி,,kaḻi,,"ஏரிலோ, வண்டியிலோ பூட்டப் பட்டிருக்கும் மாடுகள் திரும்பிக் கொள்ளுதல்.(1) | கழிச்சுப் போடுதல் திருஷ்டி கழித்தல்.(2) | வண்டியிலோ ஏரிலோ பூட்டப்பட்டுள்ள மாடுகள் நிலையில் நிற்காமல் மிரண்டு திரும்பிக் கொள்ளுதல்",Ox turning back out of line while hitched to cart or plow | Performing evil-eye ritual,மாடு கழி போட்டுக்குச்சு பாரு | கொழந்தைக்கு கொஞ்ச கழிச்சுப் போடு கண்ணு பட்ருக்கப்போவுது | எடத்துமாடு கழிப்போட்டுக்கிரிச்சு. அதான் அவுத்துட்டுட்டன்.,பெயர்ச்சொல்,farming_livestock | festival_religion,,np | pm,
1367,கழி (தல்),,kaḻi (tal),,வயிற்றெடுப்பின் காரணமாக நீர் போல மலம் செல்லுதல்.,Diarrheal purging; watery bowel movement,ஆளு காலோட கழிஞ்சிட்டுக் கெடக்கறான்.,வினைச்சொல்,body_health | action_verbs,,pm,
1368,கழிக்குச்சி,,kaḻikkucci,,"வண்டி நுகத்தில் பூட்டப்பட்ட மாடு, (திரும்பி விடாமலிருக்க) கழுத்தின் இருபுறத்திலும் இருக்குமாறு போடப்பட்டிருக்கும் குச்சி.",Peg inserted on yoke to keep the ox's neck straight and prevent turning back,கழிக்குச்சியக் கழட்டி எங்கயோ எறிஞ்சிட்டாங்க இந்தப் பசங்க.,பெயர்ச்சொல்,farming_livestock,,pm,
1369,கழிச்சல்,,kaḻiccal,,வயிற்றுப் போக்கு.,Dysentery; acute diarrhea,அவனுக்கு கழிச்சல் கண்டுட்டுது.,பெயர்ச்சொல்,body_health,,pm,
1370,கழிச்சிக்காய்,,kaḻiccikkāy,,சிறுவர்களின் விளையாட்டு.,Traditional children's game played with round wild nuts or pebbles,கழிச்சிக்காய் ஆடிக்கிட்டு சோத்துக்குக்கூட வர மாட்டீங்கறாங்க.,பெயர்ச்சொல்,human_behavior,,pm,
1371,கழிச்சுடறது,,kaḻiccuṭaṟatu,,கணவன் மனைவி பிரித்து விடுதல்.,Formal separation or divorce of husband and wife,,,kinship | human_behavior,,np,
1372,கழிச்சுப் போடு (தல்),,kaḻiccup pōṭu (tal),,"திருஷ்டி, செய்வினை போன்றவற்றிற்குப் பரிகாரம் செய்து ( எலுமிச்சை, மிளகாய், காசு போன்ற பொருள்களை ) முச்சந்தியில் போடுதல் | நல்ல தட்டைகளைப் பொறுக்கித் தின்றுவிட்டு மோசமானவற போட்டுவிடுதல்",Casting evil-eye wards at a crossroads | Livestock rejecting bad fodder stalks,"அங்க கழிச்சுப் போட்டுருக்குது முதிச்சுப்புடாத, | இந்த மாடு எத்தன தட்டக் கழிச்சுப் போட்டுருக்குது பாரு.",வினைச்சொல்,festival_religion | farming_livestock,,pm,
1373,கழிசல்,,kaḻical,,தீவனக் குப்பை. மாடுகள் தின்னாமல் கட்டுத்தறியில் சிதறிக் கிடக்கும் சிறுசிறு தட்டைக் கோல்கள்.,Discarded refuse stalks left uneaten by cattle in the feeding stall,அந்தக் கழிசல பொறுக்கிப்போடு.,பெயர்ச்சொல்,farming_livestock,,pm,
1374,கழிஞ்சிக்கல்,,kaḻiñcikkal,,சிறுமிகள் விளையாடும் ஒருவகை விளையாட்டு.,Traditional pebble tossing game played by girls,கழிஞ்சிக்கல் வெளையாட லாமா,,human_behavior,,np,
1375,கழித்துக் கட்டுதல்,,kaḻittuk kaṭṭutal,,மனைவிக்குப் பணமோ சொத்தோ கொடுத்துப் பொது மனிதர் முன்னிலையில் திருமணத்தை ரத்து செய்துவிடுதல்,Granting traditional separation/divorce settlement before community elders,அவளக் கழிச்சுக் கட்டிப் புட்டானாமல்லொ.,வினைச்சொல்,kinship | human_behavior,,pm,
1376,கழிதட்டு,,kaḻitaṭṭu,,மாடுகள் தின்னாமல் கழிக்கும் தீவனத்தட்டை. | கழிசல்,Fodder stalks discarded and left uneaten by livestock,கட்டுத் தறிலருந்து கழிதட்ட வெளிய அள்ளிப் போடு,காண்க,farming_livestock,,np | pm,
1377,கழிமட,,kaḻimaṭa,,தண்ணீர் கடைசியாக சென்று சேரும் மடை.,Tail-end irrigation sluice where water finally drains,கழிமட தண்ணி திருப்பியாம்,,farming_livestock | place_direction,,np,
1378,கழிவு கொப்பு,,kaḻivu koppu,,நெல் வயலில் எஞ்சியுள்ள தண்ணீர் செல்லும் வாய்க்கால்.,Tail-end drainage outlet channel in paddy fields,கழிவு கொப்புல தண்ணி நெறையப் போவுது.,பெயர்ச்சொல்,farming_livestock | place_direction,,pm,
1379,கழுத்துக்கட்டி,,kaḻuttukkaṭṭi,,வண்டியில் மாட்டைக் கட்டுவதற்காக கழுத்தில் பிணைக்கப்பட்டிருக்கும் கயிறு. | கட்டுவதற்காக மாடுகளின் கழுத்தில் களிக்குச்சி பிணைக்கப்பட்டிருக்கும் கயிறு.,Neck rope binding the ox's neck to the yoke and neck peg on a cart,கழுத்துக்கட்டிய அவுத்துவிடு | மாட்டுக்குக் கழுத்துக்கட்டிய நல்லா தளக்கமா உடு.,பெயர்ச்சொல்,farming_livestock,,np | pm,
1380,கழுத்தேர்,,kaḻuttēr,,வரிசையில் இரண்டாவதாகச் செல்லும் ஏர்.,The second plow moving in line during team plowing,கழுத்தேர நிக்கச் சொல்லு.,பெயர்ச்சொல்,farming_livestock,,pm,
1381,கழுமுண்டராயன்,,kaḻumuṇṭarāyaṉ,,ஆஜானுபாகுவான மனிதன்,"Heavily built, tall and muscular person",அவனுக்கென்ன கழுமுண்டராயன் மாதிரி இருக்கறான் என்று சொல்வது வழக்கு,,body_health | human_behavior,,od,
1382,கள்ளக்கா,கல்லக்காய் | கள்ளக்காய்,kaḷḷakkā,kallakkāy | kaḷḷakkāy,நிலக்கடலை | வேர்க்கடலை,"Groundnut, peanut",கல்லக்காய்க்கு களவெட்டி உட்டாச்சா. | கள்ளக்காயெல்லாம் புடுங்கிப் பாச்சா.,பெயர்ச்சொல்,food_cooking | farming_livestock,,od | pm | np,
1383,கள்ளங்கண்டுக்குவெ,,kaḷḷaṅkaṇṭukkuve,,முன்கூட்டி அறிந்து கொள்ளல்.,Detecting beforehand; discovering sly intentions in advance,இப்படிப் போனா கள்ளங்கண்டுக்குவெ,,human_behavior | action_verbs,,np,
1384,கள்ளத்தும்பு,,kaḷḷattumpu,,மூக்கணாங்கயிற்றையும் திருகாணியையும் இணைக்கும் தும்பு.,Small cord connecting the ox's nose-rope to the swivel pin,கள்ளத்தும்பு நல்லாப் போட்டிருக்கறயா.,பெயர்ச்சொல்,farming_livestock,,pm,
1385,கள்ளீத்தண்ணி,,kaḷḷīttaṇṇi,,அரிசி கழுவிய நீர்.,"Water washed over raw rice, given to livestock as nutritious feed",கள்ளீத்தண்ணிய எடுத்தாந்து மாட்டுக்கு ஊத்து,,farming_livestock | food_cooking,,np,
1386,கள்ளுத்தண்ணி,கள்ளத்தண்ணி,kaḷḷuttaṇṇi,kaḷḷattaṇṇi,கள்.,Toddy; country palm liquor | Fermented toddy / country liquor,கள்ளுத் தண்ணி குடிச்சா உடம்புக்கு நல்லது | இத்தனூண்டு கள்ளுத்தண்ணி குடிக்கப் போனன்.,,food_cooking,,np | pm,
1387,கள்ளுத்தெளுவு,,kaḷḷutteḷuvu,,கள்ளுத்தண்ணி.,Clarified top layer of freshly fermented toddy,,காண்க,food_cooking,,pm,
1388,களக்கொத்து,,kaḷakkottu,,களைச் செடிகளை வெட்டி எடுப்பதற்கு உதவும் கருவி.,Weeding hoe; small tool used to dig up weeds,இந்தக் களக்கொத்து வெட்டறதுக்கு நல்லாவே இல்ல.,பெயர்ச்சொல்,farming_livestock,,pm,
1389,களகட்டிருச்சு,,kaḷakaṭṭiruccu,,மகிழ்ச்சி பெருக்குடன் கூடிய கூட்டத்தினால் வரும் சிறப்பு.,Gained lively festive buzz; lit up with excitement,கல்யாண வீடு களகட்டிருச்சு,,speech_phrase | human_behavior,,np,
1390,களத்துமேடு,,kaḷattumēṭu,,வீட்டை விட்டு தனியாக இருக்கும் வாசல் | காட்டில் நெல் மற்றும் தானியங்களை காய வைக்கும் இடம்.,Open area near the field where farmers store/dry the grains/haystack,பயிர் வகைகளை பிரித்தெடுக்கப் பயன்படுவது. சேமிப்புக்கும் உதவும் | களத்துமேட்டுல உக்காந்திருப்பான் பாரு,,farming_livestock | place_direction,,od | np,
1391,களம்,,kaḷam,,வாசல்,Threshing yard; spacious open ground in front of house,,,farming_livestock | place_direction,,od,
1392,களரிப்பணம்,,kaḷarippaṇam,,திருமணம் முடிந்த பிறகு பணிசெய் குடிகளுக்கு கொடுக்கப்படும் அன்பளிப்பு.,Traditional customary gift of money given to village artisans after a wedding,,,festival_religion | kinship,,np,
1393,களவாணி,,kaḷavāṇi,,திருடன்.,Thief; petty robber,களவாணிப்பய திருடிட்டுப் போய்ட்டான்,,human_behavior,,np,
1394,களவெட்டு,,kaḷaveṭṭu,,களைவெட்டு; நிலத்தில் உள்ள களைகளை வெட்டி எடுக்கும் வேலை.,Weeding work; cutting and removing weeds from farm fields,இப்பத்தான் களவெட்டு நடந்துக்கிட்டு இருக்குது.,பெயர்ச்சொல்,farming_livestock | action_verbs,,pm,
1395,களி,,kaḷi,,ராகி மாவினால் செய்யப்படும் உணவு.,Traditional cooked finger-millet / ragi porridge ball,களி கெளறி வெச்சிருக்கெ தின்னுட்டுப் போ,,food_cooking,,np,
1396,களிக்குச்சி,,kaḷikkucci,,வண்டியில் மாடு திரும்பிக் கொள்ளாமல் இருக்க நுகத்தில் போடப் படும் குச்சி.,Wooden peg on cart yoke to prevent ox from turning inward,கொழந்தைங்க களிக்குச்சியப் புடிங்கிடப்போகுது.,பெயர்ச்சொல்,farming_livestock,,pm,
1397,களெ,,kaḷe,,பயிர்களுக்கு இடையில் வளரும் தேவையற்ற செடிகள்.,Unwanted weeds growing among crop plants,களை வெட்டுனாத்த பயிரு கொஞ்ச நல்லா இருக்கும்,,farming_livestock | nature_animals,,np,
1398,களையெடுப்பு,,kaḷaiyeṭuppu,,கருவியின்றி கைகளால் ( நெல்வயலில் ) களைகளைப் பிடுங்கும் வேலை.,Manual weeding; pulling weeds with bare hands in paddy fields,களை இன்னக்கித்தாந் தொடங்கிச்சு.,பெயர்ச்சொல்,farming_livestock | action_verbs,,pm,
1399,கறச்சுக்கிரீயா,,kaṟaccukkirīyā,,தயிரை ஊற்றி கரைத்து சாப்பிடுதல்.,Mixing cooked rice with curd/buttermilk to eat,ஏஞ்சாமி தயிரூத்தி கறச்சுக்கிரீயா,,food_cooking | action_verbs,,np,
1400,கறவை,,kaṟavai,,பால் கறக்கும் மாடு.(1) | பால் கறக்கும் வேலை.(2),Milking cow / buffalo | The chore of milking cattle,அந்தக் மாட்டின் கரவய கட்டுத்தர மாத்திக்கட்டு | கறவ முடிஞ்சிடுச்சா.,பெயர்ச்சொல்,farming_livestock,,pm,
1401,கறவைப் பண்டம்,,kaṟavaip paṇṭam,,கறவை.,Milking livestock; milch cattle,,காண்க,farming_livestock,,pm,
1402,கன்னத்தும்பு,,kaṉṉattumpu,,கன்றுகுட்டிகளுக்கு போடும் சிறிய தும்பு.,Small tether rope used for young calves,கன்னுக்கு கன்னத்தும்பு போட்டுடு,,farming_livestock,,np,
1403,கன்னப்பொட்டு,,kaṉṉappoṭṭu,,நெற்றியின் இருபுறங்களிலும் கன்னத்திற்குச் சற்று மேலாக இருக்கும் லேசாகக் குழிவான பகுதி.,Temple area on the side of the forehead just above the cheek,கன்னப் பொட்டுல கல்லுவந்து பட்டுடுச்சு.,பெயர்ச்சொல்,body_health,,pm,
1404,கன்னமிடறது,,kaṉṉamiṭaṟatu,,திருடுவதற்காக சுவற்றில் அடையாளம் பதித்தல்.,Burglars making a breach or mark on a house wall to break in,இந்தாட்டுலெ கன்னமிட்டு திருடிட்டு போயிட்டாங்க,,human_behavior | action_verbs,,np,
1405,கன்னிக்காப்பு,,kaṉṉikkāppu,,முதல்முறையாகப் பறிக்கும் திராட்சைப்பழம்,First grape harvest picked from a newly fruiting vine,,,farming_livestock,,od,
1406,கன்னித் தும்பு,,kaṉṉit tumpu,,புதிய தென்னை நார்; முதன்முதலில் திரிக்கப்படும் கன்னி நார்.,Fresh virgin coir fiber,கன்னித் தும்பு வச்சு வடம் திரிப்பாங்க.,பெயர்ச்சொல்,home_household | farming_livestock,பொருள் உறுதிப்படுத்தப்படவில்லை (AI உருவாக்கம்) · Meaning not verified (AI generated),od,
1407,கன்னிமாங்காய்,,kaṉṉimāṅkāy,,பிஞ்சு மாங்காய்.,Tender raw green mango,கன்னி மாங்கா ஊறுகாய் போட்டா நல்லா இருக்கு,,food_cooking | nature_animals,,np,
1408,கன்னிவெடெ,கன்னிவெடை,kaṉṉiveṭe,kaṉṉiveṭai,முதன்முதலாக முட்டை இடும் கோழி. | முதன் முதலாக முட்டை இடும் கோழி.,Young pullet chicken laying eggs for the first time,"கன்னிவெடைய புடிச்சு கவுத்தி வெய்ய மொட்டு வெக்கும் போல இருக்கு | அது கன்னிவெட, இப்பத்தான் மொட்டு வெக்குது.",,farming_livestock | nature_animals,,np | pm,
1409,கனசரம்,,kaṉacaram,,கரிசனம். ( பழமொழி),Affectionate concern; solicitude,கனசரம் கட்டிக்கிட்டு அழுவுதாம் கட்டிச்சோறு புட்டுக்கிட்டு அழுவுதாம்.,பெயர்ச்சொல்,human_behavior,,pm,
1410,காக்காக் குளியல்,,kākkāk kuḷiyal,,அவசரக் குளியல். | உடம்பு நனையாமல் தண்ணீர் ஊற்றுவது.,Crow's bath; hurried superficial bath without wetting whole body,"இரு, ஒரு காக்கா குளியல் போட்டுட்டு வந்திர்ரன். | கொஞ்சம் பொறு காக்கா குளியலு போட்டுட்டு வந்தற",பெயர்ச்சொல்,body_health | human_behavior,,pm | np,
1411,காக்காபொன்னு,,kākkāpoṉṉu,,கருப்பு நிறத்தில் மின்னும் தன்மையுடையது.,Shiny black mineral flake; black mica / fool's gold,,,nature_animals,,np,
1412,காக்காயி,,kākkāyi,,காகம்.,Crow,காக்காயி கோழிக்குஞ்செ தூக்கிகிட்டு போயிருச்சு,,nature_animals,,np,
1413,காச்சலு,,kāccalu,,காய்ச்சல்.,Fever,காச்சலு வந்து பையெ ரொம்பெ சடவா போயிட்டான்,,body_health,,np,
1414,காசா,,kācā,,"விடாமல், திரும்பத்திரும்ப.",Continuously; repeatedly without ceasing,இது காசா கட்ற சேலை,,speech_phrase | human_behavior,,np,
1415,காசாணி,,kācāṇi,,"நித்திய கல்யாணி, ஒருவகை மலர்.",Madagascar periwinkle flower (Nithyakalyani / Catharanthus roseus),காசாணி மாலெ கட்டோணு,,nature_animals,,np,
1416,காஞ்சுபோரச்சு,,kāñcupōraccu,,காய்ந்து விடுதல்.,Dried up; withered due to drought,மழமில்லாம பயிரெல்லாங் காஞ்ச போச்சு,,nature_animals | farming_livestock,,np,
1417,காட்டம்,காட்டொ,kāṭṭam,kāṭṭo,கோபம் .(1) | அதிகம் காரம் அல்லது உறைப்பு .(2) | கடுமையான.,Intense anger | Severe pungency or spiciness | Harshness,ஆளு ரொம்பக் காட்டமா இருக்கறானாட்டம் தெரீது. | சாராயம் நல்ல காட்டமாஇருக்குது. | ஆளு ரொம்ப காட்டமா இருக்கறான்,பெயர்ச்சொல்,human_behavior | food_cooking,,np | pm,
1418,காட்டுக் கம்பு,காட்டுகம்பு,kāṭṭuk kampu,kāṭṭukampu,புன்செய் நிலங்களில் விளையும் கம்பு (தானியம் ).,Pearl millet grown on rain-fed drylands noted for its distinct aroma,காட்டுக் கம்புனா அதோட மணமே தனிதான். | காட்டுச் கம்பு மணமே தனி,பெயர்ச்சொல்,food_cooking | farming_livestock,,np | pm,
1419,காட்டுக்கத்து,,kāṭṭukkattu,,அதிகமாக சத்தம் போடல். | காடுகளில் தூர தூரமாக வேலை செய்து கொண்டிருப்போர் சத்தமிட்டுப் பேசிக் கொள்ளுதல்:.,Screaming loudly at the top of one's voice across farmlands,காட்டுக்கத்து கத்திகிட்டு இருக்குற காதுல உழுகுதானு பாரு | காட்டுக் கத்துக் கத்தறான்டப்பா.,பெயர்ச்சொல்,speech_phrase | action_verbs,,np | pm,
1420,காடாத்தறது,,kāṭāttaṟatu,,இறப்பு சடங்கு.,Post-cremation ritual of collecting ashes / pacifying funeral ground on third day,,,festival_religion,,np,
1421,காடி,,kāṭi,,கட்டுத்தறியில் மாடுகளுக்குத் தீவனம் போட குறுக்கே மரத்தை போட்டு வைத்தல். | கட்டுத்தறியில் மாடுகளுக்குத் தீவனம் போடும் பகுதி .(1) | பின்பக்கம் துளைவிழாமல் மரக்கட்டைகளில் லேசாகக் குழிவு செய்தல் .(2),Wooden manger or feeding trough for cattle in cowshed | Mortise notch cut in timber,காடியெ மதிக்காத மாடு தட்டு திங்காது | காடிக்குள்ள போடாத. கீழ இத்தன தட்ட எறிஞ்சிருக்கறான். | காடி இன்னங் கொஞ்சம் பெரிசா வேணும்.,பெயர்ச்சொல்,farming_livestock | home_household,,np | pm,
1422,காடி பெருத்துப் போதல்,,kāṭi peruttup pōtal,,மரக்கட்டையில் வேறொன்றை வைத்து இணைப்பதற்காகச் செய்யப்படும் குழிவுப் பகுதி பெரிதாகி விடுதல்.,Mortise groove in wood becoming loose or oversized,"ரண்டு செரா வெச்சு அடி, காடி பெருத்துப் போச்சு",வினைச்சொல்,home_household,,pm,
1423,காடிப்பீ,,kāṭippī,,ஆட்டுக் குட்டிகளும் மாட்டுக் கன்றுகளும் பிறந்த ஓரிரு நாட்களில் கழியும் ( பிசின் போன்ற ) மலம்.,Meconium; resinous dark sticky stool passed by newborn calves or lambs,காடிப்பீபாரு ஒட்டிக்கிட்டுக் கெடக்குது.,பெயர்ச்சொல்,farming_livestock | nature_animals,,pm,
1424,காடு அழிந்து போதல்,,kāṭu aḻintu pōtal,,நிலத்தில் வேளாண்மை முழுதுமாகத் தீர்ந்து போதல்.,Complete exhaustion or finish of crop cultivation in the land,காடு அழிஞ்சு போச்சு. இன்னமே ஆடு மேஞ்சா என்ன.,வினைச்சொல்,farming_livestock,,pm,
1425,காடு கட்டாமலிருத்தல்,,kāṭu kaṭṭāmaliruttal,,நிலத்தில் பயிர்கள் போதிய நெருக்கமற்று இருத்தல்.,Sparsely grown crops failing to develop thick foliage across the field,பயிரு செரியில்ல. காடு கட்டாம இருக்குது.,வினைச்சொல்,farming_livestock,,pm,
1426,காடு காட்டறது,,kāṭu kāṭṭaṟatu,,கணவன் இறந்த பின் மனைவியைப் பிற பெண்கள் ஒன்று சேர்ந்து நிலத்திற்குச் கூட்டிச் சென்று விடுதல்.,Traditional mourning ritual where women accompany a newly widowed wife to the fields,காடு காட்டறதுக்கு இன்னிக்கித்தான் கூட்டியோராங்க.,வினைச்சொல்,festival_religion | kinship,,pm,
1427,காண்டு,,kāṇṭu,,கோபம்.,Irritation; sudden spike of anger or resentment,,,human_behavior,,np,
1428,காணப் பொறந்தவன்,காணப் பொறந்தவள்,kāṇap poṟantavaṉ,kāṇap poṟantavaḷ,ஒருவருக்கு விபரம் தெரியும் வயதுக்குப் பிறகு பிறந்த இளையவள் / ன்.,Younger sibling born after one grew old enough to remember,நாங் காணப் பொறந்தவ நீ. எங்கிட்டயே கட்டுப்புடிக்க வாரயா.,பெயர்ச்சொல்,kinship,,pm,
1429,காணப்பொறத்தவெ,,kāṇappoṟattave,,தான்பிறந்த பின்பு பிறந்தவன்.,Younger person born after one's own birth,நாங்காணம் பொறந்தவெ நீ எங்கிட்டியே சவடால உடுரியா,,kinship,,np,
1430,காணாதை,,kāṇātai,,பார்க்காதை,Do not see; do not look,,,action_verbs,,od,
1431,காணாம்பிள்ளு,,kāṇāmpiḷḷu,,ஒருவகை புல்.,A species of wild pasture grass,காணாம்பிள்ளு நெறயா மொளச்சுக் கெடக்குது,,nature_animals | farming_livestock,,np,
1432,காணி,,kāṇi,,குலதெய்வக்கோயிலுக்கு காணி என்று பெயர். கோயில் அமைத்துள்ள ஊருக்கு காணியூர் என்று பெயர்.,Clan ancestral deity temple land; village where ancestral temple is located,,,festival_religion | place_direction,,np,
1433,காணிகாச்சி கோயில்,,kāṇikācci kōyil,,குலதெய்வக்கோயில்.,Ancestral clan deity temple (Kula deivam temple),எங்க காணிகாச்சி கோயில் ஆனங்கூர்ல இருக்குது.,பெயர்ச்சொல்,festival_religion,,pm,
1434,காணியாச்சி,,kāṇiyācci,,குலதெய்வம் (பெண்),Clan guardian goddess (female Kuladeivam),,,festival_religion,காணியாட்சி,od,
1435,காணியாளன்,,kāṇiyāḷaṉ,,குலக் கோயில் உள்ள பகுதியில் விவசாயத்தை செய்து வருபவன்.,Hereditary steward or farmer managing clan temple agricultural lands,,,farming_livestock | festival_religion,,np,
1436,காத்தாட,,kāttāṭa,,காற்று வாங்க.,To get fresh breeze; taking an open-air stroll,காத்தாட சித்தெ அப்பிடியே வெளிய வந்தெ,,speech_phrase | nature_animals,,od | np,
1437,காத்தாலெ,காத்தாலை,kāttāle,kāttālai,காலை நேரத்தில். | விடியற் காலை | காலை நேரம்.,Early morning; at dawn,காத்தாலெ எங்கியோ கெளம்புறாப்புலெ இருக்கு | காத்தாலக்கி போலாம்வா,,time_seasons,,np | od | pm,
1438,காதுகுத்து,,kātukuttu,,குழந்தைகளுக்கு செய்யும் ஒரு சடங்கு. | குழந்தைகளுக்குக் காதில் துளையிட்டு நகை அணிவிக்கும் விழா.,Traditional ear-piercing ceremony for infants,கொழந்திக்கி காதுகுத்து வெச்சுருக்குற | எங்க பிள்ளக்கிக் காதுகுத்து வெச்சிருக்கறம் வந்துருங்க.,பெயர்ச்சொல்,festival_religion | kinship,,np | pm,
1439,காதுப் பலகை,,kātup palakai,,ஏற்றத்தில் உருளை மாட்ட இருபுறமும் இருக்கும் காது போன்ற துளையுடைய பலகை.,Side flange wooden plank with hole housing pulley axle on water-lift (ettram),காதுப் பலகையில நல்லா மாட்டி உடுடா.,பெயர்ச்சொல்,farming_livestock | home_household,,pm,
1440,காதுப்பொன்,,kātuppoṉ,,காதில் சுருள்போல அணியும் நகை.,Spiral gold ear ornament worn by traditional women,அந்தக் காதுப்பொன்னுப் போட்டிருக்கற ஆயாளக்கூப்புடு.,பெயர்ச்சொல்,dress_accessories,,pm,
1441,காதுபட,,kātupaṭa,,காதில் விழுமாறு.,Within earshot; audibly so that one can overhear,எங்காது படவே பேசிக்கிட்டு போறாம் பாரு,,speech_phrase,,np,
1442,காதோடுகாதா,,kātōṭukātā,,மெதுவாக காதின் அருகில் பேசுதல்.,Whispering close to someone's ear; in conspiratorial whispers,காதோடுகாதா குசுகுகசன்னு பேசிக்கிறாங்க,,speech_phrase | human_behavior,,np,
1443,காதோலை,,kātōlai,,கன்னிமார் எனும் சிறுதெய்வத்துக்கு அணிவிக்கும் அணிகலன்.,Palm-leaf ear roll ornament offered to Kannimar folk deities,காதோல கருகமணி செஞ்சு வெக்க வேண்டிருக்கறன்,பெயர்ச்சொல்,dress_accessories | festival_religion,,pm,
1444,காதோலைகருகமணி,,kātōlaikarukamaṇi,,பனை ஓலையை சுருட்டி ஒரு வளையத்தால் சுற்றி.,Vow offering consisting of rolled palm-leaf earrings and black bead strings,,,festival_religion | dress_accessories,,np,
1445,காந்தல்,,kāntal,,எண்ணெய் தீயும் வாசனை.,Acrid scorched odor of burning hot oil,அடுப்புல எண்ணெயா வெச்சிருக்கற. காந்தலடிக்குது.,பெயர்ச்சொல்,food_cooking | body_health,,pm,
1446,காந்தலு,,kāntalu,,வெப்பம்.,Scorching heat of the sun; intense radiant warmth,ஒரே வெய்யக் காந்தலா இருக்கு,,nature_animals | time_seasons,,np,
1447,காந்து,காந்து (தல்),kāntu,kāntu (tal),வெயிலின் மிகு வெப்பம் | வெயிலின் மிகு வெப்பம்.,Fierce heat of the sun | Blazing or scorching intensely (sunlight/heat),அடேங்கப்பா. வெய்ய இப்படிக் காந்துது.,,nature_animals | time_seasons | action_verbs,,od | pm,
1448,காப்பு,,kāppu,,"பெண்கள் கையில் அணியும் பட்டையான அணிகலன் .(1) | கையில் மாட்டும் விலங்கு .(2) | காய்ப்பு . தொடர்ந்த வேலையின் காரணமாக உள்ளங்கை , உள்ளங்கால்களில் தோல் தடித்துப் போதல்(3) | காய் விளைச்சல் .(4)",Broad bangle worn by women | Handcuffs | Callus on palms or soles from hard labor | Crop yield,அந்தப் பாட்டி கை ரெண்டுலயும் காப்புப் போட்டிருந்துச்சு. | அவன காப்பு மாட்டித்தான் கூட்டியோவாங்க. | இந்த வருசம் கல்லக்கா காப்பு பரவால்லயா.,பெயர்ச்சொல்,dress_accessories | body_health | farming_livestock,,pm,
1449,காப்புக்கட்டு,காப்புக் கட்டு ( தல் ),kāppukkaṭṭu,kāppuk kaṭṭu ( tal ),"போகியன்று பூளைப்பூ, வேப்பிலை, ஆவாரம்பூ சேர்த்து வீட்டின் கூரைகளில் செருகுதல். | கோயில் திருவிழா முறையாகத் தொடங்குதல் .(1) | போகி நாளன்று பூளைப்பூ , ஆவாரம்பூ , வேப்பிலை ஆகியவற்றைச் சேர்த்து வீட்டுக் கூரைகளில் செருகுதல் .(2)",Bhogi ritual of tucking flowers into roof eaves | Sacred thread tying marking start of temple festival,இன்னிக்கி காப்பு கட்றெ நோம்பு | கோயிலுக்குக் காப்புக் கட்டியாச்சு. அடுத்தவாரம் பொங்கலு | நாங்கல்லாம் காத்தாலயே காப்புக் கட்டீட்டம்.,வினைச்சொல்,festival_religion | home_household,,np | pm,
1450,காம்புப் பாளத் தெளுவு,,kāmpup pāḷat teḷuvu,,"பனைமரத்துப் பாளை இறுதிப் பகுதியான பின் ஊறும் தெளிவு ( கள், பதநீர்).",Fermented sap (toddy or neera) tapped from the base of palmyra spathe,காம்புப் பாளத் தெளுவுதான் நல்லாப் போத வரும்.,பெயர்ச்சொல்,food_cooking | farming_livestock,,pm,
1451,காம்புப் பாளை,,kāmpup pāḷai,,"தெளிவு ( கள், பதநீர் ) இறக்கும் போது குறைந்து கொண்டே வரும் பனம் பாளையின் அடிப்பகுதி.",Lower base of the palmyra flower stalk where sap tapping continues,காம்புப் பாளயில வந்து தெளுவு நல்லா ஊறுது,பெயர்ச்சொல்,nature_animals | farming_livestock,,pm,
1452,காமங்கூத்து,,kāmaṅkūttu,,கிராமங்களில் நடைபெறும் தெருக்கூத்து.,Traditional street folk theatre or dance celebrating Kamadeva in rural villages,,,festival_religion,,np,
1453,காமஞ்சூலை,,kāmañcūlai,,வானவில்,Rainbow in the eastern sky,கெழக்கால காமஞ்சூல போட்டிருக்குது.,பெயர்ச்சொல்,nature_animals,,pm,
1454,காமாடு,,kāmāṭu,,கால்மேடு; கட்டிலில் கால் நீட்டும் பகுதி.,Foot-end of a cot where one rests feet,கா மாட்டுல உக்காந்துக்கிட்டான்.,பெயர்ச்சொல்,home_household,,pm,
1455,காமி,,kāmi,,காட்டு.,Show; reveal (imperative),எங்கிட்ட காமி பாக்கலாம்,,action_verbs | speech_phrase,,np,
1456,காயக்கருப்பட்டி,,kāyakkaruppaṭṭi,,குழந்தை பிறந்தவுடன் தாயிற்கு ஏற்படும் களைப்பை நீக்க கொடுக்கப்படும் மூலிகைகள் கலந்த கருப்பட்டி.,Herbal palm jaggery concoction given to new mothers to relieve post-partum fatigue,,,food_cooking | body_health,,np,
1457,காயடிக்கறது,,kāyaṭikkaṟatu,,நிலக்கடலையை செடியிலிருந்து தனியாக பிரித்து எடுத்தல்.,Plucking or stripping groundnut pods from harvested peanut vines,காயடிக்கிற சீசன் வந்தா இனி வேலைக்கி கொறவிருக்காது,,farming_livestock | action_verbs,,np,
1458,காயதம்,,kāyatam,,கடிதம்.,Letter; written message or postal paper,இன்னக்குக் காயதம் ஏதோ வந்திருக்குது.,பெயர்ச்சொல்,home_household | speech_phrase,,pm,
1459,காயொழிக்கும் ஆட்டம்,,kāyoḻikkum āṭṭam,,பெண்கள் ஆடும் ஒருவகை விளையாட்டு.,Traditional folk game played by women,காயொழிக்கிற ஆட்டத்துக்கு வர்றயா.,பெயர்ச்சொல்,human_behavior,,pm,
1460,காரத்தாலை,,kārattālai,,காத்தாலை.,Early morning (dialectal for kaathaale),,காண்க,time_seasons,,pm,
1461,காரத்தெ,,kāratte,,காரியத்தை.,"An affair, task, or matter (accusative form of kaariyam)",இவுங்கிட்டெ எந்தக் காரத்தெ சொன்னாலு கச்சிதமா முடிச்சுருவெ,,action_verbs | speech_phrase,,np,
1462,காரவாசலு,,kāravācalu,,சிமெண்ட் பூசப்பட்ட வாசல்.,Cement-plastered front yard or entrance,காரவாசலுக்கு சாணித் தொளி போட்டுடு,,home_household | place_direction,,np,
1463,காராட்டு,,kārāṭṭu,,"நாய், பூனை ஆகியவற்றின் புணர்ச்சி. | நாய், பூனை முதலிய விலங்குகளின் புணர்ச்சி.","Mating season or mating of animals (dogs, cats)",எங்கியோ காராட்டுக்குப் போய்ட்டு வருது | பூனை காராட்டுக்குப் போயிருச்சாட்டம் இருக்குது.,பெயர்ச்சொல்,nature_animals,,np | pm,
1464,காராட்டுக் காலம்,காராட்டுக்காலொ | காராட்டு காலம்,kārāṭṭuk kālam,kārāṭṭukkālo | kārāṭṭu kālam,"நாய், பூனை ஆகியவற்றின் புணர்ச்சிக் காலம். | இனப்பெருக்க காலம்",Breeding season of animals (especially cats and dogs),காலம் வந்துட்டாவே இந்த நாய்வ ரவுசு தாங்க முடியாது. | காராட்டுக்காலோ வந்துட்டா நாய்க ரவுசு தாங்கு முடியாது | காராட்டு காலத்தில் திரியும் பூனை ஒரு மாதிரி மதத்துடன் இருப்பதால் அதற்கு காராட்டுப் பூனை என்று பெயர்,பெயர்ச்சொல்,time_seasons | nature_animals,,od | np | pm,
1465,காராட்டுப்பூனை,,kārāṭṭuppūṉai,,புணர்ச்சிக்காக இடம் மாறும் பூனை. | புணர்ச்சிக்காக இடம் மாறிவரும் பூனை.,Cat wandering restlessly during mating season,இது காராட்டுப் பூனையோட்ட இருக்குது | அது ஏதோ காராட்டுப் பூனையாட்டம் இருக்குது.,பெயர்ச்சொல்,nature_animals,,np | pm,
1466,காரி,,kāri,,கரு நிறமுடைய மாடு,Black cow or ox,அந்தக் காரியப் புடுச்சுக் கட்டு.,பெயர்ச்சொல்,farming_livestock | nature_animals,,pm,
1467,காரிமாடு,,kārimāṭu,,கரிய நிறமுள்ள மாடு. | காரி,Dark black cattle (cow or ox),காரிமாடு செனப் புடிச்சிருச்சா,காண்க,farming_livestock | nature_animals,,np | pm,
1468,காரியக்காரன்,,kāriyakkāraṉ,,தான் எண்ணிய செயலை முடிக்க பாடுபடுபவன்.,"Resourceful, shrewd person determined to get things done",பயங்கரமான காரியக்காரன்பா,,human_behavior,,np,
1469,காரை,,kārai,,(நெக்லஸ் போன்ற) கழுத்து நகை .(1) | ஆண்கள் காலில் போடும் மெட்டி.(2),Heavy rigid neck ornament or torque | Toe ring worn by men,கழுத்துல காரையொன்னு போட்டிருக்கறா. | அப்ப ஆம்பளைகளெல்லாம் கால்ல கார போட்டிருப்பாங்க.,பெயர்ச்சொல்,dress_accessories,,pm,
1470,காரை வீடு,காரவீடு,kārai vīṭu,kāravīṭu,சிமெண்ட் கலவை பூசப்பட்ட வீடு. | சிமெண்ட் பூசப்பட்ட வீடு.,Cement-mortar plastered house (pucca house),அந்தக் காரை வீட்டுக்குப் போங்க. அதுதான் அவுங்க ஊடு. | அந்தக்கார வீட்டுலெ குடி இருக்கறாங்க,பெயர்ச்சொல்,home_household,,np | pm,
1471,காரொழவு,,kāroḻavu,,"கார்கால உழவு. ஆவணி, புரட்டாசி மாதங்களில் விதைப்புக்கு முன் செய்யும் உழவு.",Monsoon plowing; plowing done in Avani or Purattasi before sowing autumn crops,காரொழவு போடாட்டிப் பில்லுச் சாகாது.,பெயர்ச்சொல்,farming_livestock,,pm,
1472,கால் தூக்கீட்டுது,,kāl tūkkīṭṭutu,,மாடு பால் கறக்க நிற்காமல் காலைத் தூக்கிக்கொண்டு ஓடிவிடுதல்.,Cow lifting its leg and refusing to stand for milking; withholding milk,அஞ்சு மாசமாவுல அதுக்குள்ள கால் தூக்கீட்டுது.,வினைச்சொல்,farming_livestock,,pm,
1473,கால் மிதிமண்,,kāl mitimaṇ,,(திருஷ்டி கழிப்பதற்குக் ) காலடிச் சுவட்டிலிருந்து எடுக்கும் மண்.,Soil taken from someone's footprint to ward off the evil eye,தடத்துல போயி கொஞ்சம் கால்மிதி மண்ண எடுத்தாடா.,பெயர்ச்சொல்,festival_religion | human_behavior,,pm,
1474,கால்கவுறு,கால்கயிறு,kālkavuṟu,kālkayiṟu,மரம் ஏறும்போது இரண்டு கால்களையும் இணைத்து மாட்டிக் கொள்ளும் கயிறு. | மரம் ஏறும்போது இரண்டு கால்களை இணைத்துக் கட்டும் கயிறு.,Tree climber's foot-loop rope linking both feet while scaling tall trees,கால்கவுறு போட்டுக்கிட்டு ஏறுடா. | கால்கவுத்த நல்லா இறுக்கிக்க,பெயர்ச்சொல்,farming_livestock | home_household,,np | pm,
1475,கால்ச்சப்பை,,kālccappai,,"மாடுகளுக்கு வாய், கால்ச் சந்துகளில் வரும்புண் ; கோமாரி நோய்.(1) | ஆடு மாடுகளின் தொடைப்பகுதி .(2)",Foot-and-mouth disease (komari) in cattle | Thigh meat cut of goat or livestock,அந்த மாட்டுக்குக் கால்ச்சப்ப வந்திடுச்சு. | ஒரு கால்சப்பை எடுத்து வெய்யி. நாளைக்கிக் கறி ஆக்கலாம்.,பெயர்ச்சொல்,farming_livestock | body_health | food_cooking,,pm,
1476,கால்சராயி,,kālcarāyi,,பேண்ட்.,Trousers; pants,கால் சராய மாட்டிட்டு எங்கியோ கெளம்பீட்டெ,,dress_accessories,,np,
1477,கால்தாரெ,,kāltāre,,கால் சுவடு.,Footprint or foot trail on the ground,இங்கெ யாரோ நடந்துபோனெ கால்தாரெ இருக்குது பாரு,,place_direction,,np,
1478,கால்பாத்தி,,kālpātti,,பருத்தி விதை ஊன்றுவதற்குச் சிறு சிறு நீண்ட திட்டுக்களாகப் பிரிக்கப்பட்டு அமைக்கப்படும் பாத்தி.,Small elongated planting ridges prepared for sowing cotton seeds,கால்பாத்தி புடுச்சாத்தான் பருத்திக்கு நல்லது.,பெயர்ச்சொல்,farming_livestock,,pm,
1479,கால்மாடு,,kālmāṭu,,கால் வைக்கும் பகுதி,Foot-end of a cot or sleeping area,,,farming_livestock | home_household,,od,
1480,கால்மாறு (தல்),,kālmāṟu (tal),,கரும்புப் பயிர் சிறிது வளர்ந்த பின் இருபுறமும் உள்ள சால் மண்ணை வெட்டிப் போட்டு அணை கொடுத்தல்.,Earthing up sugarcane ridges with soil from inter-row furrows as canes grow,கரும்புக்காடு கால் மாறியாச்சு.,வினைச்சொல்,farming_livestock | action_verbs,,pm,
1481,கால்மிதி,,kālmiti,,"Foot mat | குதிங்காலில் ஏற்படும் கட்டி | காலடிச்சுவடு. காலை துடைக்க வாசற்படியில் இருக்கும் கோணி. | காலடிச்சுவடு ,(1) | காலில் ஒட்டியிருப்பவற்றைத் துடைத்துக் கொண்டு உள்ளே செல்வதற்காக வீட்டு வாயிற்படியில் போடப்பட்டிருக்கும் கோணி .(2)",Foot mat | Footprint | Heel blister,கால்மிதியில இருக்குற மண்ணெ தட்டியுடு | அவனோட கால்மிதியில் நீ எதுக்குடா நடக்கற. | கால்மிதி போட்டதுக்கப்பறந்தான் ஊட்டுக்குள்ள மண்ணு வராத இருக்கு.,பெயர்ச்சொல்,body_health | home_household,,od | np | pm,
1482,காலு,,kālu,,கால். மரத்தாலான குச்சி.,Wooden support pole or post for pandal | Leg,காலு நட்டு பந்தலு போடோனு,,home_household | body_health,,np,
1483,காலேசு மாடு,,kālēcu māṭu,,உயர்ரக கலப்பினமாடுகள்.,Jersey or high-yielding crossbred cow,காலேசு மாட்டுக்கு வெய்யக்கண்டா சென புடுச்சிக்கும்,,farming_livestock,,np,
1484,காலைக் கட்டு (தல்),,kālaik kaṭṭu (tal),,காலில் விழுந்து மன்னிக்க வேண்டுதல்.,Falling at someone's feet begging for pardon or mercy,போயி அவங் காலயே கட்டு. வேற வழியில்ல.,வினைச்சொல்,action_verbs | human_behavior,,pm,
1485,காவிக்கல்லு,காவிக்கல்,kāvikkallu,kāvikkal,காவி நிற மண் உருண்டை.,Red ochre stone lump used to paint cattle horns during festivals,எருமக் கொம்புக்குப் காவிக்கல் வாங்கியாந்தாச்சா. | மாட்டுக்கொம்புக்கு பூச காவிக்கல்லு வாங்கப்பா,பெயர்ச்சொல்,festival_religion | farming_livestock,,np | pm,
1486,காவு குடுக்கறது,,kāvu kuṭukkaṟatu,,பலி கொடுத்தல்.,Sacrificing an animal (goat or rooster) to folk deities,சாமிக்கி கெடாயி காவு குடுக்கோனு,,festival_religion,,np,
1487,காவெட்டு,,kāveṭṭu,,பழுக்கத் தொடங்கும் போது காயாக இருக்கும் பழ வகைகள்.,Semi-ripe fruit (just beginning to ripen from raw state),ஒரே காவெட்ட இருக்கு,,food_cooking | nature_animals,,np,
1488,காளங்கன்னு,,kāḷaṅkaṉṉu,,மாடு வகையில் ஆண்கன்று.,Bull calf (male calf),இந்ததடவெ கெடாரி காளங்கன்னு போட்ருக்குது,,farming_livestock | nature_animals,,np,
1489,காளி,,kāḷi,,கதிரின் காம்புப் பகுதி. ( பழமொழி ),Pedicel or stem stalk of a grain earhead,"கருது பகை, காளி ஒறவா.",பெயர்ச்சொல்,nature_animals | farming_livestock,,pm,
1490,காளை சேர் (த்தல்),,kāḷai cēr (ttal),,சினையாவதற்காக மாட்டைக் காளையோடு புணரவிடுதல்.,Taking a cow to mate with a stud bull for breeding,மாடு நேத்துல இருந்து கத்திக்கிட்டே இருக்குது. காள சேத்தக் கொண்டோவனும்.,வினைச்சொல்,farming_livestock | action_verbs,,pm,
1491,காளைக்குத் திரியுது,நசியம் | பயிராவுதல்,kāḷaikkut tiriyutu,naciyam | payirāvutal,"மாடுகள் கர்ப்பமாகுதல் | மாடுகள் சினையாகும் பருவம் | மாடுகள் சினையாவதற்கான பருவ அறிகுறி (அதன் பெண் குறியைக் கையால் தொட்டால் அசையாமல் நிற்றல், பெண் குறியிலிருந்து ஒருவகை திரவம் வடிதல் போன்றன).(1) | விருப்பு எனப்படும் ஒருவகை நோய் கண்ட மாடுகளுக்குக் குறுமிளகு, வெற்றிலை, சீரகம், பூண்டு ஆகியவற்றின் சாறு கலந்து கொடுக்கும் மருந்து.(2)",Cow coming into estrus (heat) for mating | Herbal nasal drops given to cattle,மாட்டுக்கு இதுதான் நல்ல நசியம். காளைக்குக் கொண்டோ. | மாட்டுக்கு நசியம் குடித்தினா நல்லாப் போயிரும்.,பெயர்ச்சொல்,farming_livestock,,od | pm,
1492,காறப் பல்லு,காறைப் பல்,kāṟap pallu,kāṟaip pal,காறைப் பல். (நுங்குக் குரம்பை போன்றவற்றைக் கடிப்பதால்) கறை படிந்த பல்.,Tooth stained from chewing palmyra sprout or raw nuts,காறப்பல்லு வெச்சுக்கிட்டு மினுக்கறா.,பெயர்ச்சொல்,body_health,,pm,
1493,காறை,,kāṟai,,(நுங்குக் குரம்பை போன்றவற்றைக் கடிப்பதால்) பல்லில் உண்டாகும் கறை.,Enamel stain on teeth from chewing fibrous palm shoots or betel,செங்கல் போட்டுத் தேச்சாக்கூடக் காறையப் போக்க முடியாது.,பெயர்ச்சொல்,body_health,,pm,
1494,கானக்காடு,,kāṉakkāṭu,,சுடுகாடு.,Cremation or burial ground (sudalai),கட்டையக் கொண்டோயிக் கானக்காட்டுல வெச்சாத்தான் கஷ்டம் தீரும்.,பெயர்ச்சொல்,place_direction | festival_religion,,pm,
1495,கானாக்கோழி,,kāṉākkōḻi,,தாழம்பூ செடியின் அடியில் மறைந்து வாழும் கோழி.,Pandanus hen; wild bush quail or rail living concealed under screwpine bushes,,,nature_animals,,np,
1496,கானாப்பொணொ,,kāṉāppoṇo,,உருத் தெரியாமல் அழித்தல்.,Slashing or butchering someone into an unrecognizable corpse (threat),உன்னக் கானாப்பொணமா வெட்டிப் போட்ருவெ,,human_behavior | speech_phrase,,np,
1497,கிச்சத்துலெ,,kiccattule,,கக்கத்தில்.,In the armpit; tucked under one's arm,கிச்சத்துலெ என்னத்தெ இடுக்கிகிட்டு போறெ,,body_health | place_direction,,np,
1498,கிச்சப் பெருத்து (தல்),,kiccap peruttu (tal),,அக்குளில் கை வைத்துச் சிரிப்பு மூட்டுதல்.,Tickling someone's armpit to induce laughter,சும்மா கிச்சப் பெருத்திக்கிட்டே இருக்கறான் அவன்.,வினைச்சொல்,action_verbs | human_behavior,,pm,
1499,கிச்சம்,கிச்சு,kiccam,kiccu,அக்குள். | அக்குள் | காண்க: கிச்சம்.,Armpit,கிச்சத்துல கட்டி வந்திருச்சு.,பெயர்ச்சொல்,body_health,,pm | od,
1500,கிச்சாம்பட்டை,,kiccāmpaṭṭai,,அக்குள்.,Armpit,கிச்சத்துல கட்டி வந்திருச்சு.,பெயர்ச்சொல்,body_health,காண்க: கிச்சம்,pm,
1501,கிசுக்கு,,kicukku,,சிறுவர் சிறுமியர் தாம் கையில் வைத்திருக்கும் பொருளைப் பிறர் கேட்கும் போது அவர்களைப் பார்த்து ஏளனமாகச் சொல்லும் சொல்.,"Teasing, taunting refusal exclamation by children when refusing to share","ரொட்டி வேணுமா, கிசுக்கு தாரேன்.",வினைச்சொல்,speech_phrase | human_behavior,,pm,
1502,கிட்டக் கட்டிப் போதல்,,kiṭṭak kaṭṭip pōtal,,சாவு நெருங்கிவிடுதல்.,Drawing near to death; dying moment approaching,அவரு அவ்வளவுதான். கிட்டக் கட்டிப் போச்சு.,வினைச்சொல்,human_behavior | time_seasons,,pm,
1503,கிட்டக்கெ,,kiṭṭakke,,காண்க. கிட்டக்க.,Near; close by,,,place_direction,,np,
1504,கிட்டத்தாலெ,,kiṭṭattāle,,காண்க. கிட்டக்கெ.,Very close; in near proximity,,,place_direction,காண்க: கிட்டக்கெ,np,
1505,கிட்டி,,kiṭṭi,,வேலி தாண்டிப் போகும் ஆடுகளுக்கு கழுத்தில் கட்டி விடப்படும் ஒரு தப்பட்டை | தேங்காய் உரிக்கப் பயன்படும் கருவி. | பசு மாட்டைக் காளை புணரும் போது மாடு அசையாமல் பிடித்துக் கொள்ள வசதியாக இருபுறமும் கட்டப்பட்ட மரப்பலகைத் தடுப்பு.(1) | மூங்கில் அல்லது குச்சியால் செய்யப்பட்ட எலிப்பொறி.(2),Wooden neck yoke board on goat to prevent jumping fences | Coconut husker tool | Breeding holding stall for cows | Bamboo rat trap,கிட்டிய எடுத்து மட்டையுரி | கிட்டிக்குள்ள உட்டுப் புடுச்சிக்க. | கிட்டியில எலிசிக்கீருச்சு.,பெயர்ச்சொல்,farming_livestock | home_household,,od | np | pm,
1506,கிட்டெ,,kiṭṭe,,அருகில்.,Near; nearby; close,கிட்டெ தான இருக்குது நடந்து போ,,place_direction,,np,
1507,கிடாரி,,kiṭāri,,இளம் பெண் மாடு.,Young female cow / heifer,கன்று ஈனுவதற்கு முன்,,farming_livestock,,od,
1508,கிடுக்கிட்டி,,kiṭukkiṭṭi,,பிடிவாதம். | மிகவும் ஒல்லியானவள் / ன்.,Stubbornly persistent person; extremely thin and bony person,கெடக்கறாங் கிடுக்கிட்டி | அவன் கெடக்கறான் கிடுக்கிட்டி.,பெயர்ச்சொல்,human_behavior | body_health,,np | pm,
1509,கிடுகிடுப்பான்,,kiṭukiṭuppāṉ,,நிலநடுக்கம்.,Earthquake; earth tremor,வெளிநாட்டுல கிடுகிடுப்பான் வந்து நெறய பேரு செத்தும் போயிட்டாங்களாமா,,nature_animals,,np,
1510,கிடுகு,,kiṭuku,,தென்னங்கீற்று,Plaited coconut palm leaf thatch,கிடுகு இருந்தா எடுத்தா பின்னலா.,,home_household | nature_animals,,np,
1511,கிடை,,kiṭai,,ஒரு பொருளை ஒரே இடத்தில் அதிக நாட்களுக்குப் போட்டு வைத்திருத்தல்.,Leaving an object lying neglected in one spot for too long to spoil,கெடையாப் போட்டு வெச்சிருந்தா நாத்தமெடுக்காத என்ன பண்ணும்.,பெயர்ச்சொல்,home_household | human_behavior,,pm,
1512,கிண்டுதாளம்,,kiṇṭutāḷam,,மாய்மாலம்.,Feigned pretense; deceptive hypocrisy,இந்தக் கிண்டுதாளமெல்லாம் இங்க வெச்சுக்காத.,பெயர்ச்சொல்,human_behavior,,pm,
1513,கிண்ணி,,kiṇṇi,,மேலே அகன்றும் கீழே குவிந்தும் காணப்படும் வெண்கலப் பாத்திரம். | மேலே அகன்று அடியில் குவிந்துள்ள சாப்பிடுவதற்குரிய வெண்கல / பித்தளைப் பாத்திரம்.,Wide-rimmed bronze or brass eating bowl,கிண்ணிலெ சோத்தப் போரு | கிண்ணியில சோத்தப் போட்டு எடுத்தா.,பெயர்ச்சொல்,home_household | food_cooking,,np | pm,
1514,கிணற்று மேடு,,kiṇaṟṟu mēṭu,,கிணற்றில் இருந்து நீரை இறைக்க வைக்கப்பட்டுள்ள மேடான பகுதி.,Elevated mounded embankment around a well for mounting water-lift,கெணத்து மேட்டுல ஏறிப் பாத்தா நல்லாத் தெரியும்.,பெயர்ச்சொல்,farming_livestock | place_direction,,pm,
1515,கிராக்கி,,kirākki,,தட்டுப்பாடு.,High demand; scarcity causing high price,திடீர்னு தக்காளிக்கி இவ்ளோ கிராக்கி வரும்னு தெரீலை.,,human_behavior | speech_phrase,,np,
1516,கிரிமொ,,kirimo,,கஷ்டம்.,Distress; hardship; severe difficulty,இவ்வளவு கிரிமொ வந்து நானு பாக்கவேயில்ல.,,human_behavior | speech_phrase,,np,
1517,கிருத்தீலு,,kiruttīlu,,கார்த்திகை நட்சத்திரம் வரும் நாள்,Day of Krittika star; Karthigai festival pilgrimage day to Palani,கிருத்தீலுக்கு பழனிக்கி போகோனு.,,festival_religion | time_seasons,,np,
1518,கிரும்பு,,kirumpu,,குறும்பு.,Mischief; naughtiness,கிரும்பு ஏதாச்சும் பண்ணுன ஒத படுவ ராஸ்கல்.,,human_behavior,,np,
1519,கில்லிதாண்டு,,killitāṇṭu,,ஒரு வகை விளையாட்டு.,Gilli-danda (traditional tip-cat street game played with two sticks),கில்லிதாண்டி வெளையாடலாமா.,,human_behavior,,np,
1520,கிலுக்கை,,kilukkai,,குழந்தைகளுக்கு விளையாட்டு காட்டும் பொருள்.,Baby's rattle toy,கிலுக்கையெடுத்து ஆட்டு அப்பதெ பாப்பா அழுகாது.,,home_household,,np,
1521,கிழமை பிடித்தல்,,kiḻamai piṭittal,,"பொதுவாக வெள்ளிக்கிழமை, சனிக்கிழமை காலையில் குளித்துவிட்டு குறிப்பிட்ட தெய்வங்களுக்கு பூஜை செய்துவிட்டே பிற வேலைகளைச் செய்வது",Observing sacred days (Friday/Saturday) by bathing early and worshipping deities before chores,மற்றபடி எல்லாக் கிழமைகளுக்கு பொருந்தும்,வினைச்சொல்,festival_religion,,od,
1522,கிளம்பு (தல்),,kiḷampu (tal),,உதித்தல்.,Rising (of the sun); day dawning,பொழுது கௌம்பி எவ்ளோ நேரமாயிடுச்சு.,வினைச்சொல்,time_seasons | action_verbs,,pm,
1523,கிளி ஜோசியம்,,kiḷi jōciyam,,பரப்பி வைக்கப்பட்டுள்ள சாமி படங்கள் உள்ள சீட்டுகளிலிருந்து ஒரு சீட்டை கிளியை வைத்து எடுக்கச்செய்வது.,Parrot astrology (fortunetelling where a parrot picks a deity card),,,festival_religion | human_behavior,,np,
1524,கிளிக்கால் தப்பை,,kiḷikkāl tappai,,சவாரி வண்டியில் ஆள் உட்கார்வதற்காகப் போடப்பட்ட மரப்பலகை.,Wooden passenger seating plank in a horse or bullock cart,கிளிக்கால் தப்பமேல உக்காந்துக்க.,பெயர்ச்சொல்,home_household | farming_livestock,,pm,
1525,கிறுக்கி,,kiṟukki,,முட்டை இட்டு அடைகாக்கும் உணர்வுடன் கூடிய கோழி.,Broody hen intending to sit on eggs to hatch,அந்தக் கோழி கிறுக்கு.,பெயர்ச்சொல்,farming_livestock | nature_animals,,pm,
1526,கிறுகிறுன்னு,,kiṟukiṟuṉṉu,,மயக்கம் வருவது போல் தலையைச் சுற்றுதல்.,Giddy; reeling with dizziness or hunger,பசிக் கெறக்க கிறுகிறுன்னு வருது.,,body_health,,np,
1527,கீ காத்து,,kī kāttu,,கிழக்குத் திசையிலிருந்து அடிக்கும் காற்று.,East wind blowing from the east direction,கீ காத்தடிக்குது மழ போட்டு தட்ட போவுது.,,nature_animals | time_seasons,,np,
1528,கீகோடு,,kīkōṭu,,நிலத்தின் கிழக்குப் பக்க மூலை.,Eastern corner or eastern boundary of farmland,கீகோட்டுல பாரு பில்லு மண்டீருக்குது.,பெயர்ச்சொல்,place_direction | farming_livestock,,pm,
1529,கீது,,kītu,,கிழை | ஏதாவது,""".or something"" / ""by any chance"" (Often used to warn about a hypothetical possibility).","கொடைய எடுத்துட்டு போ, மழை கீது வந்துறப் போகுது. | இங்க கீது வந்துராத.",,speech_phrase,,od,
1530,கீப்படி,,kīppaṭi,,கதவின் கீழ் இருக்கும் படி.,Bottom doorsill / threshold step,கீப்படியில பாரு வெச்சிருக்கறன்.,பெயர்ச்சொல்,home_household | place_direction,,pm,
1531,கீரிப்பூச்சி,,kīrippūcci,,மலத்தில் வெளியேறும் வெள்ளை நிறப் புழு.,Pinworms; small white intestinal threadworms passed in stool,கீரிப்பூச்சி புடுச்சு ஒரே கொடச்சலா இருக்குது.,பெயர்ச்சொல்,body_health,,pm,
1532,கீழ்ப்பூட்டு,,kīḻppūṭṭu,,நுகத்தடிக்குக் கீழ்ப்புறம் கருக்குத் தடியை வைத்துக் கட்டப்படும் கலப்பை.,Hitching the plow shaft beneath the yoke beam for deeper plowing,கீழ்ப்பூட்டுல ஒழவு நல்லா வருதா.,பெயர்ச்சொல்,farming_livestock,,pm,
1533,குக்கல்,,kukkal,,நாய்,Dog; hound,குக்கலாட்டம் கெடக்கறாம் பாரு.,பெயர்ச்சொல்,nature_animals,,od | pm,
1534,குக்கு,,kukku,,உட்கார் | உட்கார்.(1) | வயிற்றுப் பக்கம் ஒடுங்கி உடல் வளைந்து இருத்தல்.(2),Squat down; sit down; stooped hunched posture,இங்ஙனெ சித்த குக்கு. | திண்ணமேல குக்கிக்க. | ஆளு குக்கிப் போயிட்டான்.,வினைச்சொல்,action_verbs | body_health,கோவை நாயுடுமார் பகுதிகளில்,od | np | pm,
1535,குச்சிக்கெழங்கு,,kuccikkeḻaṅku,,மரவள்ளிக் கிழங்கு.,Tapioca / cassava root (Manihot esculenta),"குச்சிக்கெழங்கு வேக வெச்சிருக்கறன், தின்னு.",பெயர்ச்சொல்,food_cooking | farming_livestock,,pm,
1536,குச்சிகிழங்கு,குச்சிக்கிழங்கு,kuccikiḻaṅku,kuccikkiḻaṅku,மரவள்ளிகிழங்கு | மரவள்ளிக்கிழங்கு,"Tapioca, cassava",,,food_cooking,,od,
1537,குச்சிவள்ளிகெழங்கு,,kuccivaḷḷikeḻaṅku,,ஒரு வகை கிழங்கு.,Tapioca tuber; cassava root,குச்சிவள்ளிக் கெழங்கு திங்கோனு.,,food_cooking | farming_livestock,,np,
1538,குச்சு,,kuccu,,"அறுவடை செய்த தீவனத் தட்டைகளை கூம்பு வடிவத்தில் சேர்த்து கட்டி வைத்தல். | அறுவடை செய்த தீவனத் தட்டைகளை (காய்வதற்கும், மழையில் நனையாமல் இருப்பதற்கும் வசதியாகக்) கூம்பு வடிவத்தில் சேர்த்துக் கட்டி வைத்தல்.",Conical stack of harvested crop stalks (sorghum/millet) stacked to dry and shed rain,மழ வருமோட்ட இருக்கு தட்ட குச்சு கட்டி வை. | மழ வருமாட்டம் இருக்குது. தட்டக் குச்சு கட்டீரோனும்.,பெயர்ச்சொல்,farming_livestock,,od | np | pm,
1539,குச்சுக்கோ,,kuccukkō,,உட்காரு,Sit down (used affectionately when talking to young children),குழந்தைகளை உட்கார சொல்ல பயன்படும் சொல்,,action_verbs | speech_phrase,,od,
1540,குச்சூடு,,kuccūṭu,,ஓலை அல்லது கட்டைகளால் வேயப்பட்ட வீடு. | ஓலை அல்லது தட்டைகளால் வேயப்பட்ட சிறு வீடு.,Small thatched hut with leaf or stick walls,குச்சூட்டுல தாங் குடி இருக்கறான். | ஏதோ எங்களுக்குனு ஒரு குச்சூடு இருக்குது.,பெயர்ச்சொல்,home_household,,od | np | pm,
1541,குசலக்காரன்,,kucalakkāraṉ,,கோள் சொல்பவன்.,Talebearer; malicious gossip-monger,பெரிய குசலக்காரனா இருப்பானாட்டம் இருக்குது.,பெயர்ச்சொல்,human_behavior,,pm,
1542,குசலக்காரி,,kucalakkāri,,கோள் சொல்பவள்.,Talebearing gossipy woman,அவளாட்டம் குசலக்காரிய நாம் பாத்ததில்ல.,பெயர்ச்சொல்,human_behavior,,pm,
1543,குசலம்,,kucalam,,ஒருவரைப் பற்றி இன்னொருவரிடம் அவதூறு கூறுதல்; கோள்.,Malicious gossip; instigating discord behind someone's back | Instigating gossip or sowing discord between people,அவந்தான் குசலம் மூட்டி உட்டிருப்பான்.,பெயர்ச்சொல்,human_behavior | speech_phrase,,pm,
1544,குசலம் மூட்டுதல்,,kucalam mūṭṭutal,,ஒருவரைப் பற்றி இன்னொருவரிடம் அவதூறு கூறுதல்; கோள்.,Instigating gossip or sowing discord between people,அவந்தான் குசலம் மூட்டி உட்டிருப்பான்.,வினைச்சொல்,human_behavior | speech_phrase,காண்க: குசலம்,pm,
1545,குஞ்சக்கவுறு,,kuñcakkavuṟu,,பல நிறங்களில் குஞ்சம் தொங்கும் வகையில் பின்னப்பட்டக் கயிறு.,Decorative tasseled colorful rope tied to bull horns,மாட்டுக் கொம்புக்குக் குஞ்சக்கவுறு வாங்கிப் போடு. நல்லா இருக்கும்.,பெயர்ச்சொல்,farming_livestock | dress_accessories,,pm,
1546,குஞ்சறது,,kuñcaṟatu,,கயிற்றை இறுக்கிக் கட்ட அதிக முயற்சி செய்தல்.,Pulling hard to tighten a rope securely,நல்லா குஞ்சறது அப்பதே கவறு முறுக்கேறும்.,,action_verbs | home_household,,np,
1547,குஞ்சு,,kuñcu,,இறுக்கிக் கட்டுவதற்கேற்பக் கயிற்றை (அதிக முயற்சியோடு) இழுத்தல்.,Pulling a rope taut with strenuous force to tighten,நல்லாக் குஞ்சுரா. இன்னும் இறுகல.,பெயர்ச்சொல்,action_verbs,,pm,
1548,குட்டக் கலப்பை,குட்டக்கலப்பெ,kuṭṭak kalappai,kuṭṭakkalappe,தேய்ந்து போன குறுங்கலப்பை. | தேய்ந்து போன குறுகிய கலப்பை.,"Short, worn-out plow body",அந்த அணப்பக கலப்பையில் ஓட்டுனாப் போதும். | குட்டக் கலப்பெ உழவு தடுக்கும். (பழமொழி),பெயர்ச்சொல்,farming_livestock,,np | pm,
1549,குட்டய குழப்பு,,kuṭṭaya kuḻappu,,கலங்கச்செய்தல்.,Muddying the waters; creating unnecessary confusion or trouble,ஏனா குட்டய குழப்புற.,,speech_phrase | human_behavior,,np,
1550,குட்டான்,,kuṭṭāṉ,,குவியல்.,Small heap or pile of harvested produce (e.g. groundnuts),கல்லக்காயக் குட்டாங்குட்டானாப் போட்டு வச்சிருக்கறம்.,பெயர்ச்சொல்,measure_units | farming_livestock,,pm,
1551,குட்டி வீசு (தல்),,kuṭṭi vīcu (tal),,ஆடுகளுக்கு நேரும் குறைப்பிரசவம்.,Miscarriage or premature stillbirth in goats or sheep,அந்த ஆடு குட்டி வீசிப் போச்சு.,வினைச்சொல்,farming_livestock | nature_animals,,pm,
1552,குட்டிக்கொடி,,kuṭṭikkoṭi,,நிலத்தில் அடர்ந்து படரும் ஒருவகைக் களைக்கொடி.,Dense creeping weed that spreads across farmland,குட்டிக்கொடி படந்து கெடக்குது. புடுங்கோனும்.,பெயர்ச்சொல்,nature_animals | farming_livestock,,pm,
1553,குட்டிச்செவுரு,,kuṭṭiccevuru,,பயன்படுத்த முடியாமல் இடிந்த நிலையில் உள்ள வீடு.,Dilapidated ruined wall; ruined abandoned house,கழுத கெட்டா குட்டிச் செவுரு (பழமொழி),,home_household | place_direction,,np,
1554,குட்டு,,kuṭṭu,,ரகசியம். | மண் அடுப்பின் குமிழ்.(1) | ரகசியம்.(2),Secret flaw or racket exposed | Earthen stove knob or burner projection,அவங்குட்டு வெளுத்துருச்ச. | ஒரு பக்கம் அடுப்புக்குட்டு ஒடஞ்சு போச்சு. | அவனோட குட்டு எத்தன நாளக்கி இருக்கப்போவுது.,பெயர்ச்சொல்,human_behavior | home_household,,np | pm,
1555,குட்டை,,kuṭṭai,,(அணப்பைவிட) மிகச் சிறிய நிலப்பரப்பு.(1) | குழிப்பாங்கான நிலம்.(2),Tiny agricultural plot smaller than an anappai | Low-lying hollow depression,அந்தக் குட்டைய ஓட்டறதுக்கு எவ்வளவு நேரமாவுது. | அந்தக் குட்டைய வெதச்சு என்ன வரப்போவுது.,பெயர்ச்சொல்,farming_livestock | place_direction,,pm,
1556,குட்வி,,kuṭvi,,குள்ளமானவர்.,Short-statured dwarfish person,குட்வியோட்ட இருந்துகிட்டு என்னா வேலை செய்யுறாம் பாரு.,,body_health | human_behavior,,np,
1557,குடி எழுப்பு (தல்),,kuṭi eḻuppu (tal),,ஆதிக்கம் வாய்ந்தவர்கள் தங்கள் கீழிருப்பவர்களை வசிக்கும் இடத்தை விட்டுத் துரத்துதல்.,Evicting vulnerable tenants or lower-caste dwellers from their land,உன்னயக் குடி எழுப்பிருவேம் பாத்துக்க.,வினைச்சொல்,human_behavior,,pm,
1558,குடி வை (த்தல்),,kuṭi vai (ttal),,உயர்சாதியினர் தமது தேவையின் பொருட்டுக் கீழ்ச் சாதியினரை அழைத்து வந்து தமது ஊரில் வசிக்கச் செய்தல்.,Landowners settling agricultural labor families on village land for their services,நாந்தான் அவனக் குடிவெச்சன் என்னயவே எதுக்கறான்.,வினைச்சொல்,human_behavior | kinship,,pm,
1559,குடிபடை,,kuṭipaṭai,,(எல்லாச் சாதியையும் சேர்ந்த) மக்கள்.,Common folk; entire village community and all working castes,அடேங்கப்பா. அந்த ஊருக் குடிபடையே தெரண்டு வந்திருச்சு.,பெயர்ச்சொல்,human_behavior,,pm,
1560,குடியானவன்,,kuṭiyāṉavaṉ,,விவசாயத்தை மட்டுமே முழு மூச்சாக செய்து வருபவன்.,Traditional peasant farmer who lives solely by agriculture,,,farming_livestock | human_behavior,,np,
1561,குடிவளவு,,kuṭivaḷavu,,விவசாயம் செய்யக்கூடிய மக்கள் குடும்பத்துடன் வசிக்கும் பகுதி. | உயர் சாதியினர் (குடியானவர்) குடியிருப்புப் பகுதி.,Traditional residential settlement or agrarian hamlet of farming families,குடிவளவுல அவுங்க வீடு இருக்குது. | குடிவளவுல ஆரிருக்கறா. அவுங்கவுங்க காட்டுலதான குடியிருக்கறாங்க.,பெயர்ச்சொல்,place_direction | home_household,,np | pm,
1562,குடிவௌப்பி,,kuṭivauppi,,குடும்பம் வாய்க்கப் பெறாதவன்.,Rootless person without family or domestic settled life,அவனொரு குடிவௌப்பி.,பெயர்ச்சொல்,human_behavior,,pm,
1563,குடுக்கமுடியலெ,,kuṭukkamuṭiyale,,கொடுக்க முடியவில்லை.,Unable to give,என்னாலெ குடுக்க முடியலை.,,action_verbs | speech_phrase,,np,
1564,குடுக்கோனு,,kuṭukkōṉu,,கொடுக்கவேண்டும்.,Must give; should give,அவனுக்கு காசு குடுக்கோனு.,,action_verbs | speech_phrase,,np,
1565,குடுசு,,kuṭucu,,குடிசை. பருவமடைந்த பெண் சில நாட்கள் தனித்திருக்கப் பச்சை ஓலையால் கட்டப்படும் குடிசை.,Seclusion hut made of fresh palm fronds for a girl during puberty rites | Erecting a temporary green palm leaf hut for a girl during puberty ceremony,குடுசு கட்டறதுக்கு மாமங்காரன் வந்தானா?,பெயர்ச்சொல்,festival_religion | home_household | action_verbs,,pm,
1566,குடுசு கட்டு (தல்),,kuṭucu kaṭṭu (tal),,குடிசை. பருவமடைந்த பெண் சில நாட்கள் தனித்திருக்கப் பச்சை ஓலையால் கட்டப்படும் குடிசை.,Erecting a temporary green palm leaf hut for a girl during puberty ceremony,குடுசு கட்டறதுக்கு மாமங்காரன் வந்தானா?,பெயர்ச்சொல்,festival_religion | action_verbs,காண்க: குடுசு,pm,
1567,குடுசெ கட்றது,,kuṭuce kaṭṟatu,,பருவமடைந்த பெண் சில நாட்கள் தனியாக இருக்க தாய்மாமன் பச்சை ஓலையால் கட்டும் குடிசை.,Customary duty of maternal uncle building a fresh thatched hut for a niece coming of age,பொண்ணுக்கு தாய்மாமந்தே குடிசேகட்டோணு.,,kinship | festival_religion,,np,
1568,குடுத்தப்போடு,,kuṭuttappōṭu,,கொடுத்துவிடு.,Give away; hand it over completely,நீ மீதி இருக்கறதெ குடுத்தப்போடு.,,action_verbs,,np,
1569,குடுத்தர்றே,,kuṭuttarṟē,,கொடுத்து விடுகிறேன்.,I will give or return it,நாங்குடுத்தர்றே செரியா.,,speech_phrase | action_verbs,,np,
1570,குடுத்தரோனு,,kuṭuttarōṉu,,கொடுத்துவிட வேண்டும்.,Must give away; ought to hand over,அவனுக்கு வேண்டியதே குடுத்தரோனு.,,action_verbs | speech_phrase,,np,
1571,குடுத்தவியெ,,kuṭuttaviye,,கொடுத்தவர்கள்.,Those who gave; the donors or givers,குடுத்தவியெ அவிக.,,human_behavior,,np,
1572,குடுத்தாச்சு,,kuṭuttāccu,,கொடுத்தாகி விட்டது.,Already given; finished giving,காசு பணங் குடுத்தாச்சு பாக்கியில்லயே.,,action_verbs | speech_phrase,,np,
1573,குடுதாழி,,kuṭutāḻi,,மாடுகளுக்குத் தண்ணீர் வைக்கும் அகன்ற தொட்டி அல்லது பெரிய மண் தாழி.,A open water container to feed the cattles,,பெயர்ச்சொல்,farming_livestock,பொருள் உறுதிப்படுத்தப்படவில்லை (AI உருவாக்கம்) · Meaning not verified (AI generated),od,
1574,குடுப்பானுங்களா,,kuṭuppāṉuṅkaḷā,,கொடுப்பார்களா.,Will they give?,நாம போயிக் கேட்டா குடுப்பானுங்களா.,,speech_phrase,,np,
1575,குடுமி,,kuṭumi,,தலையுச்சி | கொண்டை,Crown of the head | Hair tuft or topknot,"சொந்தக் குடுமிக்கி எண்ணெயக் காணோம், சுத்துக்குடுமிக்கி எண்ணெய வைக்கப் போயிட்டாளாம்",,dress_accessories | body_health,,od,
1576,குடுவாந்தொரட்டி,,kuṭuvāntoraṭṭi,,"பனங்கிழங்கு பிடுங்கிய பின் அதிலிருந்து உதிர்ந்த, விறகுக்குப் பயன்படும் கொட்டை.","Palmyra seed kernel left after harvesting palmyra tuber, dried and used as firewood",குடுவாந்தொரட்டி ஒரு கூட கொண்டாந்தா காய வெக்கலாம்.,பெயர்ச்சொல்,nature_animals | home_household,,pm,
1577,குடுவு,,kuṭuvu,,இடுப்பு.,Waist / hip region,குடுவு எறங்கீருச்சு.,பெயர்ச்சொல்,body_health,,pm,
1578,குடெமெ,,kuṭeme,,குடுமி.,Traditional hair tuft or topknot (kudumi),குடமெய போட்டுகிட்டு எங்கியோ கெளம்பீட்டெ.,,dress_accessories | body_health,,np,
1579,குடை சாய்தல்,,kuṭai cāytal,,வண்டி கவிழ்தல்.,Cart overturning or rolling over on a rough track,நொடித் தடத்துல ஓட்டிக்கிட்டுப் போயிருக்கறான். வண்டி கொட சாஞ்சிருச்சி.,வினைச்சொல்,farming_livestock | action_verbs,,pm,
1580,குண்டி,,kuṇṭi,,ஆணின் விரை.,Scrotum; testicle,போதையில குண்டி வெடிச்சிச் செத்துப் போயிட்டான்.,பெயர்ச்சொல்,body_health,,pm,
1581,குண்டிக்காய்,,kuṇṭikkāy,,ஆடுகளின் விரை இறைச்சி.,Testicle meat of slaughtered goat,குண்டிக்கா கொஞ்சம் போடு. கொழந்தைங்க திங்கும்.,பெயர்ச்சொல்,food_cooking,,pm,
1582,குண்டு,,kuṇṭu,,இரைப்பை,Stomach; gizzard / belly,,,body_health,,od,
1583,குண்டுக்கல்,,kuṇṭukkal,,"(முளைக்குச்சி தட்ட, வெற்றிலை கொட்ட உதவும்) உருண்டையான சற்றுப் பெரிய கல்.",Large round boulder or heavy stone used to drive pegs or crush leaves,நல்லா குண்டுக்கல்லாப் பாத்து எடுத்தா.,பெயர்ச்சொல்,home_household | nature_animals,,pm,
1584,குண்டொசறங்கறது,,kuṇṭocaṟaṅkaṟatu,,காண்க. பூமி மிதிக்கிறது.,Dropping heavy objects directly on the ground,,,action_verbs | human_behavior,,np,
1585,குத்த வச்சு,,kutta vaccu,,உட்கார்வதில் ஒர் வகை,Squatting posture (sitting on one's haunches as in an Indian squat toilet),இந்திய வகை கழிவறைகளில் நாம் உட்காரும் வகை தான் இப்படி அழைக்கப்படுகிறது,,action_verbs | body_health,,od,
1586,குத்தகை,,kuttakai,,நிலத்தில் பயிர் செய்வதற்காகப் பிறரிடம் பேசி ஆண்டுக்குக் குறிப்பிட்ட அளவு பெற்றுக் கொள்ளும் பணம் அல்லது தானியம்.,Agricultural land lease; tenancy arrangement paid in annual grain or money,அவங்களுக்குத்தான் குத்தகைக்கு உட்டிருக்கறன்.,பெயர்ச்சொல்,farming_livestock,,pm,
1587,குத்தப் பணம்,,kuttap paṇam,,குற்றப் பணம். குற்றம் செய்தவர் தண்டனையாக ஊருக்குக் கட்டும் பணம்.,Village community fine imposed on an offender by the panchayat,குத்தப் பணம் கட்டிக்கூட அவனுக்குப் புத்தியில்ல.,பெயர்ச்சொல்,human_behavior,,pm,
1588,குத்தரபொட்டி,,kuttarapoṭṭi,,கம்பு போன்ற தானியங்களை உரலில் போட்டு இடிக்கும்போது வெளியே சிதறாமல் தடுக்க வைக்கப்படும் (கீழ்ப்புறம் குவிந்தும் மேற்புறம் விரிந்தும் இருக்கும்) கூடை போன்று பின்னப்பட்ட பெட்டி.,Funnel-shaped woven basket placed over a mortar to prevent grain from spilling while pounding,குத்தரபொட்டி இல்லாத கம்ம மாவு ஒரு கைப்பிடி எறஞ்சு போச்சு.,பெயர்ச்சொல்,home_household | food_cooking,,pm,
1589,குத்தல்,குத்தலு,kuttal,kuttalu,கிணற்றில் நீர் கசியும் பகுதி. | கிணற்றில் நீர்வடியும் பகுதி.,Wet seepage fissure or water-percolating rock vein in a well,கெணுத்துல குத்தல் பக்கம் பாசி படிஞ்சிட்டுது. | குத்தல்ல பாசி படர்ந்தருக்கு.,பெயர்ச்சொல்,nature_animals | farming_livestock,,pm | np,
1590,குத்தவெ,,kuttave,,குத்தகை.,Agricultural lease or land leasehold (dialectal for kuthagai),காடு குத்தவெக்கி ஓட்டிகிட்டு இருக்கறோ.,,farming_livestock,,np,
1591,குத்தாரி,,kuttāri,,முறையின்றித் தீவனப் பயிர்களைப் போட்டுக் குவியல் செய்தல்.,Mounding or heaping cattle fodder unorganizedly in a pile,குத்தாரியாப் போட்டு வெச்சிருப்பாங்க.,பெயர்ச்சொல்,farming_livestock,,pm,
1592,குத்திக்காட்டு,,kuttikkāṭṭu,,ஒருவர் சொன்னதை திரும்ப அவருக்கே கூறுவது.,Throwing someone's words back at them; taunting or reminding past errors,என்ன குத்திக் காட்றியா.,,speech_phrase | human_behavior,,np,
1593,குத்திப்போடு,,kuttippōṭu,,கம்பு இடித்துச் சோறாக்குதல்.,Pounding pearl millet into grist and cooking millet porridge,நேத்துக் கம்பு குத்திப் போட்டன். சோறு இன்னங் கெடக்குது.,வினைச்சொல்,food_cooking | action_verbs,,pm,
1594,குத்தீட்டி,,kuttīṭṭi,,வேட்டையாடும் போது மிருகங்களை குத்துவதற்குப் பயன்படும் முனையில் கூர்மையாக உள்ள ஆயுதம். | வேட்டையில் மிருகங்களைக் குத்திக் கொல்ல உதவும் கருவி.,Sharp hunting spear used to stab wild animals,குத்தீட்டில குத்து. | அவனுக்குப் பல்லப் பாரு குத்தீட்டியாட்டம் இருக்குது.,பெயர்ச்சொல்,nature_animals | home_household,,np | pm,
1595,குத்து,,kuttu,,ஒரு கைப் பிடி அளவு. | ஒரு கைப்பிடியளவு.,A handful measure of grain or sugar,ஒரு குத்து அரிசி அள்ளிட்டு வா. | ஒரு குத்துச் சர்க்கரை அள்ளிவாயில போட்டுக்கிட்டா.,பெயர்ச்சொல்,measure_units,,np | pm,
1596,குத்துக்கல்லு,குத்துக்கல்,kuttukkallu,kuttukkal,சிறிது வெளியே நீட்டிக்கொண்டு இருக்கும் வகையில் மண்ணில் நடப்பட்ட கல். | வெளியில் சிறிதளவு நீட்டிக்கொண்டு இருக்கும் வகையில் மண்ணில் நடப்பட்ட கல்.,Boundary stone or milestone planted in ground protruding upward,அந்தக் குத்துக்கல்லு மேல உக்காரு. | சித்த குத்துக்கல்லு மேல உக்காரு.,பெயர்ச்சொல்,place_direction | nature_animals,,np | pm,
1597,குத்துக்காய்,,kuttukkāy,,நிலக்கடலையில் ஒரு வகை. அகன்று படராமல் மேல்நோக்கி வளரும் நிலக்கடலைப் பயிர்.,Bunch variety of groundnut that grows upright rather than spreading,மேட்டுக் காட்டுல குத்துக்காய் போட்டாக் காய்ச்சலுக்குத் தாங்காது.,பெயர்ச்சொல்,farming_livestock,,pm,
1598,குத்துக்கால்,,kuttukkāl,,"கட்டில், குடிசை போன்றவற்றில் நிலத்தில் ஊன்றும் வகையில் அமைக்கப்பட்ட மரக்கால்.",Upright wooden post or leg of a cot or hut frame,"கட்டக்குத்துக்கால் மேல உக்கோராத, குருத்தொடிஞ்சிடும்.",பெயர்ச்சொல்,home_household,,pm,
1599,குத்துச்சரம்,குத்துச்சரொ,kuttuccaram,kuttuccaro,வீட்டுக் கூரை முகட்டையும் விட்டத்தையும் இணைக்கும் மரக்கட்டை. | வீட்டுக்கூரை முகட்டையும் விட்டத்தையும் இணைக்கும் மரத்தாலான கட்டை.,Vertical wooden strut connecting roof ridgepole to crossbeam in traditional houses,குத்துச் சரத்துல கரையான் ஏறிடுச்சு. | குத்துச் சரொத்துல பாரு ஒட்றெ நெறஞ்சி கெடக்குது.,பெயர்ச்சொல்,home_household,,np | pm,
1600,குத்துச்செடி,,kuttucceṭi,,உயரமாக வளராமல் புதராக இருக்கும் செடி. | குறும்புதர்ச் செடி.,Low-growing bush or shrub,குத்துச் செடியில பாம்பு இருக்குது. | குத்துச் செடியாக் கெடக்குது. அதுக்குள்ள போவாத.,பெயர்ச்சொல்,nature_animals,,np | pm,
1601,குத்துமதிப்பா,,kuttumatippā,,தோராயமாக.,Roughly; approximately; as a ballpark estimate,ஒரு குத்து மதிப்பாச் சொல்லு.,,speech_phrase | measure_units,,np,
1602,குத்துளி,,kuttuḷi,,"அகலம் குறைந்த கூர்மையான மரம் செதுக்கும் உளி. | கூர்மையான, அகலம் குறைந்த மர உளி வகை.",Narrow sharp gouge chisel used for woodcarving,குத்துளிய எடுத்தா மரத்த சீவலாம். | அப்படியே குத்துளியில ஏத்திப்புடுவம் பாத்துக்க.,பெயர்ச்சொல்,home_household,,np | pm,
1603,குத்தேரி,,kuttēri,,முறையில்லாமல் பயிர்களைப் போடுதல். | காண்க: குத்தாரி.,Stacking crops haphazardly in disarray (see kuthari),பயிருகள குத்தேரி போட்டு வெச்சுருக்குது.,,farming_livestock,,np | pm,
1604,குத்தொ,,kutto,,குற்றம்.,Fault; offence; guilt,குத்தொங் கண்டுபுடிக்கிறதே இவனுக்கு வேலமாப் போச்சு.,,human_behavior,,np,
1605,குதம்பெ,,kutampe,,தேங்காய்க்கு மேல் உள்ள மட்டை.,Coir / fibrous husk of coconut.,குதம்பெய உறிச்சி எடு.,,nature_animals | home_household,,np,
1606,குதியாளம்,,kutiyāḷam,,உற்சாகத்தால் குழந்தைகள் (குதித்துக்கொண்டு) போடும் ஆட்டம்.,Jubilant bouncing and energetic jumping of cheerful children,அடேங்கப்பா. இதுவுளுக்குக் குதியாளத்தப் பாரு.,பெயர்ச்சொல்,human_behavior | action_verbs,,pm,
1607,குதிரவால்சடெ,,kutiravālcaṭe,,பெண்கள் தலைமுடியை மடித்தாற்போல் போடும் கொண்டை.,Ponytail or folded bun hairstyle worn by women,குதிரவால்சடெ போட்டுகிட்டு போறா பாரு.,,dress_accessories,,np,
1608,குதிரவாலம் பூடு,,kutiravālam pūṭu,,ஒரு களைச் செடி.,A weed relishable as nutritious fodder by goats,குதிரவாலம் பூடுன்னா வெள்ளாடு நல்லாத் திங்கும்.,பெயர்ச்சொல்,farming_livestock | nature_animals,,pm,
1609,குதிரு,,kutiru,,சோளம் போன்றவற்றை போட்டு வைக்கும் இடம்.,Traditional large cylindrical clay grain silo or storage bin,குதிருக்குள்ள பாரு தானியமெல்லா போட்டு வெச்சிருக்குது.,,home_household | farming_livestock,,np,
1610,குதிரை முகம்,,kutirai mukam,,முழங்காலுக்குக் கீழுள்ள காலின் முன் பகுதி.,Front shin area below the knee,குதிரை மொகத்துல வெட்டீருக்குது. சீக்கிரம் ஆறாது.,பெயர்ச்சொல்,body_health,,pm,
1611,குதிரைப்பொலி,,kutiraippoli,,ஒரே இடத்தில் நிலம் அமையாமல் பிறருடைய நிலங்களுக்கு இடையே சிறிது சிறிதாக இருத்தல்.,Fragmented landholdings scattered in small patches amidst others' fields,அவனுக்குப் பூரா குதரப்பொலிபங்குடா.,பெயர்ச்சொல்,farming_livestock | place_direction,,pm,
1612,குந்த வை,குத்த வை,kunta vai,kutta vai,காலை மடக்கிப் பின்பகுதி நிலத்தில் படாமல் உட்காருதல் (மலம் கழிக்கும் போது உட்காருவது போல).,Squatting down on haunches without letting rear touch the ground,அவளுக்குச் சம்மணம் போட முடியாது. குந்தவெச்சுத்தான் உட்காருவா.,வினைச்சொல்,action_verbs | body_health,,pm,
1613,குந்தாணி,குந்தானி,kuntāṇi,kuntāṉi,(நெல் உமி நீக்கப் பயன்படும்) மரத்தாலான உரல். | நெல்லில் இருக்கும் உமியை நீக்கி அரிசியாக்கப் பயன்படும் மரத்தாலான உரல்.,Traditional tall wooden mortar used for husking paddy into rice,"குந்தானி உங்கூட்டுல இருக்குதா, கொஞ்சம் நெல்லுக் குத்தோனும். | குந்தாணி இருந்தா கொஞ்சங்குடு நெல்லு குத்தணு.",பெயர்ச்சொல்,home_household | food_cooking,,od | np | pm,
1614,குந்தானிச்சி,,kuntāṉicci,,(குந்தானி போன்ற) அகன்ற இடுப்புடைய பெண்.,"Woman with wide, plump hips like a wooden mortar",குந்தானிச்சி போறா பாரு.,பெயர்ச்சொல்,human_behavior | body_health,,pm,
1615,குந்து,,kuntu,,உட்கார்; முழங்காலை மடக்கி சமச்சீராக அமர்தல்.(1) | கதவில் மாட்டப்படும் குமிழ்; கதவில் நாதாங்கி மாட்டப் பயன்படும் சாதனம்.(2) | கலப்பையில் பட்டா மாட்டும் கொக்கி.(3),(1) To sit; to squat | (2) Door bolt knob / latch fitting | (3) Hook on wooden plough,இங்கன குந்து. | கதவுல குந்த நல்லா மாட்டியா. | குந்தித் தின்னா கோபுரமும் கொறையும். (பழமொழி) | குந்தஅடிச்சு உடு.,வினைச்சொல் | பெயர்ச்சொல்,action_verbs | home_household | farming_livestock,,od | np | pm,
1616,குந்துகால்,,kuntukāl,,நடக்கும்போது லேசாக மடக்கியது போல இருக்கும் கால்.,Walking with a slightly bent knee or limp,அவனுக்குக் குந்துகால். அதான் அப்படி நடக்கறான்.,பெயர்ச்சொல்,body_health,,pm,
1617,குந்தேத்தக்குழி,,kuntēttakkuḻi,,தூரத்திலுள்ள வயல்களுக்கு நீர் பாய்ச்சக் கிணற்றிலிருந்து நீரை இறைத்து வழியில் ஒரு குழியில் நிறைப்பர். அதிலிருந்து மீண்டும் இறைத்து வயலுக்குக் கொண்டு செல்வர். (ஏற்றத்தில் நீர் இறைக்கும் போது வெகுதூரம் சென்று பாயாது. அதற்காக இந்த ஏற்பாடு) அந்தக் குழி.,Intermediate relay sump pit dug to lift well water in two stages to distant fields,குந்தேத்தக் குழியில எறச்சு உட்டா அந்தக் காடு பாஞ்சராது.,பெயர்ச்சொல்,farming_livestock | place_direction,,pm,
1618,குப்ப,,kuppa,,சமச்சீராக இறைத்தல்.,Spreading and bailing evenly,குப்ப உதறித்தான ஓட்டோனும்.,வினைச்சொல்,farming_livestock | action_verbs,,pm,
1619,குப்ப மண்,குப்பமண்ணு,kuppa maṇ,kuppamaṇṇu,தொழு உரம்.,Well-rotted farmyard manure / compost soil,குப்ப மண்ணுப் போட்டா நல்லா வெளையும். | குப்ப மண்ணை அள்ளிட்டுப் போய் காட்டுலை போடோனு.,பெயர்ச்சொல்,farming_livestock,,np | pm,
1620,குப்ப மாரிச்செடி,,kuppa māricceṭi,,குப்பைப் பகுதியில் வளரும் செடி; குப்பைமேனி.,Kuppaimeni weed plant (Acalypha indica) growing around garbage heaps,குப்பமாரிச்செடி எக்கச்சக்கமா வளந்திருச்சு.,பெயர்ச்சொல்,nature_animals | body_health,,pm,
1621,குப்பப் புழு,,kuppap puḻu,,குப்பைக்குள் வெண்ணிறத்தில் இருக்கும் பெரிய புழு.,Large white grub / beetle larva living inside manure piles,குப்பப்புழுவு பாரு. மொட்டாட்டம் கெடக்குது.,பெயர்ச்சொல்,nature_animals | farming_livestock,,pm,
1622,குப்பாங்குதி,,kuppāṅkuti,,(குழந்தைகளின்) அளவு மீறிய குதிப்பு.,Uncontrollable wild jumping and boisterous frolicking by youngsters,ஏன்டா இந்தக் குப்பாங்குதி குதிக்கற.,பெயர்ச்சொல்,human_behavior | action_verbs,,pm,
1623,குப்பாயம்,,kuppāyam,,50 வயதுக்கு மேற்பட்ட பெண்கள் அணியும் உடை.,Traditional bodice blouse worn by elderly women (above 50 years),அந்தப் பாட்டீமா பாரு குப்பாயம் போட்ருக்குது.,,dress_accessories,,np,
1624,குப்பாரிகொட்டல்,,kuppārikoṭṭal,,கொங்கு சடங்குகளில் ஒன்று.,Traditional ritual lamentation and beat during Kongu funeral ceremonies,,,festival_religion,,np,
1625,குப்பாலு,குப்பால்,kuppālu,kuppāl,அடி(த்தல்). | அடித்தல்.,Blow; smack; physical strike | Beating; giving a good smack or blow,அவனுக்கு ரண்டு குப்பால் போடோனும். | ரெண்டு குப்பாலு குடுத்தா குசும்பு அடங்கும்.,பெயர்ச்சொல்,action_verbs | human_behavior,,pm | np,
1626,குப்பி,,kuppi,,சிறிய டப்பி.,Small vial or tiny glass/tin bottle,குப்பிலை போட்டு அடச்சி வெச்சிருக்குது.,,home_household,,np,
1627,குப்பைக்குழி,,kuppaikkuḻi,,எருவைச் சேர்த்து வைக்கும் குழி.,Manure pit / compost pit where cow dung and farm refuse are collected,குப்பக்குழியில் கொண்டோயிக் கொட்டு.,பெயர்ச்சொல்,farming_livestock | place_direction,,pm,
1628,குபுகுபு,,kupukupu,,வேகமாகவும் மிகுதியாகவும்.,Gushing out rapidly in copious torrents,தண்ணி பாரு குபுகுபுன்னு வருது.,,nature_animals | speech_phrase,,np,
1629,கும்பக்கட்டு,,kumpakkaṭṭu,,வண்டி ஆரக்கால்கள் இணையும் மையப்பகுதி.,Central wooden wheel hub where the spokes meet on a bullock cart wheel,கும்பக் கட்டுல தார்ப்பூசு.,பெயர்ச்சொல்,farming_livestock | home_household,,pm,
1630,கும்பந்தாளித்தல்,,kumpantāḷittal,,கோவில் திருவிழா தொடக்கத்தில் கடவுளுக்குரிய கரகம் அமைத்தல்.,Setting up and consecrating the sacred karagam pot at the start of village temple festival,நேத்தே மாரீங்கோயில்ல கும்பந் தாளிச்சிட்டாங்க.,பெயர்ச்சொல்,festival_religion,,pm,
1631,கும்பம்,,kumpam,,காண்க: கும்பக்கட்டு.(1) | கோவில் திருவிழாவில் எடுத்து ஆடும் கரகம்.(2),Bullock cart wheel hub | Sacred consecrated brass/earthen water pot decorated for festival,இன்னிக்கி கும்பம் பாக்கப் போறோம்.,பெயர்ச்சொல்,farming_livestock | festival_religion,,pm,
1632,கும்பல்,கும்பவாசம்,kumpal,kumpavācam,சோறு தீய்வதால் வரும் மணம்.,Burnt odor of scorching rice or food at the bottom of the cooking pot | Burnt scorched odor of scorched cooked rice,சோறு நேத்துக் கும்பலடிச்சுப் போச்சு. | சோத்த எறக்கு. கும்பல் அடிக்குது.,பெயர்ச்சொல்,food_cooking,,pm,
1633,கும்பலடிக்குது,,kumpalaṭikkutu,,"சோறு, பால் தீய்ந்து விடுவதால் வரும் வாசம்.",Smelling of scorched burnt rice or milk on the stove,சோறு கும்பலடிக்குதோட்ட இருக்குது அடுப்புலெ இருந்து எறக்கி வெய்யி.,,food_cooking,,np,
1634,கும்பலா,,kumpalā,,கூட்டமாக.,In large crowds; gathered in a throng,அங்கென்ன ஒரே கும்பலா இருக்குது.,,speech_phrase | human_behavior,,np,
1635,கும்பா,,kumpā,,அகன்ற வட்ட வடிவப் பாத்திரம்; பெரிய கிண்ணம்.,Deep wide metal bowl or basin,கும்பா நிறைய சோறு போட்டுத் தின்னான்.,பெயர்ச்சொல்,home_household | food_cooking,பொருள் உறுதிப்படுத்தப்படவில்லை (AI உருவாக்கம்) · Meaning not verified (AI generated),od,
1636,கும்பி,,kumpi,,வயிறு,Belly; stomach; gut,,,body_health,,od,
1637,கும்பொ,கும்பக்கூட்டெ,kumpo,kumpakkūṭṭe,வண்டி ஆரக்கால்கள் இணையும் கும்பம்.,Wheel hub of a bullock cart wheel | Wooden wheel hub of a cart wheel,கும்புந்தேஞ்சு போச்சு மாத்தோணும்.,,farming_livestock | home_household,,np,
1638,கும்பொ தாளிக்கறது,,kumpo tāḷikkaṟatu,,திருவிழாக் காலங்களில் சாமிக்கு கரகம் வைத்தல்.,Installing the sacred ritual karagam pot at the village temple festival,கோயில்ல கும்பொத தாளிக்கிறாங்க.,,festival_religion,,np,
1639,கும்மாயம்,,kummāyam,,சமையலறையில் உபயோகப்படுத்தும் கருவி (மத்து) | உப்புப்பருப்பு | இருட்டு,Kitchen churning stick (mathu) | Cooked lentils with salt | Dense darkness,,,food_cooking | home_household,,od,
1640,கும்மிருட்டு,,kummiruṭṭu,,அதிகமான இருள்.,Pitch darkness; utter inky darkness,கும்மிருட்டுல எங்க போற.,,nature_animals | time_seasons,,np,
1641,கும்மு,,kummu,,துணியை இரண்டு கைகளாலும் கசக்குதல்.,Rubbing or scrubbing clothes vigorously between two hands while washing,நல்லா கும்மு அப்பதா துணியில அழுக்குப் போகும்.,,action_verbs | home_household,,np,
1642,கும்மு (தல்),,kummu (tal),,கையால் துணியக் குவித்துத் தட்டித் துவைத்தல்.,Gathering clothes in fists and beating/scrubbing to wash out dirt,துணிய நல்லாக் கும்மு.,வினைச்சொல்,action_verbs | home_household,,pm,
1643,குமிட்டி,,kumiṭṭi,,நிலத்தில் களையாக வளரும் ஒரு கீரை.,Wild edible greens weed (kumitti) cooked with dhal,குமிட்டி நக்கிரி கடஞ்சா நல்லா இருக்கும்.,பெயர்ச்சொல்,food_cooking | nature_animals,,pm,
1644,குமியா,,kumiyā,,ஒன்றாக குவிந்தது.,Piled up together in a single mound or heap,கல்லக்காயெ ஒரே குமியா போட்டு வெய்ய.,,measure_units | action_verbs,,np,
1645,குமுஞ்சு,,kumuñcu,,குனிந்து.,Bending down; stooping forward while working,குமுஞ்சு நிமுந்து வேலை செஞ்சாத்தானே ஆகும்.,,action_verbs | body_health,,np,
1646,குமுட்டி,,kumuṭṭi,,கும்மிட்டி அடுப்பு; கரியிட்டு எரிக்கப் பயன்படும் இரும்பு அல்லது மண் அடுப்பு.,Charcoal brazier / small portable stove,குமுட்டி அடுப்புல நெருப்பு மூட்டி வெய்யி.,பெயர்ச்சொல்,home_household | food_cooking,பொருள் உறுதிப்படுத்தப்படவில்லை (AI உருவாக்கம்) · Meaning not verified (AI generated),od,
1647,குமுனி,குமுணி,kumuṉi,kumuṇi,குன்றிமணி.,Jequirity seed (Abrus precatorius / kunrimani) used as play beads and traditional measure,குமுணியப் பொறுக்கியா வெளயாடுவோம். | குமுனிப் பொறுக்கி வெளையாண்டோம்.,பெயர்ச்சொல்,nature_animals | measure_units,,pm | np,
1648,குமுளாமுள்,,kumuḷāmuḷ,,வேலி கட்டப் பயன்படும் முள்செடி.,Thorny hedge shrub planted to secure field fencing,குமளாமுள் கொண்டாந்து வேலிகட்டலாமுல்ல.,பெயர்ச்சொல்,nature_animals | farming_livestock,,pm,
1649,குய்யோ முறையோ,,kuyyō muṟaiyō,,உரத்த குரலில் கத்துதல்.,Screaming and wailing aloud in distress or protest,குய்யோ முறையோனு நானு கத்திகிட்டு இருக்க நீ பாட்டுல வர்ற.,,speech_phrase | human_behavior,,np,
1650,குரங்கு பொகீளை,குரங்குப் பொகையிலை | குரங்கு பொகையிலை | குரங்குப் புகையிலை,kuraṅku pokīḷai,kuraṅkup pokaiyilai | kuraṅku pokaiyilai | kuraṅkup pukaiyilai,காட்டுப் புகையிலைச் செடி வகை; குரங்குப் புகையிலை இலை (பொகையிலை என்பது புகையிலையைக் குறிக்கும் வட்டார வழக்கு).,Wild tobacco plant / leaf (country tobacco leaf variety),காட்டு ஓரமா குரங்கு பொகீளைச் செடி மொளச்சிருக்குது.,பெயர்ச்சொல்,nature_animals | farming_livestock,பொகீளை என்பது கொங்கு வட்டார வழக்கில் பொகையிலை (புகையிலை) என்பதன் திரிபு வடிவம். · பொருள் உறுதிப்படுத்தப்படவில்லை (AI உருவாக்கம்) · Meaning not verified (AI generated),od,
1651,குரங்குப் பெடல்,,kuraṅkup peṭal,,மிதிவண்டி பழகும்போது சிறுவர்கள் முன்பகுதியில் உள்ள முக்கோணத்துள் கால் நுழைத்து ஓட்டும் நிலை.,Monkey pedaling (riding a bicycle by sliding leg through the frame triangle),இப்பத்தான் குரங்கப் பெடல்ல ஓட்டறான்.,பெயர்ச்சொல்,human_behavior,,pm,
1652,குரம்பெ,குரம்பை,kurampe,kurampai,"தேங்காய் மற்றும் நுங்கின் பிஞ்சு. | நுங்கு, தேங்காய் ஆகியவற்றின் பிஞ்சு நிலை.","Very tender, immature young palmyra nut (nungu) or coconut",தோப்புல குரம்பெயா உழுந்து கெடக்குது. | நொங்கு இன்னம் குரம்பயாஇருக்குது. இப்ப எப்படி வெட்டறது.,,nature_animals | food_cooking,,np | pm,
1653,குரமத்தஞ்செடி,,kuramattañceṭi,,வெள்ளரிக் கொடி போலக் காணப்படும் ஒரு வகைக் கொடி (இதன் காய்கூட வெள்ளரிப் பிஞ்சு போலவே இருக்கும்).,Wild creeper resembling cucumber vine with small cucumber-like fruit,குரமத்தஞ் செடிய பாத்துட்டு வெள்ளரிக் கொடிங்கறான்.,பெயர்ச்சொல்,nature_animals,,pm,
1654,குரவளை,,kuravaḷai,,தொண்டை,Windpipe; throat / larynx,,,body_health,,od,
1655,குருட்டாம்போக்குலெ,,kuruṭṭāmpōkkule,,முன் யோசனை இல்லாமல்.,Blindly; haphazardly without foresight or forethought,குருட்டாம்போக்குலெ பதில் சொல்லாத.,,human_behavior | speech_phrase,,np,
1656,குருட்டு வசாலி,,kuruṭṭu vacāli,,காண்க: ஒடக்கான் தின்னி.,Blind lizard hunter / crested bird (see odakkantheenii),,,nature_animals,,pm,
1657,குருட்டுக் காதுத் தளுக்கு,,kuruṭṭuk kātut taḷukku,,காதின் முன் குமிழ் போன்றுள்ள சிறு பகுதியில் அணியும் அணிகலன்.,Tragus ear pendant worn on the small anterior projection of the ear,அந்தப் பாட்டி குருட்டுக் காதுத் தளுக்குக் கூடப் போட்டிருக்குது.,பெயர்ச்சொல்,dress_accessories,,pm,
1658,குருட்டுப்பாடொ,,kuruṭṭuppāṭo,,அர்த்தம் புரியாமல் படிப்பது.,Rote learning without understanding the meaning; cramming mechanically,குருட்டுப் பாடம் பண்ணாத படிச்சது மறந்து போகும்.,,human_behavior,,np,
1659,குருத்து,,kuruttu,,"கட்டில் சட்டம், வண்டி முளை போன்றவற்றின் (துளையில் மாட்டுவதற்காக) நுனியில் செதுக்கப்பட்ட பகுதி.",Tenon peg carved on ends of cot frame rails or cart stakes to fit into mortise sockets,கட்டச் சட்டம் குருத்தொடிஞ்சு போச்சு.,பெயர்ச்சொல்,home_household | farming_livestock,,pm,
1660,குருத்துக்கட்டை,,kuruttukkaṭṭai,,இளம் கரும்புப் பயிரில் குருத்து வறண்டு போகும் நோய்.,Early shoot borer blight in young sugarcane crops causing drying of central shoot,வெய்யக் காலத்துல அதிகமா குருத்துக் கட்டை உழுவும்.,பெயர்ச்சொல்,farming_livestock | nature_animals,,pm,
1661,குருத்துக்கதவு,,kuruttukkatavu,,தரையோடு உரசிச் செல்லும்படியான (கதவுக்கும் தரைக்கும் இடைவெளி அற்ற) கதவு.,Flush low-fitting door that brushes close to the floor without gap,குருத்துக் கதவெல்லாம் அந்தக் காலத்துலதான்.,பெயர்ச்சொல்,home_household,,pm,
1662,குருத்தொடி(தல்),,kuruttoṭi(tal),,"கட்டில் சட்டம், வண்டி முளை போன்றவற்றின் (துளையில் மாட்டுவதற்காக) நுனியில் செதுக்கப்பட்ட பகுதி.",Snapping of the tenon joint peg on a cot frame rail or cart stake,கட்டச் சட்டம் குருத்தொடிஞ்சு போச்சு.,வினைச்சொல்,action_verbs | home_household,காண்க: குருத்து,pm,
1663,குருத்தோலெ,குருத்தோலை,kuruttōle,kuruttōlai,"பனை, தென்னை மரங்களில் உள்ள விரியாத ஓலை. | பனை, தென்னைகளில் உள்ள விரியாத நுனி ஓலை.",Tender unopened terminal shoot leaf of palmyra or coconut palm,மடலோலையப் பாத்து குருத்தோலை சிரிச்சுதாம். (பழமொழி) | மடலோலயப் பாத்துக் குருத்தோல சிரிச்சுதாம்.,,nature_animals | farming_livestock,,np | pm,
1664,குருவலம்,,kuruvalam,,மிகுந்த விருப்பம்.(1) | காலமும் நேரமும் (குருபலன்) கூடி வருதல்.(2),Passionate fondness | Astrological favorability of Jupiter (Guru balan),கச்சாயம்னா அவனுக்குக் குருவலம் | குருவலங் கூடுன்னா தான கலியாணம் நடக்கும்.,பெயர்ச்சொல்,human_behavior | festival_religion,,pm,
1665,குருவிப்பீ,,kuruvippī,,காதுக்குள் சேரும் அழுக்கு; குறும்பி.,Earwax (cerumen) accumulated inside the ear canal,காதுல குருவிப்பீ இத்தன சேர்ந்து போச்சு.,பெயர்ச்சொல்,body_health,,pm,
1666,குலம்,,kulam,,"கொங்குப் பகுதிக் கவுண்டர் சாதியினுள் இருக்கும் (செடி, மரம், பறவைப் பெயர்களைச் சின்னமாக் கொண்ட) பிரிவு.","Clan or lineage sept (kootam) named after birds, plants, or trees among Kongu Vellalar",நாங்க காடைகுலம்.,பெயர்ச்சொல்,kinship | festival_religion,,pm,
1667,குலுமை,,kulumai,,படி சுற்றிக் கட்டி அதன் மேல் ஏறி தானியத்தை அந்த அறைக்குள் கொட்டிவிடுவர். அறையின் கீழ்ப்பக்கம் சிறிய துளையிருக்கும். அந்தத் துளை வழியாக தானியத்தை எடுத்துக்கொள்வர்.,Traditional tall earthen grain silo room built with outer steps and bottom dispense hole,,,home_household | farming_livestock,,np,
1668,குழிதாழி,,kuḻitāḻi,,மாடுகளுக்கு கழிநீர் தண்ணீர் ஊற்றி வைக்க பயன்படும் தொட்டி.,Large sunken earthenware tub to hold gruel/water for cattle,குழிதாழில தவுட்ட போடு.,,farming_livestock,,np,
1669,குழிமேட்லெ,,kuḻimēṭle,,பிணத்தைப் புதைத்த குழியின் மேற்பகுதி.,Mound of earth raised over a fresh grave where milk ritual is poured,குழிமேட்லெ பாலு ஊத்தப் போறாங்கெ.,,festival_religion | place_direction,,np,
1670,குழிவயிலு,,kuḻivayilu,,நீர் விரைந்து ஓடும் வகையில் பள்ளமாக உள்ள வயல்.,Low-lying sunken paddy field holding copious standing water,குழிவயிலுல பாரு தண்ணி நெறஞ்சி நிக்குது.,,farming_livestock | place_direction,,np,
1671,குழிவாசல்,,kuḻivācal,,பிணம் புதைக்க வெட்டும் குழியின் வாயில்.,Opening mouth of a grave being dug for burial,எங்காதுப் பொன்ன நாங் குழிவாசலுக்குப் போறப்பக் கழ்ட்டிக்கோ.,பெயர்ச்சொல்,festival_religion | place_direction,,pm,
1672,குழுதாழி,,kuḻutāḻi,,மாடுகளுக்குக் கழுநீர் வைக்கும் தொட்டி.,Feeding trough for cattle kitchen rinse wash (kazhuneer),குழுதாழியில் கொண்டோயி ஊத்து.,பெயர்ச்சொல்,farming_livestock,,pm,
1673,குள்ளவெட்டான்,,kuḷḷaveṭṭāṉ,,குள்ளநரி.,Indian jackal; small wild fox,அந்தப் பொதைக்குள்ள குள்ளவெட்டான் ஓடுது.,பெயர்ச்சொல்,nature_animals,,pm,
1674,குளத்தண்ணி,,kuḷattaṇṇi,,குளிர்ந்த நீர்.,Cold water; chilled well water,குளந்தண்ணியெ குடிக்காதெ சளி புடிச்சிக்கு.,,food_cooking | nature_animals,,np,
1675,குளமாத்து,,kuḷamāttu,,ஒன்றைச் செய்வதாகச் சொல்லிவிட்டு அதற்கு நேர்மாறாக நடப்பது.,Contradictory behavior; saying one thing and doing the exact opposite,இந்தக் கொளமாத்துப் பண்றயா.,பெயர்ச்சொல்,human_behavior | speech_phrase,,pm,
1676,குளிப்பாட்டு (தல்),,kuḷippāṭṭu (tal),,பிணத்தை இடுகாடு / சுடுகாட்டுக்கு எடுத்துச் செல்லுகையில் நீர் ஊற்றிக் கழுவும் சடங்கு.,Ritual ceremonial washing/bathing of a deceased body before final procession,இப்பத்தான் குளிப்பாட்டறாங்க. சீக்கிரம் கானக்காடு கொண்டோயிடுவாங்க.,வினைச்சொல்,festival_religion,,pm,
1677,குளிப்பாட்டு சீர்,,kuḷippāṭṭu cīr,,குழந்தை பிறந்த ஏழாவது நாள் நடத்தப்படும் சீர்.,Auspicious seventh-day ritual bath and gift presentation for a newborn mother and baby,,,festival_religion | kinship,,np,
1678,குளிப்பாட்றது,,kuḷippāṭṟatu,,இறப்பு ஒரு சில நாட்களில் நடைபெறும் என்று உறுதியாகும் போது அவர்களை தலைக்கு எண்ணெய் தேய்த்து மிகச் சிறப்பான முறையில் குளிப்பாட்டுவர். வயதின் காரணமாக குளிப்பாட்டும்போதே இறப்பதும் நடக்கும்.,Traditional full ritual bath given to elderly person approaching terminal end,,,festival_religion | kinship,,np,
1679,குளுமெ,,kuḷume,,குளிர்ச்சி.,Coolness; soothing cold temperature,இங்ஙனெ ஒரே குளுமையா இருக்குது.,,nature_animals | speech_phrase,,np,
1680,குளுவெ,குளுவை,kuḷuve,kuḷuvai,சிறிய மாத்திரை.,Small medicinal pill / tablet,நிறைய குளுவெய தின்னும் தூக்கமே வரல. | இத்தன குளுவைய எப்பிடீடா முழுங்கறது.,,body_health,,np | pm,
1681,குறிச்சி,,kuṟicci,,பிரம்பால் செய்த நாற்காலி. | பிரம்பினால் செய்யப்பட்ட நாற்காலி.,Rattan / cane chair,"குறிச்சில போய் உட்காரு. | அந்தக் குறிச்சிய எடுத்துப்போடு, உக்காரட்டும்.",பெயர்ச்சொல்,home_household,,np | pm,
1682,குறிப்பு,,kuṟippu,,ஜாதகம்.,Astrological horoscope record,அவனுக்கு குறிப்பு எழுதி வெச்சிருக்கறம்.,பெயர்ச்சொல்,festival_religion,,pm,
1683,குறியாப்பு,,kuṟiyāppu,,"தானியம், சிறுசெலவுகள் ஆகியவற்றை (இரவல்) கொடுக்கும் கைமாற்று.",Friendly informal lending of grain or petty cash without interest,அவ குறியாப்புக் குடுக்கறதுக்குச் சலிச்சுக்கவே மாட்டா.,பெயர்ச்சொல்,human_behavior | farming_livestock,,pm,
1684,குறுக்காட்டு,குறுக்காட்டி,kuṟukkāṭṭu,kuṟukkāṭṭi,வழி மறித்தல் | வழிமறித்தல்.,Intercepting; blocking someone's path | Intercepting someone's path or cutting someone off,அவன குறுக்காட்டு பணங் குடுக்காம போறான். | அவனப் போயிக் குறுக்காட்டுடா. கோவிச்சுக்கிட்டுப் போறான்.,,action_verbs | human_behavior,,od | np | pm,
1685,குறுக்காலெ,,kuṟukkāle,,இடையில்.,In between; crosswise; across,குறுக்காலெ உழவு ஓட்டியுடோனு.,,place_direction | speech_phrase,,np,
1686,குறுக்கு,,kuṟukku,,காதில் அணியும் தங்கம் அல்லது செம்பால் செய்த நகை.,Small ear ornament made of copper or gold,குறுக்கு போட்டுக் கிட்டு சுத்தறா பாரு.,,dress_accessories,,np,
1687,குறுக்கு வெலா,,kuṟukku velā,,முறையான உழவுப் பகுதியிலிருந்து விலகிச் செய்த உழவு.,Cross-plowing out of alignment; irregular transverse furrow,அங்கேன்டா குறுக்குவெலா ஓட்டற.,பெயர்ச்சொல்,farming_livestock,,pm,
1688,குறுக்குச் சட்டம்,,kuṟukkuc caṭṭam,,கட்டிலின் அகலப் பகுதியில் குத்துக் கால்களை இணைக்கும் மரச் சட்டம்.,Horizontal wooden crossbar rail joining the legs of a cot,குறுக்குச் சட்டத்த நல்லாச் சீவிப் போடு.,பெயர்ச்சொல்,home_household,,pm,
1689,குறுக்குச்சால்,,kuṟukkuccāl,,பொதுவாக எந்தச் செயலையும் நன்றாக நடக்க விடாமல் கெடுத்து விடுவது | நிலத்தில் விதைத்த பகுதியிலேயே முறையின்றி மீண்டும் விதைகளைத் தூவுதல்.(1) | நிலத்தில் ஆழமாக முறையின்றி குறுக்காக உழும் உழவு.(2) | பேச்சின் இடையில் புகுந்து மாற்றுதல்.(3),Cross-furrow plowing | Interrupting or sabotaging an ongoing conversation or work,"குறுக்குச்சால் உட்டா அடம்பா மொளச்சராது. | இவங்கிட்ட யாருடா குடுத்தா, குறுக்குச்சால் ஓட்டறன். | நாங்க பேசறப்ப நீ ஏண்டா குறுக்குச்சால் ஓட்டற.",பெயர்ச்சொல்,farming_livestock | speech_phrase,,od | pm,
1690,குறுக்குத்தடம்,குறுக்குத்தடொ,kuṟukkuttaṭam,kuṟukkuttaṭo,விரைவில் சென்று சேர்வதற்குரிய நிலங்களுக்குள் செல்லும் வழி. | விரைவில் சென்று அடையும் வழி.,Shortcut pathway cutting across fields,குறுக்குத் தடத்துல போனா சீக்கிரம் போயரலாம். | குறுக்குத் தடத்துல போனா காட்டுக்கு சீக்கிரம் போயிரலாம்.,பெயர்ச்சொல்,place_direction,,np | pm,
1691,குறுக்குப் பளுது,,kuṟukkup paḷutu,,வண்டியின் மேல் இருபுறமும் நீண்டு செல்லும் சட்டங்களைக் குறுக்காக இணைக்கும் கட்டை.,Transverse wooden crossbar connecting longitudinal rails on top of a cart,குறுக்குப் பளுது லேசா விரிசல் உட்ருக்குது. நல்ல மரமில்லயாட்டம் இருக்குது.,பெயர்ச்சொல்,farming_livestock | home_household,,pm,
1692,குறுக்கொழவு,,kuṟukkoḻavu,,அகலப்பகுதியை இணைக்கும் வகையில் செய்த உழவு.,Transverse cross-plowing across the width of the field,இந்தத் தடவ குறுக்கொழவு தான் போடோனும்.,பெயர்ச்சொல்,farming_livestock,,pm,
1693,குறுப்பு,,kuṟuppu,,தங்களுடைய ஜாதகத்தை சிறிய வடிவில் வைத்துக் கொள்ளுதல்.,Pocket horoscope summary record,நீ கம்ப்யூட்டர்ல போயி ஜாதகக் குறுப்பு ஒன்னு எழுதோனு.,,festival_religion,,np,
1694,குறும்பி,,kuṟumpi,,காதினுள் இருக்கும் அழுக்கு.,Earwax (cerumen),காதுக்குள்ளெ இவ்வளவு குறும்பி இருக்குது.,,body_health,,np,
1695,குறும்பொடு,,kuṟumpoṭu,,விவசாயத்தில் ஏற்படும் சிரமம்.,Hardship or distress encountered during agricultural work,,,farming_livestock | human_behavior,,np,
1696,குன்னாலு,,kuṉṉālu,,கும்மாளம்.,Boisterous joyful revelry during temple chariot festivals,தேரு திருநாளும் தேவிடியோட்ட குன்னாலு.,பெயர்ச்சொல்,festival_religion | human_behavior,,pm,
1697,குன்னு,,kuṉṉu,,சீர்வரிசை மிடா அடுக்கின் கீழ்ப்பகுதியில் இருக்கும் மிகப் பெரிய மிடா.,Huge earthen storage jar forming base of wedding trousseau stack | Massive earthenware grain storage pot at the bottom of the pot stack,குன்னுல கம்பு கொஞ்சம் கெடக்குது.,பெயர்ச்சொல்,home_household | festival_religion | farming_livestock,,pm,
1698,குன்னு மாயவித்தை,,kuṉṉu māyavittai,,இருக்கும் போதே நோய் வந்து விட்டது போல நடித்தல்.,Feigning sickness or dramatic pretense to avoid work,இந்தக் குன்னு மாய வித்த எங்கிட்ட நடக்காது.,பெயர்ச்சொல்,human_behavior,,pm,
1699,குன்னுமொடா,,kuṉṉumoṭā,,சீர்வரிசை மிடா அடுக்கின் கீழ்ப்பகுதியில் இருக்கும் மிகப் பெரிய மிடா.,Massive earthenware grain storage pot at the bottom of the pot stack,குன்னுல கம்பு கொஞ்சம் கெடக்குது.,பெயர்ச்சொல்,home_household | farming_livestock,காண்க: குன்னு,pm,
1700,குனுக்கம்,குனுப்பம்,kuṉukkam,kuṉuppam,ஊன்றிக் கவனித்தல்.,"Close, meticulous attention to detail | Careful attentiveness; sharp meticulous observation",அவன் எதையும் குனுக்கமாகச் செய்வான்.,பெயர்ச்சொல்,human_behavior,காண்க: குனுக்கம்,pm,
1701,குனுக்கு,,kuṉukku,,கல் இல்லாத ஒரு வகைக் காதணி.,Small plain gold stud earring without gemstones,குனுக்குப் போட்டுக்கிட்டு காத ஆட்டறா.,பெயர்ச்சொல்,dress_accessories,,pm,
1702,கூகெ,கூகை,kūke,kūkai,பருப்பில்லாமல் வெறும் தேங்காய் நீர் மட்டும் இருக்கும் தேங்காய். | பருப்பில்லாமல் தண்ணீர் மட்டும் இருக்கும் தேங்காய்.,Blind coconut containing only water without kernel meat,எல்லாக் காயும் கூகெயா இருக்குது. | நாலு காயி கூகையாப் போச்சு.,,food_cooking | nature_animals,,np | pm,
1703,கூச்சம்,,kūccam,,மரத்தூண் | வீட்டைத் தாங்கும் மரத்தூண்.,Central wooden pillar supporting the roof of a house,கூச்சத்துல ரண்டு கவுறு கட்டு. தயிர் சிலுப்போனும்.,பெயர்ச்சொல்,home_household,,od | pm,
1704,கூச்சொ,,kūcco,,வெட்கம்.,Shyness; bashfulness; modesty,புதுப்பொண்ணு ரொம்பொ கூச்சப்படுது.,,human_behavior,,np,
1705,கூசி,,kūci,,பொங்கல் வைக்கப் பயன்படும் மிகப்பெரிய பானை. | புளி போன்ற பொருட்கள் போட்டு வைத்துக்கொள்ளும் மண்ணாலான (மிடாவைப் போன்ற ஆனால் அதைவிடச் சிறிய) பாத்திரம்.,Large earthen pot used for cooking Pongal or storing tamarind,கூசியில் புளி இருக்குது எடு.,பெயர்ச்சொல்,home_household | food_cooking,,np | pm,
1706,கூட்டம்,,kūṭṭam,,"கொங்குப் பகுதிக் கவுண்டர் சாதியினுள் இருக்கும் (செடி, மரம், பறவைப் பெயர்களைச் சின்னமாக் கொண்ட) பிரிவு.",Clan sept / lineage division among Kongu Vellalar named after flora or fauna,நாங்க காடைகுலம்.,பெயர்ச்சொல்,kinship | festival_religion,காண்க: குலம்,pm,
1707,கூட்டாஞ்சோறு,,kūṭṭāñcōṟu,,"காண்க. அரிசி பருப்பு சோறு. | அரிசி, பருப்பு, காய்கறிகள் எனப் பல பொருட்களையும் ஒன்றாகச் சேர்த்துச் சமைக்கும் உணவு.","One-pot mixed meal cooked with rice, lentils, and mixed country vegetables",இன்னக்கி எங்கூட்டுல கூட்டாஞ்சோறு ஆக்கியிருக்கறம்.,பெயர்ச்சொல்,food_cooking,,np | pm,
1708,கூட்டியா,,kūṭṭiyā,,அழைத்து வா.,Bring along; invite and bring (imperative),அவனக் கூட்டியா.,,action_verbs | speech_phrase,,np,
1709,கூட்டியாறெ,,kūṭṭiyāṟe,,அழைத்து வருகிறேன்.,I will bring or accompany him along,நாங் போயி அவனெக் கூட்டியாறெ.,,speech_phrase | action_verbs,,np,
1710,கூட்டுச்சாறு,,kūṭṭuccāṟu,,அனைத்து வகையான காய்கறிகளைப் போட்டு வைக்கும் குழம்பு. பருப்பை அரைத்து வைக்கும் குழம்பு. | பல சிறு தானியங்கள் சேர்த்து அரைத்து வைக்கும் குழம்பு.,Mixed vegetable and ground lentil curry,எங்கூட்லெ கூட்டுச்சாறு வெச்சிருக்கறொ. | குதிர வந்தாலும் கூட்டுச்சாறு தான்.,பெயர்ச்சொல்,food_cooking,,od | np | pm,
1711,கூட்டுவண்டி,,kūṭṭuvaṇṭi,,கூண்டு கட்டப்பட்ட பயண வண்டி.,Covered passenger bullock cart with arched canopy,கூட்டு வண்டில டவுனுக்கு போனொ.,,farming_livestock,,np,
1712,கூட்டுவாரு,,kūṭṭuvāru,,செருப்பின் மேற்புறத் தோல்.,Upper leather strap of footwear or sandals,செருப்பு கூட்டுவாரு போட்ருக்கறெ.,,dress_accessories,,np,
1713,கூட்டொ,,kūṭṭo,,நெரிசல்.,Heavy crowd; dense rush of people,பஸ்ஸுலெ இவ்ளோக் கூட்டொ இருக்குது.,,speech_phrase | human_behavior,,np,
1714,கூடக்கதரு,,kūṭakkataru,,அறுவடையின் முதற்பகுதி செய்ய வரும் தொழிலாளிகளுக்கு கூலியாக அறுவடை செய்யும் கதிரை கொடுப்பர். அறுவடை செய்ததில் நன்றாக உள்ள கதிரை எடுத்து கூடையில் நிறை தட்டாமல் மன மகிழ்சசியுடன் கொடுப்பார்.,Gift of top-quality grain earheads given gladly to harvest laborers along with wages,,,farming_livestock | kinship,,np,
1715,கூடக்குறைய,,kūṭakkuṟaiya,,ஏறத்தாழ.,More or less; approximately,கூடக்குறைய நாஞ் சொல்றது கரெக்டா இருக்கும்.,,speech_phrase | measure_units,,np,
1716,கூடக்கூட,,kūṭakkūṭa,,உடனுக்குடன்,Retorting back immediately; answering back insolently,எத்தன தாட்டி சொல்லரது கூடக்கூட பேசாதனு,,speech_phrase | human_behavior,,od,
1717,கூடப் பொறந்தவன்,கூடப் பொறந்தவள்,kūṭap poṟantavaṉ,kūṭap poṟantavaḷ,உடன் பிறந்தவள் / ன்; சகோதரி / சகோதரன்.,Sibling (brother or sister) born to the same parents,அவ எங்கூடப் பொறந்தவதான்.,பெயர்ச்சொல்,kinship,,pm,
1718,கூடப்போட்டுட்டான்,,kūṭappōṭṭuṭṭāṉ,,தொலைத்து விடுதல்.,Lost an item; ruined or wasted something,,,action_verbs | human_behavior,,np,
1719,கூடப்போடு,,kūṭappōṭu,,தொலைத்தல்.(1) | கெடுத்தல்.(2),Losing an article carelessly | Ruining a family or household,கையில எடுத்துக்கிட்டுப் போன பொருளக் கூடப்போட்டுட்டு வந்துட்டானே. | அவன் நல்ல ஊட்டயே கூடப்போட்டுருவான்.,வினைச்சொல்,action_verbs | human_behavior,,pm,
1720,கூடமாடெ,,kūṭamāṭe,,துணையாக.,Helping out as a supporting companion in work,ஒருத்தனே சிரமப்படாத கூடமாட ஒரு ஆளெ வெச்சுக்க.,,human_behavior | speech_phrase,,np,
1721,கூடவைத்தல்,,kūṭavaittal,,கெடுத்தல்.,Ruining or destroying someone's household,அவன் எத்தன குடியக்கூட வெச்சவந் தெரீமா.,வினைச்சொல்,human_behavior | action_verbs,,pm,
1722,கூடாரொ,,kūṭāro,,சிறு வீடு வடிவ அமைப்பு. கூடாரம்.,Small tent or hut-like canopy shelter,கூடாரொத்துக்குள்ளெ போய் பாரு.,,home_household | place_direction,,np,
1723,கூடுதொறை,,kūṭutoṟai,,ஆறுகள் கூடுமிடம்,Confluence of rivers (e.g. Bhavani Kooduthurai),,,place_direction | nature_animals,,od,
1724,கூத்தாடி,,kūttāṭi,,கிராமியக் கூத்துகளில் கூத்து ஆடுபவர்.,Folk drama performer; rural street play artist,,,human_behavior | festival_religion,,np,
1725,கூத்தியா,,kūttiyā,,வைப்பாட்டி.,Concubine; mistress,குந்த நெவுலும் கூத்தியா ஊடும் இருந்திட்டா மயரான சம்பளம் வந்தா என்ன போனா என்ன?,பெயர்ச்சொல்,kinship | human_behavior,,pm,
1726,கூதரை,,kūtarai,,சிந்தனைத் திறமற்ற தன்மையைக் குறிக்கும் திட்டுச்சொல்.,"Thoughtless, brainless person (scolding term)",அந்தக் கூதரைக்கு என்ன தெரியும்.,பெயர்ச்சொல்,human_behavior | speech_phrase,,pm,
1727,கூதல்,கூதர் | கூதலு | கூதகாலம்,kūtal,kūtar | kūtalu | kūtakālam,குளிர் | கூதகாலம்- குளிர்காலம் | குளிர்.,Shivering cold; cold chilly weather,கூதலடிச்சா போர்வையப் போத்திக்கொ.,வினைச்சொல்,time_seasons | nature_animals,மலையாளத்தில் கூதல் (kūthal in Malayalam) / குளிர் - குளிர் | கூதகாலம் - குளிர்காலம்,od | pm | np,
1728,கூப்பன் கடை,கூப்பன்கடெ,kūppaṉ kaṭai,kūppaṉkaṭe,ரேஷன் கடை. | நியாயவிலைக்கடை.,Fair price ration shop (PDS outlet),கூப்பன் கடைல இன்னிக்கி என்ன போடறாங்க. | இன்னிக்கி கூப்பன் கடயில சீமெண்ணா ஊத்தறாங்கொ.,பெயர்ச்சொல்,home_household | place_direction,,np | pm,
1729,கூப்பன் சீட்டு,,kūppaṉ cīṭṭu,,ரேஷன் அட்டை.,Ration card,கூப்பன் சீட்டுல எம்பேரு உட்டுப் போயிருக்குது.,பெயர்ச்சொல்,home_household,,pm,
1730,கூப்பாடு,,kūppāṭu,,சத்தம்போடுதல்.,Shouting or clamoring loudly in alarm,கூப்பாடு போடாம இருக்கமாட்டியா.,,speech_phrase | action_verbs,,np,
1731,கூப்புடு,,kūppuṭu,,கூப்பிடு.,Call out; invite (imperative),,,action_verbs | speech_phrase,,np,
1732,கூம்பு,,kūmpu,,கார்த்திகை தீபம் | கோழி ஒருமுறை முட்டையிடும் பருவம்.(1) | கார்த்திகை தீபத் திருவிழாவின் போது நீளமாகக் கட்டப்பட்ட தட்டைக் கத்தைகளில் தீ மூட்டிக்கொண்டு கோயிலை வலம் வருதல்.(2),Karthigai deepam torch bundle carried around temple | Egg-laying period of a hen,கூம்பு அவிகிறதுக்குள்ளே அந்தக் காரியத்தைப் பண்ணிடு | கூம்பு அவிகிறதுக்குள்ளே அந்தக் காரியத்தைப் பண்ணிரு | இந்தக் கூம்பு எத்தன மொட்டு வெச்சது. | கூம்புக்கு தட்டுக் கட்டி வெச்சிட்டயா.,பெயர்ச்சொல்,festival_religion | farming_livestock,,od | pm,
1733,கூமாச்சி,,kūmācci,,கூர்மையாக | கூர்மையான பகுதி,Sharp pointed tip or conical apex,,,speech_phrase | home_household,,od,
1734,கூமாச்சியா,,kūmācciyā,,கூர்மையாக.,Sharply pointed; tapered to a fine point,பென்சில இவ்ளோ கூமாச்சியாவா சீவறது ஒடிஞ்சிபோச்சி பாரு.,,speech_phrase | home_household,,np,
1735,கூமுட்டெ,,kūmuṭṭe,,முட்டையில் ஒன்றும் இல்லாத நிலை. திட்டும் வார்த்தை.,Empty-headed fool; rotten egg (abusive slang),சுத்த கூமுட்டெயா இருக்கியே.,,human_behavior | speech_phrase,,np,
1736,கூரத்தண்ணி,,kūrattaṇṇi,,மழைபெய்தவுடன் ஓட்டிலிருந்து விழும் தண்ணீர்.,Rainwater dripping from tiled roof eaves,கூரத்தண்ணி உழுகற அளவுக்கு எடம் இருக்குது.,,home_household | nature_animals,,np,
1737,கூரைமரம்,,kūraimaram,,வீட்டின் நடுவில் வைக்கப்பட்டிருக்கும் மரத்தூண்.,Center wooden post or pole supporting the roof ridgepole,கூர மரத்தெப் புடிச்சு தொங்காதெ.,,home_household,,np,
1738,கூலி,,kūli,,ஆங்கிலேயர்களை பல்லக்கில் வைத்து தூக்கிச் செல்லும் கொத்தடிமைகள்.,Palanquin bearers or porters of the colonial era,,,human_behavior,,np,
1739,கூலிக்காளை,,kūlikkāḷai,,மாட்டைப் புணர்வதற்கு (பணம் பெற்றுக்கொண்டு) விடும் காளை மாடு.,Breeding stud bull hired out for a mating fee,அந்தக் காட்டுங்காரங்க கூலிக்காளை வெச்சிருக்காங்க.,பெயர்ச்சொல்,farming_livestock,,pm,
1740,கூலித்தவசொ,கூலித்தவசம்,kūlittavaco,kūlittavacam,நிலத்தில் செய்த உழைப்புக்குக் கூலியாகக் கொடுக்கப்படும் தானியம். | செய்த வேலைக்கு கூலியாக கொடுக்கும் தானியம்.,Grain wages paid to agricultural farmworkers,கூலித்தவசம் குடுக்கறதுக்குக் கணக்குப் பாத்தா ஆவுமா. | கூலித்தவசொ நாலு வள்ள நெல்லு குடுத்தாங்க.,பெயர்ச்சொல்,farming_livestock | food_cooking,,np | pm,
1741,கூலிப்படி,,kūlippaṭi,,நிலத்தில் வேலை செய்பவருக்கு தானியம் அள்ளிக் கொடுக்க பயன்படும் படி.,Traditional grain-measuring vessel (padi) used to disburse agricultural wages,,,measure_units | farming_livestock,,np,
1742,கூலிப்பணம்,,kūlippaṇam,,வேலை செய்வதற்கு கூலியாக கொடுக்கும் பணம். | நிலத்தில் செய்த வேலைக்குக் கூலியாகத் தரும் பணம்.,Daily cash wages paid for farm manual labor,கொத்துக்காரங்கிட்ட கூலிப் பணம் இருக்கு. | கூலிப்பணத்த அன்னன்னிக்கு வாங்கித் தின்னுட்டா கடைசீல என்ன மிச்சமிருக்கும்.,பெயர்ச்சொல்,farming_livestock,,np | pm,
1743,கூலிப்பருத்தி,,kūlipparutti,,வேலைக்குக் கூலியாகக் கொடுக்கும் பருத்தி.,Raw harvested cotton paid as wages to farmworkers,கூலிப்பருத்தியச் சேத்தே ஆடு வாங்கிட்டா.,பெயர்ச்சொல்,farming_livestock,,pm,
1744,கூலிவள்ளம்,கூலி வள்ளொ,kūlivaḷḷam,kūli vaḷḷo,கூலியாகக் கொடுக்கும் தானியத்தை அளக்கப் பயன்படும் வள்ளம். | நிலத்தில் வேலை செய்பவருக்கு தவசம் அள்ளிக் கொடுக்க பயன்படும் வள்ளம்.,Large wooden measure (vallam) used to dispense grain wages,கூலிவள்ளத்துல போட்டா எப்பிடிக்கூட ரொம்பும்.,பெயர்ச்சொல்,measure_units | farming_livestock,,np | pm,
1745,கூவக்காய்,,kūvakkāy,,உள்ளே பொக்கையான காய்.,"Blighted, hollow or kernel-less nut or fruit",இந்தத் தேங்காய் கூவக்காயாப்போச்சு.,பெயர்ச்சொல்,food_cooking | nature_animals,,pm,
1746,கூவை,,kūvai,,உள்ளே பொக்கையான காய்.,"Hollow, empty nut (e.g. coconut without meat)",இந்தத் தேங்காய் கூவக்காயாப்போச்சு.,பெயர்ச்சொல்,nature_animals | food_cooking,காண்க: கூவக்காய்,pm,
1747,கூளச்சி,,kūḷacci,,குள்ளமாக இருப்பவள்.,Short-statured dwarf woman,கூளச்சிக்குத் திமிரப் பாரு.,பெயர்ச்சொல்,human_behavior | body_health,,pm,
1748,கூளம்,,kūḷam,,தீவனக் கழிவு.,Fodder debris; leftover stalk refuse in cattle stall,மாடு தட்டா திங்குது. எல்லாம் கூளமாக் கெடக்குது.,பெயர்ச்சொல்,farming_livestock,,pm,
1749,கூளை,,kūḷai,,குள்ளம்; தாழ்வு.,Short; stunted; low-growing tree or person,மரம் கூளையாத்தான இருக்குது. ஏறித்தழை வெட்டிப் போடு. | பையன் வளருல. கூளையாவே இருக்கிறான்.,பெயர்ச்சொல்,body_health | nature_animals,,pm,
1750,கூளையன்,,kūḷaiyaṉ,,குள்ளமாக இருப்பவன்.,Short-statured or dwarf man,அந்தக் கூளையனுக்குப்பொண்ணுத் தர்றாங்களா.,பெயர்ச்சொல்,human_behavior | body_health,,pm,
1751,கூறு,,kūṟu,,அறிவு.,Intellect; common sense; discernment,,,human_behavior,,np,
1752,கூறுகெட்டவன்,கூறுகெட்டவள்,kūṟukeṭṭavaṉ,kūṟukeṭṭavaḷ,பகுத்தறியும் விவரமில்லாதவள் / ன். | அறிவு கெட்டவன் | அறிவில்லாதவன்.,Brainless fool; person lacking common sense or judgment,அவன் ஒரு கூறுகெட்டவன்டா. | எங்கியோ சுத்துற கூறுகெட்டவனா இருக்கே.,பெயர்ச்சொல்,human_behavior | speech_phrase,,pm | od | np,
1753,கூறுள்ளவன்,கூறுள்ளவள்,kūṟuḷḷavaṉ,kūṟuḷḷavaḷ,சிந்தித்துச் செயல்படும் ஆற்றல் உள்ளவள் / ன்.,"Wise, sensible person blessed with good judgment",அவன் பொழச்சுக்குவான் கூறுள்ளவன்.,பெயர்ச்சொல்,human_behavior,,pm,
1754,கெக்கலக்கை,கெக்கலி,kekkalakkai,kekkali,பாடலின் போதோ ஆட்டத்தின் போதோ எல்லோரும் சேர்ந்து நாவை மடித்து எழுப்பும் ஒருவித (பொருளற்ற) ஒலி.,Trilling communal cheer made by curling the tongue during folk songs or dances | High-pitched joyful tongue ululation during folk dance or celebration,கெக்கலக்கை நாலு ஊருக்கும் கேக்குமாட்டம் இருக்குது.,பெயர்ச்சொல்,festival_religion | speech_phrase,,pm,
1755,கெட்டித்தல்,,keṭṭittal,,கிணற்றில் வேட்டு வைக்கும் போது மருந்தை அடர்த்தியாகத் திணித்து அடைத்தல்.,Ramming gunpowder tightly into rock blasting hole in a well,மருந்த நல்லா கெட்டிச்சுட்டயா.,வினைச்சொல்,farming_livestock | action_verbs,,pm,
1756,கெடக்கட்டுன்னு,,keṭakkaṭṭuṉṉu,,கிடக்கட்டும் என்று.,Saying 'let it be' or letting something go indifferently,,,speech_phrase | human_behavior,,np,
1757,கெடக்குது போ,,keṭakkutu pō,,கிடக்கட்டும் போ.,'Leave it alone; let it go' (dismissive phrase),கெடக்குதுபோன்னு போறாம் பாரு.,,speech_phrase | human_behavior,,np,
1758,கெடகால்,,keṭakāl,,கிடைகால்; வயலில் ஆட்டுக்கிடை வைக்கும் இடம்.,Sheep-pen ground in fields for natural manure,கெடகால் போட்டா மண்ணு செழிப்பாகும்.,பெயர்ச்சொல்,farming_livestock,பொருள் உறுதிப்படுத்தப்படவில்லை (AI உருவாக்கம்) · Meaning not verified (AI generated),pm,
1759,கெடங்கு,,keṭaṅku,,வெற்றிலைக் கொடிக்கால் நடும் இட அளவு. | வெற்றிலைக் கொடிக்கால் போடும் நில அளவு.(1) | வயலில் ஊறும் நீரை வெளியேற்ற வெட்டும் குழி.(2),Area unit for planting betel vine beds | Trench dug to drain seepage water from field,வெத்தலெ பத்து கெடங்கு போடனும். | இந்த வருஷம் எத்தன கெடங்கு போட்டிருக்கற. | கெடங்கு வெட்டுனா ஒரம்படிக்காதுடா.,பெயர்ச்சொல்,farming_livestock | measure_units,,np | pm,
1760,கெடச்சுதா,,keṭaccutā,,கிடைத்து விட்டதா.,Did you find it? / Was it retrieved?,காணாமப் போன பணங் கெடச்சுதா.,,speech_phrase,,np,
1761,கெடதண்ணி,,keṭataṇṇi,,கிடை தண்ணீர். இறைக்காமல் பல நாட்களாகக் கிணற்றில் கிடக்கும் நீர்.,Stagnant well water left un-bailed for many days,கெட தண்ணீல குதிச்சா சளிப்புடிக்காம என்ன பண்ணும்.,பெயர்ச்சொல்,nature_animals | farming_livestock,,pm,
1762,கெடப்பு,,keṭappu,,இருப்பு.,State of affairs; existence; living condition,அவங்க கெடப்பு ஆருக்குத் தெரியாது.,பெயர்ச்சொல்,human_behavior,,pm,
1763,கெடபுண்ணு,,keṭapuṇṇu,,கிடைபுண். படுக்கையில் நீண்டநாள் கிடப்பதால் உடலின் பின்பகுதியில் உண்டாகும் புண்.,Bedsores from prolonged lying in bed,முதுவெல்லாம் கெடபுண்ணு வந்திருச்சு. இன்னமேலா பொழைக்கப் போறா.,பெயர்ச்சொல்,body_health,,pm,
1764,கெடமல்லன்,,keṭamallaṉ,,படுக்கையிலேயே சிறுநீர் கழிப்பவன்.,Habitual bedwetter (boy or man),இவனொரு கெடமல்லன்டா.,பெயர்ச்சொல்,body_health | human_behavior,,pm,
1765,கெடமல்லி,கெடமல்லு,keṭamalli,keṭamallu,படுக்கையிலேயே சிறுநீர் கழிப்பவள். | படுக்கையிலேயே (குழந்தைகள்) போய்விடும் சிறுநீர்.,Habitual bedwetter (girl or woman) | Bedwetting,இது ஒரு கெடமல்லி. | இத்தன வயசாச்சு இன்னம் கெடமல்லு மல்லரான்.,பெயர்ச்சொல்,body_health | human_behavior,,pm,
1766,கெடா,,keṭā,,ஆடு வகையில் ஆண்.,Male goat; he-goat / ram,கெடாக் குட்டி அடிச்சி கொழம்பு வெய்யி.,,farming_livestock | nature_animals,,np,
1767,கெடா சேத்தறது,,keṭā cēttaṟatu,,சினைக்கு ஆட்டோடு கிடாவைச் சேரவிடுதல்.,Bringing ewe or doe to ram or buck for breeding,கெடா சேத்தறதுக்கு அலைய வேண்டிதா இருக்குது.,வினைச்சொல்,farming_livestock | action_verbs,,pm,
1768,கெடாக் குட்டி,,keṭāk kuṭṭi,,ஆண் ஆட்டுக்குட்டி.,Male lamb or kid,சந்தைக்குக் கொண்டுபோக கெடாக் குட்டியப் புடி.,பெயர்ச்சொல்,farming_livestock,,od,
1769,கெடாக்கறி,,keṭākkaṟi,,கிடாக்கறி. சாமிக்குக் கிடா வெட்டி (உறவினர்களை அழைத்து) போடும் விருந்து.,Feast of sacrificial goat meat hosted for kinfolk,எங்கூட்ல கெடாக்கறி. ஊரு பூரா கூப்படோனும்.,பெயர்ச்சொல்,food_cooking | festival_religion,,pm,
1770,கெடாரி,கெடாரிக் கன்னு | கெடாரிக்கன்னு,keṭāri,keṭārik kaṉṉu | keṭārikkaṉṉu,"இளம்பசு மாடு | பெண் கன்று | மாடு, எருமைகளின் வளர்ந்த (ஈனும் முன் உள்ள பருவப்) பெண் கன்று. | கிடாரிக்கன்று. மாடு, எருமைகளின் பெண் கன்று.",female calf,அந்தக் கெடாரி செனையாயிடுச்சா. | ரண்டு ஈத்தா இந்த மாடு கெடாரிக் கன்னுதாம் போடுது.,பெயர்ச்சொல்,farming_livestock,கிடாரி என்பதன் எழுத்துப்பிழை,od | pm,
1771,கெடாவெட்டு,,keṭāveṭṭu,,சாமிக்குக் கிடா வெட்டும் நிகழ்ச்சி.,Sacrificial he-goat offering ritual to folk guardian deities,நாளக்கித்தான முனீப்பனுக்குக் கெடாவெட்டு.,பெயர்ச்சொல்,festival_religion,,pm,
1772,கெடுவு,,keṭuvu,,முறை | தவணை,Allotted turn; deadline or scheduled installment,எத்தன கெடுவு கொடுக்கறது,,time_seasons,,od,
1773,கெடுவுத்தண்ணி,,keṭuvuttaṇṇi,,விவசாயத்தில் தமக்கென ஒதுக்கப்பட்ட நாளில் பயன்படுத்தும் நீர்.,Turn-based rotational irrigation water share,,,farming_livestock | time_seasons,,np,
1774,கெடெ,கெடை,keṭe,keṭai,இடம் | வேளை | உயிர் போகும் நிலையில் படுத்து இருத்தல் | ஒரே இடத்தில் ஒரு பொருளை அதிக நாட்கள் போட்டு வைத்தல். | ஓரிடத்தில் அதிக நேரம் அல்லது நாட்கள் இருப்பது | ஓரிடத்திலே அதிக நாட்கள் இருக்கும் இருப்பு.(1) | படுக்கை.(2),Penning area; turn; time; lying bedridden,ஒரு கெடெயில இருக்க மாட்டியா - இங்கே இடம் என்னும் பொருளில் | நரிக்கு எடங்குடுத்தா கெடெக்கி இரண்டு ஆடு கேக்கு - இங்கு வேளை என்னும் பொருளில் | கொழவி கெடெயில கிடக்கு - இங்கே உயிர் போகும் நிலையில் படுத்து இருத்தல் என்னும் பொருளில் | ஒரே கெடெயில இத்தன நாளா கெடக்குது. | அவனுக்கு அவங்கூட்டலதாங் கெடை. | பட்டியக் கெடை மாத்தோனும். | கெடைக்கு ஊட்டுக்கு வந்தரலாம்.,,time_seasons | farming_livestock,,od | np | od | pm,
1775,கெடெதண்ணி,,keṭetaṇṇi,,ஒரே இடத்தில் வெகுநாளாக இருக்கும் தண்ணீர்.,Stagnant water left standing in a well or tank for long,கெடெதண்ணிய குடிச்சா சளி புடிச்சக்கும்.,,nature_animals | body_health,,np,
1776,கெடேரி,,keṭēri,,பசு மாடு.,Young heifer or cow,இந்த தட கெடேரி கன்னு போட்டுருக்குது.,,farming_livestock,,np,
1777,கெண்டி,,keṇṭi,,வளர்ந்த குழந்தைகள் பால் குடிக்கப் பயன்படும் (ஒரு பக்கம் குழாய் கொண்ட சொம்பு போன்ற) பாத்திரம்.,Traditional spouted vessel (kindi) used for feeding milk to toddlers,கெண்டில ஊத்திக்குடு. சீக்கிரம் குடிச்சிடுவான்.,பெயர்ச்சொல்,home_household | food_cooking,,pm,
1778,கெணத்துத் திட்டு,,keṇattut tiṭṭu,,கிணற்றில் இருந்து நீரை இறைக்க வைக்கப்பட்டுள்ள மேடான பகுதி.,Elevated mound or earthen ramp at the well mouth for ettram water-lift,கெணத்து மேட்டுல ஏறிப் பாத்தா நல்லாத் தெரியும்.,பெயர்ச்சொல்,farming_livestock | place_direction,காண்க: கிணற்று மேடு,pm,
1779,கெணத்துப்பூடு,,keṇattuppūṭu,,கிணற்றோரத்தில் அதிகமாகக் காணப்படும் ஒரு செடி.,"Coatbuttons herb (Tridax procumbens) growing around wells, used to heal cuts",கெணத்துப்பூட்டுத் தழயக்கசக்கிச் சாறுட்டா புண்ணு ஆறிப்போயிரும்.,பெயர்ச்சொல்,nature_animals | body_health,,pm,
1780,கெணுத்துமேடு,,keṇuttumēṭu,,கிணற்றில் ஏற்றம் வைக்கப்பட்டுள்ள மேட்டுப் பகுதி.,Mound ramp at the well for operating the water-lift,கெணுத்து மேட்டுல வாளி இருக்கு பாரு.,,farming_livestock | place_direction,,np,
1781,கெத்து,,kettu,,தலைக்கணம்.,Arrogance; showing off proud swagger,கெத்து புடிச்சு திரியறாம் பாரு.,,human_behavior,,np,
1782,கெதியில்லெ,,ketiyille,,வழியில்லை (பிடிப்பில்லை).,Having no alternative; having nowhere else to turn,உன்ன வுட்டா வேறெ கெதியில்லெ.,,speech_phrase | human_behavior,,np,
1783,கெரகணொ,கெராணொ,kerakaṇo,kerāṇo,கிரகணம்.,Eclipse; unlucky spell afflicting a person | Eclipse (grahanam),உனக்கு கெரகணொ புடிச்சி ஆட்டுது.,,festival_religion | human_behavior | nature_animals,காண்க: கெரகணொ,np,
1784,கெரகம்,கிரகம்,kerakam,kirakam,துரதிர்ஷ்டம் | சலிப்புடன் அல்லது திட்டுவதற்குப் பயன்படும் சொல் (எதிர்மறை நிகழ்வுகளில் பயன்படுவது),"Bad omen | Misfortune (used as an expression of annoyance or curse, e.g. ""கெரகம் புடிச்சது"")","கருமாந்திரம், கெரகம் புடிச்சது.",பெயர்ச்சொல்,speech_phrase,,od,
1785,கெரகொ புடிச்சிருச்சு,,kerako puṭicciruccu,,கிரகணம்.,Afflicted by planetary misfortune; spell of bad luck,உனக்கு கெரகணொ புடிச்சி ஆட்டுது.,,festival_religion | speech_phrase,காண்க: கெரகணொ,np,
1786,கெரந்தி,,keranti,,வாய்வு நோய் உண்டாக்கும் உடலுக்குச் சேராத உணவு வகை.,Flatulence-causing or allergenic food that disagrees with the digestive system,ஏதோ கெரந்தியத் தின்னுட்டன்.,பெயர்ச்சொல்,body_health | food_cooking,,pm,
1787,கெரமிச்சு,,keramiccu,,கழித்து.,Allowing some time to lapse; coming back after a short while,இப்பதெ கடையெ தெறந்தொ சித்தநேரொங் கெரமிச்சு வாங்க.,,time_seasons | action_verbs,,np,
1788,கெராக்கி,,kerākki,,"கிராக்கி; பற்றாக்குறை, தட்டுப்பாடு, அதிக மதிப்பு.","High demand, scarcity, high value",அவனுக்கென்ன அவ்ளோ கெராக்கி.,பெயர்ச்சொல்,speech_phrase,,np,
1789,கெராம்புக்குச்சி,கெராம்புச்சொர,kerāmpukkucci,kerāmpuccora,காதில் அணியும் அணிகலன்.,Clove-stem ear pin worn in ear piercing | Ear ornament resembling a dried clove,அந்தக் காலத்துல காதுல கெராம்புக் குச்சி போடுவாங்க.,பெயர்ச்சொல்,dress_accessories,,pm,
1790,கெராய்,,kerāy,,மண்ணோடு கட்டியாகச் சேர்ந்து வரும் கெட்டியான புல்.,Tough sod of turf grass holding tight clumps of root soil,அந்தக் கெராய்ல மாட்டக்கட்டு.,பெயர்ச்சொல்,farming_livestock | nature_animals,,pm,
1791,கெவுருத்து,,kevuruttu,,மதிப்பு; தலைக்கனம்.,Pride; haughty self-importance,அவனுக்குக் கெவுருத்து வந்திருச்சு. | இருந்தாலும் இந்தக் கெவுருத்து ஆகாது.,பெயர்ச்சொல்,human_behavior,,pm,
1792,கெழக்காலெ,கெழக்கோட்டுலெ | கிழக்கால | கெழக்கால,keḻakkāle,keḻakkōṭṭule | kiḻakkāla | keḻakkāla,கிழக்குத் திசையில்.,In the east; towards the eastern side | On the eastern boundary or direction,கெழக்காலெ பாரு தண்ணி நெறஞ்சு நிக்குது.,,place_direction,,np,
1793,கெழக்குமின்னா,,keḻakkumiṉṉā,,கிழக்கு திசை நோக்கி.,Facing eastwards; in the easterly direction,கெழக்குமின்னா பாரு.,,place_direction,,np,
1794,கெழடு,,keḻaṭu,,வயதானவர்கள்.,Old aged folk; elderly person,கெழடு ஒரு எடயிலெ அடங்கி இருக்க மாட்டீங்குது.,,human_behavior | kinship,,np,
1795,கெழபொறொ,,keḻapoṟo,,கிழக்குத் திசையில்.,Towards the eastern quarter,கெழக்காலெ பாரு தண்ணி நெறஞ்சு நிக்குது.,,place_direction,காண்க: கெழக்காலெ,np,
1796,கெழமெபுடிக்கிறது,,keḻamepuṭikkiṟatu,,புரட்டாசி மாதம் ஒவ்வொரு சனிக்கிழமையும் விரதமிருந்து கடைசி சனியன்று விரதத்தை முடித்துக் கொள்வது.,Purattasi Saturday fasting ritual observed with one meal a day,நானு கெழமெபுடிக்கிறதுனால ஒரு நேரந்தெ சாப்புடுவே.,,festival_religion | food_cooking,,np,
1797,கெழவரம்,கிழவரம்,keḻavaram,kiḻavaram,கிழக்கே | கிழக்குப் பக்கம்,east side,கெழவரமா போனா வாய்க்கா வரும்.,,place_direction,,od,
1798,கெளப்போனு,,keḷappōṉu,,கிளம்ப ஆயத்தமாக்க வேண்டும்.,Must get ready to leave; should set out,சீக்கிர கெளப்போனு.,,action_verbs | speech_phrase,,np,
1799,கெளம்புறெ,,keḷampuṟe,,கிளம்புகிறேன்.,I am departing / setting out,நாங் கெளம்புறெ எனுக்கு நேரொ ஆயிருச்சி.,,action_verbs | speech_phrase,,np,
1800,கெளாசு,,keḷācu,,டம்ளர்.,Drinking glass or tumbler,காப்பிய கெளாசுல ஊத்திக் குடி.,,home_household | food_cooking,,np,
1801,கெளை,,keḷai,,அதிகக் களைப்பு.,Extreme exhaustion; physical burnout,கெளையா வந்திருச்சுப் போ.,பெயர்ச்சொல்,body_health,,pm,
1802,கென,,keṉa,,கனவு.,Dream,ராத்திரி கெட்ட கெனா ஒண்ணு கண்டேன்.,,human_behavior,,np,
1803,கெஜக்குழி,,kejakkuḻi,,ஆழமான குழி.,Very deep pit or trench,கெஜக்குழிக்குள்ள போயி காலெ உட்டுட்டாம் பாரு.,,place_direction | nature_animals,,np,
1804,கெஜம்,,kejam,,சேலை அளவு.,"Yard measure (gajam), used to measure sarees and cloth",எட்டு கெஜம் சீலை எடுத்துக்கோணு.,,measure_units | dress_accessories,,np,
1805,கெஸ்ஸெடுக்குது,,kesseṭukkutu,,மூச்சு வாங்குதல்.,Gasping for breath; panting after running fast,வேகமா ஓடி வந்தாங்காட்டி கெஸ்ஸெடுக்குது.,,body_health | action_verbs,,np,
1806,கேக்கட்டா,,kēkkaṭṭā,,கேட்கிறேன்.,Shall I ask? / May I inquire?,நாங் கேக்கட்டா.,,speech_phrase | action_verbs,,np,
1807,கேக்கலாமா,,kēkkalāmā,,கேட்கலாமா.,May we ask?,ரொம்ப நாளாச்சா கேக்கலாமே வந்தேன்.,,speech_phrase,,np,
1808,கேக்கலீன்னா,,kēkkalīṉṉā,,கேட்கவில்லை என்றால்.,If one doesn't listen / If one doesn't ask,நாஞ் சொல்லி கேக்கலீன்னா என்ன பன்றது.,,speech_phrase,,np,
1809,கேக்காமெ,,kēkkāme,,கேட்காமல்.,Without asking; without permission,எங்கிட்டே கேக்காமெ எதையிஞ் செய்யாதெ.,,speech_phrase | human_behavior,,np,
1810,கேக்கோனு,,kēkkōṉu,,கேட்க வேண்டும்.,Must ask; should inquire,என்னானு கேக்கோனு இல்லீன்னா சங்டொ வந்துரு.,,speech_phrase | action_verbs,,np,
1811,கேட்டுட்டீங்களா,,kēṭṭuṭṭīṅkaḷā,,கேட்டு விட்டீர்களா.,Did you ask?,நீங்க கேட்டுட்டீங்களா இல்ல நாங் கேக்கவா.,,speech_phrase,,np,
1812,கேணயெ,,kēṇaye,,எதையும் ஒழுங்காகச் செய்யத் தெரியாதவன்.,"Foolish, clueless person incapable of doing things right",அவஞ் சுத்தக் கேனப்பய.,,human_behavior | speech_phrase,,np,
1813,கேத காரியம்,,kēta kāriyam,,இறப்பு நடப்பதை தெரிவித்தல்.,Announcement of a bereavement or funeral event,கேத காரியமொன்னு ஆயிப் போச்சு.,,festival_religion | kinship,,np,
1814,கேப்பாங்கெ,,kēppāṅke,,கேட்பார்கள்.,They will listen / ask,நீங்க சொன்னாத்தெ கேப்பாங்க.,,speech_phrase,,np,
1815,கேப்பாரு இல்லாமெ,,kēppāru illāme,,ஆதரவு இல்லாதிருத்தல்.,Lacking anyone to care for or question one; forsaken and destitute,கேப்பாரு இல்லாம இருக்கற.,,human_behavior | kinship,,np,
1816,கேப்மாரி,,kēpmāri,,மாற்றி மாற்றி பேசுபவன்.,Shifty rogue; trickster who frequently changes stance,எங்கியோ சுத்த கேப்மாரியா இருக்குறான்.,,human_behavior,,np,
1817,கேருது,,kērutu,,கோழி முட்டையிடுவதற்கு முன் கத்துதல்.,Clucking or cackling sound of a hen about to lay an egg,கோழி கேருது முட்ட வெக்கிம்போலெ தொயுது.,,nature_animals | farming_livestock,,np,
1818,கேவலமா,,kēvalamā,,அவமானம்.,Disgracefully; humiliatingly,ரொம்ப கேவலப்படுத்தாத.,,human_behavior | speech_phrase,,np,
1819,கேவுதல்,,kēvutal,,முட்டையிடும் பருவத்தில் கோழி நீளமாகக் கத்தும் கத்தல்.,Extended loud clucking call of a hen in her egg-laying season,கோழி கேவுது. மொட்டு வெச்சிடும்.,வினைச்சொல்,nature_animals | farming_livestock,,pm,
1820,கேளை ஆடு,கேழை ஆடு,kēḷai āṭu,kēḻai āṭu,மலைப் பகுதியிலுள்ள ஒருவகை ஆடு. | மலைப்பகுதியில் உள்ள ஒரு வகை ஆடு.,Wild mountain goat / Nilgiri tahr species | Mountain sheep / wild hill goat,கேழையாடுவ அந்தப் பக்கம் போவுது. | கேளை ஆட்ட புடி.,பெயர்ச்சொல்,nature_animals | farming_livestock,,pm | np,
1821,கேனச்சி,,kēṉacci,,எதையும் ஒழுங்காகச் செய்யத் தெரியாத பெண். | எதையும் முறையாக ஒழுங்காகச் செய்யத் தெரியாத பெண்.,"Clueless, incompetent or foolish woman",அவளே ஒரு கேனச்சி. | அவளே ஒரு கேனச்சி. அவகிட்டயா வேல சொல்றது.,பெயர்ச்சொல்,human_behavior,,np | pm,
1822,கேனயன்,,kēṉayaṉ,,எந்தச் செயலையும் சரியாகச் செய்யத் தெரியாத ஆண்.,"Incompetent, gullible or clueless man",அவங் கெடக்கறான் கேனயன்.,பெயர்ச்சொல்,human_behavior,,pm,
1823,கேனை,,kēṉai,,திட்டுமிட்டுச் செயல்படும் ஆற்றலில்லாத தன்மை உடையவள் / ன்.,"Inept, clumsy or witless person",அது ஒரு கேன. என்ன தெரியும்.,பெயர்ச்சொல்,human_behavior,,pm,
1824,கைக்கரண்டி,,kaikkaraṇṭi,,சோறு தோண்டி எடுக்கும் கரண்டி.,Rice serving ladle (annakarandi),அன்னகரண்டியில தோண்டிப் போடு.,பெயர்ச்சொல்,home_household | food_cooking,காண்க: அன்னக்கரண்டி,pm,
1825,கைகாரி,,kaikāri,,கெட்டிக்காரப் பெண்.,"Capable, resourceful and clever woman",,,human_behavior,,np,
1826,கைகோர்வெ,,kaikōrve,,மணமகனும் மணமகளின் சகோதரனும் தட்டில் குவிக்கப்பட்ட பச்சரிசியில் கைகோர்த்து உறவு பலப்படுத்துதல்.,Wedding rite where groom and bride's brother hold hands over raw rice to seal kin solidarity,,,festival_religion | kinship,,np,
1827,கைச்சாளை,,kaiccāḷai,,வீட்டை ஒட்டியிருக்கும் சிறு சமையல் அறை. | வீட்டை ஒட்டியிருக்கும் (சமையல் செய்யும்) சிறு அறை.,Lean-to outdoor kitchenette or side pantry adjoining the house,கைச்சாளைக்குள்ள பாரு சோத்துச் சட்டி இருக்கு. | கைச்சாளயில தண்ணி இருக்கும். எடுத்துக்குடி.,பெயர்ச்சொல்,home_household,,np | pm,
1828,கைச்செலவு,,kaiccelavu,,சிறுசெலவு.,Pocket money; daily petty expenses,கைச்செலவுக்காச்சும் நாலு காசு வேண்டாமா.,பெயர்ச்சொல்,home_household,,pm,
1829,கைத்துருசு,,kaitturucu,,வேலையில் விரைவு.,Dexterity; swift and nimble working speed with hands,பொழுதோடக் கொஞ்சம் கைத்துருசா வேல செய்.,பெயர்ச்சொல்,human_behavior | action_verbs,,pm,
1830,கைநீளம்,,kainīḷam,,எதையும் சீக்கிரம் (பிறருக்குக் கொடுத்துச்) செலவழித்து விடுதல்.,Generous open-handedness; giving away money freely,அவனுக்குக் கைநீளம். கேட்டாக் குடுத்துருவான்.,பெயர்ச்சொல்,human_behavior,,pm,
1831,கைப்பனியன்,,kaippaṉiyaṉ,,"ஆண்கள் அணியும், கைப்பகுதியுடன் கூடிய உள்ளாடை.",Men's half-sleeved cotton undershirt / vest,ஊட்ல இருக்கும்போது அவரு கைப்பனியன்தான் போடுவாரு.,பெயர்ச்சொல்,dress_accessories,,pm,
1832,கைப்பாசி,,kaippāci,,சிறு குழந்தையின் கைகளில் வளையல் போலப் போடப்படும் மணி.,Beaded bangle bracelet tied around an infant's wrist,கொழந்தைக்கிக் கைப்பாசி ஒன்னு வாங்கிப் போடு.,பெயர்ச்சொல்,dress_accessories,,pm,
1833,கைப்பிடிச் சுவர்,,kaippiṭic cuvar,,ஓடு வேய்ந்த வீடுகளின் கூரைக்குமேல் இருபுறங்களிலும் சிறிது உயரமாக எழுப்பும் சுவர்.,Low parapet wall built along roof edges of tiled houses for support when walking on roof,,பெயர்ச்சொல்,home_household,,pm,
1834,கைப்புள்ள,,kaippuḷḷa,,பிறந்து சிறிது நாட்களே ஆன குழந்தை.,Newborn infant held in arms,கைப்புள்ளயும் தூக்காத ஊர சுத்துற.,,kinship | human_behavior,,np,
1835,கைமட்டெ,,kaimaṭṭe,,தென்னை மர மட்டை.,Coconut frond / leaf stalk,கைமட்டையெ இழுத்துக் கீழ போடு இல்லனா யாராவது மேலெ உளுந்துரு.,,nature_animals | farming_livestock,,np,
1836,கைமாத்து,,kaimāttu,,கடன்.,Short-term friendly loan or hand loan repaid without interest,பணம் ஒரு அம்புது ரூவா கைமாத்தா குடு.,,human_behavior,,np,
1837,கையாட்டம்,,kaiyāṭṭam,,தாய விளையாட்டில் ஐந்தும் அதற்கு மேற்பட்ட எண்ணிக்கையும் விழும்போது மீண்டும் எடுத்தாட வாய்ப்புக் கிடைக்கும் ஆட்டம்.,Extra turn granted in traditional dayam board game upon rolling high scores,எட்டு உழுந்திருக்குது கையாட்டம் எடுத்துப் போடு.,பெயர்ச்சொல்,home_household | human_behavior,,pm,
1838,கையிலெஆவலெ,,kaiyileāvale,,கைக்கு கிடைக்கவில்லை.,Not yet in hand; money not yet realized or received,பணங் கையிலை ஆவலெ.,,speech_phrase,,np,
1839,கையுடுற நேரம்,,kaiyuṭuṟa nēram,,வேலை விட்டு திரும்பும் நேரம்.,Evening knock-off time when farm laborers finish work and wash hands,கையுடுற நேரமாச்சு இன்னு கொத்துக்காரம்மாவக் காணோ.,,time_seasons | farming_livestock,,np,
1840,கைவிளக்கு,,kaiviḷakku,,மண்விளக்கு.,Small portable earthen oil lamp carried by hand,அந்தக் கைவௌக்க எடுத்தா.,பெயர்ச்சொல்,home_household,,pm,
1841,கைவெச்சுட்டானுக,,kaiveccuṭṭāṉuka,,அடித்துக் கொண்டார்கள்.,Got into physical blows; beat each other up,எம் மேலெயே கைவெச்சுட்டானுகனா பாத்துக்கோ.,,action_verbs | human_behavior,,np,
1842,கைவேலை,,kaivēlai,,சிறு சிறு வேலை.,Odd household chores; petty manual assistance work,கை வேலைக்கு ஒரு சிட்டாளு இருந்தாப் பரவாயில்ல.,பெயர்ச்சொல்,human_behavior | action_verbs,,pm,
1843,கொக்கணம்,,kokkaṇam,,தாய விளையாட்டில் கட்டையை உருட்டும்போது ஒன்றும் விழாமல் இரண்டும் மொட்டையாக இருப்பது (இதனைச் சிலர் 12 என்றும் கொள்வர்).,Blank roll showing zero dots on both cowrie shells in dayam game,கொக்கணமாவே விழுது. நீ எடுத்தாடு.,பெயர்ச்சொல்,home_household,,pm,
1844,கொக்கரை,,kokkarai,,எதையும் பிறருக்குக் கொடுக்கக் கை வராமை (கஞ்சத் தனம்).,Stinginess; extreme tight-fistedness in giving,வாய் சக்கரை கை கொக்கரை. (பழமொழி),பெயர்ச்சொல்,human_behavior,,pm,
1845,கொக்காணி,,kokkāṇi,,தனக்கு மட்டும் ஒரு பொருள் கிடைக்குமிடத்து கிடைக்காதவரைப் பார்த்து பழிப்பாக செய்யப்படும் செய்கை | ஏதாவது ஒன்றை சாப்பிடும் போது அடுத்தவர்களுக்கு கொடுக்காமல் விரலை மடக்கி வளைத்துக் காட்டுதல். | (சிறுவர்கள்) ஆள்காட்டி விரலை மடக்கிக் கொண்டு கீழுதட்டை மடித்து ஒலியெழுப்பிப் பிறரைப் பழித்துக் காட்டுதல்.,Taunting mouth-and-finger gesture made by children to mock others while eating,எனுக்கு கொக்காணி காட்டிகிட்டு அவம் மட்டுந் திங்கறாம் பாரு. | அப்ப இருந்து எனக்குக் கொக்காணி காட்டிக்கிட்டே இருக்கறான்.,பெயர்ச்சொல்,human_behavior,,od | np | pm,
1846,கொக்கி,,kokki,,மேலும் கீழும் வளைத்து காணப்படும் நீண்ட இரும்புக்கம்பி.,Curved iron cradle hook suspended from the ceiling,கொழந்தைய தொட்டக் கொக்கிலெ போடு.,,home_household,,np,
1847,கொக்கி போடுதல்,,kokki pōṭutal,,தானியக் கதிர் முதிர்ந்து வளைதல்.,Grain earheads curving downward as they ripen for harvest,கொக்கி போட்டிருச்சு. அறுத்தர வேண்டீதுதான்.,வினைச்சொல்,farming_livestock,,pm,
1848,கொக்கி முள்,,kokki muḷ,,கொக்கி போல முள்ளுடைய காய் காய்க்கும் செடி.,Hook-thorned burr weed whose prickly pods cling to clothes,கொக்கி முள்ளுதுணியில் குத்திக்கிரிச்சி,பெயர்ச்சொல்,nature_animals | farming_livestock,,pm,
1849,கொக்கிச் சல்லை,,kokkic callai,,"மரங்களிலுள்ள காய்கள், தழைகள் முதலியவற்றைப் பறிப்பதற்காக உள்ள நீண்ட மூங்கிலில் வளைந்த கொக்கி பொருத்தப்பட்டது.",Long bamboo pole with curved hook attached to harvest fruits or foliage,"கொக்கிச்சல்ல இருந்தா எடுத்தா, நாலு தழ ஒடிச்சுப் போடலாம்.",பெயர்ச்சொல்,home_household | farming_livestock,,od | pm,
1850,கொக்கிச்சள்ளெ,,kokkiccaḷḷe,,கத்தி (அ) கொக்கி கட்டிய தழை ஒடிக்கப் பயன்படும் நீண்ட குச்சி.,Long hooked harvesting stick used for plucking tamarind and leaves,சள்ளெக்குச்சிய எடுத்தா புளியங்காய் புடுங்கலாம்.,,home_household | farming_livestock,காண்க: சள்ளெக்குச்சி,np,
1851,கொங்க மழை,,koṅka maḻai,,மிகக் குறைந்த நேரத்தில் பெய்து நின்றுவிடும் பலத்த மழை.,"Brief, intense localized downpour typical of the Kongu region",பேஞ்சாக் கொங்க மழையாட்டம் பேயோனும்.,பெயர்ச்சொல்,nature_animals | time_seasons,,pm,
1852,கொங்கங்காளை,கொங்க காளெ,koṅkaṅkāḷai,koṅka kāḷe,காங்கேயம் காளை. | காங்கேயங் காளை.,Kangeyam draft bull breed known for endurance | Indigenous Kangeyam bull,கொங்க காளெ ரெண்டு வாங்கி உடோனு. | ரண்டு கொங்கங்காளை வாங்கோனும்.,,farming_livestock | nature_animals,,np | pm,
1853,கொங்கணிக்கூத்து,,koṅkaṇikkūttu,,கொங்கு நாட்டில் நடைபெறும் கிராமியக் கூத்துகள்.,Traditional rural folk drama performances of Kongu region,கொங்கணிக் கூத்துப் போட்ருக்காங்கெ வா போயி பாக்கலா.,,festival_religion,,np,
1854,கொங்காடெ,கொங்காடை | கொங்கூடை | கொங்கடை,koṅkāṭe,koṅkāṭai | koṅkūṭai | koṅkaṭai,மழைக்கு பாதுகாக்கும் ஆடை | மழையில் நனையாமல் இருக்க சணல் பையை உட்புறம் நுழைத்து கூர்மையாக செய்து தலைக்கு மாட்டிக் கொள்ளுதல். | மழையில் நனையாமல் இருக்கும் வகையில் மடித்துத் தலையில் மாட்டிக் கொள்ளும் கோணி. | காண்க: கொங்கடை,Folded conical gunny bag hood worn over head to protect against rain,மழ வருது தலக்கி கொங்காடெ போட்டுகிட்டு போ. | மழையில நனஞ்சராத கொங்கட போட்டுக்கிட்டுப்போ.,பெயர்ச்சொல்,dress_accessories,,od | np | pm,
1855,கொங்காயன்,,koṅkāyaṉ,,வெகுளி.,"Naive, innocent or guileless simpleton",அவன் சுத்தக் கொங்காயன்.,பெயர்ச்சொல்,human_behavior,,pm,
1856,கொங்கினி முடிச்சு,,koṅkiṉi muṭiccu,,ஒரு வகைக் கொண்டை.,Traditional Kongu-style coiled hair bun,கொங்கினி முடிச்சுப் போட்டுக்கிட்டுப் போறா.,பெயர்ச்சொல்,dress_accessories,,pm,
1857,கொசக்கட்டு,,kocakkaṭṭu,,வேலை செய்யும்போது குயவர்கள் ஒரு பக்கம் முழங்கால்வரை விட்டு இன்னொரு கால் சற்று மேலே இருக்கும் வகையில் வேட்டியை மடித்துப் பின் பக்கம் சொருகிக் கொள்ளும் கட்டு.,Traditional dhoti tucking style of potters leaving one knee exposed while working,வேட்டியக் கொசக்கட்டுக் கட்டிக்கிட்டாம்பாரு.,பெயர்ச்சொல்,dress_accessories | human_behavior,,pm,
1858,கொசகொசன்னு,,kocakocaṉṉu,,பிசுபிசுவென்று.,Cluttered and cramped; damp and sticky handwriting or texture,இப்பிடி கொச கொசன்னு எழுதீனீயன்னா எப்பிடி தெரியு.,,speech_phrase,,np,
1859,கொசலக்காரெ,,kocalakkāre,,கோள் சொல்லுபவன்.,Talebearer; slanderer spreading malicious talk,அவஞ்செரியான கொசலக்காரனோட்ட இருக்கறான்.,,human_behavior,,np,
1860,கொசலெமூட்டி,,kocalemūṭṭi,,ஒருவரைப்பற்றி இன்னொருவரிடம் கோள் சொல்லுதல்.,Sowing discord by reporting hearsay; talebearing,அவந்தாங் கொசலொ மூட்டியிருப்பான்.,,human_behavior | speech_phrase,காண்க: கொசலொ,np,
1861,கொசலொ,,kocalo,,ஒருவரைப்பற்றி இன்னொருவரிடம் கோள் சொல்லுதல்.,Slanderous talebearing gossip intended to cause quarrels | Sowing discord by reporting hearsay; talebearing,அவந்தாங் கொசலொ மூட்டியிருப்பான்.,,human_behavior | speech_phrase,,np,
1862,கொசவர்,,kocavar,,குயவர்.,Traditional village potter,கொசவங்கிட்ட மண்பானையொன்னு செய்யச் சொல்லோனு.,,human_behavior | home_household,,np,
1863,கொசவன் ஓடு,,kocavaṉ ōṭu,,குயவரால் செய்யப்படும் நாட்டு சுடுமண் கூரை ஓடு.,Handmade country clay roof tile,கொசவன் ஓடு போட்ட வீடு குளுகுளுன்னு இருக்கும்.,பெயர்ச்சொல்,home_household,,od,
1864,கொசவனோடு,கையோடு,kocavaṉōṭu,kaiyōṭu,குயவர்களால் செய்யப்படும் மண் ஓடு. | கூரை வேய (விரித்த கைபோலக் குயவர்களால்) செய்யப்படும் சுட்ட மண் ஓடு. (கூரைமேல் ஏறும்போது கையால் பிடித்துக்கொண்டு நடக்க இச்சுவர் உதவும்). | காண்க: கையோடு.,Country kiln-baked curved clay roof tile molded by potters,கொசவனோடு நாலு எடுத்துட்டு வரோனு. | எங்கூட்டுக்குப் போட்டிருக்கறது அந்தக் காலத்துக்கையோடு. | மேல பாக்கறதுக்கு மொட்டையாத் தெரீது. கைப்பிடிச் செவுரு கட்டறதுதான.,பெயர்ச்சொல்,home_household,,np | pm,
1865,கொசவொ,,kocavo,,சேலையின் முன்பகுதி.,Front pleats (kosuvam) tucked into waist of a saree,கொசவொ வெச்சு சேலையக் கட்டு.,,dress_accessories,,np,
1866,கொசுகொசனு,,kocukocaṉu,,காண்க. பிசுபிசு.,Sticky; clammy and damp,,,speech_phrase,,np,
1867,கொசுறு,,kocuṟu,,அதிக அளவு சாமான்கள் வாங்கும்போது கடைக்காரரிடம் கூடுதலாக வாங்குவது.,Small complimentary extra thrown in by a shopkeeper (baker's dozen perk),,,human_behavior | speech_phrase,,np,
1868,கொஞ்சநஞ்சொ,,koñcanañco,,அதிகளவு.,Enormous; not small (ironic expression: 'no small amount'),உனக்கு திமிரு கொஞ்சநஞ்சமில்ல.,,speech_phrase | measure_units,,np,
1869,கொஞ்சூண்டு,,koñcūṇṭu,,காண்க. இம்புட்டு.,A tiny wee bit; minuscule pinch,,,measure_units | speech_phrase,,np,
1870,கொட்ட வாங்குதல்,,koṭṭa vāṅkutal,,புளியைக் கொட்டி உள்ளிருக்கும் விதையை நீக்குதல்.,Deseeding tamarind pods by pounding and picking out seeds,புளி கொட்டவாங்கியாச்சா.,வினைச்சொல்,food_cooking | action_verbs,,pm,
1871,கொட்டக்காய்,,koṭṭakkāy,,ஆமணக்குக் காய்.,Castor bean pod (Ricinus communis),கொட்டாக்கா ஒடிச்சாச்சா.,பெயர்ச்சொல்,nature_animals | farming_livestock,,pm,
1872,கொட்டக்காய்ப் பலகை,,koṭṭakkāyp palakai,,ஆமணக்குக் காய்கள் காய்ந்ததும் அடித்துத் தோல் நீக்க முன்பக்கம் தட்டையாகவும் பின்பக்கம் - கைப்பிடிக்கும் அளவ உருண்டையாகவும் இருக்கும் பலகை.,Wooden paddle mallet used to thresh dried castor pods and strip hulls,கொட்டாக்காய் பலவ இருந்தாக் குடு. அடிச்சுட்டுத் தாரேன்.,பெயர்ச்சொல்,farming_livestock | home_household,,pm,
1873,கொட்டக்கோல்,,koṭṭakkōl,,காய்ந்த ஆமணக்குத் தண்டு.,Dry castor stalk used as firewood kindling,கொட்டக்கோல ஒடிச்சு வெய்யி. அடுப்பு எரியட்டும்.,பெயர்ச்சொல்,home_household | farming_livestock,,pm,
1874,கொட்டச்சருகு,,koṭṭaccaruku,,காய்ந்த ஆமணக்கு இலை.,Dry fallen castor leaves collected as goat fodder,கொட்டச் சருவு பொறுக்கி வெச்சாலாச்சும் வெள்ளாட்டுக்காவும்.,பெயர்ச்சொல்,farming_livestock | nature_animals,,pm,
1875,கொட்டத் தண்டு,,koṭṭat taṇṭu,,ஆமணக்குச் செடியின் தண்டுப்பகுதி.,Stem stalk of castor bean plant,கொட்டத் தண்டுதான் நிக்குது. காயக்காணாம்.,பெயர்ச்சொல்,nature_animals | farming_livestock,,pm,
1876,கொட்டப் பொச்சு மாடு,,koṭṭap poccu māṭu,,சரியாக மேயாமல் இளைத்துக் கிடக்கும் மாடு.,"Emaciated, bony cattle that grazes poorly",இந்தக் கொட்டப்பொச்சு மாட்ட வெச்சுக்கிட்டு எதுக்கு அழுவுற. வித்துப்புடு.,பெயர்ச்சொல்,farming_livestock,,pm,
1877,கொட்டப்பல்,,koṭṭappal,,குழந்தைகளுக்கு முதலில் முளைக்கும் பால் பல்.,First deciduous milk teeth in babies,கொட்டப்பல்லு வந்திருச்சா. கண்டதயும் எடுத்து வாயில வெக்குமே.,பெயர்ச்சொல்,body_health,,pm,
1878,கொட்டம்,கொட்டை | கொட்டொ,koṭṭam,koṭṭai | koṭṭo,"விதைகளை அடுத்த பருவத்திற்குப் பதப்படுத்தி பயன்படுத்த சேர்த்து வைக்கும் பனை அல்லது வேயப்பட்ட கிடங்கு. | மாடுகளுக்கு மருந்து ஊற்றப் பயன்படும் மூங்கில் குழாய்.(1) | குழந்தைகள் சேர்ந்து சத்தம் போட்டு விளையாடுதல்.(2) | ஆடு, மாடுகளுக்கு மருந்து ஊற்றும் மரத்தாலான உருளை.",Wooden drenching tube used to administer oral medicines to cattle | Boisterous ruckus by children,கொட்டத்துல ஊத்துனா குடிச்சுரும். | அடேங்கப்பா. எல்லாஞ் சேந்துக் கிட்டுக் கொட்டமடிக்குதுங்க. | மாட்டுக்கு கொட்டம் புடிச்சு மருந்த ஊத்து.,பெயர்ச்சொல்,farming_livestock | human_behavior,,od | np | pm,
1879,கொட்டமுத்து,,koṭṭamuttu,,ஆமணக்கு | விளக்கெண்ணெய்,Castor seed; castor oil plant,கொட்டமுத்துப்பொறுக்கி ஒருமூட்ட சேத்துட்டா.,பெயர்ச்சொல்,farming_livestock | nature_animals,,od | pm,
1880,கொட்டமுத்து எண்ணெய்,,koṭṭamuttu eṇṇey,,விளக்கெண்ணெய்.,Castor oil (traditionally cold-pressed from castor seeds),கொட்டமுத்து எண்ணெ ஆட்டியாரக் கொண்டோரன்.,பெயர்ச்சொல்,food_cooking | body_health,,pm,
1881,கொட்டலா,,koṭṭalā,,புளியைக் கொட்டி உள்ளிருக்கும் கொட்டையை நீக்க மரப்பிடியும் இரும்புச் சிறு உருளையும் கொண்ட கருவி.,Wooden tool with small iron roller used to squeeze seeds out of tamarind,கொட்டலா இருந்தாக் குடு. புளி கொட்ட வாங்கீட்டுத் தர்ரேன்.,பெயர்ச்சொல்,home_household | food_cooking,,pm,
1882,கொட்டறா,,koṭṭaṟā,,வாய் அகன்ற பெரிய பாத்திரம்.,Wide-mouthed large metal vessel or basin for storing water,கொட்டறா இருந்தா எடுத்தா தண்ணிய ஊத்தி வெக்கலா.,,home_household,,np,
1883,கொட்டாப்புடி,கொட்டாப்புளி,koṭṭāppuṭi,koṭṭāppuḷi,தார் அடிக்கப் பயன்படும் மரத்தாலான பொருள். | முளை அடிப்பதற்காக வைத்திருக்கும் முன்பக்கம் உருண்டும் பின்பக்கம் கைப்பிடியும் கொண்ட மரத்தாலான கருவி. | காண்க: கொட்டாப்புடி.,Cylindrical wooden mallet block used to hammer tethering pegs into the ground,கொட்டாப் புடியில அடி. சீக்கிரம் எறங்கும்.,பெயர்ச்சொல்,farming_livestock | home_household,,od | np | pm,
1884,கொட்டாய்,,koṭṭāy,,கொட்டகை; ஓலை வேயப்பட்ட வீடு.,Thatched shed or outhouse with palm fronds,எங்க வீடு சின்னக் கொட்டாய்தான்.,பெயர்ச்சொல்,home_household | farming_livestock,,pm,
1885,கொட்டாயி,,koṭṭāyi,,திரையரங்கம்.,Cinema hall; touring talkies cinema tent,கொட்டாயிலெ என்னொ படம் போட்ருக்குது.,,home_household | place_direction,,np,
1886,கொட்டான்,,koṭṭāṉ,,வெற்றிலை பாக்கு இடிக்கும் பாத்திரம்.,Small mortar and pestle cup for pounding betel leaves and areca nuts,கொட்டான எங்கவச்சனோ தெரீல.,பெயர்ச்சொல்,home_household,,pm,
1887,கொட்டு,குருட்டுப் பருத்தி,koṭṭu,kuruṭṭup parutti,விரலை மடக்கி தலையில் கொட்டுதல். | வெடிக்காமல் கருப்புப் படிந்துவிட்ட பருத்திப் பஞ்சு. | காண்க: குருட்டுப் பருத்தி.,Rapping someone's head with knuckles | Blighted unopened black cotton boll,அவனுக்கு ரெண்டு கொட்டு அப்பதே சொன்னபடி கேப்பான். | குருட்டுப் பருத்தியத் தனியாத்தான் எடைக்கு எடுத்துக்குவாங்க.,பெயர்ச்சொல்,action_verbs | farming_livestock,,np | pm,
1888,கொட்டு முழக்கு,கொட்டுமொழக்கு,koṭṭu muḻakku,koṭṭumoḻakku,மேள தாளம் | மேளதாளம்.,Sound of festive drumbeats and ceremonial instruments | Auspicious rhythmic percussion drum ensemble,கொட்டு மொழக்குச் சத்தம் கேக்குது.,,festival_religion,,od | pm,
1889,கொட்டுமொளக்கு,,koṭṭumoḷakku,,இசைக் கருவிகளை இசைத்தல்.,Playing traditional ceremonial percussion instruments,கொட்டு மொளக்கு கொட்டிகிட்டு வர்றாங்க என்ன விசேஷம்னு கேளு.,,festival_religion | action_verbs,,np,
1890,கொட்டெ மரம்,,koṭṭe maram,,ஆமணக்கு விதை மரம்.,Castor oil plant / shrub,கொட்டமரத்துல பாரு எவ்ளோ கொட்டமுத்து.,,nature_animals | farming_livestock,,np,
1891,கொட்டெ வாங்குதல்,,koṭṭe vāṅkutal,,புளியின் உள் இருக்கும் கொட்டையை எடுத்தல்.,Removing the hard inner seeds from tamarind pulp,புளிய கொட்டே வாங்கனும்.,,food_cooking | action_verbs,,np,
1892,கொட்டெமுத்து,,koṭṭemuttu,,ஆமணக்கு விதை.,Castor bean seed,கொட்டெமுத்து மரம்பாரு எவ்ளோ பெருசு.,,farming_livestock | nature_animals,,np,
1893,கொட்டெமுத்தெண்ணெய்,,koṭṭemutteṇṇey,,ஆமணக்கு விதையினால் அரைக்கப்படும் எண்ணெய்.,Castor oil extracted from castor beans,கொட்ட முத்து எண்ணெ யாட்டனும்.,,food_cooking | body_health,,np,
1894,கொட்டேர்,கோட்டேர்,koṭṭēr,kōṭṭēr,வீட்டுக்கு எடுத்துச்செல்லும்போது மாடுகள் இழுத்துக் கொண்டு போகும் ஏர். | காண்க: கொட்டேர்.,Returning plow; empty plow hauled home behind bullocks after work,கொட்டேர் கட்டி எடுத்தா.,பெயர்ச்சொல்,farming_livestock,,pm,
1895,கொட்டை போட்டுட்டாரு,,koṭṭai pōṭṭuṭṭāru,,இறந்து விட்டார்,Passed away; kicked the bucket (euphemistic death idiom),அந்த மனுஷன் எப்பவோ கொட்டை போட்டுட்டாரு,,body_health | speech_phrase,,od,
1896,கொட தூக்கியறது,,koṭa tūkkiyaṟatu,,மாட்டு வண்டியின் நுகத்தில் உட்கார்ந்து கொண்டு சிறுவர் சிறுமியர் விளையாடும் விளையாட்டு.,Children's game of tilting yoke upward while riding on an unhitched cart,,,human_behavior,,np,
1897,கொடங்கு,,koṭaṅku,,சிறு பொத்து. | கிணற்றுக்குள் இருக்கும் பொந்து.,Snake hole or cavity inside stone masonry wall of a well,அந்தக் கொடங்குல பாம்பு இருக்குது. | அந்தப் பக்கம் கொடங்கிருக்கிது. போவாத.,பெயர்ச்சொல்,nature_animals | place_direction,,np | pm,
1898,கொடம்பை,,koṭampai,,துவரங்கோல்களால் பின்னி ஓலை வேயப்பட்ட குறுகிய வாயிலை உடைய (குச்சுவீடு போன்ற அமைப்புடைய) சிறு தீவன வகைகள் போட்டு வைத்துக்கொள்ளும் அமைப்பு.,Small thatched conical hut woven with red-gram stalks used to store fodder,கொடம்பையில தெவரம்பொட்டுப் போட்டிருக்குது. அள்ளியா.,பெயர்ச்சொல்,farming_livestock | home_household,,pm,
1899,கொடல்,,koṭal,,அப்பளம்,"Fryums | Papad (often specifically referring to the hollow, tube-shaped fryums that resemble intestines/kodal).",தயிர் சாதத்துக்கு தொட்டுக்க கொடல் வறுத்து குடு.,,food_cooking,,od,
1900,கொடல்சாறு,,koṭalcāṟu,,ஆட்டுக்குடல் கறியில் வைக்கும் குழம்பு.,Spicy curry cooked with goat intestine / boti,கொடல்சாறு கொஞ்சம் ஊத்திக்க.,பெயர்ச்சொல்,food_cooking,,pm,
1901,கொடவாழை,,koṭavāḻai,,ஒரு வகையான நெல். ஐந்து அடி உயரம் வரை வளரும். குடிசை வேய்வதற்கு சிறந்த ரகம்.,Tall indigenous paddy variety (up to 5 ft) whose thick straw is ideal for thatching,,,farming_livestock | nature_animals,,np,
1902,கொடவேலமுள்,,koṭavēlamuḷ,,குடைவேலமுள். சீமைக்கருவேலமுள்.,Umbrella thorn tree thorns (Acacia planifrons / prosopis thorn),கொடவேலமுள் ஏறிரப் போவுது.,பெயர்ச்சொல்,nature_animals | farming_livestock,,pm,
1903,கொடாப்பு,,koṭāppu,,கோழிகளை அடைத்து வைக்கப் பயன்படும் பெரிய கூடை | பிறந்த மாட்டின் இளங்கன்றுகளை அடைத்து வைக்கப் பயன்படும் சிறிய ஓலை குடிசை | ஆட்டுக்குட்டிகளை உள்ளே வைத்து கவிழ்த்து வைக்கும் சிறு கூடை. | ஆட்டுக்குட்டிகளை அடைக்கும் சிறுபட்டி.,A wooden weaven big coconut shell like object to protect hens.,தென் மாவட்டங்களில் பஞ்சாரம் என்று சொல்லப்படும் | கொடாப்புக்குள்ள ஆட்டுக் குட்டியெ கமுத்தி வை. | குட்டியக் கொடாப்புல உட்டுரு. ஆட்டோட வந்தரப்போவுது.,பெயர்ச்சொல்,farming_livestock,,od | np | pm,
1904,கொடி,,koṭi,,"தாலிக்கொடி. | தாலிக்கொடி.(1) | காளை, கிடா போன்றவற்றின் ஆண்குறி.(2)",Mangalsutra gold chain | Phallus of stud bull or ram,கல்யாணத்துக்கு ரெண்டு பவுன் கொடி எடுக்கணும். | கலியாணத்துக்கு மாப்பிள்ள வீடு கொடிப் பண்ணிப் போடறாங்க. | கொடி உள்ள போறாப்புல மாடு நின்னால்ல ஆவும்.,பெயர்ச்சொல்,dress_accessories | festival_religion | farming_livestock,,np | pm,
1905,கொடிக்காய்,,koṭikkāy,,நிலக்கடலையில் ஒருவகை; கொடியாக அகன்று படரும் நிலக்கடலைப் பயிர்.,Spreading creeper type of groundnut crop,ஒரு மாசத்துக்கு மழ இல்லீனாலும் கொடிக்காய்னாதாங்கும்.,பெயர்ச்சொல்,farming_livestock,,pm,
1906,கொடிக்குத்து,,koṭikkuttu,,நிலக்கடலையில் ஒருவகை; ஓரளவுக்கு அகன்று படர்ந்து செடி போல மேல் நோக்கி வளரும் நிலக்கடலைப் பயிர்.,Semi-spreading variety of peanut/groundnut crop,,பெயர்ச்சொல்,farming_livestock,,pm,
1907,கொடுக்குச் செடி,,koṭukkuc ceṭi,,கொடுக்குப் போல வளைந்த இரு முட்கள் கொண்ட காயுடைய செடி.,Devil's claw (Martynia annua) weed having claw-like double-hooked prickly seed pods,கொடுக்குச் செடி இருக்குது பாத்துப் போ.,பெயர்ச்சொல்,nature_animals,,pm,
1908,கொடுக்குத்தேளு,,koṭukkuttēḷu,,தேள்.,Stinging scorpion with curved tail,கொடுக்குத் தேளு கடிச்சு உசுரு போற மாதிரி வலிக்குது.,,nature_animals,,np,
1909,கொடுங்கோல்,,koṭuṅkōl,,வைக்கோலை உதறவிட இழுக்கும் வகையில் கொக்கி போன்றமைந்த கம்பு.,Long pole fitted with curved iron hook used to pull and loosen straw from haystacks,கொடுங்கோல் எடுத்தா. வக்கிப்பில்ல இழுத்து உடலாம்.,பெயர்ச்சொல்,farming_livestock | home_household,,pm,
1910,கொடுங்கோலு,,koṭuṅkōlu,,வைக்கோல் உதறிவிட நுனியில் வளைத்த இரும்பு வளையம் பொருத்திய நீள குச்சி.,Straw-hooking pole with curved claw to pull hay from stacks for cattle,கொடுங்கோலு இருந்தா எடுத்தா ரெண்டு வாதெ இடிச்சி ஆட்டுக்குப் போடலா.,,farming_livestock | home_household,,np,
1911,கொடுப்பினை,,koṭuppiṉai,,"புண்ணியம்; பாக்கியம், நற்பேறு.","Good fortune, blessing, luck",இதுக்கெல்லா ஒரு கொடுப்பினை வேணும்.,பெயர்ச்சொல்,speech_phrase,,np,
1912,கொடும்பு,,koṭumpu,,செடியைச் சுற்றி அடைக்கும் கூண்டு.,Protective wicker tree guard or woven basket cage around young saplings,செடிய ஆடு கடிச்சிரப் போவுது. ஒரு கொடும்பு அடச்சி உடு.,பெயர்ச்சொல்,farming_livestock | nature_animals,,pm,
1913,கொடுவாப் பூன்,,koṭuvāp pūṉ,,கொடுவாளின் மரப்பிடியை இறுக்கிப் பிடிக்கும் இரும்புப் பூண்.,Iron ferrule/ring on the handle of a billhook,"கொடுவாப் பூன் கழண்டுருச்சு, கொல்லங்கிட்ட குடுத்து அடி.",பெயர்ச்சொல்,farming_livestock | home_household,பொருள் உறுதிப்படுத்தப்படவில்லை (AI உருவாக்கம்) · Meaning not verified (AI generated),od,
1914,கொடுவாள்,,koṭuvāḷ,,அரிவாள் | வெட்டும் அரிவாள்.,Sickle,கொடுவாள்ல வெட்டறதுதானே சீக்கிரம் ஆவுமே.,பெயர்ச்சொல்,farming_livestock,,od | pm,
1915,கொடுவாளு,,koṭuvāḷu,,மரம் வெட்ட உதவும் கருவி.,Heavy curved billhook machete used for lopping tree branches and coconut fronds,கொடுவாளே எடுத்தா தென்ன மட்டெ வெட்டலா.,,farming_livestock | home_household,,np,
1916,கொடெ,,koṭe,,குடை.,Umbrella,மழெ வருது கொடெயெ எடுத்துட்டுப் போ.,,dress_accessories | home_household,,np,
1917,கொடொ,,koṭo,,குடம்.,Water pot; metal or earthen water vessel,கொடொத்த எடுத்துட்டுப் போயி தண்ணி கொண்டா.,,home_household,,np,
1918,கொண்டயம்,,koṇṭayam,,"போர், வீட்டுக்கூரை, மரம் போன்றவற்றின் உச்சி.","Apex crown of a haystack, house roof gable, or treetop",கொண்டயம் மேயோனும் | கொண்டயத்துல ஏறிக்கிட்டான்.,பெயர்ச்சொல்,farming_livestock | home_household,,pm,
1919,கொண்டி,,koṇṭi,,வாசற்கதவில் கதவு மாட்ட அடிக்கப்படும் இரும்பு கம்பி. | வாசற்காலில் கதவு மாட்டுவதற்காக மேலும் கீழும் அடிக்கப்படும் இரும்புக் கம்பி.,Iron hinge peg or pivot pin driven into doorframe to hang doors,கொண்டியெ நல்லா அடிச்சுரு. | கொண்டி கழண்டுக்கப் போவுது.,பெயர்ச்சொல்,home_household,,np | pm,
1920,கொணை,,koṇai,,நுனிப்பகுதி.,Corner or tip of a piece of cloth,கொணத் துணியக்கிழி.,பெயர்ச்சொல்,dress_accessories | place_direction,,pm,
1921,கொத்தாளுக,,kottāḷuka,,கொத்துக்காரர் வசம் இருக்கும் வேலையாட்கள்.,Gang of farm laborers under a labor contractor (kothukkarar),கொத்தாளுக பத்துபேரக் கூட்டிட்டு போகோணு.,,farming_livestock | human_behavior,,np,
1922,கொத்து,,kottu,,சிறிய மண்வெட்டி | களைகளை வெட்ட உதவும் கருவி.,Small mattock/spade,கொத்தெ பட்றீலெ குடுத்து வாய்தார தட்டோனு.,,farming_livestock,,od | np,
1923,கொத்துக்காரரு,,kottukkāraru,,காட்டு வேலைகளுக்கு கூலி ஆட்களை அழைத்துச் செல்பவர்.,Farm labor contractor or leader who brings a work gang,நீ என்ன கொத்துக்காரனோட்ட பண்ற.,,farming_livestock | human_behavior,,np,
1924,கொத்துக்காரன்,,kottukkāraṉ,,வேலைக்கு அழைத்து வரும் ஆட்களுக்குப் பொறுப்பானவன்.,Farm labor gang headman responsible for workers,"நீதான் கொத்துக்காரனா, சொன்னா கேக்கறதுக்கு?",பெயர்ச்சொல்,farming_livestock | human_behavior,,pm,
1925,கொத்துக்காரி,,kottukkāri,,வேலைக்கு அழைத்துவரும் ஆட்களுக்குப் பொறுப்பான பெண்.,Female farm labor leader heading a group of women workers,கொத்துக்காரிகிட்டக் கேட்டுக்கோ.,பெயர்ச்சொல்,farming_livestock | human_behavior,,pm,
1926,கொதச்சு,,kotaccu,,வெடித்த தென்னம்பாளையில் குறும்பைக் காய்களைத் தாங்கிக் கொண்டிருக்கும் கொத்து.,Fruit bunch stalk carrying tender young nuts in a bursting coconut spathe,,,nature_animals | farming_livestock,,np,
1927,கொதவல்,,kotaval,,சொட்டை.(1) | பாக்கி; மீதி.(2),Patchy gap in crop planting | Remaining dues or unfinished work,காட்டக் கொதவல் இல்லாத நடவு நடு. | தம்பி. கொதவல் இல்லாத படிச்சிட்டயா.,பெயர்ச்சொல்,farming_livestock | human_behavior,,pm,
1928,கொதவு,,kotavu,,நிலத்தை அடகு வைத்தல்.,Pledging or mortgaging farmland,காடு கொதவுல இருக்குது.,பெயர்ச்சொல்,farming_livestock,,pm,
1929,கொதிக்குது,,kotikkutu,,வெப்பம் அதிகமாகுதல்.,Boiling hot; radiating feverish heat,ஒடம்பு என்ன அனலா கொதிக்குது.,,body_health | speech_phrase,,np,
1930,கொந்தாளொ,கொந்தாளம்,kontāḷo,kontāḷam,ஆழமாகப் பறிக்கப் பயன்படும் (கோடாலி போன்ற) கருவி. | கிணறு வெட்ட உதவும் ஆயுதம்.,Heavy pickaxe / mattock used for digging deep well pits in stony rock,கொந்தாளத்த எடுத்துத் தோண்டு. | கொந்தாளொ பதோ வெக்கோணு.,பெயர்ச்சொல்,farming_livestock | home_household,,np | pm,
1931,கொந்து,,kontu,,புண் நொதித்துச் சீழ் வடிதல்.,Festering and oozing pus (of a wound or sore),"முந்தியே பாக்கறதில்ல, புண்ணுக் கொந்திப் போச்சு.",வினைச்சொல்,body_health | action_verbs,,pm,
1932,கொப்பத்து வெல்லம்,,koppattu vellam,,உருண்டையான வெல்லம்.,Large round block or ball of country cane jaggery,கொப்பத்து வெல்லம் போட்டு ஒப்புட்டுச் சுடோனும்,பெயர்ச்சொல்,food_cooking,,pm,
1933,கொப்பு,,koppu,,காளைகளுக்கு பித்தளையால் அணியும் அணிகலன். | வயல்களுக்குள் செல்லும் சிறிய வாய்க்கால்.(1) | காதின் மேல் பகுதியில் அணியும் காதணி.(2) | கதவில் வைக்கப்படும் குமிழ்.(3) | மாடுகளின் கொம்பு நுனியில் பொருத்தப்படும் அணிகலன்.(4),Decorative brass horn-cap for oxen | Small field channel | Upper ear ornament | Door knob,மாட்டுக்கு கொப்பு போட்டுடோனு. | அந்தக் கொப்பச் சீவி உடு. | கொப்பக்கூட கழட்டி வித்துப்புட்டாங்க. | கொப்பு வெச்ச கதவு இப்பல்லாம் ஏது. | மாட்டுக்குக் கொப்பச் செரியாப்போடு.,பெயர்ச்சொல்,farming_livestock | dress_accessories | home_household,,np | pm,
1934,கொம்பு,,kompu,,மாட்டுக்கொம்பு.(1) | மரக்கிளை.(2),Horn of cattle | Branch of a tree,மாட்டுக்கொம்புக்கு பெயிண்டு அடிச்சுடோனு.,,nature_animals | farming_livestock,,np,
1935,கொம்பு சீவுதல்,,kompu cīvutal,,கூர்மையாக்குதல்.,Trimming and sharpening cattle horns,அந்தக் காளைக்கு கொம்பு சீவணும்.,,farming_livestock | action_verbs,,np,
1936,கொம்புக் கவுறு,கொம்புக்கயிறு | கொம்புக்கட்டி,kompuk kavuṟu,kompukkayiṟu | kompukkaṭṭi,காண்க: கொம்புக்கட்டி. | மாடுகளின் இரண்டு கொம்புகளையும் சுற்றிவருவது போல் போடும் கயிறு.,Horn rope tied around both horns of cattle,கொம்புக் கட்டி மாத்தோனும்.,பெயர்ச்சொல்,farming_livestock,,pm,
1937,கொம்புகட்டி,,kompukaṭṭi,,காளைகளுக்கு கொம்பில் கட்டும் கயிறு.,Horn-binding rope for draft bulls,மாட்டுக்கு கொம்புகட்டி கட்டியுடோனு.,,farming_livestock,,np,
1938,கொம்புச்சீர்,,kompuccīr,,அழகான கொம்புடைய மாடு.,Ox or cow blessed with beautifully shaped horns,அந்தக் கொம்புச் சீர்தான் கட்டுத்தரைக்கே அழகு.,பெயர்ச்சொல்,farming_livestock,,pm,
1939,கொம்பை,கொம்மி,kompai,kommi,கம்பு போன்ற தானியங்களின் மேற்புறத்தோல்.,Chaff or outer husk of grains like pearl millet,கம்முலெ கொம்பியா கெடக்குது ஊதிட்டு தின்னு.,,farming_livestock | food_cooking,,np,
1940,கொம்மை,,kommai,,தானியம் நீக்கப்பட்ட கம்மங்கதிர்.(1) | சேலையில் இருக்கும் விளிம்புச் சித்திரம்.(2),Threshed millet earhead stalk devoid of grain | Decorative woven border pattern on a saree,கொம்மையக் கொண்டோயிக் கொட்டு. | இந்தச் சேலைக்குக் கொம்ம நல்லா இருக்குது.,பெயர்ச்சொல்,farming_livestock | dress_accessories,,pm,
1941,கொமட்டுது,,komaṭṭutu,,வாந்தி வருவதற்கு முன் ஒருமாதிரியாக இருத்தல்.,Feeling nauseated; having the urge to vomit,ஒரே கொமட்டலா இருக்குது.,,body_health,,np,
1942,கொமரி,,komari,,வயசுப் பெண்,Young maiden; youthful unmarried girl,,,kinship | human_behavior,,od,
1943,கொமரெ,,komare,,குமரன்.,Young bachelor; youthful lad (Kumaran),கொமரெனோட்ட வளந்துட்டெ ஆனா ஒருவேலக்கி லாயக்கில்லை.,,kinship | human_behavior,,np,
1944,கொமறி,,komaṟi,,குமரி.,Maiden; young girl (Kumari),கொமுரிகளுக்கு குசும்பு அதிகமாயிருச்சி.,,kinship | human_behavior,,np,
1945,கொயக்கன்,,koyakkaṉ,,வலிமை இல்லாதவன்.,"Frail, weak-bodied man lacking physical stamina",அந்தக் கொயக்கனப் போயி வேலக்கிக் கூப்பட்டீங்களா,பெயர்ச்சொல்,body_health | human_behavior,,pm,
1946,கொரங்காடு,,koraṅkāṭu,,கொங்கு மண்டலத்தில் பின்பற்றப்படும் ஒரு தனித்துவமான மேய்ச்சல் நில மேலாண்மை முறை,"unique silvi-pasture grazing system found only in the semi-arid landscapes of Kongu belt, particularly across the Kangeyam region",,,farming_livestock,,od,
1947,கொரங்குப்பெடல்,,koraṅkuppeṭal,,எதைப் பற்றியும் முழுமையான அறிவு இல்லாது இருத்தல்.(1) | சிறுவர்கள் சைக்கிள் ஓட்டிப் பழகும்போது முன்பகுதியில் உள்ள முக்கோணத்தில் நுழைந்து ஓட்டுவது.(2),Riding bicycle by slipping leg through frame triangle | Superficial half-baked knowledge,சுத்த குரங்குபெடல்லா இருக்கு.,,human_behavior,,np,
1948,கொரடு,,koraṭu,,"இரும்பாலான இரு பக்கமும் விரிந்த, ஒரு பொருளை இறுக்கிப் பிடிக்க உதவும் கருவி.",Pincers; iron pliers or tongs used for husking coconuts or gripping,கொரடு எடுத்தா தேங்கா மட்டெ உரிக்கலா.,,home_household | farming_livestock,,np,
1949,கொரத்தனம்,,korattaṉam,,ஒன்றும் தெரியாததுபோல் இருத்தல்.,Feigning ignorance; acting dumb or innocent,பைய ரொம்பொவு கொரத்தனொ புடிச்சி தாற.,,human_behavior,,np,
1950,கொரவளி,கொரவளை,koravaḷi,koravaḷai,குரல்வளை.,Windpipe; vocal cords / throat,"தொண்டை, கொரவளிய புடிச்சு அமுத்திபுட்டா மூச்சே வாங்க முடியல.",,body_health,,np | od,
1951,கொருப்பு,,koruppu,,நெருப்புத் துண்டு.,Glowing ember or burning coal in the hearth,அடுப்புல கொருப்புக் கெடக்குது. ஊதுனாப் புடுச்சுக்கும்.,பெயர்ச்சொல்,home_household,,pm,
1952,கொல்லப்பக்கம்,,kollappakkam,,வீட்டின் பின்புறம்.,Backyard; rear garden or ground behind the house,கொல்லப்பக்காம் பாரு.,,place_direction | home_household,,np,
1953,கொல,,kola,,வயிறு.,Belly; stomach (hungering belly),கொழந்தைக்கிக் கொல காயுது.,பெயர்ச்சொல்,body_health,,pm,
1954,கொலகை,,kolakai,,குலவை சத்தமிடல்.,Ululation; cheering trill made with tongue during auspicious occasions,எல்லாருங் கொலகெ போடுங்கொ.,,speech_phrase | festival_religion,,np,
1955,கொலகை போடுதல்,,kolakai pōṭutal,,மாட்டுப் பொங்கலன்று பட்டியில் மாட்டுக்கு உணவு ஊட்ட செல்லும்பொழுது சத்தமிடல்.,Auspicious tongue ululation made while carrying feed to cattle on Mattu Pongal,,,festival_religion | farming_livestock,,np,
1956,கொலதெய்வம்,,kolateyvam,,குலதெய்வம்.,Clan tutelary deity (Kula deivam),நேத்து எங்க கொலதெய்வொ கோயிலுக்கு போயிட்டு வந்தொ.,,festival_religion,,np,
1957,கொலபட்டினி,,kolapaṭṭiṉi,,மிகுந்த பசியுடன் இருத்தல்.,Extreme starvation; ravenous acute hunger,ரெண்டு நாளா கொல பட்டினியா இருக்குற.,,food_cooking | body_health,,np,
1958,கொலம்,,kolam,,குலம். ஒவ்வொரு சாதியினருக்கும் உள்ள உட்பிரிவு.,Clan lineage (kulam); sub-caste sept among Kongu Vellalar,நாங்க முழுக்காது கொலத்துக் காரங்க.,,kinship | festival_religion,,np,
1959,கொலுவு,,koluvu,,ஏர் முனை | கூரான ஆயுதம்,Pointed iron plowshare | Sharp weapon,,,farming_livestock,,od,
1960,கொலையறது,,kolaiyaṟatu,,கொஞ்சி குலாவுதல்.,Sweet-talking cajolery; fond cuddling and fawning,இந்தக் கொலையற வேலயெல்லா எங்கிட்ட வேணா.,,human_behavior | speech_phrase,,np,
1961,கொழந்தெ,,koḻante,,குழந்தைகள்.,Children; young child,உங்குளுக்கு எத்தெனெ கொழந்தீகெ.,,kinship | human_behavior,,np,
1962,கொழா,,koḻā,,மாடுகளின் பெண்குறியில் வடியும் ஒருவிதக் கெட்டியான (பசை போன்ற) நீர்.,Thick viscous vaginal mucus discharged by livestock during estrus or heat,ஆடுகொழா அடிச்சுக்கிட்டுக் கெடக்குது.,பெயர்ச்சொல்,farming_livestock | nature_animals,,pm,
1963,கொழி,,koḻi,,கையால் மணல் போன்றவற்றைச் சலித்தல்.(1) | அரிசியிலிருந்த குறுணையைப் பிரித்தெடுத்தல்.(2),Sieving sand by hand | Separating broken rice grits from husks,கொழிச்சு எடுத்துரு. தூள் மணலா வரும். | கொழிச்செடுத்தா குறுண அரப்படி ஆவும்.,வினைச்சொல்,food_cooking | action_verbs,,pm,
1964,கொழிமாங்கல்,,koḻimāṅkal,,உடைத்துச் சலிக்கும் அளவு மாவுத் தன்மை கொண்ட கல்.,Soft chalky stone that crumbles easily into powder,கொழி மாங்கல்லாப் பாத்து எடுத்தா,பெயர்ச்சொல்,nature_animals,,pm,
1965,கொழு,கொலவு,koḻu,kolavu,ஏர்மனை | இரும்பாலான ஏர்முனை,Iron plowshare blade fitted to the wooden plow,,,farming_livestock,,od,
1966,கொழுக்கட்டைப் புல்,கொழக்கட்டெபில்லு,koḻukkaṭṭaip pul,koḻakkaṭṭepillu,ஒரு வகைப் புல்.,"Buffel grass (Cenchrus ciliaris) cultivated for fodder | Kolukkattai grass (Cenchrus ciliaris), a premier drought-tolerant pasture grass",கொழக்கட்டைப் புல்லு நெறைய வளர்ந்திருக்குது. | கொழக்கட்டப் பில்லு புடுங்கியாறோனு.,பெயர்ச்சொல்,farming_livestock | nature_animals,,pm | np,
1967,கொழுந்தனாரு,கொழுந்தனார் | கொழுந்தெ,koḻuntaṉāru,koḻuntaṉār | koḻunte,கணவரின் தம்பி | கணவனின் தம்பி | கணவரின் தம்பி.,Husband's younger brother (brother-in-law),உங்க கொழுந்தனாரு இருக்கறாரா. | உங்க கொழுந்தனாரு எங்க போனாரு.,பெயர்ச்சொல்,kinship,,od | pm | np,
1968,கொழுந்தியா,கொழுந்தியாள்,koḻuntiyā,koḻuntiyāḷ,கணவனின் தங்கை | மனைவியின் தங்கை | மனைவியின் தங்கை. | கணவரின் தங்கை.,Wife's younger sister / husband's younger sister (sister-in-law),கொழுந்தியா இருக்கற ஊடாப் பாத்துக் கலியாணம் பண்ணோனும். | கொழுந்தியா வட்டுக்குப் போன.,பெயர்ச்சொல்,kinship,,od | np | pm,
1969,கொழுந்து,,koḻuntu,,செடியில் தழையும் போது முன்னால் இருக்கும் பகுதி.,Tender terminal fresh shoot or bud of a plant,செடி நல்லா கொழுந்து உட்டுருச்சு.,,nature_animals | farming_livestock,,np,
1970,கொழுவு,,koḻuvu,,கலப்பையில் செருகப்பட்டு இருக்கும் கூர்மையான இரும்புப் பட்டை.,Sharp tapered iron blade or share of a traditional wooden plow,கொழுவு தேஞ்சு போச்சு உழவு நல்லாவே வுழலை.,,farming_livestock,,np,
1971,கொள்ளாது,,koḷḷātu,,பிடிக்காது. பத்தாது.,Will not hold; cannot accommodate; insufficient capacity,இத்தன சோத்தப் போட்டு வெச்சிருக்கெ என்ற வவுறு கொள்ளாது.,,measure_units | speech_phrase,,np,
1972,கொள்ளிக்கண்ணு,,koḷḷikkaṇṇu,,பார்வையில் தீ பற்றி எரிதல்.,Baleful stare; sinister envious evil eye,அவங்கண்ணு கொள்ளிக் கண்ணு.,,human_behavior | festival_religion,,np,
1973,கொள்ளுப் பட்டாசு,,koḷḷup paṭṭācu,,"தனித்தனியாகச் சிறுபொட்டுப்போல இருக்கும், குழந்தைகள் வெடிக்கும் பட்டாசு.",cap cracker,கொழந்தைங்களுக்கு கொள்ளுப்பட்டாசு வாங்கிக் குடுத்தாப் போதும்.,பெயர்ச்சொல்,festival_religion | home_household,,pm,
1974,கொள்ளுப்பருப்பு,கொள்ளு ரசம்,koḷḷupparuppu,koḷḷu racam,"கொள் பயிரை வைத்து செய்யப்படும் துவையல், ரசம்",Horse gram chutney / spicy lentil broth prepared with horse gram,,,food_cooking,,od,
1975,கொள்ளுப்புடி,,koḷḷuppuṭi,,கொச்சகம் செய்யப்பட்ட உணவு. (தொக்கு). | கொள்ளால் செய்யப்பட்ட (உணவில் கலந்து உண்ணும்) பொருள்.,Coarse spice powder or thokku made from roasted horse gram,கொள்ளுப் புடி போட்டுச் சாப்புடு. | கொஞ்சம் கொள்ளுப்புடி போடு.,பெயர்ச்சொல்,food_cooking,,np | pm,
1976,கொள்ளேநாளு,,koḷḷēnāḷu,,அதிகநாள்.,Countless days; a very long period of time,இந்த அகராதி தொகுக்க கொள்ளே நாளு ஆகிப்போச்சு.,,time_seasons | speech_phrase,,np,
1977,கொள்ளை போனா வெ,,koḷḷai pōṉā ve,,திட்டும் வார்த்தை.,Scolding curse: 'you who should be ruined / carried off',கொள்ளைலெ போனவெ எங்கப் போய்த் தொலஞ்சான்னு தெரீலெ.,,human_behavior | speech_phrase,,np,
1978,கொளக்கி,,koḷakki,,மண்வெட்டியின் கைப்பிடி நெகிழ்ந்து விடாதபடி இறுக்கிப் பிடிக்கும் இரண்டு இரும்பு வளையங்கள்.,Iron rings or ferrules clamping the wooden handle of a spade or mattock,,,farming_livestock | home_household,,np,
1979,கொளச்சி,,koḷacci,,மண்வெட்டியின் மரக்காம்பைச் சுற்றியுள்ள இரும்புப்பூண்.,Iron socket sleeve or collar on spade handle,மமட்டிக் கொளச்சி பெரிசா இருக்குது.,பெயர்ச்சொல்,farming_livestock | home_household,,pm,
1980,கொளப்படி,,koḷappaṭi,,குளறுபடி. குழப்பம்.,Muddle; disarray; blundering confusion,எந்த வேலயக் குடுத்தாலு கொளப்படி பண்றீயே.,,human_behavior | speech_phrase,,np,
1981,கொளம்முறிக்கறது,,koḷammuṟikkaṟatu,,மாட்டுப் பொங்கலன்று தோட்டங்களில் வழிபாடு செய்வதற்காக சிறு குளம் அமைப்பர். வழிபாடு முடிந்தபின் இளம் கன்றினை விட்டு அதனை மிதிக்க விடுவர்.,Mattu Pongal ritual of creating a mini pond in orchard and having calves trample it,,,festival_religion | farming_livestock,,np,
1982,கொளமாத்து,,koḷamāttu,,தில்லுமுல்லு.,Fraudulent duplicity; sneaky double-dealing,உன்ற கொளமாத்து வேலையெல்லா எனக்குத் தெரியாதாக்கு.,,human_behavior,,np,
1983,கொளாம்பு,,koḷāmpu,,மாட்டுக்காலின் அடிப்பகுதியில் இருக்கும் கெட்டியான தோல். இதில் மாடுகளுக்கு லாடம் கட்டுவர்.,Hard keratin hoof of cattle where horseshoes are nailed,மாட்டுக்கு கொளாம்பு செதுக்கி உடணும்.,,farming_livestock | body_health,,np,
1984,கொளுஞ்சி,,koḷuñci,,வயல்களுக்கு உரமாக பயன்படும் களைச்செடி. | உழவில் அடிக்கும் (தழை உரமாகும்) களைச் செடி.,Wild indigo plant (Tephrosia purpurea) plowed into fields as green manure,நாலு வண்டி கொளுஞ்சிய கொண்டாந்து காட்டுக்குப் போடோணும். | கொளுஞ்சி ஒரு கத்தையாவுமாட்டம் கெடக்குது.,பெயர்ச்சொல்,farming_livestock | nature_animals,,np | pm,
1985,கொளுஞ்சித்தும்பி,,koḷuñcittumpi,,கொளுஞ்சி என்னும் களையில் இருக்கும் (பொன் வண்டு போன்ற) சிவப்பு நிறத்தில் புள்ளிகளை உடைய சிறு வண்டு.,Spotted red blister beetle / jewel beetle found on kolunji weeds,கொளுஞ்சித்தும்பி பறக்குது பாரு.,பெயர்ச்சொல்,nature_animals,,pm,
1986,கொளுவு,,koḷuvu,,கலப்பையில் நிலத்தைப் பிளந்து செல்லும் இரும்பாலான பகுதி.,Iron coulter or share blade cutting through soil in a plow,கலப்பக் கொளுவுல இருக்கற மண்ணத் தள்ளிவுடுடா.,பெயர்ச்சொல்,farming_livestock,,pm,
1987,கொளைக்காதெ,,koḷaikkāte,,சந்தோசத்தில் துள்ளுதல்.,Do not jump and dance around in overexcited glee,ரொம்பச் கொளைக்காதெ.,,speech_phrase | human_behavior,,np,
1988,கொற,கொறை,koṟa,koṟai,குறைந்த.(1) | தரிசு நிலம் (பயன்படுத்தாத நிலம்).(2) | தரிசு நிலம் | பயன் படுத்தப்படாத பூமி | கொங்கு பகுதியில் உள்ள பாரம்பரியமான உலர் மேய்ச்சல் நில அமைப்பு | பயிர் செய்யாமல் போட்டு இறுகிப் போன (மேய்ச்சலுக்கு உதவும்) நிலம். | தகராறின் காரணமாகப் பயன்படுத்தாமல் போட்டு வைத்திருக்கும் நிலம்.,Deficient; lacking | Fallow uncultivated pastureland (korangadu),இதுமட்டுந்தெ கொறையாப் போச்சு. | கொறங்காட்டுல பில்லு நெறையாக் கெடக்குது. | அந்தக் கொறை ஆருது?,,measure_units | farming_livestock,,np | od | pm,
1989,கொறக்குளி,கொறைக்கடை,koṟakkuḷi,koṟaikkaṭai,நீட்ட முடியாமல் மடக்கிய நிலையிலேயே வைத்திருக்கும்படி விரலில் ஏற்படும் வலி. | காண்க: கொறக்குளி.,Severe cramping spasm in finger causing inability to straighten it,புடுச்சுக்கிச்சு. நீட்டவே முடியல.,பெயர்ச்சொல்,body_health,,pm,
1990,கொறக்கூடை,,koṟakkūṭai,,தானியங்கள் அள்ளப் பயன்படும் சிறு கூடை. | (தானியம் போன்றவை அள்ளுவதற்கான) அளவான கூடை.,Medium-sized grain basket used for scooping and measuring sorghum or millet,கொறக் கூடைய எடுத்தா சோளொ அள்ள. | கொறக்கூடையில கம்பு அள்ளிக்கிட்டுவா.,பெயர்ச்சொல்,measure_units | farming_livestock,,np | pm,
1991,கொறச்சலு,,koṟaccalu,,குறைச்சல்.,Shortage; deficiency; lacking,திங்கறதுக்கு மட்டு ஒண்ணு கொறச்சலு இல்ல.,,measure_units | speech_phrase,,np,
1992,கொறத்திக் குஞ்சு,,koṟattik kuñcu,,இளம் தவளை,Tadpole in water bodies (frequently mistaken for small fish by children),நீர் நிலைகளில் கிட்டத்தட்ட மீன் குஞ்சு போல் இருக்கும். எளிதில் சிக்கிவிடுமாகையால் சிறுவர்கள் இதனைப்பிடித்து வைத்து மீன் என்று சொல்லிக் கொண்டிருப்பார்கள் (தலைப்பிரட்டை),,nature_animals,,od,
1993,கொறாத்துக் கிடு(தல்),,koṟāttuk kiṭu(tal),,"கோழி, ஆடு போன்றவை மேயாமல் (நோயால்) குறுகி ஒருபுறமாக நிற்றல்.","Drooping, huddled sick posture of fowl or goats shivering in illness",கோழி ஏனோ கொறத்துக்கிடுச்சு. என்னன்னு பாரு.,வினைச்சொல்,farming_livestock | body_health,,pm,
1994,கொறை ஒழவு,,koṟai oḻavu,,உழாமல் கெட்டித்துப் போன நிலத்தில் செய்யும் உழவு.,First tough plowing of hard unbroken fallow ground,கொறை ஒழவு போட்டு வெச்சிருக்கறம்.,பெயர்ச்சொல்,farming_livestock,,pm,
1995,கொறைசேறு,,koṟaicēṟu,,முதல் நாள் நடவு முடிந்தபின் அடுத்த முழுநாள் நடவுக்குப் போதாத அளவு சேற்றுப் பகுதி உள்ள வயல்.,Unfinished small mud section of paddy field left over from previous day's planting,இன்னிக்கிக் கொஞ்ச நேரத்துல ஆயிடும். கொறசேறுதான.,பெயர்ச்சொல்,farming_livestock,,pm,
1996,கொன்னவாக் குருவி,,koṉṉavāk kuruvi,,வாயின் ஓரம் லேசாக வெளுத்திருக்கும் ஒரு வகைக் குருவி.,Pale-beaked flowerpecker or weaver bird with whitish bill borders,கொன்னவாக் குருவீங்க போடற சத்தம் காதடைக்குது.,பெயர்ச்சொல்,nature_animals,,pm,
1997,கொன்னவாயி,கொன்னவாய்,koṉṉavāyi,koṉṉavāy,திக்குவாய்.,Stammerer; person with a stutter,அவனுக்குக் கொஞ்சம் கொன்ன வாய். | பையெ கொன்னவாயி போலத் தொது.,பெயர்ச்சொல்,body_health | speech_phrase,,pm | np,
1998,கொன்னி,,koṉṉi,,திக்கி,Stammering / stuttering,,,body_health,,od,
1999,கொன்னிகொன்னி பேசறது,,koṉṉikoṉṉi pēcaṟatu,,திக்கித் திக்கி பேசுதல்.,Speaking with a repetitive stutter or stammer,கொன்னவாயம்போலத் தொது திக்கித் திக்கிப் பேசுதப் பாரு.,,speech_phrase | body_health,,np,
2000,கொன,,koṉa,,நுனி.,Tip; sharp apex or pointed end,கொன நல்ல கூரா இருக்குது,பெயர்ச்சொல்,place_direction,,pm,
2001,கொனெ,,koṉe,,முனை.,Point; edge; corner tip,கொனெயிலெ நிக்காத.,,place_direction,,np,
2002,கொனை(த்தல்),,koṉai(ttal),,உற்சாகத்தில் துள்ளுதல்.,Frolicking or leaping in excitement,எல்லாக் கொக்கும் கொனக்கதுன்னு குருட்டுக் கொக்கும் கொனச்சுதாம். (பழமொழி),வினைச்சொல்,action_verbs | human_behavior,,pm,
2003,கோக்கலிப் பலகை,கோக்காலிப் பலகை,kōkkalip palakai,kōkkālip palakai,சுவரில் சிறிது உயரத்தில் பொருட்கள் வைப்பதற்காகப் பொருத்தப்படும் பலகை. | கொஞ்சம் உயரமாக பொருட்களை வைக்க சுவரில் பொருத்தப்படும் பலகை.,High wall-mounted wooden shelf or ledge to store utensils safely,போவுனிய கோக்காலிப் பலவ மேல கமுத்து. | கோக்கலிப் பலகை மேல பாரு குண்டான இருக்குது.,பெயர்ச்சொல்,home_household,,np | pm,
2004,கோச்செ,,kōcce,,தோற்றுவிட்ட சேவலை வெற்றி பெற்ற சேவலின் உரிமையாளர் சேவல் சண்டையில் எடுத்துக் கொள்வார். தோல்வியுற்ற சேவலுக்கு கோச்செ என்று பெயர்.,"The defeated rooster in a traditional cockfight, forfeited to victor",,,human_behavior | nature_animals,,np,
2005,கோச்செக்கறி,,kōccekkaṟi,,தோற்ற சேவல் கறி.,Meat of the cockfight rooster surrendered by the loser,கோச்செக் கறி நல்லா இருக்குது.,,food_cooking | festival_religion,,np,
2006,கோசக்காய்,கோசாப்பழம்,kōcakkāy,kōcāppaḻam,தர்பூசணி | தர்ப்பூசணிக்காய்.,Watermelon (Citrullus lanatus),வெய்யிலுக்குக் கோசக்கா நல்லது.,பெயர்ச்சொல்,food_cooking | nature_animals,,od | pm,
2007,கோசு,,kōcu,,சிறிய சண்டை,Petty squabble; minor scuffle or spat,,,human_behavior,,od,
2008,கோட்டடுப்பு,,kōṭṭaṭuppu,,அடுப்பின் மறுபகுதி.,Secondary side burner of traditional earthen hearth for heating water,கோட்டடுப்புல பாரு வெந்நீர் வெச்சுருக்குது.,,home_household | food_cooking,,np,
2009,கோட்டெ,கோட்டை,kōṭṭe,kōṭṭai,"பனை ஓலையில் சிறு கிண்ணம் போல் செய்து கூழ் குடிக்கப் பயன்படுத்துவது. | கள், பதநீர் ஆகியவற்றை ஊற்றிக் குடிக்கும் வகையில் பனை ஓலையில் செய்யப்பட்ட பொருள்.","Folded palmyra leaf cup used for drinking toddy, padaneer, or porridge",மரத்தடியில் கோட்ட கெடக்கும் எடுத்தா.,,home_household | food_cooking,,np | pm,
2010,கோட்டேரு,,kōṭṭēru,,உழவு முடித்துவிட்டு வீட்டுக்குத் திரும்பும் போது கலப்பையை சாய்த்து ஏரில் கட்டி இழுத்து வருதல்.,Tilted plow tied behind bullocks when dragging it home from fields,கோட்டேரு கட்டிக்கிட்டு வாறாங்க பாரு.,,farming_livestock,,np,
2011,கோடாலி,,kōṭāli,,மரம் வெட்டப் பயன்படும் ஆயுதம்.,Woodcutting axe,கோடாலிய எடுத்தா இந்த மரத்த வெட்டலா.,,home_household | farming_livestock,,np,
2012,கோடாலிக் கொண்டை,கோடாலி கொண்டை,kōṭālik koṇṭai,kōṭāli koṇṭai,ஒருபுறமாகச் சாய்த்துப்போட்டுக் கொள்ளும் கொண்டை.,Asymmetrical hair bun tilted to one side,கோடாலிக் கொண்ட போட்டுக்கிட்டுப் போறா,பெயர்ச்சொல்,dress_accessories,,od | pm,
2013,கோடி,,kōṭi,,ஈமச்சீர் | நீரில் நனையாத துணி/பதுத்துணி | இறந்தவர்களுக்கு அவரது உறவினர்கள் எடுத்துக் கொண்டு வந்து போடும் புதுத்துணி.,Funeral cloth shroud presented by relatives for the deceased,எங்க பாட்டஞ்செத்தப்ப பதினஞ்சு கோடி வந்துச்சு.,பெயர்ச்சொல்,festival_religion | kinship,,od | pm,
2014,கோடி போடுதல்,,kōṭi pōṭutal,,இறந்தவர்களுக்கு செய்யும் சடங்கு.,Funeral ritual of laying new ceremonial cloths over the body of deceased,கோடி போடறவங்க முன்னால வாங்க.,,festival_religion | kinship,,np,
2015,கோடித்துணி,,kōṭittuṇi,,புதுத்துணி.,Brand-new unwashed cloth / funeral shroud,கோடித்துணிய நனைக்காத கட்டக் கூடாதுடா.,பெயர்ச்சொல்,dress_accessories | festival_religion,,pm,
2016,கோடு,,kōṭu,,பக்கம் உயர்ந்த அடுப்பு | கற்களைக் கூட்டிப் பிரித்து எண்ணிப் பார்க்கும் ஒரு வகை ஜோசியம்.(1) | கடைசி.(2),Raised stove ledge | Divination by counting grouped pebbles | End or side edge,அந்தக் கோட்டிலே உட்கார் | அந்தண்ணன் கோடு பாத்துச் சொல்லுவாரு. | அந்தக் கோட்டுல நிக்கறாம் பாரு.,பெயர்ச்சொல்,home_household | festival_religion | place_direction,"பழைமைச்சான்று | ""கோடுயர் அடுப்பு"" ""பக்கம் உயர்ந்த அடுப்பு"" (புறநானூறு 164)",od | pm,
2017,கோணங்கித்தனம்,,kōṇaṅkittaṉam,,முட்டாள்தனமான செயல்.,Buffoonery; ridiculous or foolish antics,,,human_behavior,,np,
2018,கோணெ,கோனை,kōṇe,kōṉai,வளைவு.,Bend; curve or crookedness in a pathway | Meandering bend or crooked curve in a path,தடமென்ன இவ்வளவு கோணெயா இருக்கு. | தடம் நேராவே இல்ல. கோன கோனயாப் போவுது.,,place_direction,,np | pm,
2019,கோணெ மாளெயா,,kōṇe māḷeyā,,கோணெ. காண்க.,Crooked and zigzag; twisting without straightness,,,place_direction | speech_phrase,,np,
2020,கோத்துப் போடு(தல்),,kōttup pōṭu(tal),,கறியை நூலில் கோர்த்துக் காய வைத்தல்.,Threading pieces of meat onto strings to sun-dry (uppukandam),கறிய கோத்துப் போட்டுக்கிட்டுத்திங்கறான்டா.,வினைச்சொல்,food_cooking | action_verbs,,pm,
2021,கோதானம்,,kōtāṉam,,மாட்டு வண்டியில் குப்பை முதலியவை கொண்டு செல்ல ஏற்ற வகையில் கூடை போலப் பின்னப்பட்ட (நீண்ட அரை உருளை வடிவிலான) சாதனம்.,Large semicircular woven wicker hamper fitted onto a bullock cart to haul manure,கோதானத்த வண்டீல போடு. மண்ணள்ளப் போவோனும்.,பெயர்ச்சொல்,farming_livestock | home_household,,pm,
2022,கோது,,kōtu,,சீவு. | புளியில் இருக்கும் நார்ப்பகுதி.,Removing fibrous veins from tamarind pulp | Raking or clearing irrigation ditch,வாய்க்கால கோதி உடு. | புளில் இன்னம் கோது எடுக்கலியா?,வினைச்சொல்,food_cooking | action_verbs,Additional word types: பெயர்ச்சொல்,pm,
2023,கோதும்பி,,kōtumpi,,மிகுந்த விஷமுடைய பின்புறம் மஞ்சள் நிறமுடைய கருவண்டு. | கடித்தால் மனிதர் இறந்துவிடுமளவு மிகுந்த விஷம்கொண்ட பின்பக்கம் மஞ்சள் நிறமுடைய கருவண்டு.,Highly venomous black hornet / wasp with yellow abdominal band,கோதும்பி கடிச்சுரப் போவுது. வெசொ அதிகமா இருக்கு. | கோதும்பிகடிச்சா செத்தே போயிருவாங்க.,பெயர்ச்சொல்,nature_animals,,np | pm,
2024,கோதும்பிச்சரம்,,kōtumpiccaram,,கழுத்தில் அணியும் அணிகலன்.,Traditional gold bead necklace designed after wasp motifs,அந்தக் கோதும்பிச்சரம் புதுசா.,பெயர்ச்சொல்,dress_accessories,,pm,
2025,கோந்தாளெ,கோந்தாளை,kōntāḷe,kōntāḷai,நுனிக்கரும்பு. | கரும்பின் நுனிப்பகுதி.,Tender top leafy crown of sugarcane stalk,கோந்தாளய வெட்டி எறிஞ்சிடு. | ஒரே கோந்தாளெயா இருக்குது.,பெயர்ச்சொல்,farming_livestock | nature_animals,,np | pm,
2026,கோந்து,,kōntu,,பசை.,Gum; adhesive paste,கோந்த எடுத்து நல்லா ஒட்டு.,,home_household,,np,
2027,கோப்பு,,kōppu,,அறிகுறி. சூழ்நிலை.,Sign; weather omen or circumstantial indicator of imminent rain,இன்னிக்கி மழவர்ற கோப்பு தொது.,,nature_animals | time_seasons,,np,
2028,கோபுரப் பூடு,,kōpurap pūṭu,,சிறு கோபுரம் போன்ற வடிவுடைய பூண்டு.,Tower-shaped wild herb / weed,கோபுரப்பூட்ட வெட்டி எறி.,பெயர்ச்சொல்,nature_animals,,pm,
2029,கோம்பு,,kōmpu,,"சுரை, பூசணி முதலிய காய்களின் காம்பு.","Stem stalk of gourds, pumpkins, or bottle gourds",சொரக்காய்க்குக் கோம்ப அரிஞ்சு வெச்சிரு. அப்பத்தான் முத்தாது.,பெயர்ச்சொல்,nature_animals | food_cooking,,pm,
2030,கோம்பை,,kōmpai,,மாட்டு மல்.,Cow dung wash; liquid slurry of cow dung sprinkled on floors,கொஞ்சம் கோம்பை புடிச்சாந்து தொளிக்கோனும்.,பெயர்ச்சொல்,home_household | farming_livestock,,pm,
2031,கோம்பை நாய்,,kōmpai nāy,,உயரமான கால்கள் உடைய ஒருவகை நாய்.,Combai hound; hardy native hound breed of Tamil Nadu,கோம்ப நாய் எங்கூட்ல இருக்குது.,பெயர்ச்சொல்,nature_animals,,pm,
2032,கோம்பைச் சுவர்,கோம்பச்செவரு,kōmpaic cuvar,kōmpaccevaru,வீட்டின் அகலப் பகுதியில் முக்கோண வடிவில் வைக்கும் சுவர். | வீட்டின் இரு பக்கத்தில் கூம்பு வடிவில் உயரமாக அமைத்துள்ள சுவர்.,Triangular gable wall built at the narrow side of pitched roof house,கோம்பச் செவுத்துக்குச் சுண்ணாம்பு பூசு. | கோம்பச் செவுத்துக்கு சுண்ணாம்பு அடிச்சுரு.,பெயர்ச்சொல்,home_household,,np | pm,
2033,கோமணம்,,kōmaṇam,,கோவணம்.,Traditional cotton loincloth (kovanam),அந்தக் காலத்துலெ எல்லாருங் கோமணங் கட்டிகிட்டு திரிஞ்சாங்கெ.,,dress_accessories,,np,
2034,கோமியம்,,kōmiyam,,மாட்டுச் சிறுநீர்.,Cow urine used in ritual purification ceremonies,மாட்டுக்கோமியம் புடிச்சாந்து வீட்டுக்கு தெளிக்கோணும்.,,festival_religion | farming_livestock,,np,
2035,கோயக்கீரை,,kōyakkīrai,,கீரை வகைகளில் ஒன்று.,Edible wild greens variety (Glinus oppositifolius),கோயக்கீரை பொறிச்சாந்திருக்கறான்.,பெயர்ச்சொல்,food_cooking | nature_animals,,pm,
2036,கோயல்,,kōyal,,கோவில்,Temple; shrine,,,festival_religion,,od,
2037,கோயிலில் விழு(தல்),,kōyilil viḻu(tal),,திருட்டுப் போன பொருளுக்காகவோ பிற காரணங்களுக்காகவோ கோயில் வாசலில் விழுந்து முறையீடு செய்தல் (சம்பந்தப்பட்டவர்களைத் தெய்வம் கொன்றுவிடும் என்று நம்பிக்கை).,Prostrating before temple altar invoking divine retribution against thieves,அவ போயி கோயில்ல உழுந்திட்டா.,வினைச்சொல்,festival_religion | human_behavior,,pm,
2038,கோயெக்கெணுறு,,kōyekkeṇuṟu,,கோயிலில் இருக்கும் கிணறு.,Temple well holding sacred consecrated water,கோயெக்கெணுத்துலெ போயி தண்ணி கொண்டா.,,festival_religion | place_direction,,np,
2039,கோரப்பாய்,,kōrappāy,,கோரைப்புல்லினால் செய்யப்படும் பாய்.,Reed mat woven from river sedge grass (Cyperus corymbosus),கோரப் பாயெ எடுத்து விரிச்சு தூங்கலா.,,home_household,,np,
2040,கோரி,,kōri,,"மூடுபனி. | மூடுபனி, மேகமூட்டம்.",Dense fog; misty overcast haze,ஒரே கோரி மூட்டமா இருக்குது. | இன்னிக்கி ஒரே கோரியா இருக்குது.,பெயர்ச்சொல்,nature_animals | time_seasons,,np | pm,
2041,கோரை,,kōrai,,சிறு கிழங்கு இருக்கும் ஒருவகைப் புல்.,"Nutgrass (Cyperus rotundus), an invasive rhizomatous weed",கோரை ஏறிப்போச்சு.,பெயர்ச்சொல்,nature_animals | farming_livestock,,pm,
2042,கோரைக்கிழங்கு,,kōraikkiḻaṅku,,கோரைப் புல்லில் காணப்படும் சிறு கிழங்கு.,Tuberous medicinal rhizome of nutgrass (Cyperus),கோரைகிழங்கு புடுங்குனாத் திங்கலாம்.,பெயர்ச்சொல்,nature_animals | body_health,,pm,
2043,கோவக்காய்,,kōvakkāy,,கசப்புச் சுவையுடையது.,Ivy gourd (Coccinia grandis),வேலியில பாரு கோவக்காயி செடி எப்பிடி படர்ந்திருக்குதுனு.,,food_cooking | nature_animals,,np,
2044,கோவக்காரெ,,kōvakkāre,,அதிகமாகக் கோபப்படுபவன்.,"Hot-tempered, irritable man",அவனொரு கோவக்காரெ அவங்கிட்ட வம்பு பண்ணாத.,,human_behavior,,np,
2045,கோவப்பழம்,,kōvappaḻam,,வேலியில் படர்ந்திருக்கும் கொடியில் இருக்கும் சிவப்பு நிறப்பழம்.,Ripe scarlet fruit of the ivy gourd vine,கோவப்பழத்த தின்னா கசக்கு.,,nature_animals | food_cooking,,np,
2046,கோவம்,,kōvam,,கோபம்.,Anger; rage,இவனுக்கென்ன இவ்ளோ கோவம் வருது.,,human_behavior,,np,
2047,கோவாழை,,kōvāḻai,,நீர்ப் பகுதியில் வளரும் (ஆகாயத் தாமரை போன்ற) களைத் தாவரம்.,Water hyacinth or fleshy wild aquatic weed choking channels,கோவாழநெறஞ்சி கெடக்குது.,பெயர்ச்சொல்,nature_animals,,pm,
2048,கோவுரம்,,kōvuram,,கோபுரம்.,Temple tower gateway (Gopuram),கோயில்லெ கோவுரம் பாரு எத்தாச்சோடு கட்டியிருக்காங்கனு.,,festival_religion | place_direction,,np,
2049,கோழயடிக்குது,,kōḻayaṭikkutu,,மாடு வயிற்றிலிருந்து வெளியேறும் ஒரு வகை திரவம். (பருவம் வந்த அறிகுறி).,Cow discharging clear estrous mucus showing heat for breeding,மாட்டுக்கு கோழயடிக்கிது காளை சேத்த கொண்டு போகோணு.,,farming_livestock,,np,
2050,கோழி கூப்புட,கோழி கூப்பிட | கோழி கூப்புடறப்பொ,kōḻi kūppuṭa,kōḻi kūppiṭa | kōḻi kūppuṭaṟappo,விடியற்காலை நேரம் | அதிகாலை நேரம் (சேவல் கூவும் அதிகாலை 4 மணி).,at cockcrow | earliest crack of dawn (around 4 AM when roosters crow),கோழி கூப்புடறப்பொ இருந்து தூக்கமே வர்ல.,,time_seasons,,od | np,
2051,கோழி முகூர்த்தம்,,kōḻi mukūrttam,,அதிகாலையில் சூரிய உதயத்திற்கு முன் நடைபெறும் திருமண நேரம்.,Auspicious pre-dawn wedding hour held before sunrise,,,festival_religion | time_seasons,,np,
2052,கோழிக் கூண்டு,,kōḻik kūṇṭu,,கோழிகளை அடைத்து வைக்கும் சிறு அறை. | ஓலை வேயப்பட்ட (குடிசை போன்ற) கோழி அடையும் கூண்டு.,Poultry coop / thatched hen shelter,கோழிக்கூண்டெ தொறந்து உட்றாதெ. | கோழிக்கூண்டுல பீசேந்து போச்சு. கூட்டோனும்.,பெயர்ச்சொல்,farming_livestock | home_household,,np | pm,
2053,கோழித்தூக்கம்,,kōḻittūkkam,,கண்ணை மூடி தூங்காமல் இருத்தல்.,"Catnap; light, alert dozing like a hen",கோழித் தூக்கம் போட்டே.,,body_health | human_behavior,,np,
2054,கோழை,,kōḻai,,"மாடு கன்று ஈன்றவுடன் கன்றின் மேலே ஒட்டியிருக்கும் ஈரப்பசை. | பிறந்த குட்டி, கன்றுகளின் மேலிருக்கும் பசை போன்ற பொருள்.(1) | கரும்புப் பாகு காய்ச்சுகையில் மேல் மிதக்கும் கழிவுப் பொருள்.(2)",Amniotic slime coating newborn calf | Scum skimmed from boiling sugarcane juice,மாடு பாரு கோழைய நக்குது. | கோழய நக்கினாத்தான குட்டி எந்திரிக்கும். | கோழய அள்ளி எறி.,பெயர்ச்சொல்,farming_livestock | food_cooking,,np | pm,
2055,கோளாறு,,kōḷāṟu,,செயலை எளிமையாகச் செய்யும் வழி.,Knack; clever method or practical technique to accomplish work,எதாச்சும் நல்ல கோளாறாச் சொல்லு.,பெயர்ச்சொல்,human_behavior | speech_phrase,,pm,
2056,கோளை,,kōḷai,,கரும்பை பிழிந்து சாற்றை காய்ச்சும்போது சேரும் கழிவு.,Clarification scum / froth skimmed off boiling sugarcane juice,,,food_cooking | farming_livestock,,np,
2057,கோனக்கிளி,,kōṉakkiḷi,,குழந்தைகள் சிணுங்கலோடு கொள்ளும் கோபம்.,Petulant sulking of young children; childish pouting fit,அவன் கோனக்கிளி போட்டுக்கிட்டான்.,பெயர்ச்சொல்,human_behavior,,pm,
2058,கோனப்புளிய மரம்,,kōṉappuḷiya maram,,கொடுக்காப்புளி எனப்படும் மரம்.,Manila tamarind tree (Pithecellobium dulce / kodukkapuli),கோனப்புளிய மரத்துல காய் நெறைய இருக்குது.,பெயர்ச்சொல்,nature_animals | food_cooking,,pm,
2059,கோனவாக்கு,,kōṉavākku,,தலையின் பக்கவாட்டில் எடுக்கும் வகிடு.,Side hair parting combed on one side of head,கோனவாக்கு எடுத்துத்தல சீவு.,பெயர்ச்சொல்,dress_accessories,,pm,
2060,கோனா,,kōṉā,,எருமைக்கிடா.,Breeding bull buffalo,எருமக்கிக் கோனா சேத்திக்கிட்டு வா.,பெயர்ச்சொல்,farming_livestock | nature_animals,,pm,
2061,கோனூசி,,kōṉūci,,சாக்குப்பை தைக்கப் பயன்படும் பெரிய தடித்த வளைந்த ஊசி.,Large curved sack-stitching needle,கோனூசியில நூல் கோர்த்து மூட்டையத் தையி.,பெயர்ச்சொல்,home_household | farming_livestock,,od,
2062,கௌனி,,kauṉi,,இளஞ்சிவப்பு நிற இளநீர்.,Orange or pink-skinned sweet tender coconut variety,தென்னமரத்துலருந்து கௌனிய புடுங்கிப் போடோனு.,,food_cooking | nature_animals,,np,
2063,ங்கம்மா,,ṅkammā,,என் அம்மா.,My mother (dialectal for enga amma),ங்கம்மா எங்கியோ போயிருச்சு.,,kinship,,np,
2064,ங்கொ,,ṅko,,"மரியாதையாக அழைக்கும் சொல். கொங்கு நாட்டை உலகிற்கு உணர்த்தும் பேச்சுவழக்கில் மரியாதைக்குரிய சொல், இது.",Polite respectful honorific address marker iconic to Kongu Tamil,,,speech_phrase,,np,
2065,ங்கொக்கா,,ṅkokkā,,உங்கள் அக்கா.,Your elder sister (ungal akka),ங்கொக்கா பள்ளிக்கோடொம் போகுதுபோ.,,kinship,,np,
2066,ங்கொண்ணன்,,ṅkoṇṇaṉ,,உங்கள் அண்ணன்.,Your elder brother (ungal annan),ங்கொண்ணனெ நான் கேட்டென்னு சொல்லு.,,kinship,,np,
2067,ங்கொப்ப,ங்கொப்பொ,ṅkoppa,ṅkoppo,என் அப்பா. | உங்கள் அப்பா.,Your father (ungal appa) / my father,ங்கொப்ப ஊட்டுலெ இல்லெ.,,kinship,,np,
2068,ங்கொம்மா,,ṅkommā,,உங்கள் அம்மா.,Your mother (ungal amma),,,kinship,,np,
2069,ங்கொம்மிணி,,ṅkommiṇi,,உங்கள் தங்கை.,Your younger sister,,,kinship,,np,
2070,சக்கு,,cakku,,வண்டிச் சக்கரத்திற்கும் அச்சுக்கும் இடையில் இருக்கும் 'வாசர்' போன்ற பொருள்.,Axle washer or leather spacer inserted between cart wheel hub and axle pin,சக்குத் தேஞ்சு போச்சு. மாத்தோனும்.,பெயர்ச்சொல்,farming_livestock | home_household,,pm,
2071,சக்வாரெட்டு,,cakvāreṭṭu,,சிக்கலான சூழல்.,Intricate predicament; complicated entanglement,ஊட்டுல ஒரே சக்வாரெட்டா இருக்குது.,பெயர்ச்சொல்,human_behavior,,pm,
2072,சகலப்பாடி,,cakalappāṭi,,ஒரே வீட்டில் இருவர் பெண் எடுத்தல்.,Co-brothers (men married to sisters from the same family),அவரு எங்க சகலப்பாடியாக்கு.,,kinship,,np,
2073,சகவாசம்,,cakavācam,,"நட்பு, பழக்க வழக்கம்.",Friendship; social companionship; acquaintance,கண்டவங்கிட்டயெல்லா சகவாசம் வெச்சுக்காதெ.,,human_behavior,,np,
2074,சங்கட்டம்,,caṅkaṭṭam,,நோய் முற்றி உயிர் போகும் நிலையில் இருத்தல்.,Critical terminal illness; state of sinking on deathbed,அவுங்கப்பன் சங்கட்டமாக்கெடக்கறாரு. போய்ப் பாக்கப் போறம்.,பெயர்ச்சொல்,body_health,,pm,
2075,சங்கடை,,caṅkaṭai,,குழந்தைக்கு பால் கொடுக்கும் சங்கு | குழந்தைகளுக்கு பால் ஊட்டும் கிண்ணம். | குழந்தைக்குப் பால் வார்க்கும் சங்கு போன்ற பாத்திரம்.,Spouted feeding cup used for pouring milk into infants' mouths,சங்கடையிலெ கொழந்தக்கி பாலெ ஊத்து. | பிள்ளக்கி ரண்டு சங்கட பாலு எச்சா ஊத்து.,பெயர்ச்சொல்,food_cooking | home_household,,od | np | pm,
2076,சங்கமுள்,,caṅkamuḷ,,புதர்ச்செடியாக வேலிகளில் இருக்கும் முள் செடி.,Thorny hedge shrub (Azima tetracantha) growing along field boundaries,சங்க முள்ளு கையில் குத்திருச்சு.,பெயர்ச்சொல்,nature_animals | farming_livestock,,pm,
2077,சங்காத்தம்,,caṅkāttam,,உறவு.,Companionship; social ties or association,உங்கொ சங்காத்தமே வேண்டானுதானெ நா இங்கெ வந்தெ.,,human_behavior | kinship,,np,
2078,சங்காயம்,,caṅkāyam,,நெல்லை பிரித்தெடுக்கும் போது நெல்லும் கூளமும் கலந்து விழும் கலவை. | நெல் தூற்றுகையில் சிறிதளவு நல்ல நெல்லும் கூளமும் கலந்து விழும் பாளை (கருக்காய்).,Chaff mixed with light grains falling together during winnowing,நெல்லுல ஒரே சங்காயமா இருக்குது. | இதென்ன சங்காயம் இவ்வளவு சேந்திருக்குது.,பெயர்ச்சொல்,farming_livestock,,np | pm,
2079,சங்கிலி,,caṅkili,,கதவை நாதாங்கியில் மாட்ட உதவும் இரும்பு வளையம்.,Iron link or chain used to hook door latches,கதவச் சங்கிலி போட்டயா பாரு.,பெயர்ச்சொல்,home_household,,pm,
2080,சங்கு,,caṅku,,கழுத்து.,Throat; neck (windpipe),சங்க நெரிச்சுப் போடுவ.,,body_health,,np,
2081,சங்கு(தல்),,caṅku(tal),,வேலை செய்து களைத்தல்.,Getting worn out from nonstop hard labor; physical fatigue,நாள் முழுசுனாலும் சங்காத வேல செய்வான். | ஆள் சங்கீட்டான்.,வினைச்சொல்,body_health | human_behavior,,pm,
2082,சட்டம்,,caṭṭam,,மரச்சட்டம்.(1) | சட்டம்.(2),Wooden doorframe or cot frame beam | Law / rule,எங்கிட்டியே சட்டம் பேசறியா நீ.,,home_household | speech_phrase,,np,
2083,சட்டமாடு,,caṭṭamāṭu,,"இரண்டு, மூன்று நிறங்கள் கலந்திருக்கும் மாடு.",Tricolored or multicolored patterned draft ox,சட்ட மாட்ட புடிச்சுக் கட்டு. | சட்டமாட்டப் புடுச்சுக் கட்டு.,பெயர்ச்சொல்,farming_livestock,,np | pm,
2084,சட்டு,,caṭṭu,,கிணறு வெட்டும்போது நீர் இருப்பதை உறுதி செய்யும் மண். | கிணறு வெட்டும்போது நீர் இருப்பதை உறுதிப்படுத்தக் கிடைக்கும் மண்.,Wet indicator clay encountered when digging wells confirming water strike,சட்டு மண்ணு வந்துருச்சு இனி தண்ணி வந்துரும். | சட்டுக் கெடச்சிருச்சு. இன்னமே தண்ணி வந்திரும்.,பெயர்ச்சொல்,nature_animals | farming_livestock,,np | pm,
2085,சட்டுவச்சோறு,,caṭṭuvaccōṟu,,கொங்கு சடங்கு.,Traditional feast served using large ladles during Kongu lifecycle rites,,,festival_religion | food_cooking,,np,
2086,சட்டுவம்,,caṭṭuvam,,தோசை சுடும்போது திருப்பிப்போட உதவும் நீண்ட கைப்பிடி உள்ள தப்பை.,Long-handled flat metal spatula / turner for flipping dosas,சட்டுவத்த தொடாத சுட்டு வெச்சுரும்.,,home_household | food_cooking,,np,
2087,சட்டுனு,சட்டுபுட்டுனு,caṭṭuṉu,caṭṭupuṭṭuṉu,உடனே.,Instantly; at once | Promptly; quickly without delay,சட்டுனு வா பஸ் போயிரும்.,,speech_phrase,,np,
2088,சட்டை,,caṭṭai,,காய்ந்த மஞ்சளின் நூறு கிலோ அளவு.,A unit of weight for dried turmeric (100 kg bag/measure),தோட்டத்துல மஞ்சள் நூறு சட்டையாச்சு.,பெயர்ச்சொல்,measure_units | farming_livestock,,pm,
2089,சட்டொவிட்டொபேசறெ,,caṭṭoviṭṭopēcaṟe,,தான் சொல்வதுதான் சரி என்று பேசுதல்.,Self-righteously asserting only one's own word as correct,,,human_behavior | speech_phrase,,np,
2090,சடஞ்சு,,caṭañcu,,சோர்வடைந்துமனுஷன் சடஞ்சு போயி வந்தா நச்சாம இருக்க மாட்டயா?,Exhausted; worn out and fatigued,,,human_behavior | body_health,,od,
2091,சடஞ்சுக்குறது,,caṭañcukkuṟatu,,சங்கடப்பட்டுக் கொள்ளுதல்.,Feeling irritable or aggrieved over trivial matters,எது சொன்னாலு சடஞ்சுக்குறுது.,,human_behavior,,np,
2092,சடஞ்சுபோச்சு,,caṭañcupōccu,,களைப்பாகுதல்.,Wearied out; completely spent from labor,வேல செஞ்சு சடஞ்சு போச்சு.,,body_health | human_behavior,,np,
2093,சடவு,,caṭavu,,பிரச்சினை | தொந்தரவு | வெறுப்பு | சலிப்பு. | சலிப்பாக இருத்தல் (போர் அடித்தல்).,Annoyance; fatigue; boredom; weary botheration,"அவனுட சடவு எடுக்கமுடியல - அவன் தொந்தரவு தாங்கமுடியல | வேல செஞ்சு செஞ்சு ஒரே சடவா இருக்குது. | என்னமோ ஒரே சடவா இருக்குது, எங்காச்சும் போலாமா.",பெயர்ச்சொல்,human_behavior,"மலையாளத்தில் சடவு (saḍavu in Malayalam) / சடயுக (saḍayuka) - மனம் தளருதல், தடையாதல்",od | np | pm,
2094,சடாமினி,,caṭāmiṉi,,காவல்தெய்வம்.,Guardian folk deity / village protector,,,festival_religion,,np,
2095,சடார்னு,,caṭārṉu,,உடனடியாக.,Suddenly; in a split second,சடார்னு கம்புத்துல தீப்பிடிச்சுருச்சு.,,speech_phrase,,np,
2096,சடி(தல்),,caṭi(tal),,மரத்தில் காய்கள் ஒன்றன் மேல் ஒன்றாகக் குலை குலையாகச் சரிந்து கிடத்தல்.,Bending or hanging low in heavy drooping clusters (fruits on branch),அந்த மரத்துல நொங்கு சடிஞ்சு கெடக்குது.,வினைச்சொல்,nature_animals | action_verbs,,pm,
2097,சடிச்சடினு,,caṭiccaṭiṉu,,தொடர்ந்து.,Incessantly; continuous nonstop downpour or occurrence,மழ சடிச்சடினு ஓயாம பேஞ்சிகிட்டே இருக்குது.,,nature_animals | time_seasons,,np,
2098,சண்டாளி,,caṇṭāḷi,,திட்டுச்சொல்.,"Wicked, wretched woman (reproachful curse)",அடி சண்டாளி பாவி இப்பிடி பண்ணிட்டியே.,,human_behavior | speech_phrase,,np,
2099,சண்டித்தனம்,சண்டி மாடு | சண்டி,caṇṭittaṉam,caṇṭi māṭu | caṇṭi,வண்டியை இழுக்காமல் அல்லது வேலை செய்யாமல் ஒரே இடத்தில் பிடிவாதமாகப் படுத்துக்கொள்ளும் மாட்டின் குணம் | சோம்பேறித்தனமும் பிடிவாதமும் கொண்டு வேலை செய்ய மறுத்தல்,Stubborn laziness | Obstinate refusal to work or move (originally describing cattle that stubbornly sit down refusing to pull; used metaphorically for lazy defiance),மாடு வண்டிய இழுக்காம சண்டித்தனம் பண்ணுது. | வேலை செய்யச் சொன்னா இப்பிடி சண்டித்தனம் பண்றான்.,பெயர்ச்சொல்,human_behavior,வண்டியை இழுக்காமல் அல்லது வேலை செய்யாமல் ஒரே இடத்தில் பிடிவாதமாகப் படுத்துக்கொள்ளும் மாட்டினை சண்டி மாடு என்பார்கள்.,od,
2100,சண்டிவலி,,caṇṭivali,,தொடங்கியது முதல் சிறிதாக இருந்து கொண்டேயிருக்கும் பிரசவ வலி.,"Persistent, dull early labor pain before active child delivery",இப்பத்தான் சண்டிவலி கண்டிருக்குது. கொழந்த பொறக்க இன்னம் நேரமாவும்.,பெயர்ச்சொல்,body_health,,pm,
2101,சணாக்கிட்டெ,,caṇākkiṭṭe,,பலமாக அடித்தல்.,Thrashing soundly; landing a heavy blow,அடி சணாக்கிப் போட்டாங்க.,,action_verbs | human_behavior,,np,
2102,சத்தம்,,cattam,,சப்தம்.,Sound; voice; noise,சத்தம் போடாமெ கம்முனு இருங்கெ.,,speech_phrase,,np,
2103,சத்துமானம்,,cattumāṉam,,சக்தி; பலம்.,Physical vitality; bodily stamina and vigor,ஒடம்புல சத்துமானம் கொறச்சலா இருக்குது.,பெயர்ச்சொல்,body_health,,pm,
2104,சந்தவ மரம்,,cantava maram,,இடியாப்பம் (சந்தவம்) பிழியும் எந்திரம்.,Traditional large wooden floor press for extruding idiyappam (santhavam),சந்தவ மரம் ஊங்கூட்ல இருக்குதா பாரேன்.,பெயர்ச்சொல்,home_household | food_cooking,,pm,
2105,சந்தவக்கட்டை,,cantavakkaṭṭai,,இடியாப்பம் (சந்தவம்) பிழியும் எந்திரத்தின் மேல் பகுதிக் கட்டை.,Wooden plunger bar pressed down in an idiyappam press,சந்தவக் கட்டைய நல்லா அழுத்து.,பெயர்ச்சொல்,home_household | food_cooking,,pm,
2106,சந்தவம்,,cantavam,,இடியாப்பம்; வேக வைத்த அரிசி மாவு உருண்டையை எந்திரத்தில் போட்டுப் பிழிந்தெடுக்கும் உணவுப் பொருள்.,Santhavam / Idiyappam (traditional string hoppers made from steamed rice dough),சந்தவம் நெரிக்கிறவ சமுத்தாளி. (பழமொழி),பெயர்ச்சொல்,food_cooking,,pm,
2107,சந்தவை,,cantavai,,இடியாப்பம்,Idiyappam (string hoppers),,,food_cooking,,od,
2108,சந்திநேரம்,,cantinēram,,இரவு பகல் சேரும் சந்தி.,Twilight hour; dusk when day meets night,,,time_seasons,,np,
2109,சந்துப்பல்,,cantuppal,,பற்களுக்கு இடையே இடைவெளி கொண்ட பல்வரிசை.,Diastema; noticeable gaps between teeth in dental arcade,மாப்பிள்ளைக்கு ஒரே சந்துப்பல்லா இருக்குது.,பெயர்ச்சொல்,body_health,,pm,
2110,சந்துப்பல்லன்,,cantuppallaṉ,,பற்களுக்கு இடையே இடைவெளி உடைய பல்வரிசை கொண்டவன்.,Man having prominent gaps between his teeth,அந்தச் சந்துப்பல்லனோட எப்பப்பாரு ஒரே சண்டதான்.,பெயர்ச்சொல்,body_health | human_behavior,,pm,
2111,சந்துப்பல்லி,,cantuppalli,,நிறைய இடைவெளியைக் கொண்ட பல்வரிசையை உடையவள்.,Woman having wide gaps between her teeth,அந்தச் சந்துப்பல்லிதான் குசலம் வெச்சிருப்பா.,பெயர்ச்சொல்,body_health | human_behavior,,pm,
2112,சப்பட்டை,சப்படை,cappaṭṭai,cappaṭai,தட்டை வடிவம். | தட்டை வடிவம்,Flat; compressed into a flat plane | Flat shape; flattened form,கல்லு சப்பட்டையா இருந்தா உட்காரலாம்.,பெயர்ச்சொல்,measure_units,,pm | od,
2113,சப்பரம்,,capparam,,கோயில் திருவிழாவின் போது சாமியை ஊர்வலமாக எடுத்து வருவது.,Decorated ceremonial chariot / palanquin carrying deity during village festival,சாமி சப்பரம் ஊருக்குள்ள வெளையாடுது.,,festival_religion,,np,
2114,சப்பல்,,cappal,,நீர் செல்லும் பாதையில் குப்பை கூளம் அடைத்திருத்தல்.,Floating leaf debris and rubbish choking a water canal,ஒரே சப்பலா அடச்சருக்கு.,,farming_livestock | place_direction,,np,
2115,சப்பா,சப்பாப் பலகை,cappā,cappāp palakai,குறிகள் பொறித்துக் காவலுக்காக வைக்கப்படும் பலகை. | காண்க: சப்பா.,Wooden guard placard or talismanic marker hung to ward off trespassers,சப்பாவ எங்க வெச்சிருக்கற கண்ணுக்கே தெரீலே.,பெயர்ச்சொல்,home_household | festival_religion,,pm,
2116,சப்பாபலகை,,cappāpalakai,,கூரைகள் பொறுத்து காவலுக்கு வைக்கப்படும் பலகை.,Guardian wooden plank installed beneath roof eaves or for temple rituals,சப்பா பலகெ சாமிக்கு செஞ்சு வைக்கணும்.,,home_household | festival_religion,,np,
2117,சப்பாரம்,,cappāram,,சாமி பவனி வரும் அலங்கரிக்கப்பட்ட சப்பரம் / பல்லக்கு.,Decorated temple car or palanquin,திருவிழாவுக்கு சப்பாரம் புறப்பட்டாச்சு.,பெயர்ச்சொல்,festival_religion,பொருள் உறுதிப்படுத்தப்படவில்லை (AI உருவாக்கம்) · Meaning not verified (AI generated),od,
2118,சப்பை,,cappai,,தட்டை வடிவம்.(1) | தொடைப் பகுதி.(2),Flat form | Hip / upper thigh socket,நல்ல சப்பயாப் பாத்துக் கல்லெடுத்தா. | பாட்டிக்குக் கீழ உழுந்து சப்ப நழுவீருச்சு.,பெயர்ச்சொல்,measure_units | body_health,,pm,
2119,சப்பைக்கட்டு,,cappaikkaṭṭu,,காரணம். (பிழைக்குக் காரணம் கூறுவது),Flimsy excuse; making lame justifications for a mistake,செய்யறதையுஞ் செஞ்சுட்டு சப்பக்கட்டு கட்டாத.,,human_behavior | speech_phrase,,np,
2120,சப்பைக்கல்,சப்பட்டக்கல்,cappaikkal,cappaṭṭakkal,தட்டை வடிவிலான கல். | பட்டை வடிவிலான கல்.,Flat flagstone or stepping stone | Flat slab stone suitable for sitting,சப்பட்டக் கல்லா தூக்கியா இங்க போட்டு உக்காரலா.,பெயர்ச்சொல்,nature_animals | home_household,,pm | np,
2121,சப்பைக்கறி,,cappaikkaṟi,,"தொடைக்கறி, (வேண்டுதலுக்காகச் சாமிக்கு கிடாக்கறியில் தொடைக்கறியை மறுநாளுக்காக எடுத்து வைப்பர்).",Choice thigh cut of goat meat reserved for special occasions or deities,கொஞ்சம் சப்பக்கறி எடுத்து வெச்சிருக்கறன்.,பெயர்ச்சொல்,food_cooking | festival_religion,,pm,
2122,சம்படம்,,campaṭam,,குழாய் வடிவிலான மூடியுடன் கூடிய பாத்திரம்.,Cylindrical metal storage canister with tight-fitting lid,சம்படம் அங்க இருக்குதா பாரேன்.,பெயர்ச்சொல்,home_household | food_cooking,,pm,
2123,சம்பல்,,campal,,அதிகமாக இருத்தல். | சகாயம்; விலைக்குறைவு.,Abundance; dirt cheap bargain price,உங்கூட்ல என்ன ஒரே சம்பலா இருக்குது. | வெங்காய விலை ரொம்ப சம்பல் போச்சு. | இந்த வாரம் சந்தையில வெங்காயம் சம்பலா வித்துது.,பெயர்ச்சொல்,measure_units | speech_phrase,,np | pm,
2124,சம்பு,,campu,,நீர் ஓடும் பகுதியில் வளரும் ஒருவகை கோரைப்புல். | நீர் ஓடும் பகுதியில் வளரும் ஒரு வகைக் கோரைப்புல் ( வீடு வேய்வதற்குப் பயன்படும் ).,"Soft rush sedge grass growing along streams, used for roof thatch and mats",மாடு மேய சம்பு புல்லு புடுங்கியாறணு. | சம்பு அறுத்துப் போட்டாக் காயும். ஊட்டுமேல போடலாம்.,பெயர்ச்சொல்,nature_animals | home_household,,np | pm,
2125,சம்மணங்கால்,,cammaṇaṅkāl,,கால்களை மடித்து ஒன்றுக்குள் ஒன்றைச் செருகி உட்காரும் நிலை; அட்டணங்கால்.,Cross-legged sitting posture on the floor,சம்மணங்கால் போடறதுக்கு கால் மடிய மாட்டீங்குது.,பெயர்ச்சொல்,body_health | human_behavior,,pm,
2126,சம்மணம்,,cammaṇam,,இரண்டு கால்களையும் மடக்கி உட்காருதல். | சம்மணங்கால்.,Cross-legged sitting posture,சம்மணம் போட்டு உக்காரு.,காண்க,body_health | human_behavior,,np | pm,
2127,சமஞ்சிட்டா,,camañciṭṭā,,ருதுவாதல்.,Attained puberty; entered womanhood,எம் பொண்ணு சமஞ்சிட்டா.,,festival_religion | body_health,,np,
2128,சமாச்சாரம்,,camāccāram,,விசயம்.,News; matter; topic of discussion,என்ன சமாச்சாரம் இவ்ளோ தூரம் வந்திருக்கிங்கெ.,,speech_phrase,,np,
2129,சமுக்காளம்,,camukkāḷam,,தடிமனான போர்வை.,Thick woven cotton rug or blanket (Bhavani jamakkalam),குளிருக்கு சமுக்காளத்த எடுத்துப் போத்தி தூங்கு.,,home_household | dress_accessories,,np,
2130,சமுத்தாளி,,camuttāḷi,,பலமுள்ளவள் / ன்.,"Strong, sturdy, and capable woman",சத்துவ நெரிக்கறவ சமுதாளி' - பழமொழி.,பெயர்ச்சொல்,human_behavior,,pm,
2131,சமுத்து,,camuttu,,பலம்.,Physical strength; muscular stamina,வேல செய்யறதுக்குச் சமுத்து வேணுமில்ல. நல்லாச் சாப்புடு.,பெயர்ச்சொல்,body_health,,pm,
2132,சயனம்,,cayaṉam,,செல்லும் வழியில் தடங்கல் | சகுனம்,Omen; augury observed when starting on an important venture (sakunam),சயனம் பாக்கறதே இவனுக்கு வேலயாப் போச்சு. | கலியாணக் காரியத்துக்குப் போறவுங்க சயனம் பாக்காத போலாமா.,பெயர்ச்சொல்,festival_religion,,od | np | pm,
2133,சரச்சரரதெ,,caraccararate,,சாய்த்து விடாதே.,Do not tilt or spill (e.g. water pot),கொடத்தெ சாச்சராதெ தண்ணி கீழெ கொட்டீரு.,,action_verbs | speech_phrase,,np,
2134,சரடு,,caraṭu,,"சணல் கயிறு, தாலி. | பதக்கம் வைத்துக் கழுத்தோடு ஒட்டியிருக்கும்படி பெண்கள் அணியும் நகை.",Jute cord | Gold mangalsutra pendant cord worn snug around neck,சரட்டெ எடுத்தாந்து மூட்டெயெ கட்டு. | சரடு பழசாயிருச்சு புதுசு மாத்தோனு. | அந்தப் பாட்டி இன்னஞ் சரடு போட்டிருக்குது.,பெயர்ச்சொல்,dress_accessories | home_household,,np | pm,
2135,சரம்,,caram,,தொண்டையின் உட்பகுதி.,Throat canal; interior of throat parched with thirst,சரமெல்லாம் ஒனந்துபோச்சு.,பெயர்ச்சொல்,body_health,,pm,
2136,சரமி மலையேறிருச்சு,,carami malaiyēṟiruccu,,ஒருவரின் மேல் சாமி வந்து ஆடிவிட்டு திரும்பச் சென்று விடுதல்.,Deity spirit leaving the oracle trance and returning to its abode,,,festival_religion,,np,
2137,சரல்,,caral,,"பாகற்கொடி முதலிய கொடி வகைகள் படருவதற்காக நடப்படும் ( முட்கள், கணுகள் உள்ள ) கோல்.",Trellis stake or branching stick planted for bittergourd vines to climb,பாகச் செடிக்குச் சரல் நடு.,பெயர்ச்சொல்,farming_livestock | nature_animals,,pm,
2138,சரல்பறி சால்பாளை,,caralpaṟi cālpāḷai,,தல சளீர் பானை.,Traditional water-lifting bailer gear components,,,farming_livestock,,np,
2139,சரவ்பறி,,caravpaṟi,,நீர். இறைக்கும் இடை.,Leather water-lifting bucket / interval in well bailing,,,farming_livestock,,np,
2140,சரவடை,,caravaṭai,,சார்பு.,Resemblance; leaning towards parental traits or kin likeness,மூஞ்சியப் பாத்தா அவுங்க சரவடையாத்தான் தெரியுது.,பெயர்ச்சொல்,kinship | human_behavior,,pm,
2141,சரளை,,caraḷai,,சல்லிக் கற்கள் நிறைந்திருக்கும் நிலம்.,Gravelly soil strewn with uncrushable small stones,"அந்த நிலம் சரள, ஆரு ஓட்டுவா.",பெயர்ச்சொல்,farming_livestock | nature_animals,,pm,
2142,சரளைக்கல்,,caraḷaikkal,,விரைவில் உடையாத சிறுகல்.,Tough uncrushable gravel stone,அந்தக் காட்டுல சரளக்கல்லா கெடக்குது.,பெயர்ச்சொல்,nature_animals,,pm,
2143,சராங்கமா,,carāṅkamā,,எந்தவித பதட்டமும் இன்றி.,Without the slightest perturbation or hesitation; nonchalantly,சராங்கமா அவம்பாட்டுலெ வாரான் போறான் என்னன்னு தெரீலெ.,,human_behavior | speech_phrase,,np,
2144,சருகு,,caruku,,மெல்லிய.,Papery thin and crisp; wafer-like texture,இந்தத்துணி என்ன சருகோட்டோ இருக்குது.,,nature_animals,,np,
2145,சருவச்சட்டி,,caruvaccaṭṭi,,அரிக்கஞ்சட்டி,Shallow wide earthen scouring pan / washing dish,,காண்க,home_household,,pm,
2146,சருவம்,அண்டா | சால்,caruvam,aṇṭā | cāl,தண்ணீர் ஊற்றி வைக்கப் பயன்படும் பாத்திரம் | தண்ணீர் பிடித்து வைக்கும் பாத்திரம் | பொங்கல் வைப்பதற்கான பித்தளைப் பானை. | விதையைக் கையிலெடுத்து ஏருக்குப் பின்னால் போட்டுச் செல்லும் வரிசை.,Large wide brass cooking vessel used for cooking Pongal or storing water,"அண்டா மாதிரியும் இல்லாமல், குடத்தை விட சற்றே பெரியதாக இருக்கும் | சருவத்துல பொங்க வெச்சா நல்லாப்பொங்கும். | இன்னும் ஒரு சால் பாக்கியிருக்குது.",பெயர்ச்சொல்,home_household | food_cooking,,od | pm,
2147,சல்லக்கத்தி,,callakkatti,,"ஆடுகளுக்கு இலை, தழை ஒடித்துப்போடும் மூங்கில் ( அல்லது கோலில் ) கட்டப்பட்டிருக்கும் கத்தி.",Pruning knife tied to end of long pole to cut leaf fodder for goats,சல்லக்கத்திய கம்பிபோட்டு நல்லாக் கட்டு.,பெயர்ச்சொல்,farming_livestock | home_household,,pm,
2148,சல்லக்கொக்கி,,callakkokki,,"ஆடுகளுக்கு இலை, தழை ஒடித்துப்போடும் கோலில் மாட்டப்பட்டிருக்கும் கொக்கி.",Metal hook tied to pole to pull down tree branches for goats,சல்லக்கொக்கி கழகண்டு போச்சு. நல்லாப் போடு.,பெயர்ச்சொல்,farming_livestock | home_household,,pm,
2149,சல்லி,,calli,,பழங்கால காசு.,Small fractional copper coin of olden days; worthless copper,சல்லிக் காசுக்கு பிரயோஜனமில்ல.,,measure_units,,np,
2150,சல்லிக்காடு,,callikkāṭu,,சிறுகிறு கற்கள் நிறைந்த காடு.,"Rocky, gravel-strewn scrubland devoid of fertile soil",சல்லிக்காடா இருக்குது மண்ணவே காணொ.,,farming_livestock | place_direction,,np,
2151,சல்லிமாடு,,callimāṭu,,நேர்த்திக்கடனுக்காக விடப்படும் மாடு.,Consecrated bull dedicated to the deity for jallikattu,,,farming_livestock | festival_religion,,np,
2152,சல்லிவாசல்,,callivācal,,சிறுகற்களால் அமைக்கப்பட்ட வாசல்.,Forecourt paved with gravel or broken pebbles,,,home_household | place_direction,,np,
2153,சல்லீங்குடுகுடு,,callīṅkuṭukuṭu,,கபடி விளையாடும் போது பாடுவது.,Traditional rhythmic chant chanted by raid player during kabaddi match,,,human_behavior | speech_phrase,,np,
2154,சல்லை,,callai,,"சல்ல - இடர், மூங்கில் சல்லை (அ) | கத்தி அல்லது கொக்கி கட்டிய தழை ஒடிக்கப் பயன்படும் பெரிய மூங்கில் அல்லது தடி .(1) | கரும்புத் தட்டை :(2) | (3)",Long pole with sickle to harvest fodder | Sugarcane stalk | Nuisance,சல்லய எடுத்தா ஆட்டுக்குத் தழ ஒடிச்சுப் போடலாம். | நாலு சல்ல கரும்பு வாங்கியா. | இதோட சல்ல தாங்க முடியில.,பெயர்ச்சொல்,farming_livestock | home_household,,od | pm,
2155,சலகை,,calakai,,நெல் அளவைக் குறிக்கும் ஒரு சொல். | முப்பது வள்ளம் கொண்ட நெல் அளவு.,Traditional volume measure of paddy (equal to 30 vallams),நெல் எத்தன சலகையாச்சு.,பெயர்ச்சொல்,measure_units | farming_livestock,,np | pm,
2156,சலகைகுத்தல்,,calakaikuttal,,பொன்னர் சங்கர் கதையில் பன்றியை குத்தும் நிகழ்ச்சி நடைபெறும். அதற்கு சலகைகுத்தல் என்று பெயர்.,Ritual boar-spearing re-enactment from the epic of Ponnar Sankar,,,festival_religion,,np,
2157,சலகையெருது,சலகெருது,calakaiyerutu,calakerutu,பொங்கலின் போதான பூ நோன்புக்குப் பின் ஜல்லிக்கட்டுப் போல ஓடவிடும் மாடு. | பொங்கல் திருவிழாவின் போது பூ நோன்பிற்குப் பின் சாமிக்கு நேர்ந்து விடும் மாடு.,Sacred bull released to run freely in village race after Poo Nonbu,அந்தச் சலகயெருது என்னமா ஓடுது.,பெயர்ச்சொல்,festival_religion | farming_livestock,,np | pm,
2158,சலதாரை,,calatārai,,வீட்டுக்குள்ளிருந்து கழிவுநீர் வெளியேற வைக்கும் சிறுதுளை.,A small opening on bathroom to allow waste water to go outside,சலதாரய அடச்சுவெய்யி. பூச்சி பொட்டு வந்தரப் போவுது,பெயர்ச்சொல்,home_household,,od | pm,
2159,சலதேறி,,calatēṟi,,குளியலறை.,Bathroom / washroom,சலதேறில பாரு சோப்பு இருக்குது.,,home_household,,np,
2160,சலந்தாரை,சலவாரை | சலந்தாரி,calantārai,calavārai | calantāri,தண்ணீர் செல்லும் பாதை,Water drain channel; water passage,,,place_direction | home_household,,od,
2161,சலம்,,calam,,கிணற்றில் நீர் ஊறும் பகுதி. | கிணற்றில் நீர் ஊற்று வரும் இடம்.,Natural spring or water vein seeping into a well,கெணுத்துல பாரு சலம் எப்படி ஊறுது. | எங்க கெணத்துல ரண்டு சலம் வருது,பெயர்ச்சொல்,nature_animals | farming_livestock,,np | pm,
2162,சலமூல,,calamūla,,வடகிழக்குப் பகுதி.,Northeast direction (Isanya corner),சலமூல தேரு மின்னுது மழ வரு.,,place_direction,,np,
2163,சலவாதி,,calavāti,,மலம் | நீராகக் கழியும் வயிற்றெடுப்பு; மலம் கழிக்க,Defecation; watery bowel movement; going to answer nature's call,சலவாதிக்குப் போயிட்டு வந்தேன்.,பெயர்ச்சொல்,body_health,,od | pm,
2164,சலவாய்,,calavāy,,எச்சில் ஒழுக்கு.,Involuntary drooling of saliva in infants,கொழந்தக்கு இப்பிடிச் சலவாய்வருது.,பெயர்ச்சொல்,body_health,,pm,
2165,சலி,சலித்துப் போதல் | சலிச்சுப்போதல்,cali,calittup pōtal | caliccuppōtal,"குழம்பு, ரசம் போன்றவை கெட்டுப் போதல்.","Spoiling or turning sour (of coconut curries, rasam, etc.)",தேங்கா போட்டாக் கொழம்பு சலிச்சுப் போயிடும்.,வினைச்சொல்,food_cooking | action_verbs,,pm,
2166,சலித்தல்,,calittal,,"மணலையும், கல்லையும் பிரித்தல்.",Sieving sand from stones,மண்ண சலிச்சாச்சா.,,action_verbs | home_household,,np,
2167,சலீசு,,calīcu,,"சகாயம், மலிவு.",Inexpensive; cheap bargain,இவ்ளோ சலீசா கெடைக்குதா.,,measure_units | speech_phrase,,np,
2168,சலுச்சிக்கிறது,,caluccikkiṟatu,,சோர்வடைந்துமனுஷன் சடஞ்சு போயி வந்தா நச்சாம இருக்க மாட்டயா?,Getting tired and worn down by constant nagging or work,,,human_behavior | body_health,காண்க: சடஞ்சு,np,
2169,சலுச்சுப்போடு,,caluccuppōṭu,,சோர்வடைந்துமனுஷன் சடஞ்சு போயி வந்தா நச்சாம இருக்க மாட்டயா?,Collapsing in sheer exhaustion after hard toil,,,human_behavior | body_health,காண்க: சடஞ்சு,np,
2170,சலுப்பு,அலுப்பு சலுப்பு,caluppu,aluppu caluppu,களைப்பு | சோர்வு | ஒரு வேலையைச் செய்வதில் ஏற்படும் சலிப்பு,Boredom or Lethargy,உடம்பு ஒரே அலுப்பு சலுப்பா இருக்கு,,human_behavior | body_health,,od,
2171,சலுவு,,caluvu,,பயிர் நடவு முடிந்து மூன்று நாட்கள் வாடவிட்டபின் பாய்ச்சப்படும் முதல் நீர்.,First light irrigation given to crops after allowing seedlings to settle for 3 days,பயிருக்குச் சலுவு கட்டோனும்.,பெயர்ச்சொல்,farming_livestock | action_verbs,,pm,
2172,சலுவுதண்ணி,,caluvutaṇṇi,,நடவு முடிந்து மூன்று நாட்கள் கழித்து பயிரை வாடவிட்டபின் பாய்ச்சப்படும் முதல் நீர். | சலுவு.,First post-transplantation watering given after letting young seedlings settle for 3 days,சலுவுத் தண்ணி பாய்க்கோனும்.,காண்க,farming_livestock,,np | pm,
2173,சவ்வாரித்தப்பை,,cavvārittappai,,சவாரி மாட்டு வண்டியின் கூண்டுக்கு வைக்கப்படும் மெல்லிய மூங்கில் தப்பை.,Thin bamboo strip for passenger bullock cart canopy,சவ்வாரித்தப்பைய வச்சு வண்டிக்குக் கூண்டு கட்டு.,பெயர்ச்சொல்,farming_livestock | home_household,பொருள் உறுதிப்படுத்தப்படவில்லை (AI உருவாக்கம்) · Meaning not verified (AI generated),od,
2174,சவ்வாறிவண்டி,சவாறிவண்டி,cavvāṟivaṇṭi,cavāṟivaṇṭi,ஆட்கள் பயணம் செய்யும் வசதியான சவாரி மாட்டு வண்டி.,Passenger bullock cart / travel carriage,அந்தக் காலத்துல ஊருக்குப் போக சவ்வாறிவண்டிதான்.,பெயர்ச்சொல்,farming_livestock | home_household,,od,
2175,சவம்,,cavam,,பிணம்.,Corpse; dead body,சவத்தை தூக்கி பாடையில வை.,,body_health | festival_religion,,np,
2176,சவளப்புள்ள,,cavaḷappuḷḷa,,தகுந்த இடைவெளி இல்லாமல் குழந்தை பிறக்கும்போது மிகவும் பலகீனமாக இருக்கும் பிள்ளை.,"Weakly, sickly infant born without adequate spacing between consecutive births",,,body_health | kinship,,np,
2177,சவாரி வண்டி,சவேரி வண்டி,cavāri vaṇṭi,cavēri vaṇṭi,பயணம் போவதற்கான மூடாக்குப் போடப்பட்ட வண்டி. | பயணம் செய்வதற்கான மூடாப்பு போடப்பட்ட வண்டி.,Covered passenger bullock cart with arched hood,சவாரி வண்டி அப்பெல்லாம் நெறய இருக்கும். | சவேரி வண்டில கோயிலுக்குப் போன.,பெயர்ச்சொல்,farming_livestock | home_household,,np | pm,
2178,சவாரித்தப்பெ,சவாரித்தப்பை,cavārittappe,cavārittappai,வண்டியின் முன் பகுதியில் உள்ள பலகை. | சவாரி வண்டியில் ஆள் உட்காரப் போடப்படும் பலகை.,Wooden seating plank in front of a passenger bullock cart,சவாரித்தப்பெ ஒடஞ்சி போச்சு. | சவாரித் தப்பமேல உக்கோந்துக்கோ.,,home_household | farming_livestock,,np | pm,
2179,சவுரியம்,,cavuriyam,,நலமா.,Well-being; convenience; comfort (inquiring after health),அப்பறொ சவுரியமா இருக்கீங்களா.,,speech_phrase | human_behavior,,np,
2180,சள்ளக்கூடை,,caḷḷakkūṭai,,அறுவடை செய்த தானியக் கதிர்களை நிறைத்து எடுத்துச் செல்வதற்கான பெரிய கூடை.,Very large harvesting basket used for carrying grain earheads,உங்கூட்ல சள்ளக்கூட இருந்தாக் குடு.,பெயர்ச்சொல்,farming_livestock | measure_units,,pm,
2181,சள்ளவாயெ,சளவா,caḷḷavāye,caḷavā,தூங்கும்போது வாய் ஓரத்தில் நீர் வடியும்.,Drooling mouth; person who drools while sleeping,சள்ளவாயெ ஒழுக்கிட்டே தூங்குறான் பாரு.,,body_health | human_behavior,,np,
2182,சள்ளெக்குச்சி,,caḷḷekkucci,,கத்தி (அ) கொக்கி கட்டிய தழை ஒடிக்கப் பயன்படும் நீண்ட குச்சி.,Long harvesting pole fitted with sickle/hook to harvest tamarind and leaves,சள்ளெக்குச்சிய எடுத்தா புளியங்காய் புடுங்கலாம்.,,home_household | farming_livestock,,np,
2183,சளசளனு,,caḷacaḷaṉu,,ஓயாத இறைச்சல் (தண்ணீர் சத்தம்).,Continuous babbling or rippling murmur of rushing water,சளசளனு கேட்டுகிட்டே இருக்கு.,,speech_phrase | nature_animals,,np,
2184,சன்னக்கோல்,,caṉṉakkōl,,சன்னக்கட்டை.,Slender rod or thin leveling stick,,காண்க,home_household | farming_livestock,,pm,
2185,சன்னொ,,caṉṉo,,சிறிய. கம்பி இவ்ளோ,"Slender; thin gauge (wire, thread)",சன்னோமா இருக்கு.,,measure_units,,np,
2186,சாக்கனாக்கடை,,cākkaṉākkaṭai,,சாராயக் கடைக்கு அருகிலோ அதனுள்ளோ வைக்கப்படும் அசைவ உணவுக் கடை.,Non-vegetarian side-dish stall located inside or beside a country arrack shop,அவங்க சாக்கனாக்கடை வெச்சிருக்கறாங்க.,பெயர்ச்சொல்,food_cooking | place_direction,,pm,
2187,சாக்கு,,cākku,,கோணிப்பை; மூட்டை | சணலால் ஆன பை.,Gunny sack; burlap bag for grains,கடலக்கா எத்தன சாக்கு ஆச்சு. | சாக்க எடுத்தா நெல்லு அள்ளிவெக்க.,பெயர்ச்சொல்,home_household | farming_livestock,,np | pm,
2188,சாக்குப்போக்கு,சாக்காடு,cākkuppōkku,cākkāṭu,"காராம் சொல்லுதல் | ஒன்றிலிருந்து தப்பித்துக் கொள்ளக் கூறும் ( பொருந்தாத, மேலோட்டமான ) காரணம்; சாக்கு.",Lame excuse; superficial pretext to evade responsibility,சாக்குபோக்கு சொல்றதே லேலயாப் போச்சு | மழ வந்திடுச்சிங்கறது அவங்களுக்கு சாக்காடாப் போச்சு,பெயர்ச்சொல்,human_behavior | speech_phrase,,np | pm,
2189,சாக்குருவி,,cākkuruvi,,நடு இரவில் கத்திப் போகும் குருவி ( இதுபோகும் திசையில் சாவு நடக்கும் என்பது நம்பிக்கை).,Barn owl or night bird whose midnight screech is considered a death omen,ராவுல கெழக்குப் பக்கமா சாக்குருவி கத்திட்டுப் போச்சு.,பெயர்ச்சொல்,nature_animals | festival_religion,,pm,
2190,சாங்கியம்,,cāṅkiyam,,சடங்கு,Traditional rituals; custom and formalities,கலியாணத்துல அளவத்த சாங்கியம் இருக்குதப்பா.,பெயர்ச்சொல்,festival_religion,,od | pm,
2191,சாஞ்சிக்காரு,,cāñcikkāru,,சாய்ந்து உட்கார்.,Lean back and sit comfortably; recline (imperative),நல்லா சாஞ்சிக்காரு.,,action_verbs | speech_phrase,,np,
2192,சாஞ்சோறு,,cāñcōṟu,,குழம்போடு பிசைந்த உணவு.,Cooked rice mixed with spicy curry / gravy,இன்னக்கி உங்கூட்டுல சாஞ்சோறா கரச்சோறா?,பெயர்ச்சொல்,food_cooking,,pm,
2193,சாட்டவாரு,,cāṭṭavāru,,எருதுகளை ஓட்டப் பயன்படும் முனையில் கயிறு கட்டியுள்ள குச்சி.,Bullock whip; driving stick with lash cord attached to urge cattle,சாட்டவாருலெ மாடு ரெண்டு இழுத்தினா ஒழுக்கமா போவு.,,farming_livestock,,np,
2194,சாட்டு,சாரட்டு,cāṭṭu,cāraṭṭu,பொது நிகழ்ச்சி ஒன்றைப் பறை அறைந்தோ வேறு வகையிலோ ஊராருக்கு அறிவித்தல்(1) | வேலைக்கு ஆள் நியமித்தல் .(2) | பறை அடித்து பொது நிகழ்ச்சியை மக்களுக்கு தெரிவித்தல்.,Publicly announcing a festival by drumbeat | Hiring a farmhand,சாட்டியாச்சு. | அந்த வேலைக்கு அவனைச் சாட்டி உட்டுட்டன். | எங்கூரூல நோம்பு சாட்டி மிருக்குது,வினைச்சொல்,festival_religion | farming_livestock,,np | pm,
2195,சாட்டுல மாட்டீட்டெ,,cāṭṭula māṭṭīṭṭe,,நோன்பு சாட்டும் போது வெளியே செல்லாமல் ஊருக்குள் இருப்பது.,Confined within village boundary due to strict festival sanctions after proclamation,"நோன்பு சாட்டியிருக்குது, அதுனால வெளியே எங்கயும் போகமுடியலெ.",,festival_religion | human_behavior,,np,
2196,சாடமாடயா,,cāṭamāṭayā,,ஜாடையாக.,Indirectly; dropping veiled hints or snide insinuations,இந்தொ சாடமாடமா பேசற வேலயெல்லாம் வெச்சுக்காதே.,,speech_phrase | human_behavior,,np,
2197,சாடு,,cāṭu,,"குதி ; தாண்டு. | புளி, மஞ்சள் ஆகியவற்றின் அளவுப் பெயர் ; ஏழரைவள்ளம் கொண்டது சாடு .(1) | புளி, மஞ்சள் ஆகியவற்றை அளப்பதற்காகப் பின்னப்பட்ட பெரிய கூடை ; இதுவும் ஏழரை வள்ளம் பிடிக்கும் .(2) | தானியம் அள்ள உதவும் கூடை.",Leap or jump | Measure of turmeric or tamarind (7.5 vallams) | Large basket,ஒரே சாடா அந்தப் பக்கம் போயிட்டான். | புளி எத்தன சாடு ஆவும். | அந்தப் பக்கந்தான் சாடு கவுத்தியிருக்குது. | தட்டப்பயிறு ரெண்டு சாடு ஆச்சு.,பெயர்ச்சொல்,measure_units | action_verbs,,od | pm | np,
2198,சாடு கவை,,cāṭu kavai,,வண்டியின் நுகத்தடி அல்லது பாரத்தைத் தாங்கும் கவை மரம்.,Forked wooden support prop for carts,சாடு கவைய வச்சு வண்டிய நிறுத்திக்கோ.,பெயர்ச்சொல்,farming_livestock,பொருள் உறுதிப்படுத்தப்படவில்லை (AI உருவாக்கம்) · Meaning not verified (AI generated),od,
2199,சாடை பேசுறான்,சாடை பேசுகிறான்,cāṭai pēcuṟāṉ,cāṭai pēcukiṟāṉ,குறிப்பாகத் தாக்கிப் பேசுகிறான் (மறைமுகமாகத்) | மறைமுகமாகத் தாக்கிப் பேசுதல்,Speaking in veiled innuendos; dropping sarcastic indirect jibes,,,action_verbs | speech_phrase | human_behavior,உள்குத்து எனவும் சொல்வர்,od,
2200,சாணி,,cāṇi,,மாட்டு மலம்; சாணம்.,Cow dung; fresh bovine manure,சாணி அள்ளிக் கொட்டியாச்சா?,பெயர்ச்சொல்,farming_livestock,,pm,
2201,சாணித்துணி,,cāṇittuṇi,,சாணிக்கரைசலில் நனைத்து எடுத்து வழிக்க ( தரை மொழுக ) பயன்படுத்தும் துணி.,Rag soaked in cow dung wash used to smear and mop mud floors,சாணித்துணிய நல்லா நனச்சுத் தொடை,பெயர்ச்சொல்,home_household | farming_livestock,,pm,
2202,சாணிப்புல்,,cāṇippul,,நிலத்தில் அப்பிப்படரும் அடர்த்தியான புல்.,Dense carpet-forming turf grass relished by grazing cattle,சாணிப்புல்லு வளந்து கெடக்குது. மாட்ட உட்டா நல்லாக்கரளும்.,பெயர்ச்சொல்,farming_livestock | nature_animals,,pm,
2203,சாணிப்புழு,,cāṇippuḻu,,குப்பப்புழு.,White dung grub found in manure heaps,,காண்க,nature_animals | farming_livestock,,pm,
2204,சாணிப்பூரான்,,cāṇippūrāṉ,,காய்ந்த சாணத்திற்கு அடியில் ( பெரும்பாலும் ) வசிக்கும் பூரான்.,Pale centipede commonly dwelling under dried cow dung patties,சாணிப்பூரான் கடிச்சிரப்போவுது. தூரவா.,பெயர்ச்சொல்,nature_animals,,pm,
2205,சாணிப்பொணம்,,cāṇippoṇam,,"சாணிப்பிணம். ஒரே இடத்தில் எப்போதும் உட்கார்ந்து கொண்டோ, படுத்துக் கொண்டே இருக்கும் சோம்பேறியைக் குறிக்கும் திட்டுச்சொல்.","Inert, slothful person who lies idle all day without moving (scolding term)",அந்தச் சாணிப்பொணம் திண்ணையிலதான் கெடக்கும்.,பெயர்ச்சொல்,human_behavior | speech_phrase,,pm,
2206,சாணை,,cāṇai,,கத்திக்கு சாணை வைக்கும் முறை.,Honing; sharpening a knife on a whetstone,கத்தியெ சாண புடிக்கோணும்.,,home_household | action_verbs,,pm,
2207,சாத்திட்டியா,,cāttiṭṭiyā,,மூடிவிட்டாயா.,Did you shut or bolt the outer door?,வெளிக்கதவ சாத்திட்டியா.,,speech_phrase | home_household,,np,
2208,சாத்திரிக்கெர,,cāttirikkera,,எதிர்த்து பேசுவது.,Answering back impudently; questioning obstinately,எங்கிட்டியே சாத்திரிக்தொம் பேசுறியா கீ?,,speech_phrase | human_behavior,,np,
2209,சாதகம்,,cātakam,,"ஜாதகம். ஓவ்வொரு தங்களுடைய பிறந்த தேதி, நேரத்தை கணித்து ஜாதகம் எழுதி கைவைத்துக் கொள்ளுநதல்",Astrological horoscope (jathakam),சாதகம் கம்ப்யூட்டருல போடறதுக்கு அச்சகத்துக்கு போகோணு,,festival_religion,,np,
2210,சாப்டுங்,,cāpṭuṅ,,சாப்பிடுங்கள்.,Please eat (polite imperative plural),,,speech_phrase | food_cooking,,np,
2211,சாப்பல்,,cāppal,,சாய்வு.,Slanting; tilted or leaning sideways (e.g. haystack),போர் கொஞ்சம் சாப்பலா இருக்குது.,வினைச்சொல்,farming_livestock | home_household,,pm,
2212,சாப்பு,டாப்பு,cāppu,ṭāppu,காணக. சாணள. | வீட்டை ஒட்டிப் பக்கவாட்டில் சாய்வாகக் கூரை அமைக்கப்பட்டுள்ள பகுதி ( இது சில்லரைச் சாமான்கள் போட்டு வைக்கவோ மாடுகளுக்குத் தேவையான பொருட்கள் வைக்கவோ பயன்படும் ). | காண்க: சாப்பு.,Lean-to side shed or sloping veranda adjoining a house,இந்தப் பக்கம் ஒரு சாப்புப் போட்டாத்தான் நல்லது,பெயர்ச்சொல்,home_household,,od | np | pm,
2213,சாப்பை,,cāppai,,பெண்கள் போடும் ஒருவகைக் கொண்டை.,Traditional flat coiled hair bun tied by women,மயிரச் சுருட்டிச் சாப்ப போடு.,பெயர்ச்சொல்,dress_accessories,,pm,
2214,சாமக்கோடங்கி,,cāmakkōṭaṅki,,நடு இரவில் வந்து குறி சொல்பவர்.,Midnight oracle who sounds the small drum (udukkai) and delivers predictions,ராத்திரி சாமக்கோடங்கி வந்து என்னொ சொன்னான்னு தோலெ.,,festival_religion | human_behavior,,np,
2215,சாமம்,,cāmam,,நடு இரவு.,Midnight hour; late night watch,சாமத்துல வெளிப போகாது,,time_seasons,,np,
2216,சாமி சாட்டு,,cāmi cāṭṭu,,கோவில் திருவிழா தொடங்குதல் | கோயில் திருவிழா தொடங்குதல்.,Ceremonial proclamation marking commencement of village temple festival,எங்க ஊர்ல போனவாரம் சாமிசாட்டுனாங்க.,வினைச்சொல்,festival_religion,,od | pm,
2217,சாமி சாட்றது,,cāmi cāṭṟatu,,திருவிழாவை பறை அடித்து தெரிவித்தல்.,Proclaiming temple festival dates by drum beating in the village,இன்னிக்கி நோம்பி சாட்றது பேசிக்கிட்டிருக்காங்கெ,,festival_religion,காண்க: நோம்பி சாட்றது,np,
2218,சாமிக்கு விடுதல்,,cāmikku viṭutal,,கடவுளுக்காக சேவல்கள் மற்றும் ஆடுகளை தியாகம் செய்வது,Dedicating roosters or rams as sacred offerings to village deities,,வினைச்சொல்,festival_religion | farming_livestock,,od,
2219,சாய்திண்ணெ,சாய்திண்ணை,cāytiṇṇe,cāytiṇṇai,சாய்ந்து கொள்ள வசதியான ஒருபுறம் கிட்டு வைத்துக் கட்டப்பரும் திண்ணை. | படுத்துக் கொள்ள வசதியாக ஒருபுறம் தலையணை போன்ற திண்டு வைத்துக் கட்டப்பட்டிருக்கும் திண்ணை.,Veranda with a built-in reclining masonry bolster for resting,அந்த திண்ணெயில படுத்திருப்பாம் பாரு. | எந்நேரமும் அவனுக்குச் சாய்திண்ணையிலதான் கெடக்க.,,home_household,,np | pm,
2220,சாய்மானம்,,cāymāṉam,,சாய்நீது உட்காரும் இடம்.,Backrest; leaning support to recline comfortably,உனக்கு சாய்மானமா உக்கார எடமிருக்குதா,,home_household,,np,
2221,சாயங்காலம்,,cāyaṅkālam,,மாலை,Evening hour,,,time_seasons,,od,
2222,சாயந்தரொ,,cāyantaro,,மாலை நேரம்.,Evening; dusk,சாயுந்தரொ நேரமே வற்ற,,time_seasons,,np,
2223,சாரணை,,cāraṇai,,படரும் ஒருவகைக் களை. ( இதைக் கீரையாகவும் பயன்படுத்துவர்),"Horse purslane weed (Trianthema portulacastrum), also eaten as wild greens",காட்டுல சாரணை ஏறிப்போய்க் கெடக்குது.,பெயர்ச்சொல்,nature_animals | food_cooking,,pm,
2224,சாரணைப்புழு,,cāraṇaippuḻu,,சாரணை என்னும் களைச் செடியில் இருக்கும் புழு,Caterpillar or weed pest infesting horse purslane plants,சாரணப்புழுவு உழுந்து காடே மொட்டயாயிடுச்சு.,பெயர்ச்சொல்,nature_animals | farming_livestock,,pm,
2225,சாரமண்,சார மண்ணு,cāramaṇ,cāra maṇṇu,சோப்புக்குப் பதிலாக வண்ணார் துணி துவைக்கப் பயன்படும் மண். | சோப்புக்குப் புதிலாக துளரிதுவைக்க பயன்படும் மண்.,Fuller's earth / alkaline washing clay used by traditional washermen,சாரமண்ணு எங்க போயிக் கொண்டாருவீங்க. | சார மண்ணுல துணிப் தொவைக்காத.,பெயர்ச்சொல்,home_household,,np | pm,
2226,சால்நடவு,,cālnaṭavu,,விதையை கையிலெடுத்து ஏருக்குப் பின் விதைத்தல்.,Sowing seeds by hand directly along the plow furrow,எங்க காட்ல தட்டைப் பமிரு சாலு போட்ருக்குது.,,farming_livestock | action_verbs,,np,
2227,சால்ப்பறி,,cālppaṟi,,"ஏற்றத்தில் நீர் அள்ளிவரும் மிகப்பெரிய, இரும்பினால் ஆன சால் ( பை ).",Large iron water-lifting bucket attached to a well's ettram sweep,சால்ப்பறி அவுங்ககிட்ட இருக்குது.,பெயர்ச்சொல்,farming_livestock,,pm,
2228,சால்பரி,சால்பறி,cālpari,cālpaṟi,"கோழிகளை மூடி வைக்கப் பயன்படுவது, தண்ணீர் இறைக்கவும் பயன்பட்டது",Wicker poultry coop basket | Water-lifting bucket in wells,,,farming_livestock | home_household,,od,
2229,சால்பானை,,cālpāṉai,,"மண்பாண்டங்களில் ஒரு வகையான, அகன்ற வாயைக் கொண்ட பெரிய மண்பானை",Large wide-mouthed earthenware jar for storing grain or water,,,home_household,,od,
2230,சால்போடறது,,cālpōṭaṟatu,,விதையை கையிலெடுத்து ஏருக்குப் பின் விதைத்தல்.,Dropping seeds into furrows behind a working plow,எங்க காட்ல தட்டைப் பமிரு சாலு போட்ருக்குது.,,farming_livestock | action_verbs,காண்க: சால்நடவு,np,
2231,சால்போடுதல்,,cālpōṭutal,,உழுது செல்லும் ஏரின் பின்னால் விதையை போட்டுக் கொண்டே செல்லுதல்.,Sowing seeds in rows directly behind the furrow of a plow,கல்லப்பருப்புசால்போடப் போவோனும்.,வினைச்சொல்,farming_livestock | action_verbs,,pm,
2232,சால்விடுதல்,,cālviṭutal,,சால்போடுதல்.,Sowing seeds along the plow furrows,,காண்க,farming_livestock | action_verbs,,pm,
2233,சாலக்கம்,,cālakkam,,திமிர் நிறைந்த ஏமாற்றுச்செயல்.,Arrogant craftiness; cunning trickery,இந்த சாலக்கமெல்லாம் எங்கிட்ட வெச்சுக்காத.,பெயர்ச்சொல்,human_behavior,,pm,
2234,சாலாக்கம்,,cālākkam,,சாலக்கம்.,Cunning trickery; arrogant deceit,,காண்க,human_behavior,,pm,
2235,சாலாணி,,cālāṇi,,நீர் நிறைத்து வைக்கும் பெரிய தவலையைத் ( சாலு ) தாங்கி நிற்க மரத்தால் செய்யப்பட்ட உயரமான தாங்கி ( ஸ்டேண்ட் ).,High wooden tripod stand or rack to support a large water vessel (saalu),சாலாணிய செவுத்தோரமாத் தள்ளிப்போடு.,பெயர்ச்சொல்,home_household,,pm,
2236,சாலாணி சாலு,,cālāṇi cālu,,"மண்பாண்டங்களில் ஒரு வகையான, அகன்ற வாயைக் கொண்ட பெரிய மண்பானை",Large wide-mouthed earthenware pot rested upon a wooden stand,,,home_household,காண்க: சால்பானை,np,
2237,சாலு,சாலி,cālu,cāli,நீர் நிறைத்து வைக்கும் தவலையைத் தாங்கி நிற்கும் மரத்தாலான தாங்கி. | நீர் நிறைத்து வைக்கும் பெரிய தவலை .(1) | தானியங்கள் நிறைத்து வைக்கும் மண்ணால் ஆன மிகப்பெரிய மிடா.(2),Wooden water pot tripod stand | Large water cauldron | Huge grain storage silo,சாலாணிமேல பாரு தண்ணி அண்டா இருக்குது. | சாலுல தண்ணி ஊத்தி வையி. | சாலு நெறயண கம்பு இருக்குது.,,home_household | farming_livestock,,np | pm,
2238,சாலுக்குழி,,cālukkuḻi,,மிகப்பெரிய மிடாவான சாலில் தண்ணீர் நிரப்பி ஆடாமல் வைப்பதற்காகச் சிறிது உயர்ந்த மேடையில் அமைக்கப்படும் சிறுகுழி.,Depressed socket ring on a masonry pedestal to hold a water vessel securely,சாலுக்குழியில தண்ணி வடிஞ்சு கெடக்குது.,பெயர்ச்சொல்,home_household,,pm,
2239,சாலுக்குழித் தண்ணீர்,,cālukkuḻit taṇṇīr,,சாலில் தண்ணீர் எடுக்கும் போது வடிந்து சாலுக்குழியில் தேங்கி நிற்கும் தண்ணீர். இதைக் குழந்தைகள் குடித்தால் நெஞ்சு உரம்பெறும் என்பது நம்பிக்கை.,"Water dripping from water pot into pedestal hollow, traditionally believed to strengthen children",சாலுக்குழித் தண்ணியப் பையனுக்கு குடுக்கறதுதான.,பெயர்ச்சொல்,body_health | home_household,,pm,
2240,சாவக்கட்டு,,cāvakkaṭṭu,,சேவல் சண்டை | சேவல். சண்ட. | பந்தயக் கோழிச் சண்டை.,Cockfighting match; rooster battle,சாவக்கட்டுக்குப் போறதே இவனுக்கு வேலயாப் போச்சு | சாவக்கட்டுப்பாக்கப் போறம்.,பெயர்ச்சொல்,farming_livestock | human_behavior,,od | np | pm,
2241,சாவக்குஞ்சு,சேவற்குஞ்சு | சாவக் குஞ்சு,cāvakkuñcu,cēvaṟkuñcu | cāvak kuñcu,ஆண் கோழிக்குஞ்சு; சேவற் குஞ்சு.,Male chick / young cockerel,பொரிச்சதுல சாவக்குஞ்சு எத்தன இருக்குது பாரு.,பெயர்ச்சொல்,farming_livestock | nature_animals,சேவல் குஞ்சு என்பது கொங்கு வழக்கில் 'சாவக்குஞ்சு' எனப்படுகிறது.,od,
2242,சாவகாசம்,,cāvakācam,,சகவாசம். | மெதுவாக | உறவு,Leisurely; taking one's own sweet time | Acquaintance,அவனோட சாவகாசமே வெச்சுக்கக் கூடாது. | இப்பிடி சாவகாசமா வந்தா எப்பீடி | உன் சாவுகாசமே வேண்டாம்,பெயர்ச்சொல்,time_seasons | human_behavior,,np | pm,
2243,சாவகாசொமா,,cāvakācomā,,நேரங்கழித்து,Late; unhurriedly and at leisure,எங்க போயிட்டு இவ்வளவு சாவகாசமா வர்ற?,,time_seasons | speech_phrase,,np,
2244,சாவட்ட ஈர்,,cāvaṭṭa īr,,"எடுத்து நசுக்கினாலும் சாகாத, வெண்ணிறத்தில் மிகச் சிறிதாக மயிரோடு ஒட்டிக்கொண்டிருக்கும் இளம் பேன் பருவம்.",Tenacious tiny white nit (louse egg) adhering stubbornly to hair shafts,கோதுனாலும் வரமாட்டீங்குது. சாவட்ட ஈராப் புடிச்சிருக்குது.,பெயர்ச்சொல்,body_health,,pm,
2245,சாவடி,,cāvaṭi,,"இரவில் தங்குமிடம். பொதுமக்கள் போன்றோர் கூடுமிடம். | ( பேருந்து நிறுத்தம். மணியக்காரர் அலுவலம், ஊர்கூட்டம் நடக்கும் இடம் போன்ற ) பொது இடம்.",Village community hall or public pavilion where elders gather and travelers rest,எப்பப் பாத்தாலு சாவடிவியே படுத்துக் கெடப்பே. | சாவடியில என்ன இன்னைக்கு இத்தன கூட்டம்.,பெயர்ச்சொல்,place_direction | human_behavior,,np | pm,
2246,சாவுகாசம்,,cāvukācam,,சகவாசம்,Social relationship; association or contact,,,speech_phrase | human_behavior,,od,
2247,சாவை,,cāvai,,பாளையாகிப் போன நெற்கதிர்.,Empty blighted grain earhead devoid of kernels,வௌச்சலு ஒண்ணுமில்ல சாவையாப் போச்சு.,பெயர்ச்சொல்,farming_livestock,,pm,
2248,சாளேசரம்,,cāḷēcaram,,பார்வைக் குறைபாடு.,Cataract or progressive blurring of eyesight in the elderly,பாட்டிக்குக் கண்ணுல சாளேசரம் வந்திருச்சு.,பெயர்ச்சொல்,body_health,,pm,
2249,சாளேசுவரம்,,cāḷēcuvaram,,கண் பார்வை மங்குதல்.,Impaired vision; clouding of eyesight,கண்ணு சாளேசுவரமா யிருச்சி,,body_health,,np,
2250,சாளை,இரு வேறு பொருள்,cāḷai,iru vēṟu poruḷ,வீடு | வீட்டுக்கு வெளியில் தனியாக இருக்கும் சிறிய இடம் | பசீ மாவால் செய்யப்படும் ஒரு சதுர வடிவ அளமைப்பு. | துணைப் பயன்பாட்டிற்காக அமைக்கப்படும் கொட்டகை; சிறுவீடு; குடிசை.,Palm leaves woven shelter,காட்டுச்சாளை - தோட்டத்து வீடு | மாவ சான புடிச்சி வெய்யி. | மம்மட்டி சாளையில கெடக்கும் பாரு.,பெயர்ச்சொல்,home_household,,od | np | pm,
2251,சாறு,,cāṟu,,குழம்பு.,Broth; gravy; curry sauce,இன்னக்கி உங்கூட்டுல என்ன சாறு?,பெயர்ச்சொல்,food_cooking,,pm,
2252,சாறு வடிதல்,,cāṟu vaṭital,,முகத்தில் அழுக்கோடு சேர்ந்து வேர்வை வடிந்திருத்தல்.,Face streaked with sweat and grime from exhausting exertion,அவனோட மூஞ்சியில சாறு வடிஞ்சுக்கிட்டுக் கெடக்குது.,பெயர்ச்சொல்,body_health,,pm,
2253,சிக்கி,,cikki,,குழந்தைகள் விளையாட்டு.,A children’s traditional game.,கொழந்தைங்க சிக்கி வெளையாடுதுங்க பாரு.,பெயர்ச்சொல்,speech_phrase | human_behavior,,np,
2254,சிக்கு,சிக்குதல்,cikku,cikkutal,1 . எண்ணெய் கெட்டுப்போனதால் வரும் நாற்றம் . 2. தலை மயிர் ஒன்றோடு ஒன்று சேர்ந்து முறுக்கிக் கொள்ளுதல் . | மாட்டிக் கொள்ளுதல்(1) | கிடைத்தல்.(2) | பின்னிக்கொள்ளுதல்.,Rancid stale oil smell | Tangled knot of hair | Getting trapped or caught,இது சிக்கு புடுச்ச எண்ணெய். | மயிரு சிக்கு உழுந்திருச்சு. | ஆளு வசமாச் சிக்கிக்கிட்டான். | மைகோதியத் தேடித்தேடி இப்பத்தான் சிக்குச்சு. | தலையில முடி சிக்கு உளுந்துருச்சா?,பெயர்ச்சொல்,food_cooking | body_health | action_verbs,Additional word types: வினைச்சொல்,np | pm,
2255,சிக்குனெ,,cikkuṉe,,சிக்கிக் கொண்டாய் எனில்.,If you get caught; if trapped,நீ சிக்குனெ சின்னா பின்னமாய்ருவெ.,,speech_phrase | action_verbs,,np,
2256,சிங்கலாட்டம்,,ciṅkalāṭṭam,,தீச்செயல்.,Nefarious activity; wicked malicious mischief,அவம் பண்ற சிங்கலாட்டம் ஆருக்குத் தெரியாத கெடக்குது.,பெயர்ச்சொல்,human_behavior,,pm,
2257,சிங்கியடி,,ciṅkiyaṭi,,அடிப்படைத் தேவைகளுக்கு மிகவும் சிரமப்படுதல்.,Struggling bitterly for basic survival and money,காசுக்கு சிங்கியடிக்க வேண்டியதா இருக்குது.,,human_behavior | speech_phrase,,np,
2258,சிட்டாள்,,ciṭṭāḷ,,வேலைக்கு உதவி செய்யும் சிறுவன் / சிறுமி.,Young helper boy or girl assisting senior masons or laborers,எட்டாளு வேலய ஒரு சிட்டாளு செய்யுமாம்.,பெயர்ச்சொல்,human_behavior | farming_livestock,,pm,
2259,சிட்டி மூங்கில்,,ciṭṭi mūṅkil,,கனமும் வலுவும் கொண்ட குட்டையான மூங்கில்.,"Short, thick and sturdy dwarf bamboo used for rafters",சிட்டி மூங்கலாப் பாத்துக் கூரைக்குப் போடு.,பெயர்ச்சொல்,nature_animals | home_household,,pm,
2260,சிடுமூஞ்சி,,ciṭumūñci,,முகத்தை எ.ப்போதும் கோபமாக வைத்திருத்தல்,Grumpy-faced person; sourpuss wearing a perpetual scowl,எங்கேயோ சிடுமூஞ்சியா இருக்கறாம்பா.,,human_behavior,,np,
2261,சிண்டு மூட்டுதல்,,ciṇṭu mūṭṭutal,,சண்டை மூட்டி விடுதல்.,Stirring up quarrels between friends or family,அவனொரு சிண்டுமூட்டி.,,human_behavior | speech_phrase,,np,
2262,சித்த,சித்தை,citta,cittai,சிறிது. | சிறிது நேரம்,A little bit; a short while,சித்த நேரம் பொறுடா.,பெயர்ச்சொல்,measure_units | time_seasons,,pm | od,
2263,சித்தநேரொ,,cittanēro,,சிறிது நேரம்.,For a short while; a little time,சித்தநேரொம் பொறு அப்புறம் போலா.,,time_seasons,,np,
2264,சித்தப்பங் கூட்டொ,,cittappaṅ kūṭṭo,,சித்தப்பாமார்கள்.,Paternal uncles' family lineage / cousins,அவுங்கெல்லா எங்ஙிகொ சித்தப்பங் கூட்டந்தானுங்கோ.,,kinship,,np,
2265,சித்தப்பொ,,cittappo,,அப்பாவின் தம்பி.,Father's younger brother (paternal uncle),சித்தெப்பெ வட்டுக்குப் போயிட்டு வந்தெ.,,kinship,,np,
2266,சித்தப்பொறுத்து,,cittappoṟuttu,,சிறிது நேரம் கழித்து.,After waiting a short while; shortly later,சித்தப்பொறுத்து போலாம் பொறு.,,time_seasons | speech_phrase,,np,
2267,சித்தபிரம,,cittapirama,,தன்னிலை மறத்தல்.,Dazed state; absentmindedness or frenzy,சித்தபிரம புடிச்சவனாட்ட இருக்குறாம் பாரு.,,body_health | human_behavior,,np,
2268,சித்தாலச் சுவர்,,cittālac cuvar,,சுற்றுச் சுவர் ( காம்பவுண்ட் சுவர் ).,Outer perimeter boundary wall; compound wall of a house,சித்தாலச் செவரு கட்டீட்டாத்தான் ஊடு அந்துசா இருக்கும்.,பெயர்ச்சொல்,home_household | place_direction,,pm,
2269,சித்துவடைக் கோழி,,cittuvaṭaik kōḻi,,சிறிய நாட்டுக்கோழி.,Small indigenous native country fowl,,,farming_livestock | nature_animals,,np,
2270,சித்தெமுன்னாடி,,cittemuṉṉāṭi,,சிறிது நேரத்திற்கு முன்பு.,Just a moment ago; a short while back,சித்தெ முன்னாடிதெ கெளம்பிப் போனாரு.,,time_seasons | speech_phrase,,np,
2271,சிந்தாமெ,,cintāme,,காக்க. எறயாம.,Without spilling; without shedding grains,,,action_verbs | speech_phrase,,np,
2272,சிந்திடாம,,cintiṭāma,,உதிராமல்/கீழே கொட்டாமல்,Without dropping or spilling down,அரிசி சிந்தாம அள பார்க்கலாம்,,speech_phrase | action_verbs,,od,
2273,சிந்து கள்ளன்,,cintu kaḷḷaṉ,,ஒன்றும் தெரியாதவன் போல் நடிக்கும் விபரமானவன்.,Sly fox playing dumb; crafty rogue pretending to be an innocent fool,இவன் ஒன்னுந் தெரியாத சிந்து கள்ளன்டா.,பெயர்ச்சொல்,human_behavior,,pm,
2274,சிந்துகள்ளி,,cintukaḷḷi,,ஒன்றும் தெரியாதவள் போல் நடிக்கும் விபரமறிந்த பெண்.,Cunning woman playing innocent; deceptively shrewd woman,அட்டா. சிந்து கள்ளிக்கு ஒண்ணுந் தெரியாது போ.,பெயர்ச்சொல்,human_behavior,,pm,
2275,சிப்பிக்கோடாலி,,cippikkōṭāli,,இலை தழைகளை வெட்ட உதவும் கருவி.,Small axe or billhook used for trimming leafy tree branches,,,home_household | farming_livestock,,np,
2276,சிம்பிட்டு,,cimpiṭṭu,,கோபத்தில் கத்துதல்,Screaming shrilly in sudden anger,ஏ அவன இப்பீடிச் சிம்புற.,,speech_phrase | human_behavior,,np,
2277,சிம்பு,சிம்புதல்,cimpu,cimputal,கோபத்தில் அதிரக் கத்துதல் . | பட்டிக்குடிசை போன்றவற்றில் மேல்பாகம் கட்டப்பயன்படும் வளைதல் தன்மையுடைய சிறுகுச்சி .(1) | புகையிலைக் கொழுந்து.(2),Yelling piercingly | Pliant thin bamboo wattle stick | Tender tobacco shoot,"இப்ப என்ன நடந்திருச்சு, இப்படிச் சிம்பற. | இன்னம் ரண்டு சிம்புவெச்சு நல்லாக் கட்டு, | ஒரு சிம்பு கிள்ளிக்குடு.",வினைச்சொல்,speech_phrase | home_household | nature_animals,Additional word types: பெயர்ச்சொல்,pm,
2278,சிம்மாடு,சும்மாடு,cimmāṭu,cummāṭu,தலைப்பாகை | கனமான பொருளை தலையில் வைக்கும் போது வலி ஏற்படாமல் இருக்க துணியை வட்டமாக சுருட்டி வைப்பது,A towel or cloth folded like donut to carry pots on head,தலைப்பாகையில் இருந்து சற்று வேறுபட்டது. ஏதேனும் பொருளை தலையில் சுமக்கும் போது நழுவி விடாமல் இருப்பதற்காக துணியைச் சுற்றி வைப்பது | சும்மாட தலக்கி வச்சு எடுத்துட்டுப் போ.,,farming_livestock | dress_accessories,,od | np,
2279,சில்,,cil,,கருப்பட்டி எண்ணிக்கையில் ஒன்று.,Individual round cake of palm jaggery (karuppatti),கருப்பட்டி ஒரு சில் எவ்வளவு.,பெயர்ச்சொல்,measure_units | food_cooking,,pm,
2280,சில்லாந்தட்டியா,,cillāntaṭṭiyā,,ஓடுஞ்சுளுவா.,Broken into splintered shards; shattered easily,,காண்க,home_household | speech_phrase,,pm,
2281,சில்லி மூஞ்சி,,cilli mūñci,,கோபமும் எரிச்சலும் வெளிப்படும் முகம்.,"Irritated, scowling countenance showing peevish annoyance",எதுக்கெடுத்தாலும்இப்படி சில்லி மூஞ்சியக் காட்டாத.,பெயர்ச்சொல்,human_behavior,,pm,
2282,சில்லுமூஞ்சி,,cillumūñci,,மு கத்தில் கோபத்தையும் ஏரிச்சலையும் காட்டுதல்.,Ill-tempered person showing angry facial expressions,சில்லு மூஞ்சியப் பாத்துட்டுப் போனா விளங்கின மாதிரிதான்.,,human_behavior,,np,
2283,சிலாக்கியம்,,cilākkiyam,,ஒத்துவராத.,Incompatible; unworkable; unsuitable compromise,இந்தொ சிலாக்கியம் சேற வேலயெல்லா வேண்டா.,,human_behavior | speech_phrase,,np,
2284,சிலுப்பு,சிலுப்புதல்,ciluppu,cilupputal,"தயிர் கடைதல் | அணைத்தல், (தயிர் கடைதல்). உடலை ஆட்டுதல். | ( தயிர் கடைதல், உடலை ஆட்டுதல் போன்ற பொருளில் வரும் ) அசைத்தல்.",Churning curd into buttermilk; shaking body vigorously,இந்த சீறப்பு சிலுப்புற. | மோர் சிலுப்பீட்டியா. | உடம்ப இந்தச் சிலுப்புச்சிலுப்பறா.,வினைச்சொல்,action_verbs | food_cooking,,od | np | pm,
2285,சிலுவாடு,சிறு வாடு,ciluvāṭu,ciṟu vāṭu,சிறு சேமிப்பு | இனாம்.,Secret nest-egg savings | Inam tip or customary festive gratuity,நோம்பீன்னாப் போதும். இந்த ஆளுவ சிலுவாட்டுக்கு வந்தர்றானுவ.,பெயர்ச்சொல்,measure_units | human_behavior,,od | pm,
2286,சிலுவாடுன்னு நெனச்சியா,,ciluvāṭuṉṉu neṉacciyā,,சாதாரண மான ஆள் என்று நினைத்தாயா.,Did you think I was an ordinary lightweight person?,,,speech_phrase | human_behavior,,np,
2287,சிலுவாணொ,,ciluvāṇo,,சில்லறைக் காசுகள்.,Small loose change; coins,சிலுவாணாமிருந்தாக் குடு அப்புறந்தாற.?,,measure_units | home_household,,np,
2288,சிவனேன்னு,,civaṉēṉṉu,,எதிலும் தலையிடாமல்.,Minding one's own business peacefully without meddling,தானே சிவனேன்னு கெடக்குற என்னப் போயி வம்பிழுக்காத.,,human_behavior | speech_phrase,,np,
2289,சிவனை,,civaṉai,,(குருவி போன்ற மிகச் ) சிறு பறவைகள்.,Tiny chirping songbirds or sparrows,சிவனரவுசே பொறுக்க முடியல.,பெயர்ச்சொல்,nature_animals,,pm,
2290,சிறுசு,,ciṟucu,,சிறிய.,Small; miniature; young one,இது ரொம்ப சிறுசா இருக்குது.,,measure_units,,np,
2291,சிறுசெலவு,,ciṟucelavu,,"கடுகு, சீரகம், மிளகு முதலிய சமையலுக்கான சிறு பொருட்கள்.","Spices and pantry essentials (mustard, cumin, pepper) bought in small amounts",சந்தைக்குப் போனா சிறு செலவாச்சும் வாங்கிட்டு வரலாம்.,பெயர்ச்சொல்,food_cooking | home_household,,pm,
2292,சிறுநாக்கு,,ciṟunākku,,தொண்டைப் பகுதியில் நாக்கு போல் சிறிதாக இருக்கும் பகுதி.,Uvula; swelling of the uvula causing sore throat,சிறுநாக்கு வளந்திடுச்சாட்டம் இருக்குது. தொண்ட வலிக்குது.,பெயர்ச்சொல்,body_health,,pm,
2293,சிறுமைக்கூத்து,,ciṟumaikkūttu,,நான்கைந்து பேர் சேர்ந்து கலகலப்பாகப் பேசும் சிரிப்புப் பேச்சு.,Lively bantering chatter and hilarious joking among friends,அவங்கெல்லாம் சேந்துட்டா ஒரே சிறுமக் கூத்துத்தாம்போ.,பெயர்ச்சொல்,human_behavior | speech_phrase,,pm,
2294,சிறுவத்து,,ciṟuvattu,,குட்டையான கால்களையுடைய ( கோழி ).,Short-legged fowl breed,சிறுவத்துக் கோழியாப்போச்சு.,பெயர்ச்சொல்,farming_livestock | nature_animals,,pm,
2295,சிறுவாடு,,ciṟuvāṭu,,கணவனுக்கு தெரியாமல் மனைவி சேர்க்கும் பணம்.,Secret stash of pocket savings kept hidden by a homemaker,சிறுவாடா சேத்து வச்செப் பணத்தையெல்லா தொலச்சிட்டு வந்து நிக்கிறியே.,,home_household | human_behavior,,np,
2296,சின்னப்படு,சின்னப்பட்டு | சின்னப்படுதல் | சின்னப்படோனு,ciṉṉappaṭu,ciṉṉappaṭṭu | ciṉṉappaṭutal | ciṉṉappaṭōṉu,தொடர்ச்சியாக துன்பப் படுதல். | தொடர்ச்சியாகத் துன்பப்படுதல்.,Suffering prolonged tribulations and endless hardships | Undergoing relentless misery and degradation | Must endure hardship; suffering endless troubles,சின்னப்பட்டு சீப்பட்டு போய்ட்டான். | இவனக் கட்டிக்கிட்டு போதும் போதுங்கிற அளவுக்குச் சின்னப்பட்டாச்சு.,,human_behavior | body_health | speech_phrase,காண்க: சின்னப்பட்டு,np | pm,
2297,சின்னரேசு,,ciṉṉarēcu,,மிக எளிதில்.,Easily; lightly or without a fight,அவங்க சின்னரேசுல உடமாட்டாங்க.,வினைச்சொல்,speech_phrase | human_behavior,,pm,
2298,சின்னாத்தா,,ciṉṉāttā,,பாட்டியின் தங்கை,Maternal grandmother's younger sister (great-aunt),சின்னாத்தா வட்டுல இன்னிக்கி சாமி கும்புடறாங்கோ.,,kinship,,np,
2299,சின்னாளு,,ciṉṉāḷu,,சிட்டாள்.,Assistant youth / boy laborer on farm or construction,,காண்க,human_behavior | farming_livestock,,pm,
2300,சின்னுக்கோழி,,ciṉṉukkōḻi,,சிறிய புள்ளிகளை உடைய கோழியினம்.,Speckled native chicken with fine dot patterns,,,farming_livestock | nature_animals,,np,
2301,சினாவு,கெனாவு,ciṉāvu,keṉāvu,கனவு,Dream (dialectal for kanavu),,,speech_phrase | human_behavior,,od,
2302,சினுக்கு,,ciṉukku,,கதவை தாள் போடுதல். | நூலோ கயிறோ பிரித்தெடுக்க முடியாதபடி மாட்டிக்கொள்ளும் சிக்கல்.,Tangle in thread or cord that cannot be undone | Bolting a door latch,கதவ சினுக்குப் போட்டியா. | சினுக்கு உழுந்திருச்சு எடுக்கமுடியமாட்டீங்குது.,பெயர்ச்சொல்,home_household | action_verbs,,np | pm,
2303,சீக்கடி,,cīkkaṭi,,கொசுக்கடி,Mosquito bite,,,nature_animals | body_health,,od,
2304,சீக்காடி,,cīkkāṭi,,கொசு.,Mosquito; midge insect,மழகாலத்துல சீக்காடி எங்கிருந்து தான் வருமோ.,பெயர்ச்சொல்,nature_animals,,pm,
2305,சீக்காளி,,cīkkāḷi,,நோயாளி.,Sickly person; chronic invalid,அவனே சீக்காளி அவங்கிட்ட போயி வம்பிழுக்குறெ.,,body_health | human_behavior,,np,
2306,சீக்கு,,cīkku,,நோய்,Disease; illness,அவனுக்கு சீக்கு வுந்து ஆஸ்புத்திரிபில இருக்குறான்.,,body_health,"பாலக்காடு மலையாளத்தில் சீக்கு (chīkku in Palakkad Malayalam) - நோய் | வேர்ச்சொல்: சீக்கு, சீத்தை - அழுக்கு, அசுத்தம்",od | np,
2307,சீச்சீனு,,cīccīṉu,,சீச்சீனு முடிஞ்சது,Finished off miserably / ruined completely,,,speech_phrase | human_behavior,,np,
2308,சீசா,,cīcā,,பாட்டில் | கண்ணாடி குடுவை.,Glass flask or bottle for storing liquids,சீசால சீமையெண்ணே இருக்குது.,,home_household,,od | np,
2309,சீடை,சேடை,cīṭai,cēṭai,அரிசி மாவால் செய்யப்படும் சிறிய சிறிய உருண்டைகளான இனிப்பு | உழும் முன் நிலத்தைப் பண்படுத்தப் பாய்ச்சும் நீர். | காண்க: சீடை.,Seedai (crisp fried rice flour snack balls) | Pre-sowing field soaking irrigation,நேத்தே சீட. பாச்சாச்சு.,பெயர்ச்சொல்,food_cooking | farming_livestock,,od | pm,
2310,சீடை கட்டுறது,சீடைகட்டுதல் | சீடை கட்டுதல் | சேடை கட்டுறது,cīṭai kaṭṭuṟatu,cīṭaikaṭṭutal | cīṭai kaṭṭutal | cēṭai kaṭṭuṟatu,பயிர்களுக்கு அல்லது நிலத்தை உழுவதற்கு முன் பாத்தி கட்டி நீர்பாய்ச்சுதல்; நிலத்தில் நீர் தேங்குமாறு வரப்பு அமைத்து நீர் விடுதல்.,Channeling and irrigating water into fields by forming bunds/furrows before plowing,காட்டுக்கு சீடை கட்டி தண்ணி பாய்ச்சிட்டு வா.,வினைச்சொல்,farming_livestock | action_verbs,கொங்கு வேளாண்மை வழக்கில் நிலத்திற்குப் பாத்தி அமைத்து நீர்பாய்ச்சுவதைக் குறிக்கும் சொல்.,od,
2311,சீடைபாய்ச்சல்,,cīṭaipāyccal,,நீரைப் பாய்ச்சும் முறை.,A method of channeling / irrigating water into fields.,காட்டுக்கு சீடைபாய்ச்சல் விட்டாச்சு.,பெயர்ச்சொல்,farming_livestock,,np,
2312,சீண்டரம்,,cīṇṭaram,,குளிக்காமல் அமுக்குப் பிடித்துத் திரிதல்.,Roaming filthy and unwashed with dried dirt and sweat,எங்கியோ சீண்ட்ரம் புடிச்சவனோடருக்குது.,,human_behavior | body_health,,np,
2313,சீத்தக்கொடி,,cīttakkoṭi,,ஒரு வகைக் கொடி,A wild creeper plant species,காட்டுல சீத்தக்கொடி படந்து கெடக்குது.,பெயர்ச்சொல்,nature_animals,,pm,
2314,சீதளம்,,cītaḷam,,மரப் பொந்துகளில் வாழும் வெண்மை நிறம் கொண்ட ஒருவகை எட்டுக்கால் விஷப் பூச்சி.,Venomous white eight-legged spider/insect dwelling in tree hollows,சீதளம் தீண்டுனா நொங்கும் நுரையும் தள்ளி செத்துருவோம்டா.,பெயர்ச்சொல்,nature_animals,,pm,
2315,சீந்து,சீந்துதல்,cīntu,cīntutal,கண்டு கொள்ளுதல்.,Paying heed to; acknowledging or bothering about someone,என்னய எந்த நாயி சீந்துது.,வினைச்சொல்,human_behavior | speech_phrase,,pm,
2316,சீப்படு,சீப்படுதல்,cīppaṭu,cīppaṭutal,அளவற்ற துன்பங்கள் அனுபவித்தல்.,Enduring untold miseries and humiliation,இன்னம் எத்தன காலத்துக்கு இப்பிடிச் சீப்படோனுமோ.,வினைச்சொல்,human_behavior | body_health,,pm,
2317,சீப்பம்பால்,,cīppampāl,,சீம்பால்,Colostrum milk (first milk from freshly calved cow),,,food_cooking | farming_livestock,,od,
2318,சீப்பை,,cīppai,,"பனங்கொட்டைகளை மண்ணில் புதைத்து வைத்து குறிப்பிட்ட நாட்களுக்குப் பிறகு, வெளியில் எடுத்தால் நடுவில் வெள்ளையாக இனிப்பானதாக நுங்கு மாறியிருக்கும்",Sweet spongy cotyledon inside sprouted palmyra seed (nungu seed kernel),,,food_cooking | farming_livestock,,od,
2319,சீபடு,,cīpaṭu,,தொடர்ச்சியாக துன்பப் படுதல்.,Suffering unending hardship and degradation,சின்னப்பட்டு சீப்பட்டு போய்ட்டான்.,,human_behavior | speech_phrase,காண்க: சின்னப்பட்டு,np,
2320,சீம்பால்,,cīmpāl,,"மாடு, எருமை முதலிய கன்று ஈன்றவுடன் முதலில் சுரக்கும் பால்.",Colostrum milk produced by cattle immediately after calving,மாட்டுச் சீம்புக் கடிச்சா உடம்புக்கு சூடு.,,food_cooking | farming_livestock,,np,
2321,சீம்பு,,cīmpu,,"மாடுகள் கன்று ஈன்ற பிறகு மூன்று நாட்களுக்கு கெட்டியாக வரும் பாலில் இருந்து செய்யப்படும் இனிப்பு. உப்பும் சேர்க்கலாம் | மாடு, எருமை முதலியவை ஈன்றவுடன் வரும் பாலைக் கறந்து , இனிப்புப் பொருட்கள் சேர்த்து வேகவைத்துப் பெறப்படும் பண்டம் .(1) | முளைப்பு வந்த பனங்கொட்டையின் உள்ளிருக்கும் (தின்னப் பயன்படும் ) மாவுப் பொருள் .(2)",Steamed colostrum milk pudding cake | Spongy sprout inside germinated palmyra nut,மாடு கன்னு போட்டிருக்குது. சீம்பு தின்னு பாருங்க. | ரண்டு பனங்கொட்ட புடுங்கியா. சீம்பு திங்கலாம்.,பெயர்ச்சொல்,food_cooking | farming_livestock,,od | pm,
2322,சீம எலத்தை,,cīma elattai,,உயர் ரக சதைப்,High-yielding exotic ber/jujube fruit tree variety,,,nature_animals | food_cooking,,np,
2323,சீமகத்தரிபழம் பதில்கள்,,cīmakattaripaḻam patilkaḷ,,தக்காளி,Tomato (Seemai kathirikkai),,,food_cooking | nature_animals,,od,
2324,சீமத்தண்ணி,,cīmattaṇṇi,,மண்ணெண்ணெய் (சீமைத் தண்ணீர்).,Kerosene,லாந்தர் விளக்குக்கு சீமத்தண்ணி ஊத்தி வை.,பெயர்ச்சொல்,home_household,பொருள் உறுதிப்படுத்தப்படவில்லை (AI உருவாக்கம்) · Meaning not verified (AI generated),od,
2325,சீமதரய்,,cīmataray,,வெளிநாட்டு நரய்வகை.,Foreign dog breed,சீழநாய புடிச்சுக் கட்டி ணைப்மி! கடிச்சீரப் போவுது.,,nature_animals,,np,
2326,சீமநாய்,,cīmanāy,,வெளிநாட்டு நாய் வகை; சீமை நாய்.,Exotic or foreign pedigree dog breed,சீமநாய வளத்தரதுன்னா சும்மாவா.,பெயர்ச்சொல்,nature_animals,,pm,
2327,சீமாட்டி,,cīmāṭṭi,,பணக்காரப் பெண்.,Wealthy noblewoman; aristocratic lady,சீமாட்டி மாதிரி ஊர்வலம் போறாங்க.,,human_behavior,,np,
2328,சீமாத்துக்குச்சி,,cīmāttukkucci,,ஈர்க்க மாறு (விளக்குமாறு) | விளக்குமாறு (தென்னைமர குச்சியில் செய்தது) | விளக்குமாறு,Coconut leaf rib broomstick,"வீட்டுக்கு வெளியில் கூட்ட, பெருக்க பயன்படும்",,home_household,காண்க: ஈக்கமாறு,np,
2329,சீமாறு,சீவமாரு | சீவக்கட்டை | சீவக்கொட்டை | சீவகட்டை | சீமாரு,cīmāṟu,cīvamāru | cīvakkaṭṭai | cīvakkoṭṭai | cīvakaṭṭai | cīmāru,விளக்குமாறு | சீவல்கட்டை- துடைப்பம் | தென்னை ஓலையிலிருந்து பிரித்து எடுக்கப்படும் குச்சியில் செய்யப்பட்ட துடைப்பம். | நெற்பயிர்களை தாக்கும் நோய். | நெற்பயிரை வளரவிடாமல் தாக்கும் நோய் .(1) | வீடு கூட்டும் துடைப்பம் .(2) | வீடு சுத்தம் செய்யும் துடைப்பம்.,Broom made of coconut frond rib sticks | Rice blast disease,"சீமாத்த எடுத்து அடிச்சுப்புடுவன். | சீவக்கட்டே தாக்கி பயிரு காஞ்சு போச்சு. | இந்த வயல்ல சீவக்கட்ட தாக்கீடுச்சு. | சீவக்கட்டய எடுத்தா, ஊடு கூட்டலாம். | அந்தச் சீமாத்த எடுத்துக் கூட்டு.",பெயர்ச்சொல்,home_household | farming_livestock,,od | np | pm,
2330,சீமிலெ இல்லாதெ,,cīmile illāte,,உலகத்தில் இல்லாத.,Unheard of anywhere in the world; bizarrely extraordinary,சீமிலெ இல்லாததெ கண்டுபடிச்ச மாதிரி பேசறதப்பாரு.,,speech_phrase | human_behavior,,np,
2331,சீமெண்ணெப்பூடு,,cīmeṇṇeppūṭu,,ஆடுகள் தின்னாத ஒருவகைப் பூண்டு.,Strong-smelling weed rejected by goats due to kerosene-like odor,சீமெண்ணெப் பூட்டுல உடு. மேயட்டும்.,பெயர்ச்சொல்,nature_animals | farming_livestock,,pm,
2332,சீமெண்ணெய்,சீமெண்ணை | சீமை எண்ணெய்,cīmeṇṇey,cīmeṇṇai | cīmai eṇṇey,மண்ணெண்ணெய். | மண்ணெண்ணெய் | மண்ணெண்ணெய் (சீமைத் தண்ணீர்).,Kerosene | kerosene,கூப்பன் கடையில சீமெண்ண ஊத்தறாங்களா.,பெயர்ச்சொல்,home_household,,pm | od,
2333,சீமெயோடு,,cīmeyōṭu,,வெளிநாட்டு ஐடு.,Mangalore machine-pressed roof tile,சீமெயோட்டே வட்டுக்கு மேயோனு.,,home_household,,np,
2334,சீமை ஓடு,,cīmai ōṭu,,செவ்வக வடிவ மங்களூர் ஓடு; ஆலையில் செய்யப்படும் தட்டையான கூரை ஓடு.,Mangalore roof tile / factory-made clay tile,சீமை ஓடு வேஞ்ச வீடு பாக்க எடுப்பா இருக்கும்.,பெயர்ச்சொல்,home_household,,od,
2335,சீமை மாடு,சீமமாடு,cīmai māṭu,cīmamāṭu,வெளிநாட்டு மாடு வகை. | வெளிநாட்டு மாட்டுவகை; சீமை மாடு,"Exotic crossbred dairy cattle (e.g. Jersey, Holstein)",சீமை மாடு வெயில்லக் கண்டா தாங்காது. | சீமமாடு வெய்யிலுக்குத் தாங்காது.,பெயர்ச்சொல்,farming_livestock,,np | pm,
2336,சீமைக்கருவை,சீமக்கருவை,cīmaikkaruvai,cīmakkaruvai,வெளிநாட்டிலிருந்து கொண்டு வரப்பட்ட மரம். | வெளிநாட்டிலிருந்து கொண்டு வரப்பட்ட விறகுக்குப் பயன்படும் மரம்; வேலிக்கருவை.,Prosopis juliflora; invasive mesquite tree used for firewood,சீமைக் கருவேலாம் விறகு நல்லா எரியும். | சீமக்கருவேல மரத்த வெட்டி எறி.,பெயர்ச்சொல்,nature_animals | farming_livestock,,np | pm,
2337,சீமைச் சரக்கு,,cīmaic carakku,,கள்ளச் சாராயம்.,Illicit distilled country liquor / foreign liquor,,,food_cooking,,np,
2338,சீமைச் சாராயம்,சீமச்சாராயம்,cīmaic cārāyam,cīmaccārāyam,வெளிநாட்டு மது வகை. | வெளிநாட்டு மதுபான வகை.,Factory-distilled liquor or foreign liquor | Commercial distilled liquor; foreign spirits,கையில காசிருந்தா சீமச்சாரயம் குடிக்கலாம். | சீமைச் சாராயங் குடிச்சுக் குடிச்சு பய ரொம்பச் கெட்டுப் போனான்.,பெயர்ச்சொல்,food_cooking,,pm | np,
2339,சீர்,,cīr,,பனைமரத்தில் முதலாவதாக வரும் பாளை.,The very first flower spathe emerging on a palmyra palm tree,ரண்டு பனையில சீர் வந்திருக்குது.,பெயர்ச்சொல்,nature_animals | farming_livestock,,pm,
2340,சீர்காரரு,,cīrkāraru,,காண்சு. அருமக்காரரு.,Auspicious elder officiating Kongu wedding customs (Arumaikaarar),,,festival_religion | kinship,,np,
2341,சீர்தண்ணீர்,,cīrtaṇṇīr,,கொங்குத் திருமணச் சடங்குகளில் ஒன்று.,One of the traditional Kongu wedding rituals involving holy water.,சீர்தண்ணீர் ஊத்த ஏற்பாடு பண்ணுங்க.,பெயர்ச்சொல்,festival_religion,,np,
2342,சீர்றிஞ்சு,,cīrṟiñcu,,கெட்டுப் போதல்,Ruined; decayed or degraded,அவஞ் சீர்ழிஞ்சப் போம்ட்டான்.,,action_verbs | human_behavior,,np,
2343,சீரணம்,,cīraṇam,,மரத்தில் துளையிட உதவும் கருவி.,Wood auger or gimlet drill for boring holes in timber,சீரணத்த எடுத்தா. இதுல ஒரு ஓட்ட போடோனும்.,பெயர்ச்சொல்,home_household,,pm,
2344,சீரழி,சீரழித்தல்,cīraḻi,cīraḻittal,நிலைகுலைதல் | சிறப்புக் கெட்டுத் துன்பப்படுதல்.,Becoming destitute and wandering in utter ruin,அங்கிங்கே அலைந்து சீரழியவேண்டாம் | அவனோட எத்தன நாளு சீரழியறது.,வினைச்சொல்,action_verbs | human_behavior,,od | pm,
2345,சீராட்டுதல்,,cīrāṭṭutal,,குழந்தை அல்லது உறவினர் மீது அதிக அன்பினைச் சிறப்பாகக் காட்டுதல்.,Pampering affectionately; showering loving care on children,கொழந்தயச் சீராட்டாம கெழவியவா சீராட்டு வாங்க.,வினைச்சொல்,human_behavior | kinship,,pm,
2346,சீராடிகிட்டு,,cīrāṭikiṭṭu,,மனைவி கணவனிடம் சண்டை கட்டிக் கொண்டு தாய் வீடு செல்லுதல்.,Sulking in marital discord and walking out to parents' home,சீராடிகிட்டு அம்மா ஊட்டுக்கு போயிட்டா.,,human_behavior | kinship,,np,
2347,சீராடுதல்,,cīrāṭutal,,கணவன் மனைவிக்குள்ளே வரும் சண்டையாலோ உறவினர்களுக்குள்ளே வரும் சண்டையாலோ கோபித்துக் கொண்டு பேசாமல் இருத்தல் (பெண்கள் தாய் வீட்டுக்குப் போய்விடுவதும் உண்டு).,Sulking and refusing to speak after a quarrel; wife leaving for natal home,ஏண்டா உம் பொண்டாட்டி சீராடிக்கிட்டுப் போனாளே திரும்பி வந்தாளா?,வினைச்சொல்,human_behavior | kinship,,pm,
2348,சீல,சீலெ,cīla,cīle,சேலை.,Saree (traditional woman's drape),சீலெ கூட கட்டத் தொலையா உனுக்கு.,,dress_accessories,,np | od,
2349,சீவக்காய்,,cīvakkāy,,சியக்காய் | தலைக்கு தேய்த்து குளிக்கும் தூள்.,Shikakai (Acacia concinna) pods powdered as natural herbal shampoo,,,body_health | home_household,,od | np,
2350,சீவக்கொட்டை,சீவக்கட்டை,cīvakkoṭṭai,cīvakkaṭṭai,விளக்குமாறு; தென்னங்குச்சி அல்லது ஈர்க்கினால் செய்யப்பட்ட துடைப்பம் (சீவக்கட்டை என்பதன் பேச்சு வடிவம்).,Broom made of coconut palm leaf ribs (same as cīvakkattai),சீவக்கொட்டைய எடுத்து வாசல பெருக்கு.,பெயர்ச்சொல்,home_household,கொங்கு வட்டார வழக்கில் சீவக்கட்டை (விளக்குமாறு) என்பது 'சீவக்கொட்டை' என்றும் வழங்கப்படுகிறது.,od,
2351,சீவனாத்தி,,cīvaṉātti,,ஜீவனாம்சம்; குழந்தைப் பேறு இல்லாமலே கணவனை இழந்துவிட்ட பெண்ணுக்கு கணவன் வீட்டார் கொடுக்கும் உதவித்தொகை.,Maintenance alimony / subsistence support given to a childless widow,அவளுக்குன்னு ஒரு கொழந்த இருந்தா சீவனாத்தி வாங்கிக்கிட்டுப் போம்பாங்களா.,பெயர்ச்சொல்,kinship | human_behavior,,pm,
2352,சீவனோபாயம்,,cīvaṉōpāyam,,வயிற்றுப் பிழைப்பு.,Livelihood; daily sustenance / breadwinning,சீவனோபாயத்துக்கே வழியில்லாம இருக்குதே.,,human_behavior,,np,
2353,சீறாட்டு,சீராட்டு,cīṟāṭṭu,cīrāṭṭu,கோபம்,Sulking departure of a married woman to her mother's home over a dispute,கட்டிக் கொடுத்து மூன்றுமாசம் கூட ஆகலை. அதுக்குள்ளே பிள்ளை சீறாடிட்டு வந்துவிட்டது | கட்டிக் கொடுத்து மூணுமாசம் கூட ஆகுல. அதுக்குள்ள புள்ள சீராடிட்டு வந்துடுச்சு,,human_behavior | kinship,மைசூரு கன்னடத்தில் சிட்டு (siṭṭu in Mysuru Kannada) - கோபம் | மலையாளத்தில் சீறுக (cīṟuka in Malayalam) - கோபித்தல்,od,
2354,சீன்றம்,,cīṉṟam,,"ஒழுங்கற்ற புதர் | ஒழுங்கற்றுப் புதர், சாக்கடை கழிவுகள் முதலிய வற்றால் குறிப்பிட்ட பகுதியில் சூழ்ந்திருக்கும் அசுத்தம்.",Overgrown tangled wasteland choked with brambles and sewage filth,இந்த எடத்தச் சுத்தம் பன்றதுதான சீன்றமாக் கெடக்குது.,பெயர்ச்சொல்,nature_animals | place_direction,,od | pm,
2355,சீனிப்புளிங்கா,,cīṉippuḷiṅkā,,கொடுக்காங்காய்.,Manila tamarind (Kodukkapuli fruit).,,பெயர்ச்சொல்,nature_animals | food_cooking,,np,
2356,சுக்கடா,,cukkaṭā,,மிகச் சிறிய பையன்.,Tiny little young lad; small kid,அவன் இன்னம் சுக்கடா என்ன தெரியும்.,பெயர்ச்சொல்,human_behavior | kinship,,pm,
2357,சுக்கிட்டி,,cukkiṭṭi,,மிகச் சிறிய பெண்.,Tiny petite little girl,சுக்கிட்டிக்கு அதுக்குள்ள என்னடா கலியாணம்.,பெயர்ச்சொல்,human_behavior | kinship,,pm,
2358,சுக்கு காபி,,cukku kāpi,,"சுக்கு, கொத்தமல்லி ஆகிவற்றை பொடி செய்து சுடுநீரில் சர்க்கரை கலந்து செய்யப்படும்",Dry-ginger and coriander brewed herbal coffee sweetened with jaggery,,,food_cooking | body_health,,od,
2359,சுக்குட்டிச்செடி,,cukkuṭṭicceṭi,,மணத்தக்காளிச் செடி.,Black nightshade plant (Solanum nigrum / Manathakkali),மழைக்கு சுக்குட்டிச்செடி பாரு எப்படி வளர்ந்திருக்குது. | சுக்குட்டிச்செடி நல்லா வளர்ந்திருக்குது.,பெயர்ச்சொல்,nature_animals | food_cooking,,np | pm,
2360,சுக்குப்பரி,,cukkuppari,,' கோகோ ' விளையாட்டு.,Traditional tag game / Kho-Kho style chasing game played by youth,இன்னக்கிச் சுக்குப்பரி வெளையாடலாமா.,பெயர்ச்சொல்,human_behavior,,pm,
2361,சுக்குள்,,cukkuḷ,,மனதில் இருப்பதை மறைத்துப் பேசும் பேச்சு.,Deceptive speech veiling one's true inner motives,சுக்குள் வெச்சுப் பேசறாம் பாரு.,பெயர்ச்சொல்,speech_phrase | human_behavior,,pm,
2362,சுங்கம்,,cuṅkam,,வேட்டி கட்டும் போது கொசுவம் போல விட்டுக்கட்டும் பகுதி.,Front decorative fold tucked into waist of a dhoti,சுங்கம் வெச்சு வேட்டி கட்டத் தெரிஞ்சால்ல.,பெயர்ச்சொல்,dress_accessories,,pm,
2363,சுங்கிடி,,cuṅkiṭi,,ஒரு வகை சேலை.,Sungudi printed cotton saree,சுங்கிடி சீலை கட்டிக்கிட்டு வற்றா பாரு,,dress_accessories,,np,
2364,சுட்டி,,cuṭṭi,,மிகச் சிறிய முகத்தலளவைக் கருவி (உழக்கு ).,Tiny traditional grain volume measuring cup (equal to an uzhakku),சுட்டியெடுத்து அளந்துபோடு.,பெயர்ச்சொல்,measure_units | home_household,,pm,
2365,சுட்டித் தலையன்,,cuṭṭit talaiyaṉ,,குறும்பு செய்யும் சிறுவன்.,"Mischievous, spirited young rascal",அந்தச் சுட்டித் தலையனப் பாத்துப் புடுச்சா. | சுட்டித் தலையன ஆளக் காணோம்.,பெயர்ச்சொல்,human_behavior,,pm | np,
2366,சுடுதண்ணி,,cuṭutaṇṇi,,வெந்நீர்.,Hot water; boiled water,சுடுதண்ணியெ கால்லெ ஊத்துனவனோட்டோ பறக்குறெ.,,food_cooking | home_household,,np,
2367,சுண்டப்பருப்பு,,cuṇṭapparuppu,,"முந்தைய நாள் வைத்த பருப்பை, இரண்டு அல்லது ஒரு நாள் கழித்தோ மீந்து போனால், அடுப்பில் நன்றாக சுண்ட வைத்து சாதத்துக்குப் பிசைந்து சாப்பிடுவர்",Thick simmered leftover dhal curry cooked down dry on low heat,,,food_cooking,,od,
2368,சுண்டல்,,cuṇṭal,,கொண்டைக்கடலை,Sundal (boiled seasoned chickpeas / legumes tossed with coconut),,,food_cooking,,od,
2369,சுண்டவெக்கறெது,,cuṇṭavekkaṟetu,,குழம்பை சுண்ட வைத்தல்.,Simmering down curry on fire until thick and reduced,,,food_cooking | action_verbs,,np,
2370,சுண்டறது,,cuṇṭaṟatu,,ஆட்காட்டி விரலை பெருவிரலால் மடக்கி பின் வேகமாய் விரித்தல்.,Flicking index finger off thumb sharply (flicking marble or coin),,,action_verbs,,np,
2371,சுண்டாச்சட்டி,,cuṇṭāccaṭṭi,,மீதமிருக்கும் குழம்பை ஊற்றி அடுப்பில் சுண்ட வைக்கும் மண்சட்டி. | மிஞ்சும் குழம்பை ஊற்றி அடுப்பில் சுண்ட வைக்கப் பயன்படும் சட்டி.,Earthen pot reserved for simmering leftover curry down into a thick relish,பழைய கொழம்பெ சுண்டாச் சட்டியில பாரு பழைய கொழம்பு இருக்கு. | மிச்சமிருக்கறத சுண்டாச்சட்டியில ஊத்தி வெய்யி.,பெயர்ச்சொல்,home_household | food_cooking,,np | pm,
2372,சுண்டுகாய்,,cuṇṭukāy,,மழை போதாமல் (நிலக்கடலை போன்றவை) முதிராமல் வற்றிப் போன காய்.,Shriveled immature pod/groundnut that failed to fill due to drought,நெறைய சுண்டுகாயாப் போச்சு.,பெயர்ச்சொல்,farming_livestock | nature_animals,,pm,
2373,சுண்டுகாரம்,,cuṇṭukāram,,"குழந்தை பிறந்ததும் தாய்க்கு சுக்கு,மிளகு போன்றவற்றை அறைத்துக் கொடுப்பது.",Spicy medicinal herbal paste of dry ginger and pepper fed to postpartum mothers,,,food_cooking | body_health,,np,
2374,சுண்டுகால்,,cuṇṭukāl,,நரம்புப்பிடிப்பால் காலை இழுத்து நடக்கும் நடை. | நரம்புப் பிடிப்பால் காலை இழுத்து நடத்தல்.,Stringhalt gait; hitching jerk of legs in cattle due to tendon stiffness,அந்தச் சுண்டுகால் எருமைக்கு டாக்டர் நரம்பு வெட்டோனும்னாரு? | சுண்டுகால் மாட்ட எதுக்கு வாங்கியாந்தெ?,பெயர்ச்சொல்,body_health | farming_livestock,,pm | np,
2375,சுண்டுவேர அம்மி,,cuṇṭuvēra ammi,,( சுண்டு வேரச் செலவுப் பொருட்களை அரைக்க உதவும் ) சிறு அம்மி.,Miniature grinding stone slab for grinding spices and herbal roots,சுண்டுவேர அம்மியில் ரண்டு மொளக வெச்சு நுணுக்கியா.,பெயர்ச்சொல்,home_household | food_cooking,,pm,
2376,சுண்டுவேரச் செலவு,,cuṇṭuvērac celavu,,"வால் மிளகு, கருஞ்சீரகம், கசகசா, சோம்பு பொருள்கள் சேர்ந்தது. இதனை அரைத்து ரசம் வைக்கப் பயன்படுத்துவர்.","Spices combination (cubeb, black cumin, poppy seeds, fennel) for medicinal rasam",சந்தைக்குப் போனவன் சுண்டுவேரச் செலவு வாங்கியார மறந்துட்டா,பெயர்ச்சொல்,food_cooking | body_health,,pm,
2377,சுண்ணாம்புக்காய்,,cuṇṇāmpukkāy,,சுண்ணாம்பு போட்டு வைக்கும் சிறு டப்பி.,Small brass or tin container for edible lime paste (sunnambu),சுண்ணாம்புக்காய எடுத்தா வெத்தலக்கி போடோணும்.,,home_household,,np,
2378,சுண்ணாம்புத் தெளுவு,,cuṇṇāmput teḷuvu,,பதநீர்,Sweet palm sap (padaneer) tapped using limed pots to prevent fermentation,சுண்ணாம்புத் தெளுவு இப்பயாருகட்டறா எல்லாம் கள்ளுத்தான்.,பெயர்ச்சொல்,food_cooking | farming_livestock,,pm,
2379,சுத்தப்படாது,,cuttappaṭātu,,சரிப்படடுவராது.,Will not work out; totally unacceptable or unfeasible,உங்கிட்டே பேசறது சுத்தப்படாது.,,speech_phrase | human_behavior,,np,
2380,சுத்தபத்தமா,,cuttapattamā,,சுத்தமாக.,Spotlessly clean and ritually pure,சுத்தபத்தமா இருந்தாத்தானெ ஆகு.,,home_household | festival_religion,,np,
2381,சுத்திப் போடு,சுத்திப்போடுதல்,cuttip pōṭu,cuttippōṭutal,"திருஷ்டி கழித்தல் | மிளகாய், தெரு மணை, கூர போன்றவற்றை எடுத்து திருஷ்டி சுற்றிப் போடுதல். | அளக்கும் படி ஒன்றில் தெரு மண் கூரை, ஓலை",Warding off the evil eye by waving chilies and embers around person,கொழந்திக்கி கண்ணுபட்ருக்குது சுத்திப் போடோணு. | சிறிது மிளகாய் போன்றவற்றைப் போட்டுத் திருஷ்டி கழிக்க உட்கார்த்தி வைத்துத் தலைக்கு மேல் சுத்திப்பின் தீயில் போடும் கண்ணேறு கழித்தல். | பையனுக்கு இன்னைக்காச்சும் சுத்திப் போடோனும்.,,festival_religion | human_behavior,,od | np | pm,
2382,சுத்துக் கூடைவுடு,சுத்துக் கூடைவுடுதல்,cuttuk kūṭaivuṭu,cuttuk kūṭaivuṭutal,"சுற்றுக்கூடை விடுதல். கல், குறுணை இவற்றைப் பிரிக்கத் தூற்றுக் கூடையின் உதவியால் சுற்றித் தூற்றுதல்.",Winnowing grain in circular swirling motions to segregate grit and chaff,நல்லா சுத்துக் கூடை உட்டுத் தூத்து.,வினைச்சொல்,farming_livestock | action_verbs,,pm,
2383,சுத்தொழவு,,cuttoḻavu,,வயலின் வடிவத்திற்கேற்ப முழுப்பகுதியையும் சேர்த்து உழும் உழவு முறை.,Comprehensive perimeter plowing enclosing the entire field contour,சுத்தொழவு போட்ரலாம். அப்பத்தான் சீக்கிரம் ஆவும்.,பெயர்ச்சொல்,farming_livestock,,pm,
2384,சுப்பை,,cuppai,,"( குச்சி, தோல் போன்ற ) சிறுவிறகு.","Dry twigs, sticks, and bark chips used as hearth firewood kindling",ரண்டு சுப்பைய அள்ளி வெய்யி நல்லா எரியும்.,பெயர்ச்சொல்,home_household | farming_livestock,,pm,
2385,சும்மாதாச்சிக்கி,,cummātāccikki,,விளையாட்டுக்காக சொல்லுதல்.,Just for fun; teasingly or jokingly,சும்மாதாச்சிக்கி சொன்னெ பெருசா எடுத்துகிட்டெ.,,speech_phrase | human_behavior,,np,
2386,சும,சுமை,cuma,cumai,704 வெற்றிலை கொண்ட ஓரு அடுக்கு. | 104 வெற்றிலை கொண்ட அளவுப் பெயர்.,Traditional bundle count of betel leaves (104 or 704 leaves),வெத்தல எத்தன சும ஆச்ச. | வெத்தல எத்தன சுமயாச்சு.,,measure_units | food_cooking,,np | pm,
2387,சுரத்து,,curattu,,உற்சாகம்.,Enthusiasm; zeal or active interest,என்னடா சுரத்தில்லாத பேசற.,பெயர்ச்சொல்,human_behavior,,pm,
2388,சுரப்பு,,curappu,,மாடு மடியில் பாலசுரத்தல்.,Lactation; let-down of milk in a cow's udder,சுரப்பே இல்லெ எப்பிடி பாலு கறக்குறது? | மடி சுரந்தாதான் பால் வரும்.,,farming_livestock | body_health,,np,
2389,சுரவை,,curavai,,"ஆடு, மாடுகளின் முலைக்காம்புகளில் பால் சுரந்து நிற்கும் நிலை.",Milking state when milk fills cattle teats ready for milking,சொரவ மாறிப் போறதுக்குள்ள பால் பீச்சு.,பெயர்ச்சொல்,farming_livestock,,pm,
2390,சுரவைமாறு,சுரவைமாறுதல்,curavaimāṟu,curavaimāṟutal,ஆடு மாடுகளின் முலைக்காம்புக்களில் பால் சுரந்து நிற்கும் நிலையில் உடனே கறக்கத் தொடங்கிவிட வேண்டும். சிறிது தாமதித்தாலும் அந்நிலை மாறிவிடுதல். ( பின்னர் பால் கறக்க இயலாது).,The critical window when cow withdraws milk if milking is delayed,கன்ன அவுத்துட்டுட்டுப் பேசிக்கிட்டிருந்தன். சொரவ மாறிப்போச்சு.,வினைச்சொல்,farming_livestock,,pm,
2391,சுருக்க,,curukka,,விரைவாக,Quickly; swiftly; concisely,சுருக்கச் சொல்றங் கேட்டுக்கோ.,,speech_phrase | action_verbs,,np,
2392,சுருக்காமுடி,,curukkāmuṭi,,இலகுவாக அவிழ்க்கும் படி போடும் முடிச்சு.,Slipknot; bow knot that unties smoothly with a gentle pull,சுருக்கா முடி போட்டுடு அப்பதெ அவுக்க சௌகரியமா இருக்கும்.,,home_household,,np,
2393,சுருக்குப்பை,,curukkuppai,,பெண்கள் இடுப்பில் சொருகிக் கொள்ளும் ( சுருக்கம் வைத்துத் தைத்த ) பணப்பை. | பெண்கள் இடுப்பில் சொருகிக் கொள்ள வசதியா சுருக்கம் வைத்துத் தைத்த பை.,Drawstring waist purse tucked into saree/dhoti to keep coins and betel nut,சுருக்குப்பையில் பணத்த வெச்சிக்கிட்டு என்ன பன்ற. எங்களுக்குத்தான் குடேன். | சுருக்குப் பையிலை பாரு வெத்தல யிருக்கு.,பெயர்ச்சொல்,dress_accessories | home_household,,np | pm,
2394,சுருள் கேப்பு,,curuḷ kēppu,,சுருட்டி வைக்கப்பட்டிருக்கும் சிறு பட்டாசு.,Roll cap (paper caps for toy gun),துப்பாக்கில போட்டு வெடிக்க சுருள்கேப்பு வாங்கிக் குடுத்திரு.,பெயர்ச்சொல்,home_household,,pm,
2395,சுருளித்தடி,,curuḷittaṭi,,இரும்புக் கம்பிகளால் இருபுறமும் சுற்றப்பட்ட கனமான தடி,Heavy cudgel or baton reinforced with coiled iron rings for protection,எதுக்கும் சுருளித்தடிய கையில வெச்சுக்க.,பெயர்ச்சொல்,home_household,,pm,
2396,சுழக்கெ,,cuḻakke,,ஒரு வகை எறும்பு.,Large stinging tree ant whose bite causes severe swelling,கழக்கே கடிச்சு இம்மாம் பெருசா தடிச்சிருச்சி.,,nature_animals,,np,
2397,சுழயார,,cuḻayāra,,முழுமையாக.,Wholly; in complete full measure without shortage,சுழயாரா கெடச்சா வெச்சுக்கோ.,,measure_units | speech_phrase,,np,
2398,சுழி,,cuḻi,,மாட்டுக் கன்றுகளுக்கு தலையில் இருக்கும் முடி | மாடு வாங்கும்போது அதன் உடம்பில் இருக்கும் நல்ல சுழிகளைப் பார்த்து வாங்குவர்.,Hair whorl pattern on head or body of cattle used to judge pedigree,இந்த மாடு சுழி சுத்தமா இருக்கு.,,farming_livestock,,od | np,
2399,சுழி சுத்தம்,,cuḻi cuttam,,"மாடு வாங்கும் போது, அதன் உடம்பில் இருக்கும் சுழிகளைப் பார்த்து வாங்குவர். நல்ல சுழிகளைக் கொண்ட மாடு சுழி சுத்தம்.",Flawless auspicious hair whorls on a cow or bull signifying prosperity,இது சுழி சுத்தம்டா.,பெயர்ச்சொல்,farming_livestock | festival_religion,,pm,
2400,சுள்ளாணி,,cuḷḷāṇi,,மரத்தால் செய்யப்படும் ஆணி.,Wooden trenail / peg driven as a fastener,ரண்டு சுள்ளாணி வெச்சு அடி.,பெயர்ச்சொல்,home_household,,pm,
2401,சுள்ளி,,cuḷḷi,,சிறு விறகுக் குச்சி.,Dry slender twigs collected for fuel | Bundle of dry twig firewood,ஒரு கத்த பொறுக்கியாந்தன். | சுள்ளி வெறகு ஐரு கத்தெ ஆச்சு.,பெயர்ச்சொல்,home_household | nature_animals | farming_livestock,,pm | np,
2402,சுள்ளி வெறகு,,cuḷḷi veṟaku,,சிறு விறகுக் குச்சி.,Bundle of dry twig firewood,சுள்ளி வெறகு ஐரு கத்தெ ஆச்சு.,,home_household | farming_livestock,,np,
2403,சுள்ளிபொறுக்கி,,cuḷḷipoṟukki,,சிறு விறகுக் குச்சி.,Gathering dry twig firewood / person who gathers twigs,சுள்ளி வெறகு ஐரு கத்தெ ஆச்சு.,,home_household | action_verbs,காண்க: சுள்ளி வெறகு,np,
2404,சுள்ளுன்னு,,cuḷḷuṉṉu,,வெயில் அதிகமாக இருக்கும்போது உடம்பில் உறைக்கும் வெப்பம்.,"Piercing, sharp stinging sensation of burning sunshine",வெயிலு சுள்ளுனு அடிக்குது.,,nature_animals | time_seasons,,np,
2405,சுள்ளெறும்பு,,cuḷḷeṟumpu,,சிவப்பும் வெளுப்பும் கலந்த நிறம் கொண்ட ( சுள்ளென்று வலிக்கும் விதத்தில் கடிக்கும் ) சிறு எறும்பு.,Tiny reddish-brown ant notorious for painful stinging bites,சுள்ளெறும்பு எங்கிருந்து ஏறிடுச்சு. | சுள்ளெறும்பு பாரு கடிக்குது.,பெயர்ச்சொல்,nature_animals,,np | pm,
2406,சுளீர்னு,,cuḷīrṉu,,"எறும்பு, தேள் போன்றவை கடித்தவுடன் உடனே ஏற்படும் வலி.",Sudden sharp stinging pang of pain from an ant or scorpion bite,எறும்பு கடிச்சி சுளீர்னு வலிக்குது.,,body_health | speech_phrase,,np,
2407,சுளுக்கு,,cuḷukku,,நரம்புப் பெயர்ச்சி,Sprain; sudden strain of tendon or ligament,,,body_health,,od,
2408,சுளுக்கெறும்பு,,cuḷukkeṟumpu,,( கடித்தால் சுளுக்குப் பிடித்தது போல வலிக் கும் ) ஒரு வகை எறும்பு.,Stinging biting ant species whose bite aches like a sprain,அந்த மரத்துல சுளுக்கெறும்பு இருக்கு ஏறாத.,பெயர்ச்சொல்,nature_animals,,pm,
2409,சுளுவா,சுளுவு,cuḷuvā,cuḷuvu,"சுலபமாக | எளிதாக. | எளிதாக, சுலபமாக.",Easily; effortlessly without difficulty,சுளுவா வேல முடிஞ்சிடுச்சு. | வேல சுளுவா முடிஞ்சிருச்சு.,,speech_phrase,,od | np | pm,
2410,சூட்டடுப்பு,,cūṭṭaṭuppu,,மண்ணால் செய்து சுடப்பட்ட அடுப்பு.,Portable terracotta cooking stove; charcoal hearth,கால சூட்டடுப்பு மேல வெச்சு வெச்சு எடு. முள்ளுக் குத்துன வலி போயிடும்.,பெயர்ச்சொல்,home_household | food_cooking,,pm,
2411,சூட்டாங்காய்,,cūṭṭāṅkāy,,கு பறக்க தேயத்தால் அநதக் காயிவிருந்து வெப்பம் வெளிவரும்,Friction-heating wild bean/seed rubbed vigorously on stone to produce heat,,,nature_animals | human_behavior,,np,
2412,சூட்டிக்கவுறு,,cūṭṭikkavuṟu,,தேங்காய் நாரில் செய்யப்பட்ட கயிறு.,Twisted coir fiber rope made from coconut husk,சூட்டிக்கவுத்தெ எடுத்தாந்து கட்டு!,,farming_livestock | home_household,,np,
2413,சூட்டிப்பு,,cūṭṭippu,,சுறுசுறுப்பும் விபரமும் கொண்டவர் | சுறுசுறுப்பும் விபரமும் கொண்ட தன்மை. 2. பலம்.,"Energetic alertness, sharp wit and physical vigor",அளு ரோம்ப சூட்டிப்பா இருக்கான். | பையன் நல்லா சூட்டிப்பு. | செகையறியாமதிரியறான்.,பெயர்ச்சொல்,human_behavior,,np | pm,
2414,சூட்டு,,cūṭṭu,,1. கண்ணிமை. 2. வைக்கோல் தலையிலடித்துத் தாம்போட்டிய பின் சூடாகும் வகையில் அடுக்கிப் போட்டிருத்தல்.,Eyelid | Stack of straw placed to generate warm fermentation,சூட்டு வீங்கியிருக்குது. | பில்லு சூட்டுல கெடக்குது.,பெயர்ச்சொல்,body_health | farming_livestock,,pm,
2415,சூட்டு மயிர்,,cūṭṭu mayir,,கண்ணிமை முடி,Eyelash hair,சூட்டு மயிரில பூளைக்கட்டிக் கெடக்குது.,பெயர்ச்சொல்,body_health,,pm,
2416,சூட்டுத்தழும்பு,,cūṭṭuttaḻumpu,,"(மஞ்சள்காமாலை, ஜன்னி போன்ற நோய்களுக்காக ) கெண்டைக் காலில் போடப்பட்ட சூட்டின் வடு.",Cauterization burn scar made on calf leg as traditional remedy for jaundice,அவனுக்கு இத்தாப் பெரிசு சூட்டுத்தழும்பு இருக்குது பாரு.,பெயர்ச்சொல்,body_health,,pm,
2417,சூட்டுமை,,cūṭṭumai,,சூட்டிப்பு.,Smartness; agility; lively vigor,,காண்க,human_behavior,,pm,
2418,சூத்து குந்து,,cūttu kuntu,,கூம்பு - 2.,Squatting / crouching low on one's haunches,,காண்க,action_verbs,,pm,
2419,சூதானம்,,cūtāṉam,,பத்திரமாக.,Safely / carefully / cautiously,சூதானமா வெச்சிக்க இதைய.,,human_behavior,,np,
2420,சூர நாத்தம்,,cūra nāttam,,துர்நாற்றம். | ஒரு வகைத் துர்நாற்றம்.,Foul putrid stench / rank odor,அந்த எடத்துல ஐரே சூர நாத்தமா இருக்கு.? | அங்க என்ன கெடக்குது. சூர நாத்தம் இப்பிடி அடிக்குது.,பெயர்ச்சொல்,nature_animals,,np | pm,
2421,சூரி,,cūri,,கூரிய நீண்ட மடக்குக் கத்தி | சிறிய நீண்ட மடக்குக் கத்தி,Sharp long folding pocket knife / clasp-knife,அவம் மடியில எப்பவும்சூரி இருக்கும்.,பெயர்ச்சொல்,home_household,,od | pm,
2422,சூரிக்கத்தி,,cūrikkatti,,இடுப்பில் தொங்க விடும் கத்தி.,Waist-worn clasp knife / dagger,சூரிக்கத்திலெ குத்திட்டா ரத்தம் வந்துரும் ஜாக்கிரதை.,,home_household,,np,
2423,சூரை,,cūrai,,அசுத்தம் ( பிடித்தவன் / ள் ).,Filthy person / slovenly unkempt person,அவங்கெடக்கறான் சூர பிடிச்சவன்.,பெயர்ச்சொல்,human_behavior,,pm,
2424,சூலவேரிக்காத்து,,cūlavērikkāttu,,கோடைக்காலத்தில் மண்ணையும் புழுதியையும் வாரிவரும் சிறு சுழல் காற்று. (இது பேய்க்காற்று என்கிற நம்பிக்கை உண்டு).,Summer dust devil / whirlwind (folklore: whirlwind carrying dust and spirits),சூலவேரிக் காத்து வருது பாரு.,பெயர்ச்சொல்,nature_animals,,pm,
2425,சூளை,,cūḷai,,செங்கல் தயாரிக்கும் இடம்.,Brick kiln / pottery kiln,செங்கல் சூளைலெ வேலைக்குப்போறான்.,,place_direction,,np,
2426,சூற்து,,cūṟtu,,கார்த்திகை திருவிழாவின் போது வளையத்தில் தீப்பந்தம் சுருட்டி கறறுகுல்.,Whirling fire torch wheel swung during the Karthigai festival,சூற்து சத்தோ வருலீம்பா,,festival_religion,,np,
2427,சூறையடுறது,,cūṟaiyaṭuṟatu,,திருவிழாக்களில் வேண்டுதலுக்காக பழங்களை மக்கள் கூட்டத்தில் வீசுவது,Throwing fruit offerings into the crowd during temple festivals as a vow,,,festival_religion,,np,
2428,செக்கச் செவேலுனு,,cekkac cevēluṉu,,சிவப்பு நிறத்தை அழுத்திக் கூறுதல்.,Bright ruby red / deeply crimson (emphasizing intense red color),செக்கச் செவேலுனு இருக்குது பாரு.,,nature_animals,,np,
2429,செக்காந்தம்,,cekkāntam,,கிண்டல்.,Teasing / mockery / playful banter,கேலியும் செக்காந்தமும் களை கட்டீரும்.,பெயர்ச்சொல்,human_behavior,,pm,
2430,செக்கு,,cekku,,எண்ணெய் வித்துக்களை ஆட்டி எண்ணெய் எடுக்கும் மர அல்லது கல் செக்கு.,Traditional oil press (wood/stone expeller),மரச் செக்குல ஆட்டுன நல்லெண்ணெய் உடம்புக்கு நல்லது.,பெயர்ச்சொல்,farming_livestock | food_cooking,,od,
2431,செகுதி,,cekuti,,பயன்படுத்த இயலாத பாளை போன்ற தானியம்.,Chaff / sterile grain ear / undeveloped hollow grain husk,செகுதி நெறையாக் கெடக்குது.,பெயர்ச்சொல்,farming_livestock,,pm,
2432,செகெ அடிக்கிது,,ceke aṭikkitu,,அனல்.,Radiating intense heat / waves of hot air,"தீ,இவ்ளோ செகை அடிக்குது தன்னி நில்லு.",,nature_animals,,np,
2433,செகை,,cekai,,அனல் .(1) | பலம் .(2),Radiant heat / fiery glow | physical strength or vigor,தீச்செகை அடிக்குது | செகையறியாமதிரியறான்.,பெயர்ச்சொல்,nature_animals | body_health,,pm,
2434,செகைப்,செகைப் பிடித்தல்,cekaip,cekaip piṭittal,சிறுநீர் சூடு ( பிடித்தல் ).,Painful heat/burning sensation during urination from body heat,ரண்டுநாளா செகை பிடிச்சுக்கிட்டு ஒன்னுக்கே போக முடியல.,பெயர்ச்சொல்,body_health,,pm,
2435,செகைபிடிச்சிகிச்சு,,cekaipiṭiccikiccu,,சிறுநீர் சூடு பிடித்தல்.,Suffering from painful burning urination due to excessive body heat,திடீர்னு செகை பிடிச்சுகிச்சு.,,body_health,,np,
2436,செங்கட்டை,,ceṅkaṭṭai,,செம்மண் நிலம்.,Hard red soil land / red clay farmland,அவுங்க காடு செங்கட்ட.,பெயர்ச்சொல்,farming_livestock | place_direction,,pm,
2437,செங்காயன்,,ceṅkāyaṉ,,சிவந்த நிறமுடையவன்.,Red-complexioned / fair-skinned man,செங்காயனுக்குக் கூப்படக் கூப்படக் காது கேக்குதா.,பெயர்ச்சொல்,human_behavior,,pm,
2438,செஞ்சாலுஞ்செரி,,ceñcāluñceri,,செய்தாலும் சரி.,Even if one does it / whatever is done,நீ என்ன செஞ்சாலுஞ்செரின்னு விட்ற வேண்டியதுதான்.,,speech_phrase,,np,
2439,செஞ்சு,,ceñcu,,செய்து.,Having done / having made,இத செஞ்சு முடிக்கிறதுக்கு இவ்ளோ நேரமா.,,action_verbs,,np,
2440,செட்டு,,ceṭṭu,,குழு .(1) | சிக்கனம் .(2),Gang or team | thrift or frugal lifestyle,"ரண்டு பேரும் ஒரு செட்டு, | அவங்க செட்டாப் பொழைக்கறாங்க.",பெயர்ச்சொல்,human_behavior,,pm,
2441,செட்டுக்காரர்,,ceṭṭukkārar,,குயவர்.,Traditional potter (artisan who makes earthenware),செட்டுக்காரமூட்ட போயிரண்டு சட்டி வாங்கியா.,பெயர்ச்சொல்,human_behavior,,pm,
2442,செடுவு,செருவு,ceṭuvu,ceruvu,கவலை. | கவலை,Worry / sorrow / mental distress | Worry / anxiety / mental distress,எப்பத்தான் செடுவில்லாம இருக்குது.,பெயர்ச்சொல்,human_behavior,,pm | od,
2443,செண்டாக்கல்லு,,ceṇṭākkallu,,ஏல்லைக் கோட்டில் வைக்கப்படும் கல்.,Boundary marker stone between agricultural lands,,,farming_livestock | place_direction,,np,
2444,செத்த,,cetta,,சித்த.,A little / for a brief moment / slightly,,காண்க,time_seasons | speech_phrase,,pm,
2445,செத்தெ,செத்தை,cette,cettai,"இலைச்சருகுகள், காய்ந்த தானியத் தட்டைகளின் சோகைகள்.(1) | ஆடு மாடுகள் குட்டி போடும் போது போடும் ஒரு வகை நஞ்சு.(2) | இலைச் சருகு , தானியத் தட்டைகளின் காய்ந்த தோகைகள் முதலியவை. 2. ஆடு, மாடு ஈன்றபின் போடும் நஞ்சுக்கொடி .",Dry fallen leaves and dried grain stalks used as fuel | placenta or afterbirth delivered by cattle/sheep,செத்தையெ அரிச்சிட்டு வா தீயெரிக்கெ. | மாடு செத்தெ போட்ருச்சா. | கொஞ்சம் செத்தை அரிச்சாந்தா தீப்பத்தப் போடலாம். | குட்டி போட்டு எவ்வளவு நேரமாவுது. இன்னஞ்செத்த போடுலியா.,,farming_livestock | nature_animals,,np | pm,
2446,செதுக்கால்,,cetukkāl,,மெதுவாக.,Slowly / gently / gradually,செதுக்கால் குடுத்தாத்தான் ஆவும்.,வினைச்சொல்,speech_phrase,,pm,
2447,செந்தேள்,,centēḷ,,சிவப்பு நிறமுடைய சிறிய தேள் வகை.,Red scorpion (small reddish stinging scorpion),கல்லுக்கடிய செந்தேளு இருக்கும். மெதுவாப்பொரட்டு.,பெயர்ச்சொல்,nature_animals,,pm,
2448,செம்பங்குச்சி,,cempaṅkucci,,வரிசைக்குச்சியாகப் பயன்படும் ஒருவகை மரம்.,Wooden lath/rafter stick from semban wood used for roofing,செம்பங்குச்சிய வெட்டிக்கிட்டுவா. வரியலாம்.,பெயர்ச்சொல்,home_household,,pm,
2449,செம்பட்டை,,cempaṭṭai,,சிவப்பும் கறுப்பும் கலந்த நிறம்.,Auburn / reddish-brown color (often of hair or fur),முடி செம்பட்டக் கலர்ல இருக்குது.,,body_health,,np,
2450,செம்பாடு,,cempāṭu,,விதைத்த பின் சில நாட்களுக்கு மழை பெய்யாமல் மண் உலரும் தன்மை.,Dry soil condition after sowing when rain holds off allowing seeds to germinate properly,நாலு நாளுக்குச் செம்பாடு கெடந்தா பயிர் நல்லா மொளைக்கும்.,பெயர்ச்சொல்,farming_livestock,,pm,
2451,செம்பாளெ,,cempāḷe,,பொறி செய்வதற்காக உற்பத்தி செய்யப்படும் ஒருவகை நெல்.,Traditional red paddy variety used specifically for puffed rice,,,farming_livestock | food_cooking,,np,
2452,செம்பிலியாடு,,cempiliyāṭu,,நாட்டு ஆடு,Indigenous red sheep / country sheep breed,,,farming_livestock,,od,
2453,செம்புலிகுட்டி,,cempulikuṭṭi,,செம்மறியாட்டுக்குட்டி,Red sheep lamb / young lamb of red fleece sheep,,,farming_livestock,,od,
2454,செம்புவியாடு,,cempuviyāṭu,,செம்மறியாடு.,Red-fleeced sheep / native sheep breed,செம்புலிபாட்டுக்கறி நல்லா இருக்குது,,farming_livestock,,np,
2455,செம்பூத்து,,cempūttu,,செண்பகப் பறவை,Greater coucal / crow pheasant,,,nature_animals,,od,
2456,செம்மண்காடு,,cemmaṇkāṭu,,விவசாயம் செய்ய! வசதியான செம்மண் கொண்ட காடு.,Fertile red-soil agricultural field,செம்மண்ணுக் காட்டுலெ என்ன போட்டிருக்கீங்க.,,farming_livestock | place_direction,,np,
2457,செம்மாலி,,cemmāli,,கோயில் திருவிழாக் காலங்களில் சாமிக்குச் செய்து வைக்கும் காலணி.,Ceremonial ornamental footwear consecrated and offered to the village deity during temple festivals,செம்மாலி கொண்டாந்தாச்சா.,பெயர்ச்சொல்,festival_religion,,pm,
2458,செமக்கறது,,cemakkaṟatu,,சுமத்தல்.,Bearing a load / carrying a heavy burden on head or shoulder,ஊட்டு பாரத்தெ செமக்கறது எந்தலயி/ லெ உளுநதருச்சி”,,action_verbs,,np,
2459,செமத்தி,,cematti,,பலமாகவும் அதிகமாகவும்.,Heavily / severely / forcefully,செமத்தியா ஒத போடோனும்.,வினைச்சொல்,speech_phrase,,pm,
2460,செமத்தியா,,cemattiyā,,அதிகமாக. பலமான.,Heavily / thoroughly / soundly (e.g. sound beating),செமத்தியா ரெண்டு அடி குடு.,,speech_phrase,,np,
2461,செய்யான்,,ceyyāṉ,,சிவந்த நிறமுடைய பூரான் வகை.,Red venomous centipede,செய்யான் கடிச்சுதுன்னா ஆளே அவ்வளவுதான். | செய்யாங் கடிச்சு ஆளே போய்ச் சேந்துட்டான்.,பெயர்ச்சொல்,nature_animals,,pm | np,
2462,செய்வினை,,ceyviṉai,,"மந்திரத்தாலோ பொம்மை, மயிர் முதலிய சிலவற்றைப் புதைத்து வைப்பதாலோ ஒருவருக்குக் கேடு செய்யத் தீய சக்திகளை ஏவுதல்.",Black magic / sorcery / occult witchcraft intended to harm someone,அவுங்கூட்டுக்கு எவனோ செய்வினை செஞ்சிட்டான்.,பெயர்ச்சொல்,festival_religion,,pm,
2463,செயிச்சுகிட்டெ,,ceyiccukiṭṭe,,ஜெயித்து விட்டான்.,Won / was victorious,நீபே செயிச்சுகிட்டெ.,,action_verbs,,np,
2464,செரகடித்தல்,,cerakaṭittal,,நோய் குணமாக நோயாளியின் முன் துண்டின் நுனிப்பகுதியை வீசிக்கொண்டே மந்திரம் முணுமுணுத்தல்.,Folk exorcism ritual of waving cloth/towel edge while chanting mantras to cure illness,இதுக்கு எதுக்கு ஆஸ்பத்திரி போவோனும். ரண்டு தடவ செரகடிச்சாப் போதும்.,வினைச்சொல்,festival_religion | body_health,,pm,
2465,செரகு,,ceraku,,காட்டில் விரைவில் நீரைப் பாய்ச்சுவதற்கு தனித்தனியாக பாத்தி கட்டி பாய்ச்சும் முறை. | ஒரே வாய்க்கால் வழியாக நீர் பாயும் படி வரிசையில் அமைந்த பல பாத்திகள் சேர்ந்த பகுதி .(1) | துணிகளின் நுனிப்பகுதி .(2),Section of multiple irrigation bunds fed by a single channel | fringe or border hem of a cloth,செரகு ஐடஞ்சி தண்ணி வெளிய போயிருச்சு | இன்னம் எத்தன செரகு பாயோனும்.,பெயர்ச்சொல்,farming_livestock | dress_accessories,,np | pm,
2466,செரகு அடிக்கோனு,,ceraku aṭikkōṉu,,உடல்நிலை சரியில்லை எனில் மந்திரித்து துண்டால் அடித்தல்.,Need to perform towel-waving healing ritual with mantras to cure illness,கொழந்தக்கி செரகடிக்கோனு.,,festival_religion | body_health,,np,
2467,செரமமுன்னு,,ceramamuṉṉu,,சிரமம்.,Difficult / burdensome / troublesome,உனுக்கு செரமமுன்னுதானே நான் செஞ்சு குடுத்தேன்.,,speech_phrase,,np,
2468,செரவு,,ceravu,,செரகு '.,Irrigation bed sector / watercourse plot,,காண்க,farming_livestock,,pm,
2469,செரா,,cerā,,"மரம் செதுக்கும் போது விழும் பட்டையான துகள் ( களைக்கொத்து, மண்வெட்டி ஆகியவற்றில் பிடிப்புக்காக இவற்றை வைப்பர் ).",Flat wooden wedge or shaving used to tighten hoe/spade blade into handle,மம்மட்டி கழ்டுது. ஒரு செரா வெச்சு அடி.,பெயர்ச்சொல்,farming_livestock | home_household,,pm,
2470,செராப்பு,,cerāppu,,கிறிதரக ஏற்படும் காயம்.,Minor scrape / superficial abrasion or scratch,செராப்பு ஆகிப்போச்சு,,body_health,,np,
2471,செராய்,,cerāy,,மரத்தை துண்டாக சிறிது சிறிதாக வெட்டுதல்.,Chipping or splitting wood into splinters/small chips,"செராயப் பாத்து எடு, இல்லீன்னா செலாக்கு ஏறும்.",,action_verbs,,np,
2472,செரிமானம்,,cerimāṉam,,ஜீரணம்.,Digestion / digesting of food,திங்கற சோறு செரிமானம் ஆவோனுமில்ல.,பெயர்ச்சொல்,body_health,,pm,
2473,செருக்து,,ceruktu,,ஒரு முறையில்.,In a single stretch / at one go,ஒரே முட்டா இத்தனெயும் தூக்கிட்டு போகாத.,,measure_units,காண்க: ஒரே முட்டா,np,
2474,செருப்பத்தொடு,,ceruppattoṭu,,செருப்பைக் காலில் போடு,Put on footwear / slip on sandals,செருப்பத் தொட்டுக்கிட்டு வர்றன்.,வினைச்சொல்,dress_accessories | action_verbs,,pm,
2475,செருப்பப் போட்டுட்டு,,ceruppap pōṭṭuṭṭu,,காலணியை காலில் அணிந்து.,Having worn slippers / wearing sandals,செருப்பப் போட்டுட்டு உள்ளெ வராதீங்க.,,dress_accessories,,np,
2476,செருமாறுதல்,,cerumāṟutal,,"மாடு, எருமைகள் தண்ணீர் குடிக்கும் போது தவிட்டு உமி முதலியன மூக்குள் சென்றுவிடாமல் அதை வெளியேற்ற அவை மேற்கொள்ளும் முயற்சி.",Snorting water by cattle while drinking to blow out bran husk from nostrils,எருமை செருமாறிக்கிட்டே இருக்குது.,வினைச்சொல்,farming_livestock,,pm,
2477,செருமுதல்,,cerumutal,,செருமாறுதல்.,Snorting/sneezing while cattle drink to clear dust and husks from nostrils,,காண்க,farming_livestock,,pm,
2478,செருவினி,,ceruviṉi,,தன்னை முதன்மையாகக் கருதும் இயல்புடையவன்.,Self-important / arrogant conceited person,அந்தச் செருவினிகிட்டநமக்கென்ன பேச்சு. | திட்டுச்சொல்!,,human_behavior,,pm,
2479,செல்லாக்காசு,,cellākkācu,,பய். படாத நாராய் கள்.,Invalid counterfeit coin / useless worthless person or thing,செல்லக்காகக்கு பிரபயோசனப்பட மாட்டே,,speech_phrase,,np,
2480,செல்லு,,cellu,,தானியத்தை துளைத்துத் தின்னும் ஓரு வகை பூச்சி. | தானியங்களைத் துளைத்துத் தின்னும் சிறு பூச்சிவகை.,Grain weevil / borer beetle infesting stored grains,அரிசில செல்லு செல்லா இருக்குது | சோளத்துல செல்லு இத்தன ஊருது.,பெயர்ச்சொல்,farming_livestock | nature_animals,,np | pm,
2481,செலக்கா,,celakkā,,தடவை.,Once / a single time / occasion,ஒரு செலக்கா வந்துட்டுப்போ.,வினைச்சொல்,time_seasons,,pm,
2482,செலத்தி,,celatti,,உடல் சூட்டினால் வரும் கொப்பளம்.,Heat boil / painful blister caused by extreme bodily heat,செலத்தி வந்து உக்காரக் கூட முடியல.,,body_health,,np,
2483,செலந்தி,,celanti,,குத்தாம்பட்டையில் புடைத்து வரும் வலி நிறைந்த கொப்புளப் புண்.,Painful carbuncle or boil on the buttocks/thigh,ஒரு செலந்தி வந்திருச்சு. எங்கயும் உக்கோர முடியல.,பெயர்ச்சொல்,body_health,,pm,
2484,செலவாகுது,,celavākutu,,வீடே அதிரும்படி சத்தம்.,Resounding loud clamor / house-shaking loud noise,இவன் குத்தற கூத்து வீடே செலவாகுது.,,speech_phrase,,np,
2485,செலவாங்குதல்,,celavāṅkutal,,குறிப்பிட்ட இடத்திலிருந்து மிகுதியாக ஆரவாரச் சத்தம் வருதல்.,Clamoring loudly / echoing with great noise and uproar,அங்க என்ன சத்தம் இப்படி செலவாங்குது.,வினைச்சொல்,speech_phrase,,pm,
2486,செலவாந்தரம்,,celavāntaram,,பழமொழி,Proverb / traditional adage,ஊம ஊரக் கெடுக்கும்னு செலவாந்தரம் சொல்றது செரியா இருக்குது.,,speech_phrase,,od | pm,
2487,செலவு ரசொ,,celavu raco,,"சீரகம், மல்லி, மிளகு போன்றவைகளைக் கொண்டு வைக்கும் ரசம்.","Spiced digestive herbal rasam prepared with cumin, coriander seeds, and pepper",,,food_cooking,,np,
2488,செலவுப்பெட்டி,செலவப்பெட்டி,celavuppeṭṭi,celavappeṭṭi,"சமையலுக்குத் தேவைப்படும் சிறு பொருட்கள் போட்டு வைத்திருக்கும் பெட்டி ( அஞ்சரைப் பெட்டி). | பட்டை, கிராம்பு போன்றவை போட்டு வைக்கும் மரத்தாலான பெட்டி.",Traditional five-compartment spice wooden box (ancharai petti),செலவுப் பொட்டியில் கொஞ்சம் கடுகு அள்ளியா. | செலவுப் பெட்டிலெ பாரு சில்லரக் காசு இருக்குது.,பெயர்ச்சொல்,home_household | food_cooking,,np | pm,
2489,செலாக்கு,,celākku,,"மரப். பட்டைகளில் இருக்கும் கூர்மையான செதில்கள். | பட்டை, மரம் போன்றவற்றில் இருக்கும் முள் போன்று கூர்மையான செதில்.",Sharp wooden splinter / thorn-like sliver penetrating skin,செலாக்கு கையிலை குத்திரச்சு. | கையில் ஒரு செலாக்கு ஏறிடுச்சு.,பெயர்ச்சொல்,nature_animals | body_health,,np | pm,
2490,செலாம்பு,,celāmpu,,மீன் செதில்.,Fish scale,செலாம்பத் தேச்சு எடு,பெயர்ச்சொல்,food_cooking | nature_animals,,pm,
2491,செலையோடு,செலையோடுதல்,celaiyōṭu,celaiyōṭutal,ஆரவாரச் சத்தம் எதிரொலித்துப் பரவுதல்.,Loud shouting echoing far and wide,அவஞ் சத்தந்தான் செலையோடுது.,வினைச்சொல்,speech_phrase,,pm,
2492,செவ்வெறும்பு,,cevveṟumpu,,சிவப்பு நிறமுடைய ஒருவகை எறும்பு.,Red stinging ant,செவ்வெறும்புக்குழியுல கால வெச்சாப்பல எரியுது.,பெயர்ச்சொல்,nature_animals,,pm,
2493,செவப்புச் சீலை,,cevappuc cīlai,,சிவப்புச் சேலை. சுமங்கலிப் பெண்கள் அணியும் வெள்ளையல்லாத பிற நிறச் சேலைகள். ( வெள்ளை நிறத்தைத் தவிர மற்ற அனைத்து நிறச் சேலைகளும் சிவப்புச் சேலைதான் ).,Coloured sari (non-white sari worn by married women symbolizing marital status),அறுத்துப் போயிட்டாக்கூட இப்பத்த பொண்ணு செவப்புச்சீல கட்டுது.,பெயர்ச்சொல்,dress_accessories | festival_religion,,pm,
2494,செவலெ,செவலை,cevale,cevalai,சிவப்பு நிற மாடு. | தனிச் சிவப்பு நிறக்காளை.,Red-colored bull or cow,செவலய புடிச்சுக் கட்டு. | அந்தச் செவல வேலக்கி ஆவும்.,,farming_livestock,,np | pm,
2495,செவலைக் காளை,,cevalaik kāḷai,,சிவப்பு நிற மாடு. | தனிச் சிவப்பு நிறக்காளை.,Pure reddish bull / red-coated bullock,செவலய புடிச்சுக் கட்டு. | அந்தச் செவல வேலக்கி ஆவும்.,,farming_livestock,காண்க: செவலெ,pm,
2496,செவினி,செவுனி,ceviṉi,cevuṉi,காதிற்குக் கீழ்ப்பகுதி.,Area below the earlobe / side of the jaw,செவினியிலயே அறஞ்சிட்டான்.,பெயர்ச்சொல்,body_health,,od | pm,
2497,செவுணி,,cevuṇi,,கன்னத்தின் கீழ்ப்பகுதி.,Lower cheek / jawline,செவுணிமேல ரெண்டு அப்பு குடு.,,body_health,,np,
2498,செவுரு,,cevuru,,சுவர்.,Wall of a house or building,பழைய வீட்டுல செவுரு இடிஞ்சி உளுந்துருச்சி.,,home_household,,np,
2499,செவையேனு,,cevaiyēṉu,,கானக. செக்கச் செவேல்னு.,Vividly crimson / deep glowing red,,,nature_animals,,np,
2500,செறகு,,ceṟaku,,மாட்டின் இரு முலைக்காம்புகளில் மட்டும் கறக்கும் பாலின் அளவு.,Yield of milk drawn from just two teats of a cow,என்ன பண்றம். ஒரு செறகு கறந்தாப் போதும்.,பெயர்ச்சொல்,farming_livestock | measure_units,,pm,
2501,செறாயரி,,ceṟāyari,,மரத்தை வெட்டும்போது வீணாகும் துண்டுகள்.,Wood splinters / chips of timber collected as firewood,"செறாயி பொறுக்கியா அடுப்பு எரிக்கெ,?",,home_household | nature_animals,,np,
2502,செறிங்,,ceṟiṅ,,சரிங்க.,"All right, yes / okay sir (polite affirmative)",நீங்கொ. சொன்னா செரில்.?,,speech_phrase,,np,
2503,செறியானெ,,ceṟiyāṉe,,சரியான.,Right / correct / fitting,செறியான ஆம்பளையா இருந்தா இத்தைகீ மோதிக்கலாமா.,,speech_phrase,,np,
2504,செறியிலிலெ,,ceṟiyilile,,சரியில்லை.,Not right / improper / incorrect,"நீ பண்றது. கொஞ்சங்கூட செரியில்பிலெ,?",,speech_phrase,,np,
2505,செறை,,ceṟai,,"உழும்போது கலப்பையின் கொழுவில் சிக்கி இருக்கும் செடி, கொடி, மண் போன்றவை. | தென்னை, பனை மரங்கள் ஒழுங்கு செய்யப்படாமல் ஓலை, பட்டை முதலியவை அடர்ந்து கிடத்தல்.",Weeds and roots clogging a plowshare | dense unpruned dry fronds and fiber clogging coconut or palmyra crowns,செறையெ தண்ணியுட்டு ஓட்டி அப்பதே ஒழவு செரியா வரும். | அந்த மரத்துல ஏறி நொங்கு வெட்ட முடியுமா இப்பிடிச் செறப் பிடிச்சுக் கெடக்குதே.,பெயர்ச்சொல்,farming_livestock,,np | pm,
2506,செறை எடுக்கறது,,ceṟai eṭukkaṟatu,,"தென்னை, பனை மரங்களில் பாளைகளை சீவி ஒழுங்குபடுத்துதல்.",Pruning and trimming dried fronds/spathes from palmyra or coconut trees,தென்னைமரத்துல செறை எடுக்கோனும்.,,farming_livestock,,np,
2507,செறையெடு(த்தல்),,ceṟaiyeṭu(ttal),,"செறை பிடித்துக் கிடக்கும் பனை, தென்னை மரங்களை ஒழுங்கு செய்தல்.",Trimming and clearing dry leaves and dead fiber around palm tree crown,பனமரம் செறையெடுத்தொடன பாக்கறதுக்கு எப்பிடி இருக்குது?,வினைச்சொல்,farming_livestock,,pm,
2508,செனக்கொழா,,ceṉakkoḻā,,சினைக்கொழா. எருமை மாடுகள் சினையாகும் பருவத்தில் அவற்றின் உறுப்பில் வடியும் கெட்டியான திரவம்.,Mucus discharge indicating heat/estrus in female cattle or buffalo,எரும செனக்கொழா அடிக்குது. காளைக்குக் கொண்டோ.,பெயர்ச்சொல்,farming_livestock,,pm,
2509,செனம்,,ceṉam,,சீக்கிரம்.,Quickly / promptly / in haste,கூப்பட்டா செனம் பொறப்பட்டிருவான்.,வினைச்சொல்,time_seasons,,pm,
2510,சேகண்டி,,cēkaṇṭi,,சிறு குச்சியால் தட்டி ஒலியெழுப்பப்படும் தட்டு.,Metal bell gong struck with a wooden stick during rituals and Margazhi mornings,மார்கழி மாசத்துலெ தினோழு பூரா ஊட்டுக்கு சேகண்டி அடிப்பாங்கொ.,,festival_religion,,np,
2511,சேகு,,cēku,,மரத்தில் நன்கு முற்றிய சிவந்த திறப்பகுதி. | முற்றி வளர்ந்த மரத்தின் வைரம் பாய்ந்த / சிவந்த நிறத்தில் காணப்படும் உள்பகுதி.,Heartwood / mature seasoned hard core of timber,மரொ நல்லா சேகேறிப் போச்சு. | மரம் முத்துனாச் சேகு. மனுசன் முத்துனாக் கொரங்கு. (பழமொழி),பெயர்ச்சொல்,nature_animals,,np | pm,
2512,சேங்கன்று,,cēṅkaṉṟu,,காளைக்கன்று,Young male calf / bull calf,சேங்கன்னுப்போட்டிருக்குது.,பெயர்ச்சொல்,farming_livestock,,pm,
2513,சேடைத்தண்ணி,சீடைத்தண்ணி,cēṭaittaṇṇi,cīṭaittaṇṇi,காண்க: சீடைத்தண்ணி.,Water residue / foul sludge settled in container,,,home_household,,pm,
2514,சேத்தாளி,,cēttāḷi,,நண்பன்.,Friend / comrade / companion,உன்னோட சேத்தாளி எங்கடா,பெயர்ச்சொல்,human_behavior,,pm,
2515,சேத்து,,cēttu,,அதிகப்படுத்து. சேர்த்து,Add more / gather together / combine,கொஞ்சம் நெறயா சேத்தி வெக்கோனு.,,action_verbs,,np,
2516,சேத்துகெணாறு,,cēttukeṇāṟu,,கயிற்றில் குடத்தை கட்டி சசையால் இழுக்கும் கிறு,Well from which water is drawn manually with a rope and pulley/bucket,சேந்துகெணத்துல போயி தண்ணி கொண்டாந்தேன்.,,farming_livestock | home_household,,np,
2517,சேத்தொழவு,,cēttoḻavu,,நெல் பயிரிட சேற்றில் உழும் உழவு. | சேற்றுக்குள் உழும் உழவு.,Wet plowing (plowing flooded muddy puddle field for paddy cultivation),சேத்தொழவு ஓட்டி நெல்லு வெதைக்கணும். | சேத்தொழவு இன்னம் எத்தன நாளாவும்.,பெயர்ச்சொல்,farming_livestock,,np | pm,
2518,சேந்து கிணறு,,cēntu kiṇaṟu,,கயிறு கட்டி நீர் மொள்ளும் வசதி போன்றவற்றோடு அமைந்த கிணறு.,Draw-well equipped with a rope and pulley system,சேந்து கெணத்துல பக்கெட் உழுந்திடுச்சி,பெயர்ச்சொல்,farming_livestock | home_household,,pm,
2519,சேந்துட்டுது,,cēntuṭṭutu,,சேர்ந்துவிட்டது.,Has gathered / has accumulated,இப்பதே அகராதி வேல ஆரம்பிச்சது அதுக்குள்ள இத்தனை வார்த்தீக சேந்துட்டுது.,,action_verbs,,np,
2520,சேந்துதல்,சேந்துவது,cēntutal,cēntuvatu,தண்ணீர் இறைப்பது | இறைத்தல்,Drawing water from a well with rope and bucket,கிணற்றிலே இருந்து தண்ணீர் சேந்தி வா (தண்ணீர் இறைத்துக்கொண்டு வா).,வினைச்சொல்,farming_livestock | action_verbs,,od,
2521,சேமெலை,,cēmelai,,நீர்ப் பகுதியில் வளரும் அகன்ற இலை கொண்ட தாவரம்.,Taro leaf / broad marsh plant leaf (Colocasia) growing near water,அந்தச் சேமெலயப் பறிச்சி இப்பிடிப் போடலாம்.,பெயர்ச்சொல்,nature_animals,,pm,
2522,சேர்க்கை,,cērkkai,,நட்பு.,Friendship / companionship / association,இப்பக் கொஞ்சநாளா அவனோட சேர்க்க சரியில்ல.,பெயர்ச்சொல்,human_behavior,,pm,
2523,சேரங்கரரயன்,,cēraṅkararayaṉ,,ஒருவகை மூள்செடி.,Thorny shrub species,,,nature_animals,,np,
2524,சேரெ,சேரை,cēre,cērai,ஒரு கை அளவு. (தானியம்). | ஒரு கை அளவு (தானியம் ).,Handful (traditional unit of grain scooped in one cupped hand),ஒரு சேர அரிசி எச்சாப் போட்டே அப்புஞ் சோறு கம்மிபாப் போச்சு | ஒரு சேர அரிசி எச்சாப் போடு.,,measure_units,,np | pm,
2525,சேவா,,cēvā,,நன்றாக பழுக்கும் முன் பறித்த பனம் பழத்தில் நீள்வாக்கில் சீவி எடுக்கும் துண்டு. (இதை வேகவைத்துத் தின்பர்).,Sliced segment of semi-ripe palmyra fruit boiled for eating,கொஞ்சம் சேவா சீவுனா வேவிக்கலாம்.,பெயர்ச்சொல்,food_cooking,,pm,
2526,சேவாக்காய்,,cēvākkāy,,நன்கு கனியாத பனம்பழம்.,Semi-ripe palmyra fruit suitable for boiling and eating,சேவாக்காய போட்டிருக்கறான்.,பெயர்ச்சொல்,food_cooking | farming_livestock,,pm,
2527,சேவாக்கொட்டை,,cēvākkoṭṭai,,நன்கு கனியாத பனம்பழத்தில் சதைப்பகுதி சீவி வைக்கப்பட்ட பின் ( கிராப் வெட்டியது போலக் காணப்படும் ) இருக்கும் கொட்டை.,Palmyra seed left after paring the flesh from semi-ripe palmyra fruit,சேவாக்கொட்டைய குட்டானாக்குமிச்சு வெய்யி.,பெயர்ச்சொல்,food_cooking | farming_livestock,,pm,
2528,சேவு,,cēvu,,சேகு .(1) | பற்களில் படியும் சிவப்பு நிற அழுக்கு(2),Heartwood of tree | reddish-brown tartar or betel stain on teeth,பல்லு சேவேறிக் கெடக்குது. வெலக்கலாமில்ல.,பெயர்ச்சொல்,nature_animals | body_health,,pm,
2529,சைமாண்டு போதல்,,caimāṇṭu pōtal,,"நோயாலோ, முதுமையினாலோ உடல் தளர்ந்து விடுதல்.",Wasting away / becoming emaciated and frail due to chronic disease or extreme old age,அப்பிடி இருந்த ஆளு. சைமாண்டு போயிட்டான்.,வினைச்சொல்,body_health,,pm,
2530,சைனம்,,caiṉam,,பல்லி சொல்லும் சகுனம்.,Sign given by Lizard / omen signaled by lizard call,,பெயர்ச்சொல்,festival_religion | speech_phrase,,od,
2531,சொக்காயி,,cokkāyi,,"சட்டை, துணி.",Shirt / upper body garment,புதுச் சொக்காயி போட்டுக்கிட்டு கெளம்பியாச்சா.,,dress_accessories,,np,
2532,சொக்குதல்,,cokkutal,,ஆமணக்குக் கொழுந்து போன்ற சில தழைகளைத் தின்பதால் வயிறு உப்பி ஆடுகளுக்கு ஏற்படும் மயக்கம் / நோய்.,Bloating and stupor in goats from consuming poisonous tender leaves like castor,கொழுந்துல உட்டா ஆடு சொக்காத என்ன பண்ணும்.,பெயர்ச்சொல்,farming_livestock,,pm,
2533,சொக்குப் பாடம்,,cokkup pāṭam,,சேராத உணவினால் நோய் கொண்ட ஆடுகள் பிழைக்க மந்திரம் போல் ஓதும் பாடம்.,Traditional folk incantation/remedy to cure bloated or poisoned livestock,ஒரு சொக்குப்பாடம் போட்டா நல்லாயிரும்.,பெயர்ச்சொல்,festival_religion | farming_livestock,,pm,
2534,சொக்குப்பூடு,,cokkuppūṭu,,ஆடுகள் தின்றால் மயக்கம் கொள்ளும் ஒரு வகைப் பூண்டு.,Toxic weed causing dizziness and bloating in grazing sheep,சொக்குப் பூட்டக் கீது கடிச்சிரப் போவுது.,பெயர்ச்சொல்,nature_animals | farming_livestock,,pm,
2535,சொகுசு,,cokucu,,வசதி படைத்த.,Luxurious / comfortable living condition,சொகுசா வாழ்ந்தவனுக்கு இந்த குடிசை புடிக்குமா.,,human_behavior,,np,
2536,சொங்கி,,coṅki,,சோம்பேறி,Sluggish / lazy inactive fellow,சுத்த சொங்கியா இருக்குற.,,human_behavior,,np,
2537,சொச்சொ,,cocco,,மீதி.,Remainder / small balance leftover,கணக்குப் போட்டும் பாத்தா சொச்சொ வருது.,,measure_units,,np,
2538,சொட்டெ,,coṭṭe,,சருகுமான் கொம்பினால் செய்யப்பட்ட ஒரு ஆயுதம்.,Traditional weapon made of mouse-deer horn,,,home_household,,np,
2539,சொடக்கு,,coṭakku,,கட்டை விரலையும் நடு விரலையும் சேர்த்து ஒலியெழுப்புதல்.,Snapping fingers / cracking knuckles,என்ன சொடக்குப் போட்டு கூப்படுற கைய ஒடிச்சுருவன்.,,body_health | action_verbs,,np,
2540,சொண்டி,,coṇṭi,,இடது கை பழக்கமுடையவன் | இடதுகை பழக்கமுள்ளவர்.,Left-handed person,,,body_health,,od | np,
2541,சொண்டு,,coṇṭu,,பெருஞ்செலவு.,Heavy incidental expenditure / extravagant ceremonial expense,கலியாண சொண்டோட சொண்டா இன்னும் ரண்டு சீல எடுத்துரு.,பெயர்ச்சொல்,human_behavior,,pm,
2542,சொணக்கட்டி புடிச்சவெ,,coṇakkaṭṭi puṭiccave,,"உடல் மெலிந்திருப்பவள், சிரமமான வேலைகளை செப்யாகு வளன்","Frail, sickly person incapable of strenuous physical labor",,,body_health | human_behavior,,np,
2543,சொணக்கம்,,coṇakkam,,சுறுசுறுப்பில்லாத நிலை.,Sluggishness / lethargy / lack of energy,என்ன ஓரே சொணக்கமா இருக்கெ,,human_behavior,,np,
2544,சொதும்ப,,cotumpa,,இடைவெளியின்றி ( எல்லா இடத்திலும் பரவும்படியாகத் ) தடவு.,Smearing or applying copiously / thoroughly drenching,எண்ணெயச் சொதும்பத்தடவுடா.,வினைச்சொல்,action_verbs,,pm,
2545,சொப்பு,,coppu,,"( கள் குடிக்க, நீர் பருக உதவும் ) மண்ணாலான சிறு கலயம்.",Small earthen cup/pot used for drinking toddy or water,எத்தன சொப்புக் கள்ளு அடிச்ச.,பெயர்ச்சொல்,home_household,,pm,
2546,சொம்பு,,compu,,தண்ணார் குடிக்க உதவும் குவளை.,Small metal water pot / drinking vessel,,,home_household,,np,
2547,சொமதரங்கி,,comataraṅki,,கருவுற்ற பெண்கள் மரணமடைய நோரந்தால் அவர்கள் நினைவாக தலையில் கொச்டு வரும் பாரமான சுமையை இறக்கி வைக்கும் வசகையில். அமைக்கப்பட்ட மேடைக் கல்.,Load-resting stone bench erected along roadsides in memory of pregnant women who died,,,festival_religion | place_direction,,np,
2548,சொய்யாமா,,coyyāmā,,"அரிசி மாவு, பழம், இனிப்பு ஆகியவை கலந்து எண்ணெயில் போட்டு எடுக்கும் பலகாரம்.","Deep-fried sweet snack made from rice flour, mashed fruit, and jaggery",உங்கூட்ல இன்னிக்கி சொய்யாமா சுட்டுட்டீங்க.,பெயர்ச்சொல்,food_cooking,,pm,
2549,சொரண்டி,,coraṇṭi,,கொப்பரையில் படிந்துள்ள சர்க்கரைப் பாகைச் சுரண்டி எடுக்கும் தகடு.,Scraper spatula used to scrape jaggery crust from boiling cauldrons,இப்பிடிப் படிஞ்சு கெடக்கறத சொரண்டிய எடுத்தா.,பெயர்ச்சொல்,farming_livestock | home_household,,pm,
2550,சொரப்புரடை,,corappuraṭai,,கிணற்றில் நீச்சல் பழகும் குழந்தைகள் உடலில் கட்டிக்கொள்ளும் காய்ந்த சுரைக்காய் மிதவை (சுரைக்குடுக்கை).,Traditional swimming float aid made from a dried hollow bottle gourd shell,சொரப்புரடைய உடம்புல கட்டிகிட்டு கெணத்துல நீச்சல் பழகுனோம்.,பெயர்ச்சொல்,home_household,கிராமத்துக் கிணறுகளில் நீச்சல் பழகுவதற்குப் பயன்படும் பாரம்பரிய மிதவைக் குடுக்கை. · பொருள் உறுதிப்படுத்தப்படவில்லை (AI உருவாக்கம்) · Meaning not verified (AI generated),od,
2551,சொரவாணம்,,coravāṇam,,கிணற்றில் அல்லது ஆற்றில் மேலிருந்து தலைகீழாக நீருக்குள் பாய்வது.,Headfirst dive / acrobatic plunge into river or well water,சொரவாணம் போட்டு குதிக்கிறான்.,,action_verbs,,np,
2552,சொரவை,,coravai,,லேசான வீக்கம் .(1) | காண்க: சுரவை .(2),Mild swelling / edema,கால்ல சொரவை எறங்கீட்டுது.,பெயர்ச்சொல்,body_health,,pm,
2553,சொராப்புரடை,,corāppuraṭai,,கய்ந்த சுரைக்காமை தேன் சேகரிக்க பயன் படுத்துவா.,Dried hollow bottle gourd used for storing honey or seeds,,,home_household,,np,
2554,சொருகு,,coruku,,நுழைத்தல்,Inserting / tucking in / slipping inside,ஊசிக்குள்ளொ நூலை சொருகு பாக்கலா.,,action_verbs,,np,
2555,சொல்லாமெகொள்ளாமெ,,collāmekoḷḷāme,,எதுவம் கூறாமல்.,Without informing / taking French leave / without notice,சொல்லாமெ கொள்ளாமெ கெளம்பி டீங்க,,speech_phrase,,np,
2556,சொல்லிட்டு,சொல்லிப்போட்டு,colliṭṭu,collippōṭṭu,கூறிவிட்டு.,Having informed / having said | Having told / having said,எங்கிட்டே சொல்லிட்டுத்தான் போனாங்க.,,speech_phrase,,np,
2557,சொல்லிப்புட்டாங்களா,,collippuṭṭāṅkaḷā,,சொல்லி விட்டார்களா.,Did they tell / have they informed?,உங்கிட்ட சொல்லிப்புட்டாங்களா.,,speech_phrase,,np,
2558,சொல்லை,,collai,,மாட்டின் மேலிருக்கும் பெரிய ஈ.,Cattle fly / botfly bothering livestock,அந்தச் சொல்லைய நசுக்கு.,பெயர்ச்சொல்,farming_livestock | nature_animals,,pm,
2559,சொல்லோனுமிங்குறெ,,collōṉumiṅkuṟe,,கூற வேண்டும் என்கிறேசர்.,You are asking to tell / should tell,,,speech_phrase,,np,
2560,சொலமாட்டம்,,colamāṭṭam,,திருட்டுத்தனமான நடமாட்டம்.,Prowling stealthily / suspicious movement of thieves or bandicoots,இந்தப் பக்கத்துல பெருக்கான் சொலமாட்டம் இருக்குது டோய்.,பெயர்ச்சொல்,human_behavior,,pm,
2561,சொலமாடு,,colamāṭu,,திருட்டுத் தனமாக நடமாடு.,Prowl around stealthily / loiter suspiciously,இங்க என்னடா சொலமாடிக்கிட்டு இருக்கற.,வினைச்சொல்,human_behavior | action_verbs,,pm,
2562,சொலுக்கு,,colukku,,விட்டு விட்டுப் போகும் மூச்சு.,Wheezing / intermittent gasping breath,என்ன சொலுக்கு மல்லு மல்லுது இப்பத்தான்.,பெயர்ச்சொல்,body_health,,pm,
2563,சொள்ளை,சுள்ளான் | சூளான் | சுல்லான்,coḷḷai,cuḷḷāṉ | cūḷāṉ | cullāṉ,கொசு,Mosquito,இந்தச் சொள்ள கருமம் எங்கிருந்து வருதோ.,பெயர்ச்சொல்,nature_animals,சுள்ளான்?,od | pm,
2564,சொளமயெ,,coḷamaye,,கிலிலாடி.,Clever strategist / shrewd person,,,human_behavior,,np,
2565,சொளமாடுதல்,,coḷamāṭutal,,ஒரு குறிப்பிட்ட பகுதியிலேயே சுற்றிச் சுழலுதல்.,Hovering around a spot / lurking repeatedly in the same area,நல்லபாம்பு இங்கினியே சொளமாடிகிட்டு இருக்குது.,,action_verbs,,np,
2566,சொறை,,coṟai,,ஒருவகை வண்டு.(1) | புனல் .(2),Betel vine beetle | funnel,வெத்தலயில சொற வண்டு உழுந்திருக்குது. | சொறைய எடுத்த எண்ணய ஊத்து.,பெயர்ச்சொல்,nature_animals | home_household,,pm,
2567,சொன்னபுடிசெய்,,coṉṉapuṭicey,,சொல்கிறபடி செய்.,Do as told / obey instructions,,,speech_phrase,,np,
2568,சொன்னாங்கையன்,,coṉṉāṅkaiyaṉ,,இடதுகைப் பழக்கம் உடையவன்.,Left-handed person,சொன்னாங்கையன் அறஞ்சான்னா கன்னம் வீங்கீரும்.,பெயர்ச்சொல்,body_health | human_behavior,,pm,
2569,சொனத்தண்ணி,,coṉattaṇṇi,,சொனத் தண்ணீர். தோலில் லேசாகக் கீறினால் (ரத்தம் வரும் முன் ) வரும் நீர்.,Serous fluid weeping from a superficial skin abrasion,சொனத் தண்ணிதான் வருது காயம் ஆழமில்ல.,பெயர்ச்சொல்,body_health,,pm,
2570,சோகை,சோவை,cōkai,cōvai,தானியத் தட்டைகளின் தோகை | காண்க: சோகை.,Dry leaves/foliage of sugarcane or sorghum,கரும்புச் சோகைய உரிச்சுப் போடு.,பெயர்ச்சொல்,farming_livestock,,pm,
2571,சோகை உரி(த்தல்),,cōkai uri(ttal),,கரும்புப் பயிரின் காய்ந்த தோகைகளை உரித்துச் சுத்தம் செய்தல்.,Stripping dried leaves from sugarcane stalks (detrashing),கரும்புக்காடு சோகை உரிச்சாச்சா.,வினைச்சொல்,farming_livestock,,pm,
2572,சோங்கி,,cōṅki,,களைத்து.,Exhausted / fatigued / weary,பையெ ரொம்பொ சோங்கி போமிட்டெ.,,body_health,,np,
2573,சோங்கு,,cōṅku,,சோலைபோலும் மரஞ்செடித்தொகுதி,Dense grove of trees / thicket,,,nature_animals,,od,
2574,சோசிகாரரு,,cōcikāraru,,ஜோதிடர்.,Astrologer / fortune teller,சோசிகாரரு கிட்டெ போயி சாதகங் கணிக்கோணு.,,human_behavior | festival_religion,,np,
2575,சோசியொ,,cōciyo,,ஜோதிடம்.,Astrology / horoscope reading,சோசிபகாரரு கிட்டே ஜோசிபமொ பாக்கோனு.,,festival_religion,,np,
2576,சோட்டா தடி,,cōṭṭā taṭi,,போலீஸ் தடி.,Policeman's baton / lathi,சோட்டா திலே போலீஸ் அடி வெளுத்துக்கட்டீட்டாங்கெ?,,home_household,,np,
2577,சோட்டாளி,சோட்டாவி,cōṭṭāḷi,cōṭṭāvi,நண்பன் | நெருங்கிய தோழன்.,close friend | pal | companion | buddy,உன்ற சோட்டாளி எங்க? | உன்ற சோட்டாவி எங்க காணோம்?,பெயர்ச்சொல்,human_behavior,,od | np,
2578,சோடிக்கிறது,,cōṭikkiṟatu,,அழகுபடுத்துதல்.,Decorating / dressing up stylishly,சோடிக்கிறதே இவனுக்கு வேலயாப் போச்சு,,action_verbs | dress_accessories,,np,
2579,சோடுபோவனி,,cōṭupōvaṉi,,"பித்தளை, சில்வர் போன்றவற்றால் ஆன சிறு பாத்திரம்.",Small brass or stainless steel container with a lid,சோடு போவனியில சோத்தக் கரச்ச.,பெயர்ச்சொல்,home_household,,pm,
2580,சோடை,,cōṭai,,கெட்டுப்போன,Spoiled / defective / ruined (e.g. unhatched egg),அந்தக் குறும்பு சோடை போயிருச்சு. | அந்தக் குறும்பு சோடை போயிருச்சு.,,nature_animals,,np | pm,
2581,சோத்தாங்கை,,cōttāṅkai,,சாப்பிடும் கை. வலது கை. | வலதுகை.,Right hand (used for eating),சோத்தாங்கையில யெடுத்து தின்னு. | சோத்தாங்கையில பணத்த வாங்கு.,பெயர்ச்சொல்,body_health,,np | pm,
2582,சோத்தான்,,cōttāṉ,,கடினமான வேலைகளை செய்யாதவன்.,Work-shirker / idle person who avoids hard labor,செரியான சோத்தானா இருப்பானாட்டிருக்குது எந்த வேலையையும் செய்ய மாட்டேங்குறான்.,,human_behavior,,np,
2583,சோத்துப்பட்டாளொ,,cōttuppaṭṭāḷo,,சாப்பிடும் கூட்டம்.,Big gang of eaters / crowd of dependents who gather only to eat,ஒரு சோத்தப்பட்டாளொமே வந்து எறங்கிறுச்சு.,,human_behavior,,np,
2584,சோத்துப்புறம்,,cōttuppuṟam,,பனைநாரின் ( அவுனி) உள்பக்கம்.,Inner soft side of a palmyra fiber strip,அவுனிய சோத்துப்புறம் திருப்பிக் கட்டு.,பெயர்ச்சொல்,nature_animals | farming_livestock,,pm,
2585,சோத்துலெ,,cōttule,,உணவில்.,In cooked rice / in meals,சோத்துலெ உப்புப் போட்டு தின்னாத்தானே ஆகும்.,,food_cooking,,np,
2586,சோப்பலாங்கி,,cōppalāṅki,,சோம்பேறி/ சுணங்கி இருப்பவன் | காண்க. சோங்கி. | சோம்பேறி.,Sluggard / lazy loafer,சுத்த சோப்பலாங்கியா இருக்கறாண்டா.,பெயர்ச்சொல்,human_behavior,,od | np | pm,
2587,சோப்புலெ,,jōppule,,சட்டைப்பையில்.,In shirt pocket,சோப்புலெ எத்தனை. பணொ லைச்சிருந்தாலு இருக்குறுதில்லெ.,,dress_accessories,,np,
2588,சோமவாரம்,சோமாரம்,cōmavāram,cōmāram,திங்கட்கிழமை,Monday,அடுத்த சோமாரத்தன்னிக்கு வர்றன்.,பெயர்ச்சொல்,time_seasons,வடசொல்: ஸோமவாஸரம்,od | pm,
2589,சோர் உண்டாச்சா,,cōr uṇṭāccā,,சாப்பிட்டு விட்டீர்களா,Have you eaten your meal?,கண்ணா சோர் உண்டாள்,,speech_phrase,,np,
2590,சோர் உண்ணு,,cōr uṇṇu,,சாப்பிடு.,Eat your meal / have food,கண்ணா சோர் உண்ணு;,,food_cooking | speech_phrase,,np,
2591,சோர்ந்து,,cōrntu,,களைத்து.,Fatigued / grown weary,பையெ ரொம்பொ சோங்கி போமிட்டெ.,,body_health,காண்க: சோங்கி,np,
2592,சோலி,ஸோலி,cōli,sōli,பணி | வேலை.,Work / chore / business,காலங்காத்தால கடை கடையா என்ன சோலி உனக்கு? | உள்ற சோலி முடிஞ்சுது போ.,,speech_phrase,,od | np,
2593,சோளக்காட்டு பொம்மை,,cōḷakkāṭṭu pommai,,"கட்டிடங்கள் கட்டும்போதும், சோளக்காட்டிலும் திருஷ்டிக்காக வைக்கப்படும் பொம்மை.",Scarecrow set up in maize fields or under-construction houses to ward off evil eye,சோளக்காட்டுப் பொம்மையெப் போலெ நிக்கிறாம் பாரு.,,farming_livestock | festival_religion,,np,
2594,சோளக்குழி,,cōḷakkuḻi,,சோளம் போட்டு வைக்க பயன்படும் குழி. | சோளம் போட்டு வைக்கப் பயன்படும் குழி.,Underground grain storage pit for sorghum,அந்தக் காலத்துல சோளக்குழிலதெ சோளத்தப் போட்டு வெப்பாங்க | அந்தக் காலத்துல சோளக்குழியில் தான் கொட்டி வெப்பாங்க.,பெயர்ச்சொல்,farming_livestock | home_household,,np | pm,
2595,சோளத்தட்டு,,cōḷattaṭṭu,,தீவனம்,Sorghum stalk fodder for cattle,,,farming_livestock,,od,
2596,சோளரட்டு,,cōḷaraṭṭu,,சோளத் தவிடு.,Sorghum bran fed to goats and cattle,சோள ரட்ட ஆட்டுக்கு லெய்யி நல்லா தின்னும். | சோளரட்ட ஆட்டுக்குத்தான் வெக்கோனும்.,பெயர்ச்சொல்,farming_livestock,,np | pm,
2597,சோற்றுப்பாடை,,cōṟṟuppāṭai,,திருமணம் போன்ற நிகழ்ச்சிகளில் சோற்றைக் கொட்டி வைப்பதற்கு வைக்கோல் அல்லது சோளத்தட்டைப் பரப்பி அதன் மேல் துணி விரித்த அமைப்பு.,Large communal rice-cooling bed lined with straw and cloth for wedding feasts,சோத்துப் பாடையில கொட்டி நல்லா மூடிவெய்யிங்க. இல்லீனா ஆறி வெரச்சுப் போயிடும்.,பெயர்ச்சொல்,food_cooking | festival_religion,,pm,
2598,சோறாக்கிப்போடறது,,cōṟākkippōṭaṟatu,,கட்டுச்சோத்து விருந்து.,Hosting a feast with packed seasoned rice for travelling relatives,,,food_cooking | festival_religion,,np,
2599,சோறாக்கு,,cōṟākku,,சாப்பாடு செய்.,Cook rice / prepare the meal,சீக்கிரொ சோறாக்கு பசீக்குது.,,food_cooking | action_verbs,,np,
2600,சோறு,சோறெடுத்தல்,cōṟu,cōṟeṭuttal,"சாதம் | அன்னம் | பனை, தென்னை இவற்றின் குருத்தில் உள்ள உண்ணுவதற்கேற்ற மென்மையான பகுதி. | காண்க: சோறு.",Cooked rice | edible soft tender pith of palm/coconut crown,அந்தப் பனங்கருக்க வெட்டி இன்னக்கிச் சோறெடுத்தறலாம்.,பெயர்ச்சொல்,food_cooking,,od | pm,
2601,ஞாயொ,,ñāyo,,நியாயம்.,Justice / fairness / reason,ஊர்பன்னாடிகிட்ட போனா. இதுக்கொரு ஞாயொங் கெடைக்கும்,,speech_phrase,,np,
2602,ஞாவகம்,,ñāvakam,,நினைவாற்றல்.,Memory / recollection,என்னமே நெனச்ச ஞாவகமெ இல்லாமப் போச்சி,,human_behavior,,np,
2603,ஞானசூனியம்,,ñāṉacūṉiyam,,அறிவில்லாத ஆள்.,Completely ignorant or foolish person,சுத்த ஞானசூனியமா இருக்குற.,,human_behavior,,np,
2604,டக்குனு,,ṭakkuṉu,,"உடனே, உடனுக்குடன்.",Instantly / on the spur of the moment / right away,நாஞ்சொன்னத டக்குனு செய்,,speech_phrase,,np,
2605,டபாய்,,ṭapāy,,ஏமாற்றுதல். சமாளித்தல்.,Bluffing / deceptive excuse / duping,இந்த டபாய்க்கிற வேலமெல்லா எனக்குத் தெரியாதா.,,human_behavior,,np,
2606,டம்பொ,,ṭampo,,தற்பெருமை.,Vainglory / boastful arrogance,அவெ வெத்தி டம்பொ அடிக்கிறதுல மன்னன்டா.,,human_behavior,,np,
2607,டமாரொ,,ṭamāro,,இசைக்கருவி.,Kettle drum / proclaiming loudly as with a drum,ஊருக்கே கேக்கற மாதிரி டமாரொம். போட்டுச் சொல்லு.,,festival_religion | speech_phrase,,np,
2608,டவ்வு,டுவ்வு,ṭavvu,ṭuvvu,ஏரில் நுகத்தடியையும் கருக்குத்தடியையும் சேர்த்துக் கட்டும் கயிறு .(1) | குழந்தைகள் சண்டையிட்டுக் கொள்ளும்போது இனி உன்னோடு பேசமாட்டேன் என்பதை விரலால் காட்டும் குறியீடு .(2) | காண்க : டவ்வு .,Rope tying yoke to the plowshare pole | children's gesture showing a fallout/not talking,டவ்வக் கொஞ்சம் இறுக்கிக் கட்டு. | அவனோடு டவ்வு உட்டுட்டன்,பெயர்ச்சொல்,farming_livestock | human_behavior,,pm,
2609,டாண்ணு,,ṭāṇṇu,,மிகச்சரியாக. குறிப்பிட்ட நேரத்தில்.,Promptly on time / right on the dot,சொன்ன நேரத்திக்கி டாண்ணு வந்தட்ட.,,time_seasons | speech_phrase,,np,
2610,டிச்சுக்குழி,,ṭiccukkuḻi,,கழிவு நீர் செல்வதற்கு வசதியாக தோண்டப்படும் சிறு கால்வாய். சாக்கடை.,Drainage ditch / open sewer trench,டிச்சுக்குழிலெ பாரு கொச நெறஞ்சி கெடக்குது.,,home_household,,np,
2611,டிமிக்கி,,ṭimikki,,ஏமாற்றி நழுவிச் கொள்ளுதல்.,Dodging / giving the slip / evasive trick,பணந்தரணும்னா டிமிக்கிக் குடுத்து கிட்டே இருக்கியா.,,human_behavior,,np,
2612,டீசீகிக்கல்,,ṭīcīkikkal,,சிறு குழந்தைகள் விளையாடும் விளையாட்டு.,Children's folk game,டீசீகிக்கல்லு வெளயாண்டுகிட்டு இருக்காதெ போய்ப்படி,,human_behavior,,np,
2613,டூ விடுதல்,,ṭū viṭutal,,சிறுவர்கள் நட்பை முறித்துக் கொள்ள சுட்டு விரலையும் நடுவிரலையும் சேர்த்துப் பின் பிரித்துக் காட்டுவர்.,Breaking friendship playfully among children by showing crossed fingers separated,அவங்கூட நா டூ விட்டுட்டெ.,,human_behavior,,np,
2614,டூப்பு,,ṭūppu,,"பொய், பித்தலாட்டம்.",Lie / fake claim / bluffing,எங்கிட்டியே டூப்பு விட்ரியா.,பெயர்ச்சொல்,speech_phrase,,np,
2615,டேரா,,ṭērā,,பலநாள் தங்குதல்.,Pitching camp / staying over for many days,இங்கியே டேரா போட்டுட்ட,,action_verbs,,np,
2616,டேலேய்,,ṭēlēy,,நெருக்கமான ஒருவரை உரிமையுடன் அழைக்கும் சொல்.,Hey fellow! (affectionate familiar address among close peers),டேலேய் தம்பி நாஞ் சொல்றத கேளுடா.,,speech_phrase,,np,
2617,டொக்கை,,ṭokkai,,தாய விளையாட்டில் காய் பழத்திற்கு உள்ளே போகுமுன் இருக்கும் கடைசி வெளிக்கட்டம்.,Last square before home in traditional dayakattai board game,"டேய் நீ இன்ன வெட்டுல, போயி டொக்கைலதான் காயெல்லாம் நிறுத்தோனும்.",பெயர்ச்சொல்,human_behavior,,pm,
2618,டோக்கன்,,ṭōkkaṉ,,ஏமாற்றி நழுவிச் கொள்ளுதல்.,Slipping away / evading slyly,பணந்தரணும்னா டிமிக்கிக் குடுத்து கிட்டே இருக்கியா.,,human_behavior,காண்க: டிமிக்கி,np,
2619,டோப்பா முடி,,ṭōppā muṭi,,தலைமுடிக்கு பதிலாக வைத்துக் கொள்ளும் பொய்முடி.,Hair wig / toupee,தலயிலை டோப்பா முடி வெச்சிருக்க,,dress_accessories,,np,
2620,டோஸ்,,ṭōs,,செய்யும் தவறுக்காக கிடைக்கும் திட்டு.,Scolding / dressing-down / severe reprimand,எங்க அப்பா எனக்கு செரியான டோஸ் விட்டாரு.,,speech_phrase,,np,
2621,தக்குரி,,takkuri,,விபரமறியாதவன்,Naive gullible person / innocent simpleton,எங்கியோ சுத்த தக்குரிபா இருக்குற.,,human_behavior,,np,
2622,தகடை,,takaṭai,,நன்றாகப் புடைக்கப்படாத தானியம்.,Improperly winnowed grain mixed with light husks,நல்லாப் பொடச்சுப் போடு. தகடையாகக் கெடக்குது.,பெயர்ச்சொல்,farming_livestock | food_cooking,,pm,
2623,தகதகன்னு,,takatakaṉṉu,,மின்னுதல்.,Glittering / sparkling brilliantly / glowing brightly,நகை தகதகன்னு மின்னுது.,,nature_animals,,np,
2624,தகராறு,,takarāṟu,,பிரச்சினை.,Dispute / quarrel / trouble,இந்தத் தகராறெல்லாம் எங்கட்ட வேண்டா.,,human_behavior,,np,
2625,தகிரியொ,,takiriyo,,தைரியம்.,Courage / boldness / audacity,உனக்கு ஆரு இவ்வளவு தகிரியொ குடுத்தாங்க.,,human_behavior,,np,
2626,தகுப்பு,,takuppu,,வேலை செய்த களைப்பு.,Weariness / fatigue from hard physical labor,நெறய வேல தரே தகுப்பா இருக்கு. | கொஞ்சம் உக்கோர்றன். தகுப்பா இருக்குது.,பெயர்ச்சொல்,body_health,,np | pm,
2627,தகுமானொ,தகுமானம்,takumāṉo,takumāṉam,தகுந்த காரணம்; சமாதானம்.,Reasonable explanation / plausible excuse / appeasement,அவனுக்கு என்ன தகுமானம் சொல்ல | தகுமானொஞ் சொல்றதே இவனுக்கு வேலயாப் போச்சு,பெயர்ச்சொல்,speech_phrase,,np | pm,
2628,தங்குண்டி,,taṅkuṇṭi,,கட்டுப்பாடற்றுத் தன் விருப்பப்படி நடத்தல்.,Roaming willfully without parental control / living headstrongly,"அந்தப் பையனை ஆரு கேக்கறா, தங்குண்டியாத் திரியறான்.",பெயர்ச்சொல்,human_behavior,,pm,
2629,தசுக்கன்,,tacukkaṉ,,கஞ்சன் | ஏமாற்றுக்காரன் | கஞ்சத்தனம் நிறைந்த ஏமாற்றுப் பேர்வழி.,Miserly cheat / stingy swindler,அவங்கிட்டக் கேக்காதீங்கடா. அவன் தசுக்கன்டா,பெயர்ச்சொல்,human_behavior,,od | pm,
2630,தட்டக்கூடை,,taṭṭakkūṭai,,கொஞ்சம் பெரிய அளவிலான வாய் அகன்ற கூடை,Wide shallow woven basket for drying or storage,,,home_household,,od,
2631,தட்டச்சட்டி,தடச்சட்டி,taṭṭaccaṭṭi,taṭaccaṭṭi,பானையை மூட பயன்படும் தட்டையான சட்டி. | காண்க: தட்டச்சட்டி. | மண்ணால் செய்த மூடப்பயன்படும் தட்டையான பாத்திரம்.,Flat clay lid or shallow earthen dish used to cover pots,தட்டச்சட்டிய வெச்சு சோத்த மூடு.,பெயர்ச்சொல்,home_household | food_cooking,,np | pm,
2632,தட்டம்,,taṭṭam,,பெண்கள் பூப்பு நன்னீராட்டின் போது உறவினர்கள் எடுத்து வரும் சீர்வரிசை,Ceremonial plate of gifts brought by relatives during puberty rites,தொட்டிக்கு எத்தன தட்டம் வந்தது.,பெயர்ச்சொல்,festival_religion,,od | pm,
2633,தட்டழி,,taṭṭaḻi,,அல்லல்படுதல்.,Suffering immense hardship / facing ruin and distress,இவத தட்டழிஞ்சி நாசமாப் போயிட்டா.,,human_behavior,,np,
2634,தட்டி,,taṭṭi,,கோல்கள் வைத்து ஓலையால் கட்டப்படும் மறைப்பு.,Woven bamboo or coconut leaf screen/mat partition,"இங்க ஒரு தட்டி வெச்சா, மறப்பா இருக்குமில்ல.",பெயர்ச்சொல்,home_household,,pm,
2635,தட்டியுட்டுட்டாங்க,,taṭṭiyuṭṭuṭṭāṅka,,கெடுத்து விட்டார்கள்.,Spoiled / foiled or ruined a good plan,கல்யாண காறியத்தெ தட்டியுட்டுட்டாங்க.,,human_behavior,,np,
2636,தட்டு,,taṭṭu,,தானியத் தட்டை.,Dry stalks of sorghum or millet used as cattle fodder,சோளத்தட்டு போர் போட்டாச்சா,பெயர்ச்சொல்,farming_livestock,,pm,
2637,தட்டுக்கரயான்,,taṭṭukkarayāṉ,,சிறுவர் விளையாட்டுக்களில் ஒன்று.,Traditional children's game,பசங்க தட்டுக்கரையான் கட்டிக்கிட்டு இருக்கறாங்க.,பெயர்ச்சொல்,human_behavior,,pm,
2638,தட்டுக்காரம்,,taṭṭukkāram,,காரசாரமான தட்டு வடை அல்லது காரத் தின்பண்டம்.,Crispy spicy snack / thattai,சாயங்கால நேரத்துக்கு தட்டுக்காரம் வாங்கித் தின்னான்.,பெயர்ச்சொல்,food_cooking,பொருள் உறுதிப்படுத்தப்படவில்லை (AI உருவாக்கம்) · Meaning not verified (AI generated),od,
2639,தட்டுக்குச்சி,,taṭṭukkucci,,தானியப் பயிர்களின் குச்சி.,Dried coarse stalks or stems of millet crops,தட்டுக்குச்சிய போரு போட்டுடோனு.,,farming_livestock,,np,
2640,தட்டுக்கெட்டு,,taṭṭukkeṭṭu,,நிலைதடுமாறுதல்.,Losing sense of direction / losing one's bearings or wits,புத்தி தட்டுகெட்டுப் போச்சா.,,human_behavior,,np,
2641,தட்டுக்கெடு(தல்),,taṭṭukkeṭu(tal),,பயனற்ற ஒன்றுக்காகப் பெருமுயற்சி செய்தல்.,Floundering / toiling in vain for a worthless cause,இதுக்காஇப்பிடி தட்டுக்கெடற,வினைச்சொல்,human_behavior,,pm,
2642,தட்டுச்சிட்டு,,taṭṭucciṭṭu,,"கம்பு, சோளம் போன்றவற்றின் தட்டைத் தோகைகளில் கூடு கட்டி வாழும் மிகச் சிறிய சிட்டுக்குருவி.",Small grassquit or wren building nests in millet stalks,டேய். தட்டுச்சிட்டப் புடிச்சாந்து எதுக்காவுது உட்ரு.,பெயர்ச்சொல்,nature_animals,,pm,
2643,தட்டுசீர்,,taṭṭucīr,,கொங்கு நாட்டில் நடைபெறும் பூப்பு நன்னீராட்டு சடங்குகளில் ஓன்று.,Puberty rite ceremonial gift platter presentation in Kongu culture,,,festival_religion,,np,
2644,தட்டுப்படலெ,,taṭṭuppaṭale,,தென்படவில்லை.,Not visible / not caught sight of,எங்கண்ணுக்கு எதுந் தட்டுப்படலை.,,speech_phrase,,np,
2645,தட்டுப்படு(தல்),,taṭṭuppaṭu(tal),,பார்வையில் படுதல்,Catching sight of / coming into view,கூடையா. அந்தப் பக்கந்தான் தட்டுப்பட்டாப்பல இருக்குது.,வினைச்சொல்,action_verbs,,pm,
2646,தட்டுப்போரு,,taṭṭuppōru,,காண்க. வக்கீல் போர்.,Neatly stacked rick of sorghum stalks (fodder stack),,,farming_livestock,,np,
2647,தட்டுமுட்டுச்செலவு,,taṭṭumuṭṭuccelavu,,திடீரென்று ஏற்படும் செலவு.,Unforeseen incidental household expenses,தட்டுமுட்டுச் செலவுக்கு காசு சேத்தி வெக்கோணும்.,,home_household,,np,
2648,தட்டுமுட்டுசாமான்,,taṭṭumuṭṭucāmāṉ,,உபயோகமற்ற பொருட்கள்.,Miscellaneous clutter / discarded broken household articles,தட்டுமுட்டு சாமானேல்லா இந்த ரூமூலை போட்டு வெச்சிருக்குது.,,home_household,,np,
2649,தட்டுவாணி,,taṭṭuvāṇi,,பொறுப்பற்றவன் | திட்டும் சொல்.,Irresponsible good-for-nothing / scamp,எங்கியோ சுத்தெ தட்டுவாணியா இருக்குறா.,,human_behavior,,od | np,
2650,தட்டூடு,,taṭṭūṭu,,தானியத் தட்டைகளைக் கொண்டு கூரை வேயப்பட்ட வீடு.,Thatched hut roofed with millet stalks,அங்கொரு தட்டூடு தெரியுதுல்ல. அதுக்கும் பக்கத்தில,பெயர்ச்சொல்,home_household | place_direction,,pm,
2651,தட்டைக்காய்,,taṭṭaikkāy,,காராமணி.,Cowpea pod / black-eyed pea,தட்டக்காய் கொஞ்சம் பறிச்சாரேன்.,பெயர்ச்சொல்,food_cooking | farming_livestock,,pm,
2652,தட்டொ,,taṭṭo,,தட்டு.,Dining plate / platter,தட்டொத்துலெ சோத்தப்போட்டு தின்னு.,,home_household | food_cooking,,np,
2653,தடதடன்னு,,taṭataṭaṉṉu,,சத்தத்தோடு முரட்டுத் தனமாக.,Clattering noisily / rattling roughly with loud clamor,என்ன தடதடன்னு ஒரே சத்தமா இருக்குது?,,speech_phrase,,np,
2654,தடபுடலா,,taṭapuṭalā,,மிகுந்த ஆடம்பரமாக.,Lavishly / lavish feast or grand celebration,என்ன தடபுடலா விருந்து நடக்குது.,,festival_religion,,np,
2655,தடாபுடானு,,taṭāpuṭāṉu,,திடீரென்று,All of a sudden / abruptly and unexpectedly,தடாபுடானு கல்யாணொ பண்ணிக்கிட்ட,,speech_phrase,,np,
2656,தடித்த,,taṭitta,,குண்டாக உள்ள.,Stout / stoutly built / plump,அந்தத் தடிச்ச பையனா.,பெயர்ச்சொல்,body_health,,pm,
2657,தடுக்கு,,taṭukku,,"தென்னை ஓலைப் பாய் | தென்னை ஓலையில் செய்யப்படும் பாய் | ஒலையில் செய்த கீற்று | தென்னை ஓலையால் பின்னப்பட்டது. | ஓலையால் ( படுக்க, உட்காருவதற்காகப் ) பின்னப்பட்ட கீற்று.",Coconut-leaf woven mat for sitting or roofing,தடுக்கு ரெண்டு செமை வாங்கியாத்து பந்தல் போடோனு | அந்தத் தடுக்க எடுத்துப் போட்டு உக்கோரு.,பெயர்ச்சொல்,home_household,,od | np | pm,
2658,தடுதலை,,taṭutalai,,குறுக்கீடு.,Obstacle / obstruction / person who intervenes and hinders,எங்கெ போனாலும் நமக்கு இவன் தடுதலையா வந்தர்றான். | எங்கெ போனாலும் நமக்கு இவன் தடுதலையா வந்தர்றான்.,,human_behavior,,np | pm,
2659,தடுப்பு,,taṭuppu,,குளிப்பதற்காக ஓலைகளால் மறைக்கப்படும் மறைப்பு. | குளிப்பதற்காகவோ சுவரில்லாத கொட்டகையைச் சுற்றிலுமோ ஓலைகளால் கட்டப்படும் மறைப்பு.,Woven palm-leaf privacy screen / temporary bathroom enclosure,அந்தத் தடுப்புக்குள்ள போயி குளி | தண்ணி ஊத்திக்க ஒரு தடுப்புக் கட்டுனா ஆரு கேக்கறா.,பெயர்ச்சொல்,home_household,,np | pm,
2660,தடொ,,taṭo,,பாதை.,Cart track / rural dirt path,வண்டித்தடத்துலயே போனா காட்டுக்கு போயிரலாம்,,place_direction,,np,
2661,தண்டல்,,taṇṭal,,தப்பாட்டம்,Traditional folk frame-drum dance (thappattam),,,festival_religion,,od,
2662,தண்டல்காரன்,,taṇṭalkāraṉ,,மணியகாரருக்கு (கிராம அதிகாரி) உதவியாக இருப்பவர்.,Village headman's administrative assistant / revenue collector's crier,தண்டல்காரெ வந்துட்டுப் போறெ.,,human_behavior,,np,
2663,தண்டி,,taṇṭi,,"சிறுவர் / சிறுமியர் விளையாட்டில் இரு அணிகளாகப் பிரிப்பதற்கு இரண்டு இரண்டு பேராகச் சென்று பூ, மரம், காய் போன்றவற்றின் பெயர்களை வைத்துக்கொண்டு, அணித்தலைவர் களிடம் வந்து ' எது வேண்டும் ' எனக் கேட்பர். அவ்விதம் பிரிக்க ஏற்ற சம வயது, உடல் பலமுடைய இருவர்.",Matched pair of equal players chosen before picking sides in folk games,நானும் அவனுந் தண்டிடா.,பெயர்ச்சொல்,human_behavior,,pm,
2664,தண்டு,,taṇṭu,,சண்டை.,Fight / quarrel / battle,மாடு இல்லாதவன் மழைக்கி ராசா. பொண்டு இல்லாதவன் தண்டுக்கு ராசா. - பழமொழி.,,human_behavior,,np,
2665,தண்டுவன்,,taṇṭuvaṉ,,திருமணமாகாதவன் | திருமணமாகாதவன்; செய்து கொள்ளாதவன் ( பிரம்மச்சாரி ).,Bachelor / unmarried man,அவந்தான் தண்டுவன். கேக்கறதுக்கு ஆளில்ல. அவனோட உனக்கென்ன சேர்க்கை.,பெயர்ச்சொல்,human_behavior,,od | pm,
2666,தண்டை,,taṇṭai,,குழந்தைகள் காலில் போடும் செம்பும் இரும்பும் கலந்து பின்னப்பட்ட வளையம். | சிறு குழந்தைகளுக்குக் காலில் போடும் செம்பும் இரும்பும் சேர்த்துப் பின்னப்பட்ட சிறு கம்பி வளையம்.,Twisted copper and iron anklet worn by infants for protection,தண்டையப் இல்லாப் போட்டுடு | கொழந்த காலப் பாக்கறதுக்கு நல்லாவே இல்ல. ஒரு தண்ட வாங்கிப் போடு.,பெயர்ச்சொல்,dress_accessories,,np | pm,
2667,தண்ணி அடுப்பு,,taṇṇi aṭuppu,,வெந்நீர் தயாரிப்பதற்கான அடுப்பு. | தண்ணீர் அடுப்பு: வெந்நீர் தயாரிப்பதற்கான அடுப்பு.,Water-heating hearth / traditional large water boiler stove,தண்ணி அடுப்புக்கு தீ எரிச்சுடு | தண்ணி அடுப்புக்குக் கொஞ்சம்தீயிட்டுப் போடு.,பெயர்ச்சொல்,home_household,,np | pm,
2668,தண்ணி உளுந்துருச்சி,,taṇṇi uḷunturucci,,ஆழ்குழாயில் துளை போடும்போது ஊற்று கிடைத்தல்.,Water struck / aquifer struck during borewell drilling,போரு போட்டு இங்களெ தண்ணி உளுந்துருச்சி,,farming_livestock | nature_animals,,np,
2669,தண்ணி ஊத்திக் கொள்ளு(தல்),,taṇṇi ūttik koḷḷu(tal),,தண்ணீர் ஊற்றிக் கொள்ளுதல்; குளித்தல்.,Taking a bath / bathing,பையன் தண்ணி ஊத்திக்கிட்டானா.,வினைச்சொல்,body_health,,pm,
2670,தண்ணி ஊத்து,,taṇṇi ūttu,,குளித்தல்.,Bathing / pouring water over oneself,தம்பி தண்ணி ஊத்தியாச்சா,,body_health,,np,
2671,தண்ணி கட்டு,தண்ணிகட்றெது,taṇṇi kaṭṭu,taṇṇikaṭṟetu,( வயலுக்கு ) நீர் பாய்ச்சுதல். | வயலுக்கு நீர் பாய்ச்சுதல்.,Irrigating fields / watering crops,பருத்திக் காட்டுக்கு இன்னக்கித் தண்ணிகட்டோனும். | வயல்ல தண்ணி கட்ற வேல எனக்கிருக்கு,வினைச்சொல்,farming_livestock,,np | pm,
2672,தண்ணி தொளிச்சுடு,,taṇṇi toḷiccuṭu,,ஒருவரை அவருடைய போக்குக்கே விடுதல்.,Giving up on someone / leaving someone to their own devices,அவன தண்ணித் தொளிச்சு எக்கேடோ கெட்டுப் போகுட்டு;.,,speech_phrase,,np,
2673,தண்ணி மாறுதல்,,taṇṇi māṟutal,,வயலுக்குப் பாய்ச்சும் போது மடை மாற்றுதல்.,Diverting irrigation water from one plot or sluice to another,தண்ணி மாற ஆரு போறது.,வினைச்சொல்,farming_livestock,,pm,
2674,தண்ணி மொறை,,taṇṇi moṟai,,ஒரு கிணற்றில் பாகம் உள்ளவர்கள் தண்ணீரை வயலுக்குப் பாய்ச்சப் பிரித்துக் கொள்ளும் நாள் பங்கு.,Scheduled irrigation turn sharing well water among partners,இன்னிக்குத் தண்ணிமொறை எங்களுது. நாளக்கி அவுங்களுக்கு.,பெயர்ச்சொல்,farming_livestock,,pm,
2675,தண்ணி வார்த்துக் கொள்ளுதல்,தண்ணி ஊத்திக் கொள்ளுதல்,taṇṇi vārttuk koḷḷutal,taṇṇi ūttik koḷḷutal,காண்க: தண்ணி ஊத்திக்கொள்ளுதல்.,Taking a bath / pouring water over oneself,,,body_health,,pm,
2676,தண்ணி வெட்டி உடுறாங்க,வயல்களுக்கு,taṇṇi veṭṭi uṭuṟāṅka,vayalkaḷukku,நிலங்களுக்கு தண்ணீர் பாய்ச்சுதல்,Cutting irrigation channel bunds to release water into plots,,,farming_livestock,,od,
2677,தண்ணிக் கொட்டம்,தண்ணிக்கொட்டொ,taṇṇik koṭṭam,taṇṇikkoṭṭo,குளியலறை. | காண்க.,Traditional bathroom / bathing shed,துண்டு தண்ணிக் கொட்டத்துல கெடக்கும்.,பெயர்ச்சொல்,home_household,,np | pm,
2678,தண்ணிக்காத்தான் பூடு,,taṇṇikkāttāṉ pūṭu,,சிறு பை போன்ற மலர்ப் பையுள் தண்ணீர் நிறைந்திருக்கும் ஒருவகைப் பூண்டு.,Water-retaining wild herb bearing bladder-like water pods,தண்ணிக் காத்தான் பூட்டப்புடுங்கு.,பெயர்ச்சொல்,nature_animals,,pm,
2679,தண்ணிகாட்டுறெது,,taṇṇikāṭṭuṟetu,,அலைக் கழித்தல்.,Giving someone the runaround / making someone run in circles,எனக்கே தண்ணி காட்றியா.,,human_behavior,,np,
2680,தண்ணிசேந்தோனு,,taṇṇicēntōṉu,,கிணற்றில் நீர் இறைத்தல்.,Need to draw water from the well with a rope bucket,தண்ணிக் கெணுத்துலெ போயி தண்ணிசேந்திட்டு வர்ரோனு.,,farming_livestock | action_verbs,,np,
2681,தண்ணித் தாவொ,,taṇṇit tāvo,,தண்ணீர் தாகம்.,Thirst / craving for water,தண்ணித் தாவமடிக்குது தண்ணி குடிக்கோணும்.,,body_health,,np,
2682,தண்ணிமோந்து,,taṇṇimōntu,,நீர் மொண்டு எடுத்தல்.,Having drawn or scooped water in a vessel,செம்புலெ தண்ணி மோந்துட்டு வா.,,home_household | action_verbs,,np,
2683,தண்ணிவாக்கி,,taṇṇivākki,,வயல்களுக்கு தண்ணீர் பாய்ச்சுபவர்,Designated irrigator (village waterman hired to distribute channel water fairly),"வயல்களின் உரிமையாளர்கள் கூடி, நீர் பாய்ச்சவென ஒருவரை நியமித்திருப்பர். அவர்தான் சரிசமமாக, கவனமாக தண்ணீர் பாய்ச்சுவார். ஒவ்வொரு போகமும் முடிந்த பின் குறிப்பிட்ட பொதி நெல் வாங்கிக் கொள்வார்",,farming_livestock | human_behavior,,od,
2684,தண்ணிவார்க்க,தண்ணி ஊத்திக்க,taṇṇivārkka,taṇṇi ūttikka,குளிக்க,To bathe / to pour water for bathing,,,body_health,,od,
2685,தண்ணிவெலாவு,,taṇṇivelāvu,,சூடான நீரை ஆற வைத்தல்.,Cooling down hot water by adding cold water,சுடு தண்ணியெ வெலாவி குளிக்கோனு.,,home_household | action_verbs,,np,
2686,தண்ணீப்பூடு,,taṇṇīppūṭu,,ஒருவகையான தாவரம்.,Water-weed plant / wild herb species,வேலிலை தண்ணிப்பூடு நெறயா இருக்கு,,nature_animals,,np,
2687,தத்துபித்துன்னு,,tattupittuṉṉu,,முன்னுக்குப்பின் முரணாக.,Incoherently / babbling contradictory nonsense,தத்துபித்துன்னு உளறாம சும்மா இரு.,,speech_phrase,,np,
2688,தத்தேரி,,tattēri,,பொறுப்பற்றவள் / ன்.,Irresponsible vagrant / heedless person,அவ தத்தேரியாத் திரியறா.,பெயர்ச்சொல்,human_behavior,,pm,
2689,ததக்காபுதக்கா,,tatakkāputakkā,,ஒன்றும் தெரியாமல் உளறுதல்.,Stammering incoherently / blabbering in confusion,ததக்கா புதக்கானு உளர்தே வேலயாப் போச்சு.,,speech_phrase,,np,
2690,தப்பட்டெபலகை,,tappaṭṭepalakai,,பட்டையாக வெட்டிச் சீவப்பட்ட மூங்கில் அல்லது பனை மரத் துண்டம் ( வீடுகளில் கூரை அமைக்கப் பயன்படும் ). | குறுக்காக வெட்டப்பட்ட மரக்குச்சி.,Split bamboo or palmyra slat used in roofing,கொட்டாய்க்கு தப்ப நல்லதா பாத்து வெய்யி. | தப்பெய எத்து நல்லா கட்டியுடு,பெயர்ச்சொல்,home_household,காண்க: தப்பை,np,
2691,தப்பட்டை,தப்பட்டெ,tappaṭṭai,tappaṭṭe,தட்டையாக உள்ள இசைக்கருவி; பறை. | எழுப்பும் சத்தமான ஒருவகை தோல் கருவி.,Flat frame drum / parai folk percussion instrument,எங்கயோ தப்பட்டச்சத்தம் கேக்குது. என்னவா இருக்கும். | தப்பட்டய அடிக்கிறாங்க அதுதா சத்தம்,பெயர்ச்சொல்,festival_religion,,np | pm,
2692,தப்படி,,tappaṭi,,காலை அகட்டி எடுத்து வைக்கும் அடி.,Stride / taking wide tottering steps,தப்படி வெச்சு நடக்காதே கீழே உளுந்துருவெ.,,action_verbs,,np,
2693,தப்பரது,,tapparatu,,துணி துவைத்தல்,Beating clothes clean on a washing stone / laundering,,,action_verbs | home_household,,od,
2694,தப்பற கல்லு,,tappaṟa kallu,,தட்டையான பலகை போன்ற பாறைக்கல்.,Flat slab stone,தப்பற கல்லு மேல உக்காந்து பேசிக்கிட்டு இருந்தாங்க.,பெயர்ச்சொல்,nature_animals | home_household,பொருள் உறுதிப்படுத்தப்படவில்லை (AI உருவாக்கம்) · Meaning not verified (AI generated),od,
2695,தப்பாமல்,,tappāmal,,"தவறாமல்.(1) | குணம், உருவம் முதலியவற்றில் இம்மியம் பிசகாமல்.(2)",Without fail / unfailingly | taking after closely in looks or traits,செஞ்ச தப்புக்கு தப்பாம தண்டனை கிடைக்கும் | அப்பனுக்கு மவன் தப்பாமெ பெறந்துருக்காம் பாரு.,,speech_phrase,,np,
2696,தப்பிச்சம் பொழச்சம்னு,,tappiccam poḻaccamṉu,,தப்பித்தோம் பிழைத்தோம் என்று.,Breathing a sigh of relief as if barely escaping alive,தப்பிச்சம் பொழச்சம்னு ஓடி வந்தேன்,,speech_phrase,,np,
2697,தப்புத்தண்டா,,tapputtaṇṭā,,தவறுகள்.,Misdeeds / misbehavior / blunders,எப்பப் பாத்தாலு தப்புத் தண்டா செய்யறதே வேலயாம் போச்சு,,human_behavior,,np,
2698,தப்பெ,தப்பை,tappe,tappai,பட்டையாக வெட்டிச் சீவப்பட்ட மூங்கில் அல்லது பனை மரத் துண்டம் ( வீடுகளில் கூரை அமைக்கப் பயன்படும் ). | குறுக்காக வெட்டப்பட்ட மரக்குச்சி.,Slat of split bamboo or palmyra wood for thatch framing,கொட்டாய்க்கு தப்ப நல்லதா பாத்து வெய்யி. | தப்பெய எத்து நல்லா கட்டியுடு,பெயர்ச்சொல்,home_household,,np | pm,
2699,தபா,,tapā,,தடவை.,Time / occasion / turn,எத்தன தபா உனக்கு சொல்றது.,,time_seasons,,np,
2700,தம்புடிச்சு,,tampuṭiccu,,உடல் பலத்தை உபயோகித்து மூச்சை அடக்கி ஏதாவது ஒரு கடினமான பணியைச் செய்தல்.,Holding breath and straining muscles with all one's might,தம்புடிச்சி இந்த மூட்டை தூக்கி வை.,,body_health | action_verbs,,np,
2701,தமுரு,,tamuru,,"ஆடு, மாடுகளின் முலைக்காம்பு.(1) | துளை(2)",Teat of sheep or cattle | orifice or perforating hole,மாட்டுக்கு என்னமோ தெரில. ஒரு தமுருல பாலே வர்ல. வீக்கமா இருக்குது. | குத்துக்கால்ல தமுரு கொஞ்சம் பெரிசாப்போச்சு.,பெயர்ச்சொல்,farming_livestock | body_health,,pm,
2702,தயிர் சிலுப்புதல்,,tayir cilupputal,,தயிர் கடைந்து வெண்ணை எடுத்தல்,Process of extracting butter from curd / churning butter,,வினைச்சொல்,action_verbs | food_cooking,,od,
2703,தயிர்க்கொழா,,tayirkkoḻā,,மாடுகள் சினையாகிச் சில மாதங்கள் கழிந்ததும் அவற்றின் உறுப்பிலிருந்து தயிர் போன்று வெண்மை நிறத்துடன் வெளியாகும் கெட்டியான திரவம் (இதைக் கொண்டு சினையை உறுதிப்படுத்திக் கொள்ளலாம் ).,Curd-like thick white vaginal discharge confirming pregnancy in cattle,செனைடா. தயிர்க்கொழா,பெயர்ச்சொல்,farming_livestock,,pm,
2704,தயிர்ப்பசண்டை,,tayirppacaṇṭai,,தயிரிலிருந்து கைகளில் ஒட்டிக் கொள்ளும் வழவழப்பான பசை.,Greasy slippery film or curd residue sticking to hands after churning,தயிர்ப்பசண்ட கையில் ஒட்டிக்கிடுச்சு.,பெயர்ச்சொல்,food_cooking,,pm,
2705,தயிரு மத்து,,tayiru mattu,,தயிர் கடையும் மத்து.,Wooden churning stick for buttermilk or curd,தயிருமத்தெ எடுத்தா தயிரு கடையலாம்,,home_household | food_cooking,,np,
2706,தயிருசிலப்பறது,,tayirucilappaṟatu,,தயிர் கடைதல்.,Churning curd to make butter or buttermilk,தயிருமத்துலெ தயிர சிலப்போனு,,food_cooking | action_verbs,,np,
2707,தர்ம அடி,,tarma aṭi,,பொதுமக்கள் அனைவரும் சேர்ந்து அடித்தல்.,Public mob thrashing / collective beating,தர்ம அடி தின்னாலும் புத்தி வராது.,,human_behavior,,np,
2708,தர்மாசுபத்திரி,,tarmācupattiri,,அரசு மருத்துவமனை.,Government civil hospital / charitable dispensary,தர்மாசுபத்திரிக்கு போயி ஊசி போட்டுகிட்டு வந்தெ.,,body_health | place_direction,,np,
2709,தரம்பக்கட்டை,,tarampakkaṭṭai,,"காற்றில் சாய்ந்து விடாமல் இருக்க, பட்டிப் படல்களுக்கு முட்டுக்கொடுக்கும் மூன்றாகப் பிளவுபட்ட கோல்.",Three-pronged wooden prop supporting hurdle gates or wicker fences against wind,படலுச் சாயுது. ஒரு தரம்பக்கட்டை இருந்தாமுட்டுக்குடு.,பெயர்ச்சொல்,farming_livestock,,pm,
2710,தரம்பு கட்டுதல்,,tarampu kaṭṭutal,,கிளுவை நொச்சிக் கட்டைகளை வைத்துக் கட்டப்படும் படல்,Building a woven stick fence or protective hurdle screen,,வினைச்சொல்,action_verbs | farming_livestock,,od,
2711,தரம்புகட்டை,,tarampukaṭṭai,,மூங்கில் அல்லது மரக்கழிகளால் வேயப்பட்ட தடுப்புச் சுவர் / தட்டி.,Woven stick partition / hurdle fence,,பெயர்ச்சொல்,home_household | farming_livestock,,od,
2712,தரித்தல்,,tarittal,,குச்சிகளைச் சிறு சிறு துண்டுகளாக வெட்டிப் பிரித்தல்,Chopping branches or cassava stems into cuttings for planting,கெழங்குக் குச்சி ஊன்றதுக்குத் தரிக்கோனும்,வினைச்சொல்,farming_livestock | action_verbs,,pm,
2713,தருசு,,tarucu,,"சட்னி, மிளகாய்ப் பொடி போன்றவை நன்கு அரைபடாமல் இருக்கும் தன்மை.",Coarseness / coarse unground texture of chutney or spice powder,நல்லா அரைக்கறதுதான. சட்னி தருசு தருசா இருக்குது.,பெயர்ச்சொல்,food_cooking,,pm,
2714,தருமச்சோறு,,tarumaccōṟu,,இலவசமாக அளிக்கப்படும் உணவு.,Alms food / free charity food,இவனுக்கு தருமச்சோறு திங்கறதே பொழப்பாப் போச்சு,,food_cooking,,np,
2715,தலக்கட்டு,,talakkaṭṭu,,பரம்பரை,Lineage / generations of family ancestry,எங்க தலக்கட்டுல ஆருக்கும் இந்தெ நோவு கெடயாது. | எங்க தலக்கட்டுல ஆருக்கும் இந்த நோவு கெடையாது.,பெயர்ச்சொல்,kinship,,np | pm,
2716,தலக்கட்டுவரி,,talakkaṭṭuvari,,ஒரு குடும்பத்து வரி.,Family head tax / household poll levy paid for temple maintenance,கோயிலுக்கு தலக்கட்டுவரி குடுக்கோணு.,,festival_religion,,np,
2717,தலக்கவுறு,தலெக்கவறு,talakkavuṟu,talekkavaṟu,"ஆடு, மாடுகளைக் கட்டுவதற்காக அதன் தலைப் பகுதியோடு கோர்க்கப்பட்ட கயிறு. | ஆடு, மாடுகளைக் கட்ட அதன் தலைப்பகுதியோடு சேர்த்து கட்டப்படும் கயிறு.",Halter head-rope tied around the head of cattle or sheep,"தலக்கவுத்தப் புடுச்சிக் கட்டுடா. | தலெக்கவத்த தளத்திபுடு,.",பெயர்ச்சொல்,farming_livestock,,np | pm,
2718,தலக்கறி,,talakkaṟi,,ஆட்டுத் தலையை வெட்டி அரிந்த கறி.,Goat head meat,தலக்கறி எடுத்தாந்திருக்கறன்.,பெயர்ச்சொல்,food_cooking,,pm,
2719,தலச்சங்குட்டி,தலெச்சங்குட்டி,talaccaṅkuṭṭi,taleccaṅkuṭṭi,ஆட்டின் முதல் குட்டி.,Firstborn lamb or kid of a sheep or goat,"தலச்சங்குட்டி,கெடாயாப் போட்டிருக்குது. | ஆடு தலெச்சங்குட்டி",பெயர்ச்சொல்,farming_livestock,,np | pm,
2720,தலச்சன்,தலெச்சன்,talaccaṉ,taleccaṉ,முதல் குழந்தை. | முதலாவதாக பிறப்பவன்.,Firstborn child | Firstborn son or child,இவந்தான் எங்களுக்குத் தலச்சன். | இவந்தா தலெச்சம் பிள்ள.,பெயர்ச்சொல்,kinship,,pm | np,
2721,தலச்சுழிப்பு,,talaccuḻippu,,தலைவிதி / தலை எழுத்து.,Destiny / fate (literally: crown whorl determining fate),எந்தலச்சுழிப்பு அப்பிடி இருக்குது.,பெயர்ச்சொல்,festival_religion | human_behavior,,pm,
2722,தலதட்டி,,talataṭṭi,,"சிறுவர் ( ஓடித் தொடும் ) விளையாட்டு. ( தொடுபவர் அருகில் வந்தால் உடனே ஓடுபவர் உட்கார்ந்து கொள்ளலாம். தொடுபவர் தலையைத் தட்டி விட்டால், ஓடுபவரில் உட்காராமல் இருக்கும் வேறு யாராவது வந்து தொட்டு உயிர் கொடுக்கும் வரை எழக்கூடாது ).",Traditional children's tag game played by touching the head,இன்னிக்கித் தலதட்டி வெளையாடலாம்.,பெயர்ச்சொல்,human_behavior,,pm,
2723,தலமடை,தலெமடை,talamaṭai,talemaṭai,மதகின் கீழ் வயலிலுள்ள முதல்மடை. தலைமடையிலிருந்து வரும் நீர் பாயும் வயல்.,First outlet or sluice field receiving water directly from irrigation source,அவனது தலமடைக்கிட்ட இருக்கற வயலு. | தலமடை வயல்ல சீக்கிரம் தண்ணி பாஞ்சுரும். | தலெமடைல தண்ணி பாச்சாச்சா,பெயர்ச்சொல்,farming_livestock,,np | pm,
2724,தலமாடு,தலெமாடு,talamāṭu,talemāṭu,கட்டிலில் தலை வைத்துப் படுக்கும் பகுதி. | படுத்திருக்கும் போது தலை உள்ள பகுதி.,Head of the bed / head end where pillows rest,ஏண்டா தலமாடு கூடத் தெரியிலயா உனக்கு. | தலெமாட்டுல போயி உக்காரு.,பெயர்ச்சொல்,home_household,,np | pm,
2725,தலமார்,,talamār,,உழவில் ஏர் திரும்பும் இடம்.,Headland of a field (furrow turn where plow team turns around),தலமாருல திரும்பி ஓட்டத் தெரியிலியா இன்னம்.,பெயர்ச்சொல்,farming_livestock | place_direction,,pm,
2726,தலமாறு,,talamāṟu,,ஏரு திரும்பும் முனை,Plow turn / furrow boundary headland,,,farming_livestock | place_direction,,od,
2727,தலவாசல்,,talavācal,,வீட்டின் முகப்பு வாசல்; முதன்மை நுழைவு வாயில்.,Front entrance / main doorway of a house,தலவாசல்ல மாக்கோலம் போட்டு வெய்யி.,பெயர்ச்சொல்,home_household,,od,
2728,தலெகாணி,தலவாணி,talekāṇi,talavāṇi,தலையணை | தலையணை.,Pillow / bolster | Pillow / headrest,தலெகாணில தலெவெச்சுப் படுத்தாத்தெ தூக்க வரும்.,,home_household,,od | np,
2729,தலவாரி,,talavāri,,மாடு இழுத்துச் செல்லும் ஏற்றப் பாதையின் ( வாரி ) தொடக்கப் பகுதி.,Starting point of the bullock track used in traditional water hoist (kavalai),தலவாரிக்கிட்டப் போயி நிக்காத.,பெயர்ச்சொல்,farming_livestock | place_direction,,pm,
2730,தலவு சேக்கறது,,talavu cēkkaṟatu,,ஆங்காங்கு மேய்ந்து கொண்டிருக்கும் மாடுகளை பட்டிக்கு கொண்டு வர ஒன்று சேர்ப்பது.,Rounding up scattered grazing cattle into the fold or pen at dusk,,,farming_livestock,,np,
2731,தலுக்கு,,talukku,,"வேலைப்பாடு இல்லாத, கல் வைக்காத மூக்குத்தி",Plain unadorned gold nose stud without stones,தலுக்கு போட்டு கிட்டு வந்துட்டா.,,dress_accessories,,np,
2732,தலெதட்டி,,taletaṭṭi,,சிறுவர்கள் விளையாடும் விளையாட்டு.,Children's folk tag game,தலெதட்டி வெளையாடலா வர்றியா,,human_behavior,,np,
2733,தலெபோடறது,,talepōṭaṟatu,,இரண்டு எருதுகள் சண்டையிடும் போது கொம்புகளை பிணைத்துக் கொள்வது,Bulls locking horns during a clash,,,farming_livestock,,np,
2734,தலெபோற வேலெ,,talepōṟa vēle,,"தவிர்க்க முடியாத, அவசரமான வேலை.",Extremely pressing emergency work / matter of life and death,தலெபோற வேலயா இவ்வளவு வேகமா போற.,,speech_phrase,,np,
2735,தலெமாறு,,talemāṟu,,மடையிலிருந்து வந்து நீர் பாயும் முதல் பகுதி,Head of the irrigation channel bed,தலெமாறுலெ தண்ணியெ திருப்புடு,,farming_livestock | place_direction,,np,
2736,தலெயக் காமுச்சுட்டு,,taleyak kāmuccuṭṭu,,பார்த்ததும் திரும்புதல்.,Showing one's face briefly / paying a fleeting courtesy visit,கண்ணாலத்துலெ தலையக் காமுச்சுட்டு போலான்னு பாத்தேன் புடிச்சுகிட்டீங்களே.,,human_behavior | speech_phrase,,np,
2737,தலெவரி,,talevari,,முதலில் கொடுக்கும் வரி,Primary village community tax / first temple tithe,எப்பவுமே நானு கோயிலுக்கு தலெவரி குடுத்தருவ,,festival_religion,,np,
2738,தலெவாசலு,,talevācalu,,தலைவாசல்.,Main front doorway / entrance portal of house,தலெ வாசல்லெ போயி படுத்து தூங்காதெ,,home_household,,np,
2739,தலை கயிறு,,talai kayiṟu,,மாட்டின் கொம்புகளையும் தலையையும் சேர்த்துப் பிடிக்கும் கயிறு.,Halter rope tied around cattle's head,மாட்டுக்கு தலை கயிறு மாட்டி வண்டியில பூட்டு.,பெயர்ச்சொல்,farming_livestock,,od,
2740,தலைக்கு வாத்துடு,,talaikku vāttuṭu,,தலையோடு சேர்த்துக் குளி,Take a full head bath,,,body_health,,od,
2741,தலையீத்து,தலெயீத்து,talaiyīttu,taleyīttu,மாடுகள் முதல் சினையாகிக் கன்று ஈனும் பருவம். | மாடுகள் முதலில் கன்று போடும் பருவம்.,First calving of a heifer / primiparous stage of cattle,இது தலையீத்துக் கெடாரி. | தலெயீத்து மாடு,பெயர்ச்சொல்,farming_livestock,,np | pm,
2742,தலையுமாரு,,talaiyumāru,,"வெள்ளை வெற்றிலை, கருப்பு வெள்ளை வெற்றிலை இரண்டையும் கிள்ளிச் சேர்த்து அடுக்குவது.",Sorting and pairing white and dark betel leaves in bundles,தலையுமாரு இன்னிக்கி என்ன வெல.,பெயர்ச்சொல்,food_cooking | farming_livestock,,pm,
2743,தவக்கா,,tavakkā,,தவளை (உயிரினம்) | தடவை. | தடவை .(1) | தவளை.(2),Frog | time or turn,எத்தன தவக்கா உனக்கு சொல்றது. | இந்தத் தவக்கா வௌச்சலு பரவால்ல. | கல்லுக்கடிய இத்தன தவக்கா இருக்குது.,பெயர்ச்சொல்,nature_animals,,od | np | pm,
2744,தவக்காயி,,tavakkāyi,,தவளை.,Frog,இங்கன பாரு எத்தன தவக்காயி இருக்குது.,,nature_animals,,np,
2745,தவசம்,,tavacam,,தானியம்.,Grains / cereals and pulses crop yield,தவசத்த பூச்சி அரிச்சுருச்சு. | இருக்கற தவசம் இந்த வருசம் சோத்துக்கு ஆயிரும்.,பெயர்ச்சொல்,farming_livestock | food_cooking,,np | pm,
2746,தவலெ,,tavale,,பெரிய பித்தளைப் பாத்திரம்.,Large wide-mouthed brass water pot or cooking vessel,தவலைலெ பாரு தண்ணி இருக்கு மோந்து குடி.,,home_household,,np,
2747,தவழ்குழந்தை,,tavaḻkuḻantai,,குழந்தை வரம் வேண்டி மற்றும் குழந்தைகளுக்கு நோய் வராமல் இருக்கவும் வேண்டி வைக்கப்படும் குழந்தை வடிவான உருவாரங்கள்.,Votive terracotta figurines of crawling infants offered at temples for child boons,,,festival_religion,,np,
2748,தவளை,பொங்கத்தவளை,tavaḷai,poṅkattavaḷai,பித்தளையாலான பொங்கல் பானை,Brass ceremonial pot used for boiling Pongal,,,festival_religion | home_household,,od,
2749,தவிட்டுச் செல்லு,,taviṭṭuc cellu,,தவிட்டில் பிடித்திருக்கும் பூச்சி.,Flour beetle or bran mite infesting stored grain bran,தவுட்டுச்செல்லு ஏறி ஊடு முழுக்க ஊருது.,பெயர்ச்சொல்,farming_livestock | nature_animals,,pm,
2750,தவிட்டுப் புறா,,taviṭṭup puṟā,,கிணற்றுப் பொந்துகளில் கூடு கட்டும் ஒருவகைப் புறா.,Brown rock dove nesting in old well recesses,அந்தக் கெணத்துல தவுட்டுப்புறா கூடு கட்டியிருக்குது.,பெயர்ச்சொல்,nature_animals,,pm,
2751,தவிதி,,taviti,,தவறிய | இறந்த,Deceased / passed away,,,human_behavior,,np,
2752,தவுட்டு பலாக்கா,,tavuṭṭu palākkā,,சீதாப்பழம்,Custard apple (sugar apple),,,food_cooking,,od,
2753,தவுட்டுத்தாழி,,tavuṭṭuttāḻi,,கால்நடைகள் குடிநீர் அருந்தும் தொட்டி.,Cattle watering earthen cistern or feeding trough with bran water,தவுட்டெ தவுட்டுத் தாழிலெ போடு மாடு குடிக்கிட்டு.,,farming_livestock | home_household,,np,
2754,தழக்கயிறு,,taḻakkayiṟu,,ஆடுகளுக்குத் தழை கட்டித் தொங்கவிடும் கயிறு.,Rope used to tie foliage/leaves for goats,தழக்கயித்துல ஆலந்தழையக் கட்டித் தொங்கவுடு.,பெயர்ச்சொல்,farming_livestock,பொருள் உறுதிப்படுத்தப்படவில்லை (AI உருவாக்கம்) · Meaning not verified (AI generated),od,
2755,தழஞ்சிருக்கு,,taḻañcirukku,,பயிர் நன்றாக வளருதல்.,Crops growing luxuriously and thriving with dense green foliage,பயிர் நல்லா தழஞ்சிருக்குது.,,farming_livestock,,np,
2756,தழுங்குதல்,,taḻuṅkutal,,எஞ்சுதல்.(1) | பின்தங்குதல்.(2),Remaining leftover | lagging or falling behind,"நேத்துத் தழுங்குன மனை. இன்னிக்கி அரநாளுக்குத்தான் வரும். | வேகமா வாடா, தழுங்காத.",பெயர்ச்சொல்,action_verbs,,pm,
2757,தழை,,taḻai,,மூலிகை மருந்து .(1) | இலைக்கொத்து .(2),Medicinal herb / herbal remedy | leafy twig / fodder foliage for goats,ஏங்கலுக்கு அந்தப்பாட்டி தழ குடுக்கும். | ஆட்டுக்குத் தழை ஓடிச்சிப் போடு.,பெயர்ச்சொல்,nature_animals | body_health,,pm,
2758,தழையுது,,taḻaiyutu,,தழைக்கிறது | செடி துளிர் விடுகிறது,"Sprouting, growing fresh leaves, or thriving (used specifically for plants and seedlings)",நேத்து பெஞ்ச மழைக்கு செடி நல்லா தலையுது.,,farming_livestock | nature_animals,,od,
2759,தள்ளி வைத்தல்,,taḷḷi vaittal,,"உடன் வாழப் பிடிக்காமல் மனைவியைப் பிறந்த வீட்டுக்கோ, தனியாகவோ அனுப்பி விடுதல்.",Deserting or sending wife back to natal home / marital separation,எதுக்குப் பொண்டாட்டியைத் தள்ளி வெச்சானாமா.,வினைச்சொல்,kinship | human_behavior,,pm,
2760,தளக்கம்,,taḷakkam,,தளர்ச்சி.,Looseness / slackness in a knot or rope,கயித்த நல்லாத் தளக்கமாக்கட்டு.,பெயர்ச்சொல்,measure_units,,pm,
2761,தளக்கமா,,taḷakkamā,,இளக்கமாக,Loosely / slackly,கவுத்தெ கொஞ்சொ தளக்கமா கட்டு.,,speech_phrase,,np,
2762,தளயலு,,taḷayalu,,"ஆடு, மாடுகளின் முன்ன கால்களை இணைத்து போடப்படும் கட்டு. | கழுத்தில் கயிறு போடாமல், கன்றுக் குட்டிகளுக்கு முன்னங்காலில் கட்டும் கட்டு.",Hobble rope tying forelegs of livestock to prevent straying,தளயலு போட்டுடு ஆடு மேயட்டு இல்லின்னா அங்கிட்டும் இங்கிட்டும் ஓடிட்ட இருக்கும். | தளயலுப் போட்டுக் கட்டி வெய்யிடா.,பெயர்ச்சொல்,farming_livestock,,np | pm,
2763,தளவார்,,taḷavār,,காளைக் கன்றுகளுக்குத் நடை நன்கு வருவதற்காக் இரும்புச் சங்கிலியில் சேர்த்துக் கட்டும் தோல்வார்.,Leather strap with iron chain tied to bull calves' legs to train gait,அந்தக் கன்னுக்குத் தளவார் போட்டுக் கட்டு.,பெயர்ச்சொல்,farming_livestock,,pm,
2764,தளவிசா,,taḷavicā,,தளர்வாக.,Loosely / relaxed with ample slack,கவத்த நல்லா தளவிசாக் கட்டு.,வினைச்சொல்,speech_phrase,,pm,
2765,தளவு,,taḷavu,,நுனி; உச்சி.,Tip / top / uppermost end of tree or garment,சொக்காத் தளவ எதுக்குடா கடிக்கற. | மரத்துத் தளவுல ஏறிக்கிட்டு என்ன வௌயாட்டு.,பெயர்ச்சொல்,place_direction,,pm,
2766,தளவுவாறி,,taḷavuvāṟi,,வீட்டுத் தளத்தைச் சுத்தம் செய்யப் பயன்படும் விளக்குமாறு.,Broom used for sweeping house floors,தளவுவாறியால தளத்தக் கூட்டித் தொடை.,பெயர்ச்சொல்,home_household,பொருள் உறுதிப்படுத்தப்படவில்லை (AI உருவாக்கம்) · Meaning not verified (AI generated),od,
2767,தளுக்கு,,taḷukku,,மிகையான கவர்ச்சி. | ஒருவகைக் காதணி.,Flirtatious swagger | traditional pendant earring,இந்தச் தளுக்கு தளுக்கிகிட்டு போறா பாரு | காதுல தளுக்குப் போட்டிருக்கறா.,பெயர்ச்சொல்,dress_accessories | human_behavior,,np | pm,
2768,தளுக்குப் பூடு,,taḷukkup pūṭu,,காதில் அணியும் தளுக்கு என்னும் அணிகலன் போலக் காய் காய்க்கும் பூண்டு.,Wild weed bearing pendant earring-shaped fruit,தளுக்குப் பூடு ஊட்டோரத்துலயே மொளச்சிருக்குது.,பெயர்ச்சொல்,nature_animals,,pm,
2769,தளுகு,தளுகு சோறு,taḷuku,taḷuku cōṟu,கோயில் பூசையில் படைக்கப்படும் சோறு. | காண்க: தளுகு.,Consecrated food offering (prasadam) prepared in temples,ஆண்டி தளுகு கொண்டாந்து குடுத்திருக்கறான்.,பெயர்ச்சொல்,festival_religion | food_cooking,,pm,
2770,தளுவ சோறு,,taḷuva cōṟu,,கோயில் பூசையில் படைக்கப்படும் படையல்.,Temple deity food offering feast,கோயில்ல தளுவ சோறு தர்றாங்க,,festival_religion | food_cooking,,np,
2771,தளைக்கயிறு,தளெக்கயிறு,taḷaikkayiṟu,taḷekkayiṟu,மரம் ஏறும்போது இரண்டு கால்களையும் சேர்த்துப் போட்டுக் கொள்ளும் கால் கயிறு. | மரம் ஏறும்போது இரண்டு கால்களையும் சேர்த்துக் கட்டப்படும் கயிறு.,Tree climber's foot-stirrup band (ankle-gripping climbing rope),கால்ல தளக்கவுறு மாட்டிக்கிட்டான்னா நிக்காம ஏறி ஏறங்குவான். | தளெக்கவுத்த நல்லா இறுக்கிக்க,பெயர்ச்சொல்,farming_livestock,,np | pm,
2772,தளையல்,,taḷaiyal,,"ஆடு, மாடுகளை மேய அவிழ்த்து விடும் போது குனிந்து நடக்கும் விதத்தில் இரு கால்களையும் சேர்த்துப் போட்டுவிடும் முடி.",Hobble knot tied on cattle's front feet to restrict running during grazing,தளையல் போட்டுக் கூட இந்த ஓட்டம் ஓடுது.,பெயர்ச்சொல்,farming_livestock,,pm,
2773,தறிச்சுப்போடு,,taṟiccuppōṭu,,குச்சிகளை சிறு துண்டுகளாக வெட்டுதல். | வெட்டுதல்.,Hack or chop off into pieces,ஆகாத வேலயெல்லாம் செஞ்சீனா கைய தறிச்சிப் போடுவன்.,,action_verbs,,np,
2774,தறுகதலெ,,taṟukatale,,"பொறுப்பும், கட்டுப்பாடும் இல்லாமலும் ஊர் சுற்றிக் திரிபவன்.",Reckless drifter / unruly vagabond,அவனொ ஒரு தறுகதலெ.,,human_behavior,,np,
2775,தறுதலை,,taṟutalai,,போக்கிரி (திட்டுச் சொல் ).,Good-for-nothing rogue / wayward scoundrel,அவன் கெடக்கறான் தறுதல.,பெயர்ச்சொல்,human_behavior,,pm,
2776,தன்னப்பாட்லெ,தன்னப்பால | தன்னாப்பாட்லெ,taṉṉappāṭle,taṉṉappāla | taṉṉāppāṭle,தனக்குத்தானே. | தனக்குத்தானே,To oneself / on one's own without minding others | To oneself / muttering or laughing to oneself | In one's own world / talking to oneself,தன்னப்பாட்லெ பேசிட்டு இருக்குறான். | தன்னப்பால சிரிக்கறான். பேசறான்.,,human_behavior,காண்க: தன்னப்பாட்லெ,np | pm,
2777,தனிக்கட்டெ,,taṉikkaṭṭe,,தனியாக வாழ்பவர்,Solitary loner / person without dependents,நானே தனிக்கட்டெயா இருக்கேன்,,human_behavior,,np,
2778,தாக்கு,,tākku,,இடித்துக் கொள்.(1) | பகுதி; வயலின் குறிப்பிட்ட ஒரு பகுதி.(2),"To bump or hit against | plot, specific section of agricultural land",புண்ணத் தாக்கிக்கிட்டியா. | நடக்கப் போறதை எல்லாம் தாக்குத் தாக்காச் சொல்றாளாம். | அந்தத் தாக்குல ஒழவு ஓட்டோனும்.,வினைச்சொல் | பெயர்ச்சொல்,farming_livestock | action_verbs,,pm,
2779,தாக்குப்பிடி,தாக்குப்புடி,tākkuppiṭi,tākkuppuṭi,சமாளித்துக் கொள். | சமாளித்துக் கொள்ளுதல்.,Withstand / endure / hold out | Enduring / coping with adversity,பசின்னாக்கூட தாக்குப் புடிப்பான். | அவன் என்ன கஷ்டம்னாலு தாக்குப் புடிப்பான்.,பெயர்ச்சொல்,action_verbs,,pm | np,
2780,தாக்கோழி,,tākkōḻi,,தாய்க்கோழி; அடைகாத்துக் குஞ்சு பொறிக்கும் பெட்டைக் கோழி.,Brood hen / mother hen protecting her chicks,அந்தத் தாக்கோழி கழுகையே பறந்து அடிக்கும்.,பெயர்ச்சொல்,farming_livestock | nature_animals,,pm,
2781,தாங்கு(தல்),,tāṅku(tal),,குழந்தைகளுக்கு அதிகச் செல்லம் கொடுத்துக் கவனித்தல்,Pampering / overindulging or coddling children,இந்தத் தாங்குத் தாங்காட்டி சோறு திங்க மாட்டானா.,வினைச்சொல்,human_behavior,,pm,
2782,தாட்சான்,,tāṭcāṉ,,தச்சன்; மரவேலை செய்யும் கைவினைஞர்.,Carpenter (woodcraft artisan),கலப்ப செய்ய தாட்சானக் கூட்டிட்டு வா.,பெயர்ச்சொல்,human_behavior,பொருள் உறுதிப்படுத்தப்படவில்லை (AI உருவாக்கம்) · Meaning not verified (AI generated),od,
2783,தாட்டி,,tāṭṭi,,தடவை | அனுப்பி,Time or turn | having dispatched,எத்தன தாட்டி உனக்கு சொல்றது. | இந்தத் தாட்டி பாஸாயிருவியா.,பெயர்ச்சொல்,time_seasons | action_verbs,"அடுத்ததாட்டி, இந்ததாட்டி, எத்தினிதாட்டி",od | np | pm,
2784,தாட்டி உட்டுட்டு,,tāṭṭi uṭṭuṭṭu,,அனுப்பி வைத்து விட்டு.,Having dispatched / having sent away,பொறு இவன வேலைக்கி தாட்டியுட்டுட்டு வர்றேன்.,,action_verbs,,np,
2785,தாட்டு,தாட்டிவிடு | தாட்டுதல்,tāṭṭu,tāṭṭiviṭu | tāṭṭutal,அனுப்பு | அனுப்பிவிடு,Send / dispatch,இவன தாட்டியடு | அவன மொதத் தாட்டு. | பையனை கடைக்குத் தாட்டிவிடு.,வினைச்சொல்,action_verbs,,np | pm,
2786,தாட்டுமை,,tāṭṭumai,,காரியம் சாதிக்கும் சாமர்த்தியம்.,Shrewdness / ability to get work done effectively,அவன் தாட்டுமை உள்ள ஆளு.,பெயர்ச்சொல்,human_behavior,,pm,
2787,தாட்ரிக்கம்,,tāṭrikkam,,பலத்தோடு அழகாக அமைந்த உடல்.,Sturdy robust physique / muscular healthy build,ஆளு நல்லா தாட்ரிக்கமா இருப்பான்.,பெயர்ச்சொல்,body_health,,pm,
2788,தாண்டிக்கெணறு,,tāṇṭikkeṇaṟu,,விவசாயத்திற்குப் பயன்படுத்த முடியாத சிறு கிணறு.,Small shallow well unsuitable for large-scale irrigation,தாண்டிக் கெணத்துத் தண்ணியில நெல்லாநடமுடியும்.,பெயர்ச்சொல்,farming_livestock | place_direction,,pm,
2789,தாண்டுகால்,,tāṇṭukāl,,ஏதாவதொன்றில் இருபுறமும் கால்களைத் தொங்க விட்டபடி இருத்தல்.,Astride / sitting astride with legs hanging on either side,எரும மேல தாண்டுகால் போட்டு உக்காந்திருக்கறான்.,பெயர்ச்சொல்,action_verbs,,pm,
2790,தாண்டுகோணை,,tāṇṭukōṇai,,மந்திரித்து வைத்ததை தெரியாமல் மிதிக்கும்போது காலில் ஏற்படும் புண்.,Mysterious foot sore attributed to inadvertently stepping on hexed amulets,கால்ல தாண்டு கோணை வந்து நடக்கவே முடியல.,,body_health | festival_religion,,np,
2791,தாத்தன்,,tāttaṉ,,அப்பாவின் அப்பா.,Paternal grandfather,எங்க தாத்தனூட்டுக்குப் போறன்.,பெயர்ச்சொல்,kinship,,pm,
2792,தாதரா,,tātarā,,ஒரு வகை களைச்செடி. | புன்செய் நிலங்களில் இருக்கும் ஒருவகைக் களை.,Spiny cocklebur weed (Xanthium strumarium) infesting dryland farms,காட்டுக்குள்ளாறே தாதரா நெறஞ்சி கெடக்குது. | தாதி இருக்கிற ஊடும் தாதரா இருக்கிற காடும் உருப்படாது. (பழமொழி),பெயர்ச்சொல்,nature_animals | farming_livestock,,od | np | pm,
2793,தாதராப் புழு,,tātarāp puḻu,,தாதரா என்னும் களைச் செடியில் இருக்கும் புழு; (பசு நிறத்தில் பெரு உருண்டையாகச் சுருண்டு கிடக்கும்).,Plump green caterpillar found on cocklebur plants,காடு முழுக்கத் தாதராப் புழுவேறிக் கெடக்குது.,பெயர்ச்சொல்,nature_animals,,pm,
2794,தாம்பு,,tāmpu,,தானியக் கதிர்களைப் பரப்பி அதன்மேல் மாடுகளை நடக்கவிட்டுக் கதிரையும் தானிய மணிகளையும் தனித்தனியாகப் பிரித்தல்; போரடிப்பு.,Threshing grains by walking a team of bullocks over harvested stalks,நாளைக்கு கம்மம்பூட்டை தாம்பு ஓட்டீரலாம்.,பெயர்ச்சொல்,farming_livestock,,od | pm,
2795,தாம்பு ஓட்றது,,tāmpu ōṭṟatu,,"தானியப்பயிர்களைப் பரப்பி அதன் மேல் மாடுகளை நடக்க விடும் போது தானியங்கள் தனியாகவும், செடிகள் தனியாகவும் பிரியும்.",Driving bullocks over harvested grain stalks to thresh grains,உளுந்துக்கு தாம்பு ஓட்டணும்.,,farming_livestock | action_verbs,,np,
2796,தாம்பு மாடு,,tāmpu māṭu,,தானியப்பயிர் போரடிப்பதற்கு பயன்படும் மாடு. | தானியக் கதிர்கள் போரடிப்பதற்காகப் பயன்படுத்தும் மாடு.,Threshing bullock tied in a line on the threshing floor,தாம்பு மாட்டுக்கு வாக்கூடைய மாட்டு | தாம்புமாட்டுக்கு வாக்கூடையக் கட்டி உடு.,பெயர்ச்சொல்,farming_livestock,,np | pm,
2797,தாம்புக் கன்னி,தாம்புக்கண்ணி | தாம்புக்கயிறு,tāmpuk kaṉṉi,tāmpukkaṇṇi | tāmpukkayiṟu,போரடிக்கும் களத்திலுள்ள மாடுகளின் பிணைக் கயிறு. | போராடிக்கும் களத்தில் மாடுகளைப் பிணைக்கும் கயிறு. | காண்க: தாம்புக்கண்ணி.,Yoking tether connecting bullocks together on the threshing floor | Rope tether linking threshing cattle together,தாம்புக்கண்ணீ நல்லா இறுக்கிக்க | தாம்புக் கண்ணிய இன்னங் குறுகலாக் கட்டு.,,farming_livestock,,od | np | pm,
2798,தாம்புக்கவறு,,tāmpukkavaṟu,,போரடிக்கும் களத்திலுள்ள மாடுகளின் பிணைக் கயிறு. | போராடிக்கும் களத்தில் மாடுகளைப் பிணைக்கும் கயிறு.,Rope tether linking threshing cattle together,தாம்புக்கண்ணீ நல்லா இறுக்கிக்க | தாம்புக் கண்ணிய இன்னங் குறுகலாக் கட்டு.,,farming_livestock,காண்க: தாம்புக் கன்னி,np,
2799,தாம்பூலம்,,tāmpūlam,,அளுமைத் தன்மை.,Auspicious betel leaf and nut offering / authoritative dignity,,,festival_religion,,np,
2800,தாயக்கட்டெ,,tāyakkaṭṭe,,நான்கு பக்கமும் புள்ளிகள் பொறிக்கப்பட்ட வெவ்வேறு எண்களைக் கொண்ட செவ்வக வடிவிலான கட்டை.,Traditional brass or wooden four-sided dice for dayakattai board game,தாயக்கட்டெ எடுத்தா வெளையாடலா,,home_household,,np,
2801,தாயக்கரம்,,tāyakkaram,,தாயம் விளையாடும் கரம். | தாயம் விளையாடப் போடப்படும் கட்டம்.,Dayakattai board game drawn square layout,தாயக்கரம் அழிஞ்சிருச்சி நல்லா போட்டுடு | அவுங்கூட்டுல காரையிலயே தாயக்கரம் போட்டிருக்கறாங்க.,பெயர்ச்சொல்,home_household,,np | pm,
2802,தாயத்து,,tāyattu,,மந்திரித்த பொருளை அடைத்து வைக்கும் நீண்ட உலோகக் குப்பி.,Amulet / talisman cylinder worn on waist or arm for spiritual protection,காச்ச குளுரு வந்து தாயத்து மந்திரிச்சு கட்டுன செரியாப் போச்சு,,festival_religion | dress_accessories,,np,
2803,தாயம்,,tāyam,,தாயம் விளையாட்டில் ஒன்று போடும் எண்ணிக்கை. | தாய விளையாட்டில் ஒன்றுபோடும் எண்ணிக்கை.,Roll of 'one' (dayam) in the traditional dice game,ஒரு தாயம் உழுந்தா ஜெயிச்சுருலா | தாயத்துக்கு மட்டுந்தான் தொவையோனும்.,பெயர்ச்சொல்,home_household,,np | pm,
2804,தார்,,tār,,வாழையில் பல சீப்புகள் சேர்ந்தது ஒருதார்.,Whole bunch of plantains (bunch comprising multiple combs),,,food_cooking | farming_livestock,,np,
2805,தார்க்கருது,தார்க்கறுது,tārkkarutu,tārkkaṟutu,நூல் நூற்கும் தக்கிளி / நூல் சுற்றும் கருவி; கொங்குத் திருமணங்களில் 'நிறைநாழி சுற்றுதல்' சடங்கில் மங்கலப் பொருளாக வைக்கப்படும் சாதனம்.,Traditional spinning spindle / yarn bobbin used as an auspicious object in Kongu marriage rituals,கல்யாணத்துல நிறைநாழியில தார்க்கருது வச்சு வாழ்த்துனாங்க.,வினைச்சொல்,dress_accessories | festival_religion,கொங்குத் திருமணங்களில் நிறைநாழி சுற்றுதல் சடங்கின் போது நெல் நிறையும் படி அல்லது வள்ளத்தில் தார்க்கருது வைத்து மங்கலமாக வணங்குவர். · பொருள் உறுதிப்படுத்தப்படவில்லை (AI உருவாக்கம்) · Meaning not verified (AI generated),od,
2806,தார்க்குச்சி,,tārkkucci,,வண்டியை அடித்து ஓட்டப் பயன்படும் குச்சி.,Cartman's goad stick for prodding bullocks,"தார்க்குச்சி எதுக்குடா வெச்சிருக்கற, ஒட்டு.",பெயர்ச்சொல்,farming_livestock,,pm,
2807,தார்க்கோமணம்,உருட்டுக்கோமணம்,tārkkōmaṇam,uruṭṭukkōmaṇam,காண்க. உருட்டுக்கோமணம்.,Rolled loincloth tied around the groin by farm laborers,,,dress_accessories,,pm,
2808,தார்க்கோல்,,tārkkōl,,உழவு மாடுகளை அல்லது வண்டி மாடுகளை விரட்டப் பயன்படும் முனையில் முள்ளுள்ள சிறிய கம்பு.,Small goad stick used by cart drivers to drive ox or horse,,பெயர்ச்சொல்,farming_livestock,பொருள் உறுதிப்படுத்தப்படவில்லை (AI உருவாக்கம்) · Meaning not verified (AI generated),od,
2809,தார்சு,,tārcu,,கான்கிரீட்.,Concrete roofing / RCC slab,தார்சு போட்டா ஊடு கட்டறீங்க.,பெயர்ச்சொல்,home_household,,pm,
2810,தார்சூடு,,tārcūṭu,,தார்சு வீடு; கான்கிரீட் தளம் போடப்பட்ட வீடு.,Concrete-roofed pucca house,அவுங்களுக்கென்ன தார்சூடு கட்டிப்புட்டாங்க.,பெயர்ச்சொல்,home_household,,pm,
2811,தார்ப்பாய்,,tārppāy,,வண்டியில் பாரத்திற்கு மேல் ( மழை போன்றவற்றால் பாதிக்காமல் இருப்பதற்காகப் ) போடப்படும் மூடு துணி.,Tarpaulin / waterproof cart cover sheet,தார்ப்பாய நல்லாமூடிக்கட்டுனியா.,பெயர்ச்சொல்,home_household | farming_livestock,,pm,
2812,தாரளன்,,tāraḷaṉ,,தாராளமாகச் செலவு செய்பவன்.,Generous spender / open-handed person,தாராளனுக்கு ஒரு செலவு (பழமொழி),பெயர்ச்சொல்,human_behavior,,pm,
2813,தாருமுள்,,tārumuḷ,,மாடுகளை ஓட்டப் பயன்படும் தார்க்கோலின் முனையில் பொருத்தப்பட்டிருக்கும் கூர்மையான இரும்பு முள் / ஆணி.,Sharp iron pin or spur fixed at the tip of a cattle goad stick,தாருமுள் பட்டு மாடு வேகமா நடக்குது.,பெயர்ச்சொல்,farming_livestock,தார்க்கோலின் நுனி முள்ளைக் குறிக்கும் சொல். · பொருள் உறுதிப்படுத்தப்படவில்லை (AI உருவாக்கம்) · Meaning not verified (AI generated),od,
2814,தாரை,தாரெ,tārai,tāre,"பாதை | தடம் | மனிதன், ஆடு, மாடு போன்ற அனைத்தின் கால்தடம். | கால்சுவடு.",Footprint track / path trail left by cattle or humans,கால்தாரை-காலடி தடம் | இங்க யாரோ போன தாரை தெரியுது. பார்க்கலாம் வா. | இந்தபக்கம் யாரோ நடந்து போன தாரெ தெரியுது,பெயர்ச்சொல்,place_direction,,od | np | pm,
2815,தாலி பெருகு(தல்),,tāli peruku(tal),,தாலிக்கயிறு நைந்து போதல்.,Fraying of the sacred mangalsutra thread (auspicious replacement),தாலி பெருகிப் போச்சு. மாத்தோனும்.,வினைச்சொல்,festival_religion | dress_accessories,,pm,
2816,தாவாக்கட்டை,,tāvākkaṭṭai,,கீழ் அன்னம் | முகத்தின் ( வாய்க்குக் கீழுள்ள ) அடிப்பகுதி.,Lower jaw / chin,தாவாக்கட்டையத் திருப்பீடுவன்.,பெயர்ச்சொல்,body_health,,od | pm,
2817,தாவாக்கொட்டெ,,tāvākkoṭṭe,,"வாய்க்கும், கழுத்துக்கும் இடைப்பட்ட பகுதி.",Underside of the jaw / chin bone,தாவாக்கொட்டெய பேத்துருவ,,body_health,,np,
2818,தாவாரம்,,tāvāram,,தாழ்வாரம்,Veranda / sloping eaves of a house,,,home_household,,od,
2819,தாவு,,tāvu,,இரு கையிலும் சேர்த்து அள்ளுவது. | இரு கைகளாலும் சேர்த்து அள்ளும் தீவன அளவு.(1) | இடம்(2),Double handful of fodder scooped with both arms | specific spot or niche,ரெண்டு தாவு பில்லு அள்ளி மாட்டுக்குப் போடு | ஒருதாவு பில்லு அள்ளி மாட்டுக்குப் போடு. | அந்தத் தாவுல பாரு. கெடக்கும்.,பெயர்ச்சொல்,measure_units | place_direction,,np | pm,
2820,தாழ்மடம்,தாழ்மாடம்,tāḻmaṭam,tāḻmāṭam,கதவிலிருக்கும் தாழ்ப்பாள் போய் சுவரில் பொருந்தும் பகுதி. | கதவிலிருந்து சுவரில் தாழ்ப்பாள் போய்ப் பொருந்தும் பகுதி,Wall socket or mortise receiving the door bolt or latch,தாழ்மாடத்துல நல்லா சொருகு. | அந்தக் காலத்துல தாழ்மடம் நல்லா பெரிசா வெச்சிருப்பாங்க.,பெயர்ச்சொல்,home_household,,np | pm,
2821,தாழெ,,tāḻe,,இறக்கிகட்டுதல்.,Tying lower down / wearing lower on the hips,வேட்டியக் கொஞ்ச தாழக் கட்டு.,,dress_accessories | action_verbs,,np,
2822,தாளி,,tāḷi,,ஆடு மாடுகள் தண்ணீர் குடிக்க உதவும்,Wide earthen cistern or tub for watering cattle,,,farming_livestock | home_household,,od,
2823,தானாவதி,,tāṉāvati,,"இருவீட்டாருக்கும் இடையில் சென்று திருமணத்திற்கு ஏற்பாடு செய்பவர் (இப்போதைய புரோக்கர் போல. பணம் வாங்குவதில்லை). | இருவீட்டாருக்கும் இடையில் தூது சென்று பேசித் திருமணத்திற்கு ஏற்பாடு செய்பவர் ( இப்போது இருக்கும் தரகர் போன்றவர் என்றாலும், பணம் வாங்குவதில்லை ).",Traditional community marriage mediator who arranges matches honorarily,எங்கல்யாணத்துக்கு அவருதா தானாவதியா இருந்தார. | எங்கலியாணத்துக்கு அவருதான் தானாவதியா இருந்தாரு.,பெயர்ச்சொல்,kinship | festival_religion,,np | pm,
2824,திக்கசம்,,tikkacam,,மிகப்பெரிய உருவம்.,Colossal gigantic figure (like a cosmic elephant),அவரு ஆளுதிக்கசமாட்டம் இருப்பாரு.,பெயர்ச்சொல்,human_behavior,,pm,
2825,திக்கத்த சாத்தரம்,,tikkatta cāttaram,,போக்கிடமற்றவள் / ன் (திட்டுச் சொல் ).,Destitute wanderer without refuge (derogatory term),இந்தத் திக்கத்த சாத்தரம் எங்க வந்து சேந்தது.,பெயர்ச்சொல்,human_behavior,,pm,
2826,திக்காலுக்கு,,tikkālukku,,திக்கு.,Scattering in all directions / hither and thither,திக்காலுக்கு ஓண்ணா போட்டு வெச்சி கெடக்குது.,,place_direction,,np,
2827,திக்குமுக்கு,,tikkumukku,,திசை.,Utter confusion / disoriented without knowing which way to turn,திக்குமுக்குத் தெரியாம நானு முழிச்சிகிட்டு இருக்கேன்.,,human_behavior,,np,
2828,திக்குவாயி,,tikkuvāyi,,வாய் சரியாக பேச முடியாமல் திக்கிதிக்கி பேசுதல்.,Stutterer / stammerer,திக்குவாயங்கிட்ட பேச முடியாதுடோய்.,,body_health | speech_phrase,,np,
2829,திட்டி,,tiṭṭi,,திருஷ்டி. | கண் திருஷ்டி,Evil eye / malevolent gaze,கொழந்தைக்கி திட்டி பட்டுருச்சு சுத்திப் போடனும். | கொழந்தைக்கித் திட்டி பட்டிருச்சாட்டம் இருக்குது. சுத்திப் போடோணும்.,பெயர்ச்சொல்,festival_religion,,np | pm,
2830,திட்டி(த்தல்),,tiṭṭi(ttal),,ஒன்றை வேறொன்றாக ( அமானுஷ்ய சக்திகொண்டு ) மாற்றுதல்.,Transforming something magically by sorcery or divine power,சாமி திருடங்களயெல்லாம் கல்லாத் திட்டிச்சுட்டாரு.,வினைச்சொல்,festival_religion,,pm,
2831,திட்டு,,tiṭṭu,,சிறு மண் மேடு. | வசை. | சிறு மண்மேடு.(1) | வசை .(2),Small earthen knoll or mound | scolding or verbal abuse,திட்டு மேல பாரு. | அவன ஏண்டா திட்டிக்கிட்டே இருக்க | திட்டு மேல ஏறி நின்னு பாரு. | என்னயத் திட்டிக்கிட்டே இருக்கறான்.,பெயர்ச்சொல்,place_direction | speech_phrase,,np | pm,
2832,திடுதிடுனு,,tiṭutiṭuṉu,,வேகமான சத்தத்துடன்.,Gushing rapidly with rushing roar (as of floodwater),தண்ணி திடுதிடுன்னு வந்துச்சு.,,nature_animals,,np,
2833,திடுதிப்புனு,,tiṭutippuṉu,,திடீரென்று,Abruptly / all of a sudden without warning,திடுதிப்புனு இப்பிடி மாலையும் கழுத்துமா வந்து நிக்கிறியே,,speech_phrase,,np,
2834,திடுமுட்டி,துடுமுட்டி,tiṭumuṭṭi,tuṭumuṭṭi,ஊருக்குச் செய்தி சொல்பவன் | ஊருக்கு ஒரு விசயத்தை அறிவிக்க தொடைக்கு நடுவில் வைத்து அடிக்கும் இசைக் கருவி. | ஊருக்கு ஒரு விசயத்தை அறிவிப்பதற்காகத் தொடைகளுக்கு நடுவில் வைத்து ஓசை எழுப்பும் இசைக்கருவி. | காண்க: திடுமுட்டி,Small folk drum beaten between thighs by village crier to broadcast news,திடுமுட்டி அடிக்கிறாங்க என்ன விசயம்னு தெரிலை | ஒன்னு தெரிஞ்சா ஒடனே திடுமுட்டி அடிச்சிரு.,பெயர்ச்சொல்,festival_religion | speech_phrase,,od | np | pm,
2835,திடுமுட்டு(தல்),,tiṭumuṭṭu(tal),,ஊர்முழுக்கவும் ஒரு விசயத்தைப் பரப்புதல்.,Broadcasting news loudly across the whole village,இவனுக்குத் தெரிஞ்சிடுச்சா. ஊரே திடுமுட்டிருவான்.,வினைச்சொல்,speech_phrase,,pm,
2836,திண்டு,,tiṇṭu,,உட்கார அல்லது சாய உதவும் மர அல்லது மண் மேடை; சாய்வுத் தலையணை.,Raised sitting platform / bolster block,திண்டு மேல சாய்ஞ்சு உக்காரு.,பெயர்ச்சொல்,home_household,,od,
2837,திண்டுமல்லெ,,tiṇṭumalle,,உருவத்தில் பெரியவன்,"Hulking, heavily-built burly fellow",ஒரு வேலக்கிமு ஆகமாட்டான்டா திண்டுமல்லெ.,,human_behavior,,np,
2838,திண்ணை,,tiṇṇai,,வீட்டின் முகப்பில் அமர்ந்து பேசவும் இளைப்பாறவும் அமைக்கப்பட்ட மேடை.,Raised front veranda / porch platform,திண்ணையில உக்காந்து காத்தாட பேசினோம்.,பெயர்ச்சொல்,home_household,,od,
2839,திண்ணைக்காலு,,tiṇṇaikkālu,,திண்ணையின் கூரையைத் தாங்கி நிற்கும் மரத்தூண்.,Pillar supporting the veranda roof,திண்ணைக்காலுல சாய்ஞ்சு நிக்காதே.,பெயர்ச்சொல்,home_household,,od,
2840,திப்பி,,tippi,,மாவு இடிக்கும் போது இடிபடாமல் இருக்கும் கெட்டியான மாவு. | இடிப்பட்ட மாவில் சல்லடையால் சலித்துப் பிரித்து எடுத்த சரியாக இடிபடாத மாவு.,Coarse unground grain grit left in sieve after pounding flour,மாவுல ஒரே திப்பியா இருக்குது | இன்னம் இடிக்கோனும். திப்பி திப்பியா இருக்குது.,பெயர்ச்சொல்,food_cooking,,np | pm,
2841,திமிசுக்கட்டை,,timicukkaṭṭai,,தரையை சமப்படுத்த கனமான அடிப்பாகத்தைக் கொண்ட நீண்ட கைப்பிடியுள்ள கருவி.,Heavy wooden floor-rammer or earth stamper tool for compacting soil,,,home_household,,np,
2842,திரகை,,tirakai,,மண் சட்டியை வைக்கும் பிரம்புக் கொடியால் பின்னப்பட்ட உருளை.,Woven cane or vine ring stand for resting clay pots,,,home_household,,np,
2843,திரட்டி,,tiraṭṭi,,பெண்ணின் முதிர்ச்சி விழா | பூப்பு நன்னீராட்டு விழா,Girl's puberty attainment ceremony and ritual bath,,,festival_religion,திரட்டு,od,
2844,திரவைக்கொடி,,tiravaikkoṭi,,"பிரம்பு, கொடிகள் போன்றவற்றால் பின்னப்பட்ட பிரிமனை.",Woven vine ring stand for holding curved-bottom vessels upright,இந்தக் கொடியிலை ரெண்டு திரவை பின்னீடலாம்.,,home_household,,np,
2845,திராணி,,tirāṇi,,வலு.,Physical stamina / courage or capability,நானே திராணியத்து கெடக்கேன் | எங்கிட்ட பேச உனக்குத் திராணி இருக்குதாடா.,பெயர்ச்சொல்,body_health | human_behavior,,np | pm,
2846,திரு,,tiru,,திரிதல்,Roaming or wandering about aimlessly,அங்கிடுங்கி சுத்தீட்டு திரியுது.,,action_verbs,,np,
2847,திருகாணி,திருகினி,tirukāṇi,tirukiṉi,8 வடிவிலான இரும்பு வளையம். | கொலுசு கழண்டு விடாமல் இணைக்கும் ஆணி | முறுக்கிக் கொள்ளாமல் இருப்பதற்காக ஆடு மாடுகளின் கழுத்துக் கயிற்றில் பிணைத்திருக்கும் ' 8 ' வடிவிலான இரும்பு வளையம். | காண்க: திருகாணி.,Figure-8 iron swivel link preventing livestock ropes from twisting,திருகாணிய கவுத்துல கட்டியுடு | திருகிணிய நல்லா திருகியிடு | வெள்ளாட்டுக்குத் திருகாணியோட கவுறு போடு.,பெயர்ச்சொல்,farming_livestock,,np | pm,
2848,திருகினிச்சங்கிலி,,tirukiṉiccaṅkili,,ஆட்டின் கழுத்தில் கட்டப்பட்டிருக்கும் கயிற்றை இணைக்கும் திருகும் சங்கிலி.,Swivel chain connecting sheep's tether rope to prevent entangling,,,farming_livestock,,np,
2849,திருகினிச்சொம்பு,,tirukiṉiccompu,,திருகி மூடும்படி மேலே மூடி அமைந்த சொம்பு. | திருகி மூடும்படி மேல்முடி அமைந்த சொம்பு.,Screw-top metal milk or tea carrier canister,திருகினிச் சொம்புல டீ வாங்கிய | திருகினிச் சொம்புல பால் வாங்கியா.,பெயர்ச்சொல்,home_household,,np | pm,
2850,திருகுதண்டம்,,tirukutaṇṭam,,பிறரிடம் செய்தியைச் சொல்லாமல் மறைத்தல்.,Deceptive secrecy / concealing facts with evasive tricks,ஆளு ஏதோ திருகுதண்டம் பண்றாண்டா.,பெயர்ச்சொல்,human_behavior,,pm,
2851,திருப்பு,,tiruppu,,திருப்பு.,Turn / rotate / divert,,,action_verbs,,np,
2852,திருவ,,tiruva,,பாத்திரங்கள் சாயாமல் வைக்க சணல் அல்லது வைக்கோலால் செய்யப்படும் வட்ட வடிவத் திரி (பிரமனை).,Donut-shaped ring stand made with jute or straw to support round-bottom vessels,,பெயர்ச்சொல்,home_household,,od,
2853,திருவாத்தான்,,tiruvāttāṉ,,கோமாளி.,Joker / clown / foolish buffoon,,,human_behavior,,od,
2854,திருவாதிதெ,,tiruvātite,,முட்டாள்.,Fool / foolish nitwit,எங்கியோ திருவாத்தனா இருக்கறாண்டா,,human_behavior,,np,
2855,திலுப்பாமாரி,,tiluppāmāri,,மேனா மினுக்கி,Showy ostentatious person / finicky dandy,,,human_behavior,,od,
2856,திறவை,திறவைக்கொடி,tiṟavai,tiṟavaikkoṭi,பிரம்பு போன்றவற்றால் பின்னப்பட்ட கூடை | காண்க: திறவை.,Basket woven from cane or wicker,இந்தக் கொடியில ரண்டு திறவ பின்னீரலாம்.,பெயர்ச்சொல்,home_household,,pm,
2857,தின்னரு,,tiṉṉaru,,திருநீறு (சாம்பல்).,Sacred vibhuti / consecrated ash,தின்னரு எருந்து பட்டே போட்டுக்க,,festival_religion,,np,
2858,தின்னு,,tiṉṉu,,சாப்பிடு.,Eat / consume food,சோறு தின்னுட்டுப் போ,,food_cooking | action_verbs,,np,
2859,தினுசா,,tiṉucā,,ஒருமாதிரி.,Peculiarly / in an odd strange manner,என்னொ ஒரு தினுசா பாக்குறே,,speech_phrase,,np,
2860,தீஞ்சுபோச்சு,,tīñcupōccu,,கருகிப்போயிற்று.,Scorched / burnt to a crisp,சாத்தெ அடுப்பில வெச்சு எல்லாத் தீஞ்சுபோச்சு.,,food_cooking,,np,
2861,தீஞ்சோறு,,tīñcōṟu,,சட்டியின் அடியில் கருகிய சாப்பாடு.,Charred rice crusted at the bottom of the cooking pot,தீஞ்சோறு இருந்தா எடுத்துப் போடு,,food_cooking,,np,
2862,தீட்டுச்சோறு,,tīṭṭuccōṟu,,"இழவு வீட்டிலும், பூப்பு, நன்னீராட்டு விழாவிலும் பரிமாறப்படும் சோறு. | இழவு வீடுகளில் நன்னீராட்டு செய்யும் போது பரிமாறப்படும் சோறு. ( பக்தி, விரதம் போன்றவற்றைக் கடைபிடிப்பவர்களும் சாமியாடுபவர்களும் இதனை உண்ணமாட்டார்கள் ).",Mortuary or puberty ritual meal (strictly avoided by priests and vratham observers),தீட்டுச்சோறு தின்னா சேராது | தீட்டுச் சோறு திங்கறத உட்டு வருசமாச்சு.,பெயர்ச்சொல்,festival_religion | food_cooking,,np | pm,
2863,தீட்டுவீடு,,tīṭṭuvīṭu,,இழவு வீடு.,House under ritual pollution due to death or childbirth,தீட்டுவீட்டுக்கு போயிட்டு வந்தேன். | தீட்டூட்டுக்குப் போய்ட்டு வந்து தண்ணி ஊத்திக்காத இருக்கறாம் பாரு.,பெயர்ச்சொல்,festival_religion | home_household,,np | pm,
2864,தீத்தொ,,tītto,,கோயில்களில் கொடுக்கும் புனித நீர்.,Holy temple water (theertham),தீத்தொ வாங்கிக்கெ,,festival_religion,,np,
2865,தீந்துபோச்சு,,tīntupōccu,,தீர்ந்துவிட்டது.,Exhausted / ran out / depleted,எனக்கே பத்தலெ எல்லாந் தீந்து போச்சி,,action_verbs,,np,
2866,தீந்துருமாட்டொ,தீருமாட்டொ,tīnturumāṭṭo,tīrumāṭṭo,தீர்ந்துவிடும் போல்.,Seems likely to run out / about to finish | As if getting used up / likely to deplete,,,speech_phrase,,np,
2867,தீப்பாஞ்சம்மன்,,tīppāñcammaṉ,,தீயில் பாய்ந்து தன் உயிரை நீத்துக் கொண்ட பெண்ணின் நினைவாக அப்பெண்ணின் உருவத்தை வைத்து வழிபடுதல்.,Female folk deity shrine honoring a woman who attained martyrdom by self-immolation,தீப்பாஞ்சம்மன் கோயிலுக்கு போயிட்டு வரோனு,,festival_religion,,np,
2868,தீம்பு,,tīmpu,,தீங்கு; கெடுதல்.,Mischief / harm / evil misdeed,ஊட்டுக்குத் தீம்பக் கொண்டாந்துட்டான்.,பெயர்ச்சொல்,human_behavior,,pm,
2869,தீர்த்தத்துக்குப் போறது,,tīrttattukkup pōṟatu,,எந்தக்கோவிலிலும் விஷேஷம் இருப்பின் அருகில் உள்ள காவிரி ஆற்றிக்குச் சென்று நீர் எடுத்து வந்து அபிஷேகம் செய்தல்,Pilgrimage procession to fetch sacred Kaveri water for temple abhishekam,,,festival_religion,,od,
2870,தீர்த்தம் முத்தரித்தல்,,tīrttam muttarittal,,தீர்த்தத்துக்குப் போய்விட்டு வந்தபிறகு அந்த நீரை ஸ்வாமிக்கு அபிஷேகம் செய்வதைக் குறிக்கும்,Solemn bathing of the deity with sacred river water brought from Kaveri,,வினைச்சொல்,festival_religion,,od,
2871,தீவட்டி,,tīvaṭṭi,,தீப்பந்தம்.,Flaming torch carried in funeral or ritual processions,தீவட்டி புடிச்சிகிட்டு சுடுகாட்டுக்கு போறாங்க,,festival_religion,,np,
2872,தீவாளி,,tīvāḷi,,தீபாவளி.,Deepavali festival of lights,தீவாளிக்கி புதுத்துணி எடுக்கோணு,,festival_religion | time_seasons,,np,
2873,தீவொ,,tīvo,,தீபம்.,Earthen lamp flame / oil lamp,தீவத்த எடுத்து மின்னாடி வெய்யி கரண்டு போச்சுன்னா பத்த வெச்சுக்கலா,,festival_religion | home_household,,np,
2874,துக்கிலியூண்டு,,tukkiliyūṇṭu,,மிகச்சிறியது. | மிகமிகச் சிறியது.,Extremely tiny speck / minuscule amount,துக்கிலியூண்டு சுண்ணாம்பு குடு.,பெயர்ச்சொல்,measure_units,,np | pm,
2875,துக்கெரகம்,,tukkerakam,,ஆகாதவள் / ன் (திட்டுச்சொல் ).,Accursed inauspicious nuisance (curse word),இந்தத் துக்கெரகம் எங்க வந்திச்சு.,பெயர்ச்சொல்,human_behavior,,pm,
2876,துச்சணக்காரன்,,tuccaṇakkāraṉ,,கெடுதி செய்பவன்; துடுக்குத்தனம்.,Malicious troublemaker / spiteful prankster,துச்சணக்காரனுக்குப் பொச்சுல செலந்தி. ( பழமொழி ),பெயர்ச்சொல்,human_behavior,,pm,
2877,துச்சனகாரெ,,tuccaṉakāre,,கெடுதி செய்பவன்.,Malicious mischievous person,துச்சனகாரெனா இருக்காம் பாரு.,,human_behavior,,np,
2878,துத்தாரி,,tuttāri,,அறுப்பு காலத்தில் எல்லோரையும் எழுப்ப ஊதப்படும் கருவி. | அறுப்புக் காலத்தில் எல்லோரையும் எழுப்ப ( அதிகாலையில் ) ஊதும் சிறு இசைக் கருவி.,Small brass horn blown at dawn to wake up harvesters during harvest season,"துத்தாரி ஊதியாச்சு எந்திரி | துத்தாரி ஊதியாச்சி, எந்திரி.",பெயர்ச்சொல்,farming_livestock | festival_religion,,np | pm,
2879,துப்புட்டு,துப்பட்டி,tuppuṭṭu,tuppaṭṭi,போர்வை | காண்க: துப்பட்டி,Cotton bedspread / light shawl blanket,துப்பட்டிய நல்லா காயப்போடு | வெய்யக்கூட வந்திருச்சி. துப்பட்டிய இன்னம் எடுக்க மாட்டீங்கற.,பெயர்ச்சொல்,home_household,,od | np | pm,
2880,தும்பி,தும்பு,tumpi,tumpu,"பூச்சி,. தட்டாந்தும்பி (உதாகரித்து) | நீர் ஏற்றக்கூடையில் இருக்கும் தோலால் ஆன பகுதி. | ஏற்றம் இறைக்கப்படுகையில் நீர்மொண்டு வரும் தோலால் ஆன கூடை ( பறி ) யின் (நீர் வெளியேறுவதற்காக வால் போலிருக்கும் ) பகுதி. | ஆடுகளை கயிற்றோடு சேர்த்து கழுத்தில் கட்டும் சிறு கயிறு. | ஆடுகளைக் கட்டும் கயிற்றில், அவற்றின் கழுத்தில் போடும் பகுதியில் இருபிரிவு இருக்கும். ஒருபுறம் இறுகிய முடி. எதிர்ப்புறம் அந்த முடியை நுழைத்து மாட்டிவிடுவதற்கேற்ற கயிற்றுப் பிளவு.",Leather water chute of the well-picottah bucket | halter noose loop on sheep rope,"தும்பியெ நல்லா இழுத்துக்கட்டு | தும்பிய இன்னங் கொஞ்சம் இழுத்துக் கட்டு. | தும்ப தட்டியுடு ஆடு மேயட்டு. | குட்டிக்குத் தும்பக் கழட்டி உடு, போய் மேயட்டும்.",பெயர்ச்சொல்,farming_livestock,,od | np | pm,
2881,தும்பிக்காது,,tumpikkātu,,நீர் ஏற்றக் கூடையில் கயிறு கட்ட வைத்திருக்கும் வளையம். | தும்பியில் கயிறு கோர்த்துக் கட்டுவதற்காக வைக்கப்பட்டிருக்கும் தோல் வளையம்.,Leather attachment ring on the well-bucket spout,தும்பிக்காது வேற அந்து போச்சு | தும்பிக்காது அறுந்து போச்சு. தைக்கோனும்.,பெயர்ச்சொல்,farming_livestock,,np | pm,
2882,தும்மி,,tummi,,தானியங்கள் அல்லது திரவங்களை அளக்கப் பயன்படும் ஒரு சிறிய பாரம்பரிய முகத்தல் பாத்திரம் / அளவைக் குவளை.,Small traditional grain or liquid measuring vessel / cup,ஒரு தும்மி தானியம் அளந்து குடுத்தாங்க.,பெயர்ச்சொல்,measure_units | home_household,கொங்கு வட்டார வழக்கில் புழக்கத்திலிருந்த சிறிய அளவைப் பாத்திரம். · பொருள் உறுதிப்படுத்தப்படவில்லை (AI உருவாக்கம்) · Meaning not verified (AI generated),od,
2883,துலக்கமல்லி,,tulakkamalli,,ஒரு வகைப் பூ.,Marigold flower variety (Tagetes),துலக்கமல்லி தலயிலெ வெக்கக்கூடாது.,,nature_animals,,np,
2884,துலுக்கானி சோளம்,,tulukkāṉi cōḷam,,நாட்டு சோள வகைகளில் ஒன்றான செஞ்சோள வகை.,Variety of indigenous red sorghum grain,துலுக்கானி சோள ரொட்டி உடம்புக்கு பலம்.,பெயர்ச்சொல்,farming_livestock | food_cooking,பொருள் உறுதிப்படுத்தப்படவில்லை (AI உருவாக்கம்) · Meaning not verified (AI generated),od,
2885,துலுக்கு,,tulukku,,"சாமியாடுபவர்களும் ஆட்டுக் கிடாய்கள் தீர்த்தம் தெளித்ததும் தலையை அசைத்து, உடலைச் சிலிர்த்து உதறுதல்.",Shuddering or violent rhythmic shaking by sacrificial rams or possessed mediums upon holy water sprinkle,அவங்க கெடா துலுக்கறதுக்கு ரொம்ப நேரமாச்சு.,வினைச்சொல்,festival_religion,,pm,
2886,துவலை,,tuvalai,,"மரிக்கொழுந்து, வேப்பிலை, திருநீற்றுப்பச்சிலை கலந்த கலவை. குழந்தைகளுக்கு நோய் எதிர்ப்புக்காக குளிக்கப் பயன்படுத்துவர்.","Herbal medicinal bath infusion prepared with neem, marjoram, and sweet basil for infant immunity",,,body_health,,np,
2887,துவையலு,,tuvaiyalu,,சாப்பாட்டில் உப்பில்லாமல் செய்தல்.,Bland saltless food / unsalted meal,இன்னிக்கி சோறு துவையலா செஞ்சிருக்க,,food_cooking,,np,
2888,துழாவு,தொளாவு | தொளாவுதல்,tuḻāvu,toḷāvu | toḷāvutal,தேடு | துருவு,Search / seek / rummage,எங்கெல்லாமோ தொளாவினேன் (தேடினேன்).,வினைச்சொல்,action_verbs,,od,
2889,துள்ளுகெடா,துள்ளுகெடாய்,tuḷḷukeṭā,tuḷḷukeṭāy,வெட்டுக்கிளி.,Grasshopper / locust,துள்ளுகெடா மேல உழுந்ததுக்காஇப்பிடி கத்துன.,பெயர்ச்சொல்,nature_animals,,pm | np,
2890,துளியூண்டு,,tuḷiyūṇṭu,,மிகச்சிறியது.,Tiny droplet / minuscule smidgeon,துளியூண்டு வெத்தல குடு,பெயர்ச்சொல்,measure_units,,np | pm,
2891,துளிவேள,,tuḷivēḷa,,குறைவாக,For a little while / briefly / in slight amount,,,time_seasons,துளிவேளை,od,
2892,தூக்கப்பொணம்,,tūkkappoṇam,,பிணம் போல எந்நேரமும் தூங்குபவர் (திட்டுச் சொல்).,Sluggard who sleeps like a corpse all day (derogatory),இந்தத் தூக்கப்பொணத்தக் கட்டிக்கிட்டு அழுவ முடியில.,பெயர்ச்சொல்,human_behavior,,pm,
2893,தூக்கு,,tūkku,,"துணி உலர்த்த, தொங்க விட கட்டப்படும் கயிறு அல்லது கம்பி.",Clothesline rope or wire for hanging laundry,தூக்குல சொக்கா காயப் போட்டிருக்கறன்.,பெயர்ச்சொல்,home_household,,pm,
2894,தூக்குப் பை,,tūkkup pai,,கையில் பிடித்துக் கொண்டு செல்லும் துணிப்பை.,Handheld fabric tote bag / shopping bag,தூக்குப் பை இருந்தாக் குடு.,பெயர்ச்சொல்,home_household,,pm,
2895,தூக்குப் போசி,தூக்குப்போணி | தூக்குவாளி,tūkkup pōci,tūkkuppōṇi | tūkkuvāḷi,கையில் பிடிக்கும் வளையம் உடைய பாத்திரம். | இருபுறமும் வளையமுடைய சோறு எடுத்துச் செல்லும் பாத்திரம்.,Small metal food container with wire handle to carry meals,தூக்குப் போசில சோத்தப் போட்டுக் கு | தூக்குப் போசியில சோறு ஊத்த வெய்யி.,பெயர்ச்சொல்,home_household,,od | np | pm,
2896,தூத்துகூடை,தூத்துக்கூடை,tūttukūṭai,tūttukkūṭai,தானியம் தூற்றுவதற்காகப் பயன்படும் கூடை.,Winnowing basket used for tossing grains against wind,தூத்து கூடைய எடுத்தா.,பெயர்ச்சொல்,farming_livestock,,od | pm,
2897,தூதாளு,,tūtāḷu,,தூதுசெல்பவர். மரணமடைந்த நிகழ்வை அண்டை ஊரில் போய் கூறுபவர்.,Death messenger who conveys funeral news to kin across neighbouring villages,,,kinship | speech_phrase,,np,
2898,தூமை,,tūmai,,மாதவிலக்கின் போது வெளியாகும் ரத்தக்கழிவு.,Menstrual flow / menstrual blood,அவன் என் தூமையைக் குடிச்சானாமா.,பெயர்ச்சொல்,body_health,,pm,
2899,தூரத்தொலை,,tūrattolai,,அதிக தூரம்.,Great distance / far-off remoteness,தூரத்தொலை அதிகமா இருக்குது எப்பிடி போறது.,,place_direction,,np,
2900,தூறி,தூரி,tūṟi,tūri,ஊஞ்சல்,Cradle swing suspended from roof or tree,மரத்துல தூரி கட்டியிருக்கறம். | குழந்தைய தூறில போட்டு ஆட்டியுடு,பெயர்ச்சொல்,home_household,,od | pm | np,
2901,தூரிக்கல்லு,,tūrikkallu,,கோயிலில் நிறுத்தப்பட்டிருக்கும் கல்லால் ஆகிய கச்சம். | கோயிலில் நிறுத்தப்பட்டிருக்கும் கல்லால் ஆகிய ஊஞ்சல்.,Sacred stone monolithic swing frame in temple courtyards,கோயில்ல தூரிக்கல்லு இருக்குது. | கோயில்ல தூரிக்கல்லு பேந்து போச்சு.,பெயர்ச்சொல்,festival_religion,,np | pm,
2902,தூவானம்,,tūvāṉam,,ஆற்றில் வற்றாத இடம்.,Perennial spring or deep pool in a riverbed that never dries up,,,nature_animals | place_direction,,np,
2903,தூற்றுக்கூடை,,tūṟṟukkūṭai,,எள் போன்றவற்றில் உள்ள குப்பைகளை தூற்றுவதற்கு பயன்படும் கூடை.,Fine winnowing basket for separating chaff from small seeds like sesame,,,farming_livestock,,np,
2904,தெக்கால,தெற்க்கால | தெக்காலெ,tekkāla,teṟkkāla | tekkāle,தெற்குத் திசையில்; தெற்குப் பக்கமாக.,Towards the south / southward,தெக்கால போனா நம்ம காடு வரும்.,பெயர்ச்சொல்,place_direction,,od,
2905,தெக்காலெ,,tekkāle,,தெற்குத்திசை.,Southward direction / on the south side,தெக்காலெ வரப்பு ஓடஞ்சிருச்சு பாரு.,,place_direction,,np,
2906,தெக்கு மின்ன,,tekku miṉṉa,,தெற்குப்புறமாக.,Towards the south / southern orientation,தெக்குமின்னா தலவெச்சி படுத்து தூங்காதே.,,place_direction,,np,
2907,தெக்கோட்டுலெ,தெகோடு | தெக்கோடு | தெக்கோட்டு,tekkōṭṭule,tekōṭu | tekkōṭu | tekkōṭṭu,தெற்குத்திசை மூலை.,In the southern corner / towards the south-facing side,தெக்கோட்டுலை பாரு கொத்து இருக்குது.,,place_direction,,np,
2908,தெக்கோனு,,tekkōṉu,,தைக்க வேண்டும்.,Must stitch / need to sew,எனுக்கு துணி தெக்கோனு.,,action_verbs,,np,
2909,தெகை,,tekai,,அமைதல்.,Settling favorably / working out properly / becoming finalized,இந்தப் பொண்ணாச்சும் தெகஞ்சுதுன்னாப் பரவால்ல.,வினைச்சொல்,action_verbs | human_behavior,,pm,
2910,தெங்கோடி,,teṅkōṭi,,தெற்கு மூலை.,Southern end / southern corner,தெங்கோடியில கெடக்குது பாரு.,பெயர்ச்சொல்,place_direction,,pm,
2911,தெச்சக்குடுங்கோ,,teccakkuṭuṅkō,,தைத்துக் கொடுங்கள்.,Please stitch and give / please tailor for me,நடராஜ் அண்ணா என்ற சட்டெயெ கொஞ்சொ சீக்கிரமா தெச்சுக்குடுங்கோ.,,speech_phrase | action_verbs,,np,
2912,தெட்டுப்பட்டவன்,,teṭṭuppaṭṭavaṉ,,பலே கில்லாடி.,Shrewd cunning operator / clever crafty fellow,சுத்த தெட்டுப்பட்டெம்போலுக் தோது.,,human_behavior,,np,
2913,தெண்டச்சோறு,,teṇṭaccōṟu,,எந்த வேலையும் செய்யாமல் சாப்பிட்டு விட்டு ஊரைச் சுற்றுபவர்.,Free-loader / idle sponge who eats without doing any work,தெண்டச்சோறு பின்னாலெயே ஓடுது.,,human_behavior,,np,
2914,தெண்டத்துக்கு,,teṇṭattukku,,விரையத்திற்கு.,In vain / wastefully / for nothing,தெண்டத்துக்கு எல்லா செலவும் பண்றது.,,speech_phrase,,np,
2915,தெனாசு,தணாசு | தெணாசு | தெனுசு,teṉācu,taṇāsu | teṇācu | teṉucu,மாட்டின் மேலிருக்கும் ஈ வகை. | மாட்டின் மேலிருக்கும் ஒரு வகை ஈ.,Cattle tick or blood-sucking livestock fly | Blood-sucking fly or tick on cattle,அந்தத் தெணாச அடிச்சு எறி. | தெனாசு அடி ரத்தத்த உறிஞ்சது பாரு.,பெயர்ச்சொல்,farming_livestock | nature_animals,,np | pm,
2916,தெத்தலு,,tettalu,,எலும்பும் தோலுமான மாடு.,"Emaciated, skin-and-bones cow or bullock",அந்தத் தெத்தலப் புடிச்சுக் கட்டு.,பெயர்ச்சொல்,farming_livestock,,pm,
2917,தெப்பலம்,,teppalam,,உடல் மெலிவு.,Extreme emaciation / physical frailty or debility,ஆளு தெப்பலமாப்போயிட்டான்.,வினைச்சொல்,body_health,,pm,
2918,தெப்புத்தேறாது,,tepputtēṟātu,,பயன்படாது.,Utterly useless / of no practical value,இது கொஞ்சங்கூட தெப்புத் தேறாது.,,speech_phrase,,np,
2919,தெம்புறா,,tempuṟā,,தெற்குத்திசை.,Southward side / southern direction,தெக்காலெ வரப்பு ஓடஞ்சிருச்சு பாரு.,,place_direction,காண்க: தெக்காலெ,np,
2920,தெய்யக்கடை,,teyyakkaṭai,,தையல் கடை,Tailor's shop,,,home_household,,od,
2921,தெய்யக்கூலி,,teyyakkūli,,தையல் கூலி.,Tailoring charges / stitching wages,தெய்யக் கூலிகுருத்தாத்த சட்டய குடுப்ப.,,home_household,,np,
2922,தெரக்கா,தெரக்கு,terakkā,terakku,வேகமாக. | மும்முரம்.,Rapidly / swiftly / briskly and with momentum,தெரக்கா வேல நடக்குதோட்ட இருக்குது. | வேல தெரக்கா நடக்குது. | தெரக்கா வேலை செய்யுறாங்க,வினைச்சொல்,speech_phrase,,np | pm | od,
2923,தெரகோல்,,terakōl,,மயிர்கோதும் நீளக்கோல்.,Long slender hair-parting stick / hairpin rod,தெரகோலு எங்க வெச்சனோ தெரில.,பெயர்ச்சொல்,dress_accessories | home_household,,pm,
2924,தெரட்டி,,teraṭṭi,,பூப்புச் சடங்கு | பெண் முதிர்ச்சி விழா | பூப்பு நன்னீராட்டு விழா.,Puberty function / coming-of-age ceremony,"பொண்ணுக்குத் தெரட்டி, கண்டீப்பா வந்தரோனும்.",பெயர்ச்சொல்,festival_religion,,od | pm,
2925,தெரட்டிசீரு,,teraṭṭicīru,,பூப்பு நன்னீராட்டு விழா.,Ceremonial gifts presented by maternal uncle during puberty rite,பொண்ணுக்கு தெரட்டி சீரு வெச்சிருக்கெ வந்தருங்கெ.,,festival_religion,,np,
2926,தெரப்பொ,,terappo,,தாக்குச் சுவை.,Sharp pungent taste / acrid strong spicy flavor,கொழம்பு ரொம்ப தெரப்பா இருக்கு.,,food_cooking,,np,
2927,தெராச்செ,,terācce,,திராட்சை.,Grapes,இந்தொ வருஷொ தெராச்செ நல்லொ வெளச்சலு.,,food_cooking | farming_livestock,,np,
2928,தெரிமே,,terimē,,தெரியுமே.,I already know / indeed known,எனக்கெல்லாந் தெரிமே.,,speech_phrase,,np,
2929,தெரீலெ,,terīle,,தெரியவில்லை.,Do not know / not known,எனக் கொண்ணுந் தெரீலெ.,,speech_phrase,,np,
2930,தெல்லவாரி,தேசாபோகம்,tellavāri,tēcāpōkam,ஊதாரித்தனமானவன்,Spendthrift / profligate squanderer,"இவுனுக்கு தெல்லவாரி, தேசாபோகத்துக் கூடதான் சாவுகாசமே",,human_behavior,,od,
2931,தெவசம்,தொவசம்,tevacam,tovacam,இறந்தவர்கள் நினைவாக செய்யும் ஈமச்சடங்கு.,Annual death anniversary memorial rite (shraddha) | Shraddha memorial ritual observed for departed ancestors,எங்க தாத்தாவுக்கு தெவச வச்சிருக்கற போகோனும்.,,festival_religion,,np,
2932,தெவட்டுது,,tevaṭṭutu,,இனிப்பு சாப்பிடும்போது ஏற்படும் சுவை.,Cloying sweetness / sickly-sweet satiety,லட்டு தின்னு ஒரே தெவட்டுது.,,food_cooking | body_health,,np,
2933,தெவண்டு,,tevaṇṭu,,துவண்டு.,Drooping with exhaustion / parched and wilted,நாக்கு தெவண்டு போச்சு தண்ணித் தாகொ அடிக்குது.,,body_health,,np,
2934,தெவை,,tevai,,தானியங்களின் தோல் நீக்குதல்.(1) | மழுங்கிய அரிவாள் வாயைக் கூராக்குதல்.(2),Dehusking or hulling grains | sharpening a dull sickle blade,கம்ப நல்லாத் தெவச்சு வெய்யி. | அரிவாளத் தெவையோனும்.,வினைச்சொல்,farming_livestock | action_verbs,,pm,
2935,தெவையச் சோறு,,tevaiyac cōṟu,,"விரதமிருப்பவர்கள் சாப்பிட உப்பில்லாமல், சோற்றில் செய்யப்படும் பண்டம்.",Saltless ritual rice dish eaten during fasting vows,ரொம்ப தெவையச் சோறு தின்னுட்டான்.,பெயர்ச்சொல்,festival_religion | food_cooking,,pm,
2936,தெவையம்,,tevaiyam,,"விரதமிருப்பவர்கள் சாப்பிட உப்பில்லாமல், சோற்றில் செய்யப்படும் பண்டம்.",Unsavoury saltless boiled cereal dish prepared for religious fasts,ரொம்ப தெவையச் சோறு தின்னுட்டான்.,பெயர்ச்சொல்,festival_religion | food_cooking,காண்க: தெவையச் சோறு,pm,
2937,தெள்ளவாரி,,teḷḷavāri,,பெண்களை கிண்டல் செய்து கொண்டு ஊர் சுற்றும் வாலிபன்.,Street vagrant youth teasing women / cheeky loafer,எங்கியோ தெள்ளவாரியா இருப்பாம் போல.,,human_behavior,,np,
2938,தெள்ளுக்காய் வெளையாடறது,,teḷḷukkāy veḷaiyāṭaṟatu,,தொண்டி விளையாடுதல்.,Traditional girls' game played with pebbles or seeds,தெள்ளுக்கா வெளயாடலா வர்றியா.,,human_behavior,,np,
2939,தெள்ளுமணி,,teḷḷumaṇi,,பிள்ளைகளைக் குறித்துக் கிண்டலாகச் சொல்லும் பெயர்.,Little rascal / mischievous tiny tot (teasing nickname),இந்தத் தெள்ளுமணி எனக்குப் பொறந்திருக்குதே.,பெயர்ச்சொல்,human_behavior | kinship,,pm,
2940,தெளுவு,பனை | தெலுவு,teḷuvu,paṉai | teluvu,"தென்னை மரங்களில் இருந்து இறக்கப்படும் பதநீர் | பனை மற்றும் தென்னை மரத்தில் இருந்து கிடைக்கும் பதனீர் (போதை அற்றது) | பதநீர். | பனை, தென்னை மரங்களில் இருந்து பெறப்படும் பானம்; கள்; பதநீர்.",Sweet fresh unfermented sap of palmyra or coconut palm (neera),வெடியாலெ வெறவவுத்துலெ தெளுவு குடிச்சா உடம்புக்கு நல்லது. | அந்தப் பனையில் தெளுவு பரவால்லயா.,பெயர்ச்சொல்,food_cooking,தெளிவு,od | np | pm,
2941,தெறொசம்பாக்கறது,,teṟocampākkaṟatu,,ஒருவரது திறமையை சோதிப்பது.,Testing someone's competence / putting to the test,என்னெ தெறொசம்பாக்கீறியா.,,human_behavior,,np,
2942,தென்னத்தடுக்கு,,teṉṉattaṭukku,,தென்னை ஓலையால் பின்னப்பட்ட தட்டி.,Screen or mat woven from coconut fronds,தென்னந்தடுக்க எடுத்துப் போட்டு உக்காரு.,,home_household,,np,
2943,தென்னந்தடுக்கு,,teṉṉantaṭukku,,தென்னோலையால் பின்னப்பட்ட உட்காரும் கீற்று.,Sitting mat woven of green coconut leaves,அந்தத் தென்னந்தடுக்க எடுத்துப் போடு.,பெயர்ச்சொல்,home_household,,pm,
2944,தென்னம்பூட்டு,,teṉṉampūṭṭu,,தென்னை மரக் கட்டையின் அடிப் பூட்டுப் பகுதி.,Base block or joint of coconut trunk,தென்னம்பூட்ட வச்சு தடுப்புப் போட்டாங்க.,பெயர்ச்சொல்,home_household | farming_livestock,பொருள் உறுதிப்படுத்தப்படவில்லை (AI உருவாக்கம்) · Meaning not verified (AI generated),od,
2945,தென்னமட்டெ,தென்னமட்டை,teṉṉamaṭṭe,teṉṉamaṭṭai,தென்னை ஓலை. | தென்னை மரத்தின் மட்டை.,Dried coconut palm branch or leafstalk used for fencing or firewood,தீ எரிக்க தென்னமட்டெ வாங்கணும். | ரண்டு தென்னமட்டை வெட்டிப் போடு.,,farming_livestock | home_household,,np | pm,
2946,தெனஞ்சோறு,,teṉañcōṟu,,தினை அரிசியில் செய்யப்பட்ட சோறு.,Cooked foxtail millet rice,தெனஞ்சோறு தின்னு தின்னு உடம்புலெ பலொ இல்ல.,,food_cooking,,np,
2947,தெனத்திக்கி,,teṉattikki,,அனுதினமும்.,Daily / each and every day,தெனத்திக்கி இவனுக்கு இதே வேலயாப் போச்சு.,,time_seasons,,np,
2948,தெனோமு,,teṉōmu,,அனுதினமும்.,Every day / on a daily basis,தெனத்திக்கி இவனுக்கு இதே வேலயாப் போச்சு.,,time_seasons,காண்க: தெனத்திக்கி,np,
2949,தேக்குருட்டு,தேக்குருள்,tēkkuruṭṭu,tēkkuruḷ,ஓலைக் கொட்ட உச்சியில் பொருத்தப்படும் உருண்டையான தேக்குமரக் கட்டை.,Round teak wood finial / ridge block fitted at the peak of a thatched shed | Cylindrical teak ridge cap on thatched roof apex,தேக்குருட்டுல கரையான் ஏறுது.,பெயர்ச்சொல்,home_household,காண்க: தேக்குருட்டு,pm,
2950,தேகுசா,தேவுசா,tēkucā,tēvucā,பாத்திரம்,Deep broad cooking cauldron / brass or aluminum degchi,,,home_household | food_cooking,,od,
2951,தேங்காத் தொட்டி,,tēṅkāt toṭṭi,,தேங்காய் மூடி. பருப்பை எடுத்தபின் இருக்கும் ஓடு. | சிரட்டை; பருப்பை எடுத்தபின் இருக்கும் தேங்க ஓடு.,Empty coconut half-shell,தேங்காத் தொட்டிய எடுத்துப்போடு தீ நல்லா எரியும். | தேங்காத் தொட்டிய அடுப்புல போடு.,பெயர்ச்சொல்,home_household,,od | np | pm,
2952,தேசப்புளியங்காய்,,tēcappuḷiyaṅkāy,,சீனிப் புளியங்காய்.,Manila tamarind pod (Kodukkapuli),தேசப் புளியங்கா கொத்தாக்காச்சிருக்குது.,பெயர்ச்சொல்,food_cooking | nature_animals,,pm,
2953,தேஞ்சுபோச்சு,,tēñcupōccu,,தேய்ந்துபோதல்.,Worn out / eroded / frayed from use,செருப்பு தேஞ்சுபோச்சு வேறொன்னு எடுக்கணும்.,,action_verbs,,np,
2954,தேட்டம்,தேட்டொ,tēṭṭam,tēṭṭo,விருப்பம்.,Eager desire / keen inclination / interest,அவனுக்கு அதுல தேட்டமில்ல. | எனுக்கு அதுல ரொம்ப தேட்டமா இருக்கு.,பெயர்ச்சொல்,human_behavior,,np | pm,
2955,தேய்ப்புமுட்டி,,tēyppumuṭṭi,,வெல்லப்பாக உலர்த்துவதற்காகத் தேய்க்கப் பயன்படும் நீண்ட காம்புடைய உருளையான மரத்துண்டு.,Wooden roller tool with long handle used to smoothen hot jaggery,தேய்ப்பு முட்டில சக்கரையத் தேச்சு உடு.,பெயர்ச்சொல்,farming_livestock | food_cooking,,pm,
2956,தேர் கட்றெது,,tēr kaṭṟetu,,மூங்கிலினால் தேர் போல கட்டப்பட்ட பாடையில் இறந்தவர்களின் உடலை எடுத்துச் செல்வது. இறந்தவர்களின் மகள்தான் இதைச் செய்வர்.,Constructing a bamboo chariot bier by daughters for deceased parents,,,festival_religion | kinship,,np,
2957,தேரைக்காய்,,tēraikkāy,,மரத்திலிருக்கும் போதே கெட்டுப்போன தேங்காய் (தேரை அதன் மேல் உட்கார்ந்து கெட்டுப்போகும் என்பது நம்பிக்கை).,Blighted or rotted coconut spoiled while still on the tree,இந்தத் தேங்கா ஆவாது. தேரக்காயாப் போச்சு.,பெயர்ச்சொல்,farming_livestock | nature_animals,,pm,
2958,தேரைப்புள்ளெ,,tēraippuḷḷe,,குழந்தை நன்றாக ஊறாமலிருந்தால் தேரை எனும் ஒருவகை நோய் ஏற்படும் இதற்கு உடம்பில் சூடு வைப்பர்.,Pediatric wasting sickness (therai) treated with folk cauterization,,,body_health,,np,
2959,தேவல,,tēvala,,பரவாயில்லை | நலம்,Better / satisfactory / tolerable,நேத்துக்கு காய்ச்ச இன்னைக்கு தேவல,,speech_phrase,,od,
2960,தேவூலெ,,tēvūle,,பரவாயில்லை.,Much better / passable / tolerable,ஒடம்புக்கு இப்பத் தேவுல.,,speech_phrase,,np,
2961,தேவை,,tēvai,,திருமணக் காரியம்.,Marriage alliance / matrimonial ceremony,பொண்ணுக்கு ஒரு தேவை பண்ணிட்டாப் போதும்.,பெயர்ச்சொல்,kinship | festival_religion,,pm,
2962,தேன்சிட்டு,,tēṉciṭṭu,,பூக்களில் தேன் உறிஞ்சும் சிட்டுக் குருவி வகை.,Sunbird (nectar-feeding tiny iridescent bird),தேன்சிட்டுப் பாரு. கருப்பா மினுமினுன்னு அழகா இருக்குது.,பெயர்ச்சொல்,nature_animals,,pm,
2963,தைநோம்பி,,tainōmpi,,பொங்கல் பண்டிகை.,Thai Pongal harvest festival,தைநோம்பிக்கி எங்கொ பட்டிலெ பொங்கலு வெக்கோணு.,,festival_religion | time_seasons,,np,
2964,தொக்கடவு,தொக்கடா,tokkaṭavu,tokkaṭā,மனிதர்கள் செல்லும் அளவுக்கு வேலியில் உருவாக்கப்படும் சிறு வழி. | குறுக்குவழி | தோட்டத்தில் ஆடு மாடுகள் செல்லாதவகையில் மனிதர்கள் மட்டும் செல்லும் வகையில் சிறிய வழி செய்தல். | உடல் உறுதியற்றுச் சோர்வுடன் (நடத்தல்).,Stile or narrow squeeze gap in a hedge fence allowing humans while blocking livestock,எதுக்குத் தடுமாரற. வேலியில் தொக்கடவு இருக்குது அதுல போ. | காட்டுக்குள்ளெ ஆடு மாடு பூதாமை தொக்கடா போட்டு வெக்கோனு. | அவம்பாரு தொக்கடா தொக்கடான்னு நடக்கறான்.,பெயர்ச்சொல்,farming_livestock | place_direction,,od | np | pm,
2965,தொங்குவாது,,toṅkuvātu,,மரத்தில் ஏறி விளையாட ஏதுவாக கீழே வரைந்திருக்கும் வாது. | சிறுவர்கள் மரத்திலேறிப் பிடித்துத் தொங்கிக் கீழே குதிக்கப் பயன்படும் கிளை.,Hanging bough / low tree branch used by kids to swing and jump down,தொங்குவாதுல தொங்காதெ. | தொங்குவாது வெளையாட்டு வெளையாடலாம்.,பெயர்ச்சொல்,nature_animals | human_behavior,,np | pm,
2966,தொங்குனி,,toṅkuṉi,,திட்டுச்சொல். மிக அதிகமாகப் பொய் சொல்லுபவன்.,Habitual liar / deceptive smooth talker,அந்தத் தொங்குனிகிட்டப்போய் நெசத்த கறக்க முடியுமா?,பெயர்ச்சொல்,human_behavior,,pm,
2967,தொச்சம்,,toccam,,"உடல் ஊனம்; அம்மா, அப்பா யாரேனுமோ இருவருமோ இல்லாத குறை.",Physical impairment / orphan defect (lacking father or mother),பையனுக்குக் காலுக் கொஞ்சம் தொச்சம். | எதாச்சும் தொச்சமிருக்கற ஊடாப் பாத்துத்தான் பொண்ணக்குடுக்கோனும்.,பெயர்ச்சொல்,body_health | kinship,,pm,
2968,தொசக்கான்,,tocakkāṉ,,குண்டாக இருந்தாலும் உடல் பருமனற்று இருத்தல். | குண்டாக இருந்தும் உடல் பலமற்றவள் / ன்.,Flabby weakling / fleshy person devoid of physical stamina,எங்கியோ தொசக்கானா இருக்குற. | அவன் ஒரு தொசக்கான்.,பெயர்ச்சொல்,body_health | human_behavior,,np | pm,
2969,தொசுக்குனு,,tocukkuṉu,,முடியாமல் கீழே விழுதல்.,Collapsing or flopping down weakly,தொசுக்குனு உழுந்துட்டான்.,,action_verbs,,np,
2970,தொட்டகட்டறது,,toṭṭakaṭṭaṟatu,,குழந்தை வேண்டி கோயிலில் மரத்தில் தொட்டிலை போன்று சிறு உருவம் மரத்தில் செய்து கட்டுதல்.,Tying a miniature votive cradle to a sacred tree praying for child boon,கோயில்ல தொட்டகட்டோனு.,,festival_religion,,np,
2971,தொட்டி உருளை,,toṭṭi uruḷai,,கிணற்றில் ஏற்றக்கால்களை இணைத்து இருக்கும் உருளை.,Pulley roller attached between picottah uprights at wellhead,ஏத்தம் எறச்சு முடிச்ச ஓடன தொட்டி உருளயக் கழட்டி வெச்சரோனும்.,பெயர்ச்சொல்,farming_livestock,,pm,
2972,தொட்டிக்கட்டு வீடு,தொட்டிகட்டு ஊடு | தொட்டிகட்டு | தொட்டிக்கட்டு,toṭṭikkaṭṭu vīṭu,toṭṭikaṭṭu ūṭu | toṭṭikaṭṭu | toṭṭikkaṭṭu,நடுவில் திறந்த முற்றமும் சுற்றிலும் தாழ்வாரங்களும் கொண்ட தொட்டி வீடு; நாற்புறக் கூரைகளிலிருந்தும் மழைநீர் வந்து முற்றத்தில் விழும்படி அமைந்த பாரம்பரிய வீடு.,Traditional courtyard house with central open skylight / impluvium courtyard,அவுங்களுது அந்தக் காலத்துத் தொட்டிக் கட்டு வீடு. | தொட்டி கட்டு ஊட்டுக்குப் போனொ.,பெயர்ச்சொல்,home_household,,pm | np | od,
2973,தொட்டு,,toṭṭu,,வேலிச் செடியை வெட்டி ஒன்றாக கட்டுதல்.(1) | காய்கறிகளின் மேற்புறத்தில் காம்பு ஒட்டியுள்ள பகுதி.(2) | நிலக்கடலைத் தோல் பகுதி.,Bundled brushwood for fencing | calyx of vegetables | peanut shell,காட்டுல தொட்டு கட்டி பரம்படிச்சுடோனு. | கத்தரிக்கா தொட்டு எடுத்துப் போட்டுட்டு தின்னு. | கல்லக்காத் தொட்ட அள்ளிக் கொட்டு.,பெயர்ச்சொல்,farming_livestock | food_cooking,,np | pm,
2974,தொட்டெகொக்கி,தொட்டகொக்கி,toṭṭekokki,toṭṭakokki,தொட்டில் கட்ட பயன்படும் இரும்பு கொக்கி.,Iron ceiling hook for suspending a baby cradle,தொட்டே கொக்கிலெ தொட்டலெ போடு.,,home_household,,np,
2975,தொட்டெசீலெ,தொட்டசீலை,toṭṭecīle,toṭṭacīlai,தொட்டில் கட்டும் சேலை.,Saree used to tie and make an infant's hanging cradle,தொட்டே சீலைய எடுத்தா குழந்திக்கி தொட்டே கட்டலா.,,home_household | dress_accessories,,np,
2976,தொடக்கறி,,toṭakkaṟi,,இறைச்சி.,Meat from the thigh / tender hindquarter cut,தொடக் கொழம்பு வெச்சுக்கலாம்.,பெயர்ச்சொல்,food_cooking,,pm,
2977,தொடம்,,toṭam,,எண்ணெய் போன்றவற்றை எடுக்கப் பயன்படும் நீண்ட கம்பியுடன் கூடிய கிண்ணம்.,Long-handled oil ladle or scoop,தொடத்த எடுத்து எண்ணெ மொள்ளு.,பெயர்ச்சொல்,home_household | food_cooking,,pm,
2978,தொடற விளையாட்டு,,toṭaṟa viḷaiyāṭṭu,,சிறுவர் ஓடித் தொட்டு விளையாடும் விளையாட்டு.,Children's chasing tag game,தொடற விளையாட்டுப் போடலாமா.,பெயர்ச்சொல்,human_behavior,,pm,
2979,தொடு,,toṭu,,செருப்பைக் காலில் அணிதல்.,Slip on footwear / put on sandals,செருப்பத் தொட்டுக்கிட்டு வா.,வினைச்சொல்,dress_accessories | action_verbs,,pm,
2980,தொடுப்பு,,toṭuppu,,கள்ள உறவு. | முறையற்றுப் பெண்ணும் கொள்ளும் உறவு.,Illicit relationship / extramarital affair,அவகிட்ட உனக்கென்ன தொடுப்பு. | அவுங்களுக்குள்ள ஏதோ தொடுப்பு இருக்குது.,பெயர்ச்சொல்,kinship | human_behavior,,np | pm,
2981,தொண்டி,,toṇṭi,,கிணற்றில் ஏற்றக்கால்களை இணைத்து இருக்கும் உருளை.,Pulley roller frame mounted between wellside hoist uprights,ஏத்தம் எறச்சு முடிச்ச ஓடன தொட்டி உருளயக் கழட்டி வெச்சரோனும்.,பெயர்ச்சொல்,farming_livestock,காண்க: தொட்டி உருளை,pm,
2982,தொண்டு,,toṇṭu,,"கொங்குப் பகுதியில் குறிப்பாக கோபி வட்டாரத்தில் தொண்டு என்றால், பல பேருடன் தகாத உறவு கொண்டிருப்பதைக் குறிக்கும் | ஒழுக்கமற்ற ஆண் / பெண்; பலரோடு உறவு கொள்ளும் ஆண் / பெண்.",Promiscuous loose-living person,"ஆண்பால், பெண்பால் வேறுபாடற்றது | அவ கத்தத் தொண்டு. | இந்தப் பையன் தொண்டாப் போயிட்டானே.",பெயர்ச்சொல்,human_behavior,,od | pm,
2983,தொண்டு மண்டி,,toṇṭu maṇṭi,,இரண்டு முழங்கால்களையும் நிலத்தில் ஊன்றிக்கொண்டு நிற்கும் நிலை.,Kneeling down submissively on both knees before an overlord,அப்பெல்லாம் பண்ணயக்காரனுக்கு முன்ன தொண்டு மண்டி போட்டுக்கிட்டுத்தான் நிப்பாங்க.,பெயர்ச்சொல்,human_behavior | action_verbs,,pm,
2984,தொண்டுபட்டி,தொண்டுப்பட்டி,toṇṭupaṭṭi,toṇṭuppaṭṭi,"மாடு/ஆடு அடைக்கும் இடம் | தொழுவம் - ஆட்டைத் தொண்டுபட்டியிலே அடை | கால்நடைகளை கட்டி வைக்கும் இடம் | மாடு, கன்றுகள் இருக்குமிடம் | மாடுகட்டும் தொழுவம் தீவனப்போர் சிறு பொருட்கள் வைக்கும் குடிசை போன்ற அமைப்பு. | மாடு கட்டும் தொழுவம்; தீவனப் போர், சிறு பொருட்கள் வைக்கும் குடிசை போன்ற அனைத்தும் (ஒரு சில குறையலாம்) சேர்ந்த இடம்.","Enclosed cattle kraal / farmstead enclosure with pen, fodder stack, and hut",ஆட்டைத் தொண்டுபட்டியிலே அடை | தொண்டு பட்டிமில பாரு கொடமிருக்கு. | தொண்டுப்பட்டியில மாட்டக் கொண்டோயிக் கட்டு.,பெயர்ச்சொல்,farming_livestock,,od | np | pm,
2985,தொண்டுமுட்டி,,toṇṭumuṭṭi,,எருமையோ மனிதனோ தப்பி ஓடாதிருக்க முன் கால்களுக்கு இடையே கட்டப்படும் முட்டி. | எருமையோ மனிதனோ விரைந்து ஓடாமலிருப்பதற்காக முன்னங்கால்களுக்கிடையே கட்டப்படும் சாமான்.,Wooden clog or hobble tied between buffalo legs to curb running away,எருமைக்கு தொண்டுமுட்டி கட்டியுடோனு. | அவனுக்குத் தொண்டு முட்டி கட்டியுட்டாத்தான் சரிப்படுவான்.,பெயர்ச்சொல்,farming_livestock,,np | pm,
2986,தொணதொணன்னு,,toṇatoṇaṉṉu,,திரும்பத் திரும்ப பேசிக்கொண்டிருத்தல்.,Nagging incessantly / droning on repeatedly,தொணதொணன்னு பேசிட்டு என்கிட்டே இருக்காத.,,speech_phrase,,np,
2987,தொணெ,,toṇe,,துணை,Companion / support / escort,,,human_behavior,,od,
2988,தொணெப்பொண்ணு,,toṇeppoṇṇu,,மணமகளின் தங்கை.,Maid of honor / bride's younger sister attending bride,தொணெப் பொண்ணெக் கூப்புட்டு பக்கத்துலெ உக்காரெ வெய்யிங்கெ.,,kinship | festival_religion,,np,
2989,தொணெமாப்ளெ,,toṇemāpḷe,,மணமகளின் சகோதரர்.,Best man / bridegroom's companion or brother-in-law escort,மொதல்லெ தொணெ மாப்ளெயெ கூப்புட்டு உக்கார வெய்யிங்க.,,kinship | festival_religion,,np,
2990,தொத்துகால்,,tottukāl,,"எட்டாத வேலி, செடி கொடிகளை மேய முன்னங்கால்களை அவற்றின் மேல் வைத்துக் கொண்டு வெள்ளாடுகள் நேராக நிற்கும் நிலை.",Rearing on hind legs with forefeet resting on hedges to browse high leaves,அங்க பாரு தொத்து காலுப் போட்டுக்கிட்டு மேயுது.,பெயர்ச்சொல்,farming_livestock,,pm,
2991,தொப்பக்கட்டெ,தொப்பக்கட்டை,toppakkaṭṭe,toppakkaṭṭai,மாட்டு வண்டியின் இருசும் பகுதியையும் பார் பகுதியையும் இணைக்கும் பருத்த மரக்கட்டை. | வண்டியில் பாருக்குக் கீழ் இரு சக்கரங்களையும் இணைக்கும் கட்டை.,Heavy wooden bolster block connecting axle tree to cart body,தொப்பக் கட்டையில ஆரோ மையில எழுதியிருக்கறான்.,,farming_livestock,,np | pm,
2992,தொப்பல்,,toppal,,"முழுவதும், சிறிதும் இடைவெளி இன்றி.",Drenched to the bone / soaking wet all through,எங்காச்சும் நின்னு வரக்கூடாது. தொப்பலா நனஞ்சுபோயிட்டயே.,வினைச்சொல்,body_health,,pm,
2993,தொப்பை,,toppai,,வயிறு | புளியம்பழத்தோல் | புளியம்பழத் தோல்.,Potbelly / abdomen | brittle outer shell of dry tamarind pod,தொப்பைய உறிச்செரி.,பெயர்ச்சொல்,body_health | food_cooking,,od | pm,
2994,தொம்பை,,tompai,,தேவையற்ற பொருட்களை வைக்க மூங்கிலால் பின்னப்பட்ட பெரிய கூடை. | தானியங்களைச் சேகரித்து வைக்க மூங்கிலால் பின்னப்பட்ட (மூடியுடன் கூடிய) பெரிய கூடை.,Large wicker granary basket with lid for storing grains,"தொம்பைல பாரு அழுக்குத் துணி இருக்கு. | தொம்பையில, கொஞ்சம் கம்பள்ளியா.",பெயர்ச்சொல்,home_household | farming_livestock,,np | pm,
2995,தொம்பொ,,tompo,,நிறைய.,Bellyful / in excessive abundance,வவுறு தொம்பொ சோறு தின்னு வவுறு வலிக்குது.,,measure_units,,np,
2996,தொய்யல்,,toyyal,,ஒரு வகைக் கீரை.,Thoyyal greens (edible wild leafy green vegetable),கொஞ்சம் தொய்யப் பொறிச்சாந்தாக் கடையலாம்.,பெயர்ச்சொல்,food_cooking | nature_animals,,od | pm,
2997,தொரட்டி,,toraṭṭi,,"மரங்களிலிருந்து பழங்கள், காய்கள், இலைகள் பறிக்க நுனியில் கொக்கியுள்ள நீண்ட கம்பு.",Long pole with a hook for harvesting fruits/leaves,தொரட்டியால மாங்காப் பறிச்சுப் போடு.,பெயர்ச்சொல்,farming_livestock | home_household,பொருள் உறுதிப்படுத்தப்படவில்லை (AI உருவாக்கம்) · Meaning not verified (AI generated),od,
2998,தொரத்தீட்டு,,torattīṭṭu,,துரத்திக்கொண்டு.,Chasing after / pursuing in a chase,இப்படி தொரத்தீட்டு வெளெயாண்டீங்னா கீழ் உழுந்துருவ.,,action_verbs,,np,
2999,தொரலை,,toralai,,காய்கறிச் மேலிருக்கும் தோல்.,Outer rind or peel of vegetables,தொரலை உரிச்சித் தின்னு.,,food_cooking,,np,
3000,தொருசு,,torucu,,"ஊதாரியாக, பொறுப்பற்று சுற்றுதலைக் குறிக்கும்",Restless loafer roaming about heedlessly,"ஆண்பால், பெண்பால் வேறுபாடற்றது | நான் ""கடைக்கு போயிட்டு வர்றேன்"" என்று சொன்னால், என் அம்மா நக்கலாக, ""செருப்புத் தொட்டுட்டு தொருசு கிளம்பிடுச்சு பாரு"" என்பார்கள்",,human_behavior,,od,
3001,தொரை,,torai,,பெரிய துரை இவரு,'Big Lord' (sarcastic term for someone posturing beyond their ability),"அதாவது ஒருவர் செய்யமுடியாத செயலைச் செய்ய எத்தனிக்கும் போது, விளிக்கப் பயன்படும் சொல்",,speech_phrase | human_behavior,,od,
3002,தொல்லி,,tolli,,காய்களின் தோல்.,"Peel, shell, or rind of vegetables or gourds",சொரக்காத் தொல்லிய அரிஞ்செறி.,பெயர்ச்சொல்,food_cooking,,pm,
3003,தொலவு,,tolavu,,பெருஞ்சண்டையின் விளைவாய்ப் பங்காளிக் குடும்பங்களிடையே தெய்வ சாட்சியாய் நிகழும் தொடர்பு அறுதல் (மீறுவது தெய்வ குற்றம். மீண்டும் இணைவது என்றால் தெய்வ சந்நதியில் நடக்கும்).,Solemn ritual severance of kinship ties between agnatic families sworn before a deity,அவுங்களுக்கும் எங்களுக்கும் தொலவு. அவுங்க ஊட்டுச் சோற நாந்திங்க மாட்டன்.,பெயர்ச்சொல்,festival_religion | kinship,,od | pm,
3004,தொலாக்கட்டை,,tolākkaṭṭai,,வீட்டுக் கூரையில் விட்டமல்லாத சிறுகட்டை.,Small purlin stick or ceiling spacer timber in roof framework,தொலாக்கட்டைக்கு நேராப் பாரு. எலி ஓடுது.,பெயர்ச்சொல்,home_household,,pm,
3005,தொலாவு,,tolāvu,,தேடு. | தேடுதல்.,Search / scour / rummage through,எல்லாப் பக்கமு தொலாவிப் பாத்த கெடக்கில. | எவ்வளவு நேரமா உன்னயத் தொலாவறம்.,வினைச்சொல்,action_verbs,,np | pm,
3006,தொலித்தல்,,tolittal,,உரித்தல்.,"Peeling, shelling groundnuts or hulling beans",கல்லக்கா தொலிக்க வாறியா.,வினைச்சொல்,action_verbs | farming_livestock,,pm,
3007,தொலை,,tolai,,ஏற்றம் உள்ள அனைத்துப் பகுதி. | ஏற்றம் உள்ள கிணற்றுப் பகுதி.,Water-hoist staging area at the mouth of a well,தொலையில போயி நிக்காத உளுந்துருவ. | தண்ணி கொண்டார தொலைக்குப் போனா.,பெயர்ச்சொல்,farming_livestock | place_direction,,np | pm,
3008,தொலைமேடு,,tolaimēṭu,,கிணற்றில் ஏற அமைந்துள்ள மேட்டுப் பகுதி.,Raised embankment / ramp mound beside a well where water hoist is worked,தொல மேட்டுல நின்னு பாத்தன்.,பெயர்ச்சொல்,farming_livestock | place_direction,,pm,
3009,தொவட்டோனு,,tovaṭṭōṉu,,துவட்டுதல்.,Must wipe dry with a towel (specifically hair or body),தல ஈரமாமிருக்கு தொவட்டோனு இல்லனா சளி புடிச்சுக்கும்.,,body_health | action_verbs,,np,
3010,தொவயலு,தொவயல்,tovayalu,tovayal,கல்லத் தொ வயல் | சட்னி.,Freshly ground chutney / peanut paste condiment | Freshly ground chutney / spicy condiment,இட்டிலிக்கி தொவயலு செய்யோனு.,,food_cooking,,od | np,
3011,தொவரு,,tovaru,,கோணப்புளியங்காயின் பிஞ்சில் முதிர்ந்த நிலை.,Astringent / dry puckering taste of immature tamarind fruit,கோணப் புளியங்கா தின்னு தொவரு தொண்டய புடிக்குது.,,food_cooking,,np,
3012,தொவரெம்பருப்பு,,tovaremparuppu,,துவரம் பருப்பு.,Pigeon pea / split toor dal,இன்னிக்கி தொவரம் பருப்பு கொழம்பு.,,food_cooking,,np,
3013,தொவை,,tovai,,தாயவிளையாட்டில் காயை வெளியே நகர்த்தத் தொடங்குதல்.,Unlocking and entering game token on rolling one in dayakattai,நீஇன்னம் தொவையவே இல்லயா.,பெயர்ச்சொல்,human_behavior,,pm,
3014,தொவைக்கோனு,,tovaikkōṉu,,துணியை துவைத்தல்.,Must wash clothes / need to launder,துணி ஒருமூலெ சேந்துருச்சு தொவைக்கோனு.,,home_household | action_verbs,,np,
3015,தொழுவாடு,,toḻuvāṭu,,வழக்கம்.,Entrenched habit / inveterate custom,அவனுக்குப் பொய்ப் பேசறதே தொழுவாடாப் போச்சு.,பெயர்ச்சொல்,human_behavior,,pm,
3016,தொளக்குழி,,toḷakkuḻi,,கிணற்றினுள் ஏற்றச்சால் வந்து நீர் கொள்ளும் பகுதி. | கிணற்றினுள் ஏற்றச்சால் வந்து நீர் மொள்ளும் (மற்ற பகுதிகளை விட ஆழமாக்கப்பட்டிருக்கும்) குழிப்பகுதி.,Deepest sump depression in a well floor where hoist bucket scoops water,தொளக் குழியில முக்கி மண்ணெடு பாக்கலா. | தொளக்குழியில முழுகி மண்ணெடுக்கோனும்.,பெயர்ச்சொல்,farming_livestock | place_direction,,np | pm,
3017,தொளதொளன்னு,,toḷatoḷaṉṉu,,இறுக்கமாக இல்லாமல் தளர்வாக இருப்பதைக் கூறுவது.,Baggy / loose-fitting / saggy,சட்டையெ தொளதொளன்னு தெச்சி வெச்சிட்டாங்கெ.,,dress_accessories,,np,
3018,தொளிக்கோனு,,toḷikkōṉu,,தெளிக்க வேண்டும்.,Must sprinkle (water across front yard),வாசல தொளிக்கோனு.,,home_household | action_verbs,,np,
3019,தொளைக்கட்டு,,toḷaikkaṭṭu,,துளைகளிட்டு இணைத்துக் கட்டப்பட்ட மரச் சட்டம்.,Mortise-and-tenon wooden frame structure,தொளைக்கட்டு மரத்த வச்சு கூரை போட்டாங்க.,பெயர்ச்சொல்,home_household,பொருள் உறுதிப்படுத்தப்படவில்லை (AI உருவாக்கம்) · Meaning not verified (AI generated),od,
3020,தொளைக்கல்,,toḷaikkal,,ஏற்றக்கால் செருகும்படி துளையிடப்பட்டு கிணற்றுக்குள் லேசாக நீட்டிக் கொண்டு இருக்கும் வகையில் பதிக்கப்பட்ட கல்.,Pierced cantilever stone over well rim to hold picottah post,தொளக்கல்லு மேலு இருந்து குதிக்காதடா.,பெயர்ச்சொல்,farming_livestock,,pm,
3021,தெறொ,தொற,teṟo,toṟa,திற | திற.,Open (imperative),கதவொக் கொஞ்சொ தெறொ.,,action_verbs,,od | np,
3022,தொறந்துபோட்டுட்டு,,toṟantupōṭṭuṭṭu,,திறந்து வைத்து விட்டு.,Leaving wide open without latching,ஊட்டெ தொறந்து போட்டுட்டு எங்க போனாங்கனு தெரியில.,,home_household,,np,
3023,தொறப்பு,,toṟappu,,பூட்டு | திறப்பு,Padlock / key / door lock,ஊட்டுக்கு தொறப்ப போடு. | தொறப்ப எங்க வெச்சனோ தெரில.,பெயர்ச்சொல்,home_household,,od | np | pm,
3024,தொறப்பு குச்சி,தொறப்புக்குச்சி,toṟappu kucci,toṟappukkucci,திறவுகோல் | சாவி | சாவி.,Key / door key,தொறப்புக்குச்சி எங்கட்டத்தான் இருக்குது. | தொறப்புக் கையிய தொளச்சிப் போடாதெ.,பெயர்ச்சொல்,home_household,,od | pm | np,
3025,தொறப்புக்கை,,toṟappukkai,,திறவுக்கோல்,Key / door opening lever,,,home_household,,od,
3026,தொறப்புக்கையி,,toṟappukkaiyi,,சாவி.,Key / door key,தொறப்புக் கையிய தொளச்சிப் போடாதெ.,,home_household,,np,
3027,தொன்னு,,toṉṉu,,தொணதொண வென்று பேசுதல்.,Muttering incessantly / nagging garrulously,,,speech_phrase,,np,
3028,தோட்டத்துல இருக்காங்க,,tōṭṭattula irukkāṅka,,பொதுவாக ஊருக்குள் குடியிருக்காமல் விவசாயம் செய்யும் நிலத்திலேயே வீடு கட்டி வாழ்வோரைக் குறிப்பது,Residing in farm homestead rather than village settlement,,,farming_livestock | place_direction,,od,
3029,தோடு,,tōṭu,,"நுங்கு, பனம்பழம் இவற்றின் மேலிருக்கும் முடி; பருத்திப் பஞ்சு எடுத்த அடிப்பகுதி.",Calyx cap of palmyra fruit | spent boll husk of cotton,தோட்டப் பிச்சு எறிஞ்சுட்டு பனங்காயச்சுடு.,பெயர்ச்சொல்,farming_livestock | nature_animals,,pm,
3030,தோண்டி,,tōṇṭi,,குடம்,Small water pitcher or earthen/metal pot,,,home_household,,od,
3031,தோண்டிக்கொடொ,,tōṇṭikkoṭo,,மண் பிளாஸ்டிக் அல்லது உலோகத்தால் ஆன குடம்.,"Water pot made of clay, plastic, or brass",தோண்டிக்கொடொத்துல தண்ணி எடுத்திட்டு வா.,,home_household,,np,
3032,தோண்டு,,tōṇṭu,,மண்ணின் மேற்பகுதி நீரை வடித்து விடுவதற்காக ஆழமாகத் தோண்டப்படும் வாய்க்கால்.,Drainage ditch dug along field ridges to drain surplus rain water,மஞ்சக் காட்டுக்குத் தோண்டு புடிச்சு உடு.,பெயர்ச்சொல்,farming_livestock,,pm,
3033,தோணி,,tōṇi,,இரு கூரைகளுக்கிடையில் தண்ணீர் ஒருமாறு தகட்டால் அமைப்பது. | மழைநீர் கீழே போய் விழும்படி இரு கூரைகளுக்கிடையே சொருகும் தகரம்.,Sheet-metal roof valley gutter channeling rainwater between twin gables,தோணி கட்டிய ஊட்டுக்குள்ளெ தண்ணி உழுகுது. | தோணி ஓட்டையாப் போச்சு. ஒழுவது.,பெயர்ச்சொல்,home_household,,np | pm,
3034,தோது,,tōtu,,சரியாக இருந்தால். | வசதி; விபரம்.,Convenient circumstance / suitability / resourceful tact,தோதுப் பட்டா பாக்கலா. | எடம் தோதா இருக்குதா. | பையன் நல்ல தோது.,பெயர்ச்சொல்,speech_phrase,,np | pm,
3035,தோப்பரை,தோப்பட்டை | தோப்படை,tōpparai,tōppaṭṭai | tōppaṭai,பெரியது | தோலால் செய்த (சக்கிலியர் தம் கருவிகளை வைத்துக் கொள்ளும்) பெரிய பை.,Oversized loose garment | large leather pouch for cobbler tools,சொக்கா என்னடா தோப்பரையாட்டம் இருக்குது.,பெயர்ச்சொல்,dress_accessories | home_household,,od | pm,
3036,தோரணப்பலகை,,tōraṇappalakai,,ஏற்றக் கால்களை இணைக்கும் மேல் பலகை.,Crossbeam lintel timber joining upright posts of a well hoist,தோரணபலவ இத்துப்போச்சு.,பெயர்ச்சொல்,farming_livestock,,pm,
3037,தோரணை,,tōraṇai,,மிரட்டும் படியான.,Intimidating manner / domineering haughty posture,ரொம்பவும் தோரணை பண்ணாதெ.,,human_behavior,,np,
3038,தோலரந்துருத்தி,,tōlaranturutti,,எந்தவித தகுதியும் இல்லாதவர்கள்.,Base worthless minions / riffraff lacking character,தோலரந்துருத்திம் பெல்லாம் எனக்கு ஒசனெ சொல்லொ வந்தட்டாங்க.,,human_behavior,,np,
3039,தோலான் துருத்தி,,tōlāṉ turutti,,அடியாட்கள்; கீழானவர்கள்.,Lowly hired lackeys / worthless henchmen,தோலான் துருத்தி எல்லாம் எனக்குப் புத்தி சொல்ல வந்துட்டாங்க.,பெயர்ச்சொல்,human_behavior,,pm,
3040,தோவ மொட்டு,தோல்மொட்டு,tōva moṭṭu,tōlmoṭṭu,ஓடு முதிராத முட்டை (அடுத்த நாளுக்கான முட்டையை முதல் நாளே கோழி வைத்துவிட்டால் இவ்விதமான முட்டை கிடைக்கும். இந்த முட்டை இடும் கோழியை உடனே கொன்று சமைத்து விடுவர்). | கால்சியம் பற்றாக்குறையினால் மேல் ஓடு இல்லாம கோழி வைக்கும் மொட்டை.,Soft-shelled egg (laid without hard shell due to calcium lack),இந்தக் கோழி தோவமொட்டு இட்டிருக்குது.,பெயர்ச்சொல்,farming_livestock | food_cooking,,np | pm,
3041,தோனை,,tōṉai,,வென்குட்டம். உடலில் தோல் வெள்ளை நிறமாக இருத்தல்.,Leucoderma / vitiligo patches on skin,அவனுக்கு ஒடம்பெல்லாம் தோன பரவுது.,பெயர்ச்சொல்,body_health,,pm,
3042,நக்கிரி,,nakkiri,,கீரை.,Nakkiri greens (wild edible pot-herb),இன்னக்கி நக்கிரி கடைஞ்சிருக்கறன்.,பெயர்ச்சொல்,food_cooking | nature_animals,,pm,
3043,நகநட்டு,,nakanaṭṭu,,நகைகள்.,Gold jewelry and personal ornaments,நகநட்டு போட்டுகிட்டு வரவேண்டியது தானெ.,,dress_accessories,,np,
3044,நங்கு,,naṅku,,"எல்லாவற்றையும் உண்ணாமல், நாக்குச் சுவை பார்த்துப் பலவற்றை உண்ணாமல் ஒதுக்கும் தன்மை.",Finicky fastidiousness in eating / picking at food,இப்படி நங்கு பாத்தா வவுறு நெறையுமா?,பெயர்ச்சொல்,food_cooking | human_behavior,,pm,
3045,நங்குபாக்கறது,,naṅkupākkaṟatu,,சாப்பிடாலாமா வேண்டாமா என்று யோசனை செய்வது.,Hesitating fastidiously over food / picking and choosing dishes,இந்த நங்கு பாக்கற வேலையெல்லா வேண்டா.,,food_cooking | human_behavior,,np,
3046,நங்கெயா,,naṅkeyā,,அண்ணனின் மனைவி.,Elder brother's wife (sister-in-law),உங்க நங்கயா எங்க போயிருச்சு.,,kinship,,np,
3047,நங்கை,நங்கையாள்,naṅkai,naṅkaiyāḷ,"அண்ணி நாத்தனார் | அண்ணனின் மனைவி (அண்ணி); கனவனின் அக்கா, மனைவியின் அக்கா.",Sister-in-law (elder brother's wife or spouse's elder sister),அண்ணணின் மனைவி/ மனைவியின் அக்காள் | உங்க நங்க கூப்புடுதுடா.,பெயர்ச்சொல்,kinship,,od | pm,
3048,நங்கையா,,naṅkaiyā,,நாத்தனார் | மனைவியின் அக்கா | காண்க: நங்கை,Sister-in-law (husband's sister or wife's elder sister),,,kinship,,od | pm,
3049,நச்சிட்டு,,nacciṭṭu,,தொந்தரவு செய்தல்.,Pestering / constantly bothering or nagging,ஏ நச்சிட்டு இருக்கெ கம்முனிரு.,,human_behavior,,np,
3050,நச்சு,,naccu,,வாசாலம் | பேசிக்கொண்டே இருப்பது,Chattering nuisance / constant blabbermouth,,,human_behavior | speech_phrase,,od,
3051,நச்சுத்தீனி,,naccuttīṉi,,அடிக்கடி தின்னும் தின்பண்டம்.,Habitual between-meal snacks / nibbling titbits,நச்சுத் தீனி திங்கறதே வேலயாப் போச்சு.,,food_cooking,,np,
3052,நச்சுதல்,,naccutal,,எதையாவது கேட்டு இடைவிடாமல் குழந்தைகள் தொந்தரவு செய்தல்.,Whining and pestering persistently (by children),சும்மா நச்சிக்கிட்டே இருக்காதடா.,வினைச்சொல்,human_behavior,,pm,
3053,நசவல்வேலெ,,nacavalvēle,,சலிப்பூட்டும் வேலை.,Tiresome tedious grind / monotonous tedious chore,இந்த அகராதி தொகுக்குறது ஒரு நசவல்வேலடா சாமி.,,human_behavior,,np,
3054,நஞ்ச சோறு,,nañca cōṟu,,"பழைய நைந்த சோறு | நைந்த சோறு, கெட்டுப் போன சோறு.",Spoiled soggy stale rice,நஞ்ச சோத்தத் தின்னிருக்கரென். வவுறு வலிக்குமா.,பெயர்ச்சொல்,food_cooking,,od | pm,
3055,நஞ்சு,,nañcu,,"பெரும்பாலும் விஷம் என்ற பொருள்தான் | ஆடு மாடுகள் ஈன்ற சிறிது நேரம் கழித்து போடும் உதிரமும் சதையும் கலந்த கொடி. | ஆடு, மாடுகள் ஈன்றதும் சில மணி நேரம் கழித்து வரும் உதிரமும் சதையும் கலந்த, கொடி போன்ற நீளமான சதைக் கோளம். (இதை ஆடு, மாடுகள் தின்றுவிட்டால், பால் இல்லாமல் போய்விடும்).",Placenta and afterbirth expelled by cattle or sheep | Umbilical cord and afterbirth of livestock,"ஆனால், ஆடு மாடுகள் குட்டி /கன்று ஈன்ற பிறகு வெளிவரும் தொப்புள் கொடியைக் குறிக்கும் | ஆடு நஞ்சு தின்றப் போவுது. | குட்டிபோட்டு இவ்வளோ நேரமாச்சு. இன்னம் நஞ்சு போடலியா.",பெயர்ச்சொல்,farming_livestock,,od | np | pm,
3056,நஞ்சுக் கொடி,,nañcuk koṭi,,"பெரும்பாலும் விஷம் என்ற பொருள்தான் | ஆடு மாடுகள் ஈன்ற சிறிது நேரம் கழித்து போடும் உதிரமும் சதையும் கலந்த கொடி. | ஆடு, மாடுகள் ஈன்றதும் சில மணி நேரம் கழித்து வரும் உதிரமும் சதையும் கலந்த, கொடி போன்ற நீளமான சதைக் கோளம். (இதை ஆடு, மாடுகள் தின்றுவிட்டால், பால் இல்லாமல் போய்விடும்).",Umbilical cord and afterbirth of livestock,"ஆனால், ஆடு மாடுகள் குட்டி /கன்று ஈன்ற பிறகு வெளிவரும் தொப்புள் கொடியைக் குறிக்கும் | ஆடு நஞ்சு தின்றப் போவுது. | குட்டிபோட்டு இவ்வளோ நேரமாச்சு. இன்னம் நஞ்சு போடலியா.",பெயர்ச்சொல்,farming_livestock,காண்க: நஞ்சு,pm,
3057,நட்டடுப்புச் சாம்பல்,,naṭṭaṭuppuc cāmpal,,மூன்று கல் அடுப்பின் மையப் பகுதியில் சேரும் வெண் சாம்பல்.,White ash from the center of traditional hearth,நட்டடுப்புச் சாம்பல எடுத்து பாத்திரம் வெளுக்கு.,பெயர்ச்சொல்,home_household | food_cooking,பொருள் உறுதிப்படுத்தப்படவில்லை (AI உருவாக்கம்) · Meaning not verified (AI generated),od,
3058,நட்டொ,நட்டம்,naṭṭo,naṭṭam,செங்குத்து.(1) | இழப்பு (நஷ்டம்).(2) | செங்குத்து | இழப்பு (நஷ்டம்),Perpendicular / dead straight upright | commercial financial loss | Upright perpendicular | heavy loss,படி நட்டமாப் போய்க்கிட்டே இருக்குது. | படி இவ்ளோ நட்டொமா இருக்கு. | பண நெறய நட்டொமாப் போச்சு.,பெயர்ச்சொல்,measure_units | human_behavior,,np | pm,
3059,நட்டானடுவுலெ,,naṭṭāṉaṭuvule,,மையப்பகுதியில்.,Dead in the center / right in the middle,நட்டானடுவுல போயி உக்காந்துகிட்டெ.,,place_direction,,np,
3060,நட்டு,,naṭṭu,,தழைந்து வருவதற்காக வெட்டி நடப்படும் மரப்போத்து.,Vegetative cutting or stake planted in soil to sprout,ரண்டு நட்டு கொண்டாந்து நடு.,பெயர்ச்சொல்,farming_livestock,,pm,
3061,நடக்கதவு,,naṭakkatavu,,எதிரெதிராக அமைத்த வீடுகளுக்கு பொதுவாக அமைத்து இருக்கும் வழி.,Shared corridor gate between opposing houses,நடக்கதவெ நல்லா சாத்து.,,home_household,,np,
3062,நடநட்டம்,,naṭanaṭṭam,,செங்குத்து | இழப்பு (நஷ்டம்),Upright perpendicular | heavy loss,படி நட்டமாப் போய்க்கிட்டே இருக்குது. | படி இவ்ளோ நட்டொமா இருக்கு. | பண நெறய நட்டொமாப் போச்சு.,பெயர்ச்சொல்,measure_units | human_behavior,காண்க: நட்டம்,pm,
3063,நடப்பெ,,naṭappe,,மூவருக்கும் இடையில் பிறந்தவர்.,Middle child born between elder and younger siblings,எங்க நடப்பெ வேலக்கி போயிட்டாரு.,,kinship,,np,
3064,நடமாத்து,,naṭamāttu,,"நடை மாற்று (நடை விரிப்பு); மணப்பெண், மண மகன் நடப்பதற்காக விரிக்கப்படும் துணி.",White runner cloth spread for bridal couple to walk upon,நடமாத்து நல்லதாப் போடு.,பெயர்ச்சொல்,festival_religion | dress_accessories,,pm,
3065,நடவண்டி,,naṭavaṇṭi,,சிறு குழந்தைகள் நடை பழகும் சிறிய கட்டையால் ஆன வண்டி.,Toddler's wooden walking frame / baby walker cart,குழந்திக்கி நட வண்டி செஞ்சு குடுக்கனும்.,,home_household,,np,
3066,நடவை,,naṭavai,,வெளிப்புறக் கதவு | கதவு.,Outer entryway / gate door,அந்த நடவையத் தொற.,பெயர்ச்சொல்,home_household,,od | pm,
3067,நடுக்காதுத் தளுக்கு,,naṭukkātut taḷukku,,காதின் நடுப்பகுதியில் பெண்கள் அணியும் நகை.,Traditional gold stud worn on middle helix of the ear,இந்த நடுக்காதுத் தளுக்கு கலியாணத்தப்பப்போட்டது.,பெயர்ச்சொல்,dress_accessories,,pm,
3068,நடுப்பாரு,,naṭuppāru,,வண்டியின் நடுப்பகுதியில் போடப்பட்டிருக்கும் நீள மரச் சட்டம்.,Central main longitudinal beam of a bullock cart,நடுப்பாரப்புடுச்சுக்கிட்டுத் தொங்கறான்.,பெயர்ச்சொல்,farming_livestock,,pm,
3069,நடுவலவ,,naṭuvalava,,"தனக்கு முன் அண்ணன் பின்பு தம்பி பிறந்ததற்கு இடையில் பிறந்தவன். | அண்ணன் அல்லது அக்கா, தம்பி அல்லது தங்கை எனத் தனக்கு முன்னும் பின்னும் உறவுகளைக் கொண்டு இடையில் பிறந்த பெண்.",Middle daughter / middle-born sister,நடுவலவ எங்க போயிட்டான். | உங்க நடுவலவ எங்க போய்ட்டா.,பெயர்ச்சொல்,kinship,,np | pm,
3070,நடுவலவன்,,naṭuvalavaṉ,,இடையில் பிறந்த அண்ணன்; தனக்கு முன்னும் பின்னும் பிறந்த உடன் பிறந்தோரைக் கொண்டு இடையில் பிறந்த ஆண் மகன்.,Middle brother,நடுவலவனுக்கு எங்க பொண்ணுக்கட்டியிருக்குது.,பெயர்ச்சொல்,kinship,,od | pm,
3071,நடுவாலெ,,naṭuvāle,,நடுவில்.,Right in the middle / in between,நட்டானடுவுல போயி உக்காந்துகிட்டு என்ன பண்றெ.,,place_direction,,np,
3072,நடை,,naṭai,,எதிரெதிராக வீடுகளமைத்து இரண்டுக்கும் பொதுவாக இடையில் நுழைவாயில் கொண்டிருக்கும் பகுதி.,Covered central breezeway or shared hall connecting twin facing houses,வெய்யக் காச்சுது. நடைக்குப் பந்தல் போடோணும்.,பெயர்ச்சொல்,home_household,,pm,
3073,நடை தடம்,,naṭai taṭam,,நடப்பதற்கு மட்டும் உதவும் சிறிய இடம்; ஒற்றையடிப் பாதை.,Narrow foot-track / pedestrian dirt path,அந்தக் காட்டுக்குப் போறதுக்கு நடதடந்தான் இருக்குது.,பெயர்ச்சொல்,place_direction,,pm,
3074,நடைக்கதவு,,naṭaikkatavu,,எதிரெதிராக அமைந்து வீடுகளுக்குப் பொதுவான பகுதியான 'நடை'யின் நுழைவாயில் கதவு.,Main wicket door of a common central entryway,நடக்கதவ நல்லாச் சாத்துனியா.,பெயர்ச்சொல்,home_household,,pm,
3075,நடைவீடு,,naṭaivīṭu,,"எதிரெதிராக வீடமைந்து, இரண்டும் பொதுவான மையப் பகுதியில் இணைக்கப்பட்டு, அதில் நுழைவாயில் அமைக்கப்பட்ட வீடு.",Twin-winged house linked by a common central corridor,அவுங்களுக்கென்ன நடையூட்டுக்காரங்க.,பெயர்ச்சொல்,home_household,,pm,
3076,நத்தக்காடு,,nattakkāṭu,,நீர்நிலையை ஒட்டிய பகுதியில் உள்ள நிலம்.,Fertile tract bordering a lake or village common reservoir,நத்தக்காட்டுக் கம்பு வந்து எத்திப் போச்சாம் - பழமொழி.,பெயர்ச்சொல்,farming_livestock | place_direction,,pm,
3077,நத்தப் பொறம்போக்கு,,nattap poṟampōkku,,நீர்நிலைக்கு அருகில் உள்ள புறம்போக்கு நிலம்.,Village settlement public wasteland near waterbodies,நத்தப் பொறம்போக்குக்கு நாங்க கந்தாயம் கட்டறம்.,பெயர்ச்சொல்,place_direction,,pm,
3078,நத்தம்,,nattam,,நீர் நிலைக்கு அருகிலுள் புறம்போக்கு நிலம்.(1) | இரத்தம்.(2),Inhabited village site or common land | blood,நத்தத்துல போயி ஊடு கட்டியிருக்கறான். | நண்டுக்கு நத்தமில்லை - பழமொழி.,பெயர்ச்சொல்,place_direction | body_health,,pm,
3079,நத்து,,nattu,,ஏக்கம் கொள்ளுதல். | கிடைக்காததைக் கொள்ளுதல்.,Pining yearningly / craving wistfully for something out of reach,இப்பிடி நத்து புடிச்சு அலையுற. | நத்தி நத்தியே போயிட்டான்.,வினைச்சொல்,human_behavior,,np | pm,
3080,நத்துவாய்,,nattuvāy,,உணவு பிரியர்,Gluttonous foodie / greedy epicure,,,human_behavior | food_cooking,,od,
3081,நப்பாசை,,nappācai,,ஒன்றை நினைத்தால் அதை அடைய வேண்டும் என்ற ஆசை.,Lingering vain hope / stubborn longing,ஊருக்கு போகனும்னு ஒரே நப்பாசையா இருக்குது.,,human_behavior,,np,
3082,நப்பாலக் கொடி,,nappālak koṭi,,சளியினால் ஏற்படும் மூக்கடைப்பைப் போக்கப் பயன்படும் கொடி (இதன் சிறிய தண்டைப் பறித்து மூக்கில் நுழைத்தால் போட்டது போலத் தொடர்ச்சியாகத் தும்மல் வந்து கொண்டே இருக்கும்).,Sneeze-inducing medicinal creeping vine used to relieve nasal congestion,நப்பாலக் கொடி இருந்தாப் பறிச்சு மூக்குல உடு.,பெயர்ச்சொல்,body_health | nature_animals,,pm,
3083,நப்பு,,nappu,,"வற்றிக்கிடந்த கிணறு, நீரோட்டம் பெற்று ஊற ஆரம்பித்தால், அருகில் ஏதாவது நீரோட்டம்,நீர்த்தேக்கம் இருப்பின் அந்த நப்பு இங்க அடிச்சுடுச்சு என்பார்கள் (தாக்கம்?) | நிரப்பு. | லேசான ஈரம்.(1) | தின்பண்டத்தைக் கொடுப்பது போலக் காட்டி ஏமாற்றுதல்.(2) | வளம்.(3)",Ground moisture / seepage indicating water-vein replenishment in wells,இந்த தொட்டிலெ தண்ணி நப்பு. | துணி இன்னம் நப்பா இருக்குது. | இவம் பாரும்மா நப்புக் காட்டறான். | மண்ணு நல்ல நப்புத்தானுங்க.,பெயர்ச்சொல்,farming_livestock | nature_animals,,od | np | pm,
3084,நம்புனசெனை,,nampuṉaceṉai,,மாடுகள் ஏழு அல்லது எட்டு மாத சினையாக இருக்கும் மாடு.,Advanced confirmed pregnancy in cows (around 7-8 months),,,farming_livestock,,np,
3085,நம்புனது,,nampuṉatu,,நம்பியது.,Believed / trusted,உன்னெ நம்புனது வீணாய்ப் போச்சு.,,speech_phrase,,np,
3086,நம்புனதுக்கு,,nampuṉatukku,,நம்பியதற்கு.,For having trusted / because of trusting,உன்னி நம்புனதுக்கு கம்முனு இருந்தருக்கலா.,,speech_phrase,,np,
3087,நம்பொ,,nampo,,நம்முடைய.,Our / ours,நம்பொ ஊருலெ அடுத்த வாரொ நோம்பி.,,speech_phrase,,np,
3088,நம்முளுக்கு,,nammuḷukku,,நமக்கு.,To us / for us,இந்தெ வேலெயே நம்முளுக்கு வேண்டான்டா சாமி.,,speech_phrase,,np,
3089,நமச்சல்,,namaccal,,அரித்தல்.,Itching sensation / prickly pruritus,உடம்பெல்லா ஒரே நமச்சலா இருக்கு.,,body_health,,np,
3090,நமஸ்காரம்,,namaskāram,,மேல்கொங்கு பெரியவர்கள்,Traditional respectful greeting / obeisance to elders,,,speech_phrase | festival_religion,வடசொல்,od,
3091,நரகல்,,narakal,,மலம்.,Human or animal excrement / feces,நரகலை மிதிச்சிகிட்டு வந்துட்டானோட்டொ தொது நாருது.,,body_health,,np,
3092,நரச்சுப் போதல்,,naraccup pōtal,,பதநீர் கெட்டுப் போதல்.,Souring or spoiling of sweet palm toddy sap,தெளுவு நரச்சுப் போச்சு.,பெயர்ச்சொல்,food_cooking,,pm,
3093,நரிப்பயிறு,,narippayiṟu,,பாசிப் பயிறு போன்ற பயறு வகை.,Moth bean (Vigna aconitifolia) / wild pulse crop,நரிப்பயிறு கொஞ்சம் வெதச்சிருக்கறன்.,பெயர்ச்சொல்,farming_livestock | food_cooking,,pm,
3094,நருவசா,,naruvacā,,முழுவதுமாக,Completely / comprehensively / thoroughly,,,speech_phrase,,od,
3095,நரையான்,,naraiyāṉ,,வேம்பை வெட்டுவதால் சேவேறாமல் மரத்தில் ஏற்படும் மாற்றம்.,White woodrot or decay setting in when neem tree is improperly pruned,"வேம்பவெட்டாத,நரையான்உழுந்திடும்.",பெயர்ச்சொல்,nature_animals | farming_livestock,,pm,
3096,நல்ல காளான்,,nalla kāḷāṉ,,வரப்புகளில் முளைக்கும் நச்சுத் தன்மையற்ற (சமைத்து உண்ணக்கூடிய) காளான் வகை.,Edible wild mushroom sprouting on field bunds,நேத்து நல்ல காளான் அஞ்சாறு கெடச்சுது. அதுலதான் சாறு காச்சுனம்.,பெயர்ச்சொல்,food_cooking | nature_animals,,pm,
3097,நல்லபுள்ளெ நாச்சி,நல்ல பிள்ளை நாச்சி,nallapuḷḷe nācci,nalla piḷḷai nācci,கேலியாகக் கூறும் திட்டுச்சொல். | கேலியாகக் கூறும் சொல்.,Sarcastic epithet for a hypocrite playing innocent,எனக்குன்னு வந்து பொறந்திருக்கறான் பாரு. நல்ல பிள்ள நாச்சி. | செய்யறதையஞ் செஞ்சுட்டு நல்லபுள்ளெ நாச்சியோட்ட உக்காந்து இருக்காம் பாரு.,பெயர்ச்சொல்,human_behavior | speech_phrase,,np | pm,
3098,நல்லபாம்பு,,nallapāmpu,,தலையை உயர்த்திப் படம் எடுத்துச் சீறக்கூடிய விஷப்பாம்பு. நாகப்பாம்பு.,Spectacled cobra / Indian cobra,நல்லபாம்பு தீண்டி ஆளு போய்ச் சேந்துட்டான்.,,nature_animals,,np,
3099,நல்லவார்த்தெ,,nallavārtte,,திருமணத்தை உறுதி செய்யும் பேச்சு வார்த்தை.,Auspicious engagement negotiations formalizing marriage alliance,நல்லவார்த்தெ யெல்லாம் முடிச்சி கலியாணத்துக்கு நாளு பாத்தாச்சு.,,kinship | festival_religion,,np,
3100,நல்லால்லெ,,nallālle,,நன்றாக இல்லை.,Not good / not nice / bad,இந்த துணி எனக்கு நல்லால்லெ.,,speech_phrase,,np,
3101,நலக்கம்,,nalakkam,,குழந்தைகளுக்கு உடல்நலமின்மை.,Pediatric ailment / mild fever or illness in young infants,கொழந்தைக்கு நலக்கம். மருந்து குடு.,பெயர்ச்சொல்,body_health,,pm,
3102,நலுங்கு,நலங்கு,naluṅku,nalaṅku,உடல்நலமற்றுப் போதல். குழந்தை நலங்கி போச்சு | உடல் நலம் குன்றிய,Sickness or poor health in young children,"குழந்தைகளுக்கு மட்டுமே இச்சொல்லை உபயோகப்படுத்துவார்கள் | குழந்தைகள் உடல் நலம் குன்றி இருந்தால் மட்டுமே நலுங்கு என்ற சொல்லை புழங்குவார்கள், பெரியவர்களுக்கு இச்சொல்லைச் சொல்ல மாட்டார்கள் - அவர்கள் குழந்தை நலுங்கிவிட்டதாம்",,body_health,,od,
3103,நலங்குதல்,,nalaṅkutal,,குழந்தைக்கு உடல்நலமில்லாமல் போதல்.,Falling ill or languishing (specifically of toddlers),கொழந்த நலங்கிரிச்சு.,வினைச்சொல்,body_health,,pm,
3104,நலுங்குப்பொடி,,naluṅkuppoṭi,,மஞ்சள் அரிசி மற்றும் தானிய வகைகளைச் சேர்த்து செய்த ஒருவகை பொடி.,"Herbal aromatic bath powder made of turmeric, rice, and pulses for toddlers",நலுங்குப் பொடி போட்டு குளி.,,body_health | festival_religion,,np,
3105,நவ்வாலு,,navvālu,,நந்நான்கு. நான்கு நான்காக.,Four each / in sets of four,ஆளுக்கு நவ்வாலாக் குடு.,பெயர்ச்சொல்,measure_units,,pm,
3106,நவட்டமுடியாது,,navaṭṭamuṭiyātu,,ஒன்றும் செய்ய முடியாது.,Cannot budge / nothing can be done,,,speech_phrase,,np,
3107,நவண்டு,,navaṇṭu,,கீழ் உதடு.,Lower lip,எப்பப்பாரு நவண்டக் கடிச்சுக்கிட்டே இருக்கறான்.,பெயர்ச்சொல்,body_health,,pm,
3108,நவாப்பழம்,நகாப்பழொ,navāppaḻam,nakāppaḻo,நாவல்பழம் | நாவல் பழம்.,Jamun fruit / black plum | Jamun fruit / black plum (Syzygium cumini),நகாப் பழொந் தின்னா ருசியா இருக்கு.,,food_cooking | nature_animals,,od | np,
3109,நவுட்டுவிசாலொ,,navuṭṭuvicālo,,சமாளித்தல்.,Shrewd wriggling out / cunning evasion,இந்த நவுட்டுவிசாலமெல்லா என்கிட்ட வேண்டா.,,human_behavior,,np,
3110,நவுண்டெ,,navuṇṭe,,கீழ் விழு.,Fall flat / stumble down headlong,நவுண்டெ அடிக்காதெ.,,action_verbs,,np,
3111,நவுத்து,,navuttu,,நகர்த்து,Move / shift / budge,,,action_verbs,,od,
3112,நவுத்துப்போச்சு,,navuttuppōccu,,ஈரத் தன்மையாதல்.,Turned soggy / lost crispness due to damp moisture,பொரி நவுத்துப் போச்சு.,,food_cooking,,np,
3113,நவுந்துபோ,,navuntupō,,நகர்ந்து செல்.,Move along / keep shifting forward,மின்னாடி நவுந்து போயிகிட்டே இரு நிக்காத.,,action_verbs,,np,
3114,நவுப்பு,நவுறு,navuppu,navuṟu,லேசான ஈரத் தன்மை.,Slight dampness / residual moistness in crops | Dampness / surface moisture,தட்டு இன்னம் நவுப்பா இருக்குது. போர் வெக்க வேண்டாம்.,பெயர்ச்சொல்,farming_livestock,,pm,
3115,நவுறமாட்டெ,,navuṟamāṭṭe,,நகரமாட்டேன்.,Will not move / will not budge,இந்தெ எடத்த உட்டு நவுறமாட்ட.,,speech_phrase,,np,
3116,நறிக்கல்லு,,naṟikkallu,,அவிசம் தயாரிக்கப்படும் கல்.,Mortar slab used for preparing medicinal compounds,,,body_health | home_household,,np,
3117,நறுவிசு,,naṟuvicu,,தூய்மை.,Neatness / tidy and clean condition,ஊட்ட நறுவுசா வெச்சிருக்கறா.,பெயர்ச்சொல்,home_household | human_behavior,,pm,
3118,நறுவுசா,,naṟuvucā,,சுத்தமாக.,Tidily / neatly / impeccably clean,நறுவுசா எல்லா வேலையுஞ் செஞ்சு முடிச்சுரனும்.,,home_household | human_behavior,,np,
3119,நன்னி,,naṉṉi,,நன்றி.,Gratitude / thanks,கொஞ்சமாச்சும் நன்னி இருக்குதா.,பெயர்ச்சொல்,speech_phrase,,pm,
3120,நாச்சோத்துக் கும்பம்,,nāccōttuk kumpam,,விழாக்கள் மற்றும் சடங்குகளில் நாச்சோறு வைக்கும் மங்கலக் கும்பம்.,Ritual pot holding festive rice offering,சாமிக் காரியத்துக்கு நாச்சோத்துக் கும்பம் வச்சிருக்காங்க.,பெயர்ச்சொல்,festival_religion,பொருள் உறுதிப்படுத்தப்படவில்லை (AI உருவாக்கம்) · Meaning not verified (AI generated),od,
3121,நாச்சோறு,,nāccōṟu,,விசேஷங்களில் பரிமாறப்படும் சுவையான மங்கல உணவு / விருந்துச் சோறு.,Auspicious festive feast rice,நாச்சோறு விருந்துக்கு சொந்தக்காரங்க வந்தாங்க.,பெயர்ச்சொல்,food_cooking | festival_religion,பொருள் உறுதிப்படுத்தப்படவில்லை (AI உருவாக்கம்) · Meaning not verified (AI generated),od,
3122,நாட்டுச்சல்,,nāṭṭuccal,,முதியோர் நினைவாக விழாக்களில் செய்யப்படும் சடங்கு.,Memorial feast ritual honoring elderly ancestors during village festivals,,,festival_religion | kinship,,np,
3123,நாதாங்கி,,nātāṅki,,முன்கதவு பூட்டு இணைக்கும் நிலையுடன் இரும்பு வளையம். | பூட்டு முன் கதவை நிலையுடன் இணைக்கும் இரும்பு வளையம்.,Heavy iron hasp and staple for locking front doorway,நாதாங்கிய நல்லா பூட்டு. | பூட்டாம நாதாங்கியப்போட்டுட்டு வந்திருக்கறான்.,பெயர்ச்சொல்,home_household,,od | np | pm,
3124,நாந்தெ,,nānte,,நான்தான்.,It was indeed me / I myself,நாந்தெ உனுக்கு போனு பண்ணுன.,,speech_phrase,,np,
3125,நாம்பிப் பிடி,,nāmpip piṭi,,விரல்களை மடக்கி அழுத்தப் பிடித்தல்.,Grasp firmly in one's fist / grip tightly,கைய நல்லா நாம்பிப் புடி.,,action_verbs,,np,
3126,நாம்பு,,nāmpu,,விரல்களை மடக்கி அழுந்தப்பிடித்தல். | ஒரு கைப்பிடி அளவு.,Fistful / handful measure,நல்லா நாம்பிப் பிடிச்சு உடு. | ஒரு நாம்பு சோறு கூடத் திங்கல.,வினைச்சொல்,measure_units,Additional word types: பெயர்ச்சொல்,pm,
3127,நாமக்கல்,,nāmakkal,,நில அளவைக்காக நடப்படும் அரசாங்கத்தால் முத்திரையுடன் கூடிய கல்.,Cadastral boundary survey stone bearing government emblem,,,farming_livestock | place_direction,,np,
3128,நாமெளெ,,nāmeḷe,,நாமே.,We ourselves,நாமெளெ அவனெ இப்பிடி பேசக்கூடாது.,,speech_phrase,,np,
3129,நாய்க்காசு,,nāykkācu,,சிறு குழந்தைகளின் அரை ஞாண் கயிற்றில் கோர்க்கும் நாய்ப்பீடம் போட்ட சிறு செம்புத் தகடு.,Protective copper amulet charm stamped with dog emblem worn on infant's waist-cord,கொழந்தைக்கு நலக்கம் வராது. நாய்க்காக ஒன்னு வாங்கிக் கோத்துப்போடு.,பெயர்ச்சொல்,dress_accessories | festival_religion,,pm,
3130,நாய்ச்சட்டி,,nāyccaṭṭi,,நாய்க்குச் சோறு போடும் சட்டி.,Clay or metal feeding bowl for house dogs,நாய்ச்சட்டியில் கொண்டோயிப் போடு.,பெயர்ச்சொல்,home_household,,pm,
3131,நாய்ச்சிலுவா,,nāycciluvā,,"புலி வகையைச் சார்ந்த புலியை விடச் சிறிய, நாய்களை உண்ணும் மிருகம்.",Leopard or Asiatic wild dog known for preying on village dogs,அந்தக் காட்டுப்பக்கம் நாய்ச்சிலுவா இருக்குது.,பெயர்ச்சொல்,nature_animals,,pm,
3132,நாய்த்தொளசி,,nāyttoḷaci,,ஒரு வகை களைச் செடி.,Wild holy basil / dog basil herb burnt to repel mosquitoes,நாய்த் தொளசியெ புடிங்கியா கொசுவுக்கு பொகெ போடலா.,,nature_animals | home_household,,np,
3133,நாயம்,நியாயம் | நாயொ,nāyam,niyāyam | nāyo,பேச்சு.,Talk / conversation / argument / grievance,"அவன் பேச்சு யாருக்கு வேணும் - அவன் நாயம் யாருக்கு வேணும். அங்கே என்னடா பேச்சு - அங்கே என்னடா நாயம் | அவன் பேச்சு யாருக்கு வேணும் - அவன் நியாயம் யாருக்கு வேணும், அங்கே என்னடா பேச்சு - அங்கே என்னடா நாயம் | எப்பப்பாத்தாலு நாயொம் பேசிகிட்டே இருக்குறது.",,speech_phrase,நியாயம் | நாயம்,od | np,
3134,நாயனொ,,nāyaṉo,,நாதஸ்வரம்.,Nadaswaram double-reed wind instrument played at weddings,அந்தக் கல்யாணத்துல நாயனொக் கச்சேரி நடக்குது.,,festival_religion,,np,
3135,நாயுருவி,,nāyuruvi,,ஒரு வகை மருந்துச் செடி.,Prickly chaff flower (Achyranthes aspera) medicinal plant,,,nature_animals | body_health,,np,
3136,நாலமாசம்,,nālamācam,,அடுத்த மாதம்.,Next month,நாலமாசம் நோம்பி வந்திரும்.,பெயர்ச்சொல்,time_seasons,,pm,
3137,நாலவாரம்,நாள வருஷம் | நாள மாசம்,nālavāram,nāḷa varuṣam | nāḷa mācam,அடுத்த வாரம்.,Next week,நாலவாரந்தான் சந்தைக்குப் போவ.,பெயர்ச்சொல்,time_seasons,,pm,
3138,நாவிட்டை,,nāviṭṭai,,நாயின் மலம்.,Dog feces (historically given as folk emetic in oleander poisoning emergencies),அரளி வெதயத் தின்னுட்டான்னு நாவிட்டை ஊத்துனாங்கோ.,பெயர்ச்சொல்,body_health,,pm,
3139,நாவேலப்பூடு,,nāvēlappūṭu,,களைச் செடி. மஞ்சள் நிறத்தில் சிறு பூவுடைய பூண்டு.,Yellow-flowered wild weed herb,நாவேலப்பூட்டப் புடுங்கி அக்கட்ட போடு.,பெயர்ச்சொல்,nature_animals | farming_livestock,,pm,
3140,நாள் குறித்தல்,,nāḷ kuṟittal,,இருவீட்டாரும் பெரியவர்கள் முன்னிலையில் நல்ல நாள் பார்த்து முடிவு செய்தல்.,Fixing auspicious wedding date in presence of elders,கலியாணத்துக்கு நாள் குறிச்சாச்சா?,வினைச்சொல்,kinship | festival_religion,,pm,
3141,நாளன்னை,,nāḷaṉṉai,,நாளை மறுநாள்.,Day after tomorrow,நாளன்னிக்கு வா. சினிமாவுக்குப் போகலாம்.,பெயர்ச்சொல்,time_seasons,,pm,
3142,நாளாணிக்கி,நாளாண்ணிக்கு,nāḷāṇikki,nāḷāṇṇikku,நாளை மறுநாள்.,Day after tomorrow,நாளாணிக்கி வர்றன்னு சொல்லு.,,time_seasons,,od | np,
3143,நாளாவட்டம்,,nāḷāvaṭṭam,,சிறிது நாள் (போகப் போக).,Over the course of time / as days go by,"நாளாவட்டத்துல செரியாப் போயிரும், உடு.",வினைச்சொல்,time_seasons,,pm,
3144,நாளை கழிச்சு,நாளைக்கு கழிச்சு,nāḷai kaḻiccu,nāḷaikku kaḻiccu,நாளை மறுநாள்,Day after tomorrow,நாளை கழிச்சு நம்ம ஊருக்குப் போறோம்,,time_seasons,,od,
3145,நாறடி,,nāṟaṭi,,அசிங்கப்படுத்துதல்.,Humiliating / defaming / making a filthy scene,இந்த எடத்தெ இப்பிடி நாறடிச்சுப்புட்டெ.,,human_behavior,,np,
3146,நாறப்பொழப்பு,,nāṟappoḻappu,,கேவலமான வாழ்க்கை.,"Degraded, shameful existence / wretched life",நாறப்பொழப்பு பொழக்கிறதுக்கு நாண்டுட்டு செத்தரலாம்.,,human_behavior,,np,
3147,நிக்குமாட்டொ,,nikkumāṭṭo,,நின்றுவிடும் போல்.,Seemingly going to halt / as if stopping,அங்ஙனெ நிக்குமாட்டெந் தோது.,,speech_phrase,,np,
3148,நித்தநிசமா,,nittanicamā,,உண்மையாக.,Absolutely true / genuine fact,நித்த நிசம பத்தி கேள்விப்பட்டியா.,,speech_phrase,காண்க: நெசமா,np,
3149,நிது,,nitu,,இது.,This (Kongu demonstrative pronoun),நிது என்னன்னே தெரீல.,,speech_phrase,,np,
3150,நிப்பாட்டு,,nippāṭṭu,,நிறுத்து.,Stop / halt / cause to stop,அந்த வேலய அப்பிடியே நிப்பாட்டு.,,action_verbs,,np,
3151,நிமட்டை,,nimaṭṭai,,கஷ்டம்.,Severe hardship / exhausting ordeal,வேல இன்னிக்கி நிமட்ட வாங்கிடுச்சு.,பெயர்ச்சொல்,human_behavior,,pm,
3152,நிமிசோ,,nimicō,,நிமிடம்.,Minute / moment,எத்தினி நிமிசோ உனக்காக நா காத்து கெடக்கறது.,,time_seasons,,np,
3153,நிமிண்டுதல்,,nimiṇṭutal,,கிள்ளுதல்.,Pinching / tweaking with fingertips,ரெண்டு நிமிண்டலு குடுத்தா கம்முனு அடங்கிருவான்.,,action_verbs,,np,
3154,நிமுத்துநிமுத்துனு,,nimuttunimuttuṉu,,நெகிழ்த்துதல்.,Loosening up / easing repeatedly / unfastening,நிமுத்தநிமுத்தனு நிமுத்திப் போட்டெ.,,action_verbs,,np,
3155,நிமுந்துநடொ,,nimuntunaṭo,,நிமிர்ந்து நட.,Walk upright / walk with head held high,வயசுப் பொண்ணோட்டோ குமுஞ்சுகிட்டே போகாத நிமுந்துநடொ.,,action_verbs | speech_phrase,,np,
3156,நிலக்கறையான்,,nilakkaṟaiyāṉ,,செடிகளின் வேரை அரிக்கும் கறையான்.,Subterranean termite attacking crop roots,பருத்திச் செடி வேர நெலக்கரையான் அரிச்சிருச்சி.,பெயர்ச்சொல்,nature_animals | farming_livestock,,pm,
3157,நிலக்குடுசு,,nilakkuṭucu,,"நிலக்குடிசை. சுற்றிலும் நிலத்தில் பதியும் வகையில், வட்ட வடிவில் அமைக்கப்பட்ட சிறு குடிசை.",Circular ground-level thatched hut or temporary farm shelter,நெலக்குடுசுல மம்முட்டி கெடக்கும். எடுத்தா.,பெயர்ச்சொல்,home_household | farming_livestock,,pm,
3158,நிறத்தல்,,niṟattal,,நிறம் உருவாகி வருதல்.,Attaining proper rich color / blending to full hue,பாலூத்தி நெறக்கக் கலந்தாத்தான் காப்பி நல்லாருக்கும். | மஞ்சள் நெறந்துக்கிச்சா.,வினைச்சொல்,food_cooking | action_verbs,,pm,
3159,நிறைபறி,,niṟaipaṟi,,ஏற்றத்தில் நிறைந்த நீருடன் மேல்வரும் சால்.,Full leather bucket rising with water in a well hoist,நெறைபறியோட கவுறு அந்து உழுந்திருச்சு.,பெயர்ச்சொல்,farming_livestock,,pm,
3160,நின்னுங்கெ,,niṉṉuṅke,,பொறுத்திருங்கள்.,Please wait / hold on a moment,கொஞ்சொ நின்னுங்கெ.,,speech_phrase,,np,
3161,நீக்கு,கதவ நீக்கு,nīkku,katava nīkku,கதவைத் திற | திறத்தல்.,Open the door / open up,அவுங்க இன்னம் கடைய நீக்குல.,வினைச்சொல்,action_verbs,,od | pm,
3162,நீக்குப்போக்கு,,nīkkuppōkku,,ஒருவருடைய குணம் தன்மை அல்லது சூழ்நிலை முதலியவற்றிற்கு ஒத்துப் போகிற விதம்.,Adaptability / accommodating give-and-take attitude,நீக்குப்போக்கா நடந்துக்கனும்.,,human_behavior,,np,
3163,நீங்கெல்லா,,nīṅkellā,,நீங்கள் அனைவரும்.,All of you / you people,நீங்கெல்லா நாஞ்சொன்னா கேக்க மாட்டீங்கெ.,,speech_phrase,,np,
3164,நீச்சம்,,nīccam,,கெட்ட நாற்றம்.,Fishy or raw animal stench / foul pungent smell,என்னமோ நீச்சம் அடிக்குதே.,பெயர்ச்சொல்,nature_animals,,pm,
3165,நீச்சத்தண்ணி,நீசத்தண்ணி,nīccattaṇṇi,nīcattaṇṇi,பழையசோற்றுத்தண்ணீர் | பழைய சோற்றில் தண்ணீரை ஊற்றி வைத்து மறுநாள் காலையில் குடிப்பது.,Fermented rice water / traditional coolant drink,நீச்சத்தண்ணி இருந்தாக் கொஞ்சங்குடு குடிக்கலா.,,food_cooking,,od | np,
3166,நீசம்புடுச்சவன்,நீசம்புடுச்சவள்,nīcampuṭuccavaṉ,nīcampuṭuccavaḷ,குளிக்காமல் அழுக்காக உள்ளவள் / ன்.,Dirty unbathed fellow / slovenly unwashed person,நீசம்புடிச்சவன்.,பெயர்ச்சொல்,human_behavior,,pm,
3167,நீட்டச்சட்டம்,,nīṭṭaccaṭṭam,,கட்டிலின் நீளவாக்கில் பொருத்தப்பட்டிருக்கும் மரச்சட்டம்.,Side rail beam / longitudinal wooden frame of a cot,நீட்டச்சட்டம் குருத்து ஓடிஞ்சி போச்சு.,பெயர்ச்சொல்,home_household,,pm,
3168,நீட்டம்,,nīṭṭam,,நீளம்.,Length / long stretch,இவ்ளோ நீட்டமா இருக்குது.,,measure_units,,np,
3169,நீத்தடி,,nīttaṭi,,நீச்சல் அடித்தல்.,Swimming / treading water in a well,கெணத்துத் தண்ணிலெ நீத்தடிப்பியா.,,action_verbs,,np,
3170,நீதிக்கல்லு,,nītikkallu,,ஆனைமலை மாசாணியம்மன் கோயிலில் கல் ஒன்று உள்ளது. தங்களுக்கு நீதி கிடைக்கும் பொருட்டு கல்லில் மிளகாய் அரைத்து பூசுவர்.,Sacred stone of justice at Masani Amman temple where ground chilies are applied,,,festival_religion,,np,
3171,நீர் விளாவு,,nīr viḷāvu,,"கடவுளுக்குப் பூஜை செய்யும்போது, நிறை சொம்பில் வைத்திருக்கும் நீரை வலக்கை விரல்களால் தொட்டு இட வலமாக மூன்று முறை தெளித்தல்.",Consecrated water-sprinkling ritual performed with right hand during puja,"நீர்வெளாவு, மறந்தராத.",வினைச்சொல்,festival_religion,,pm,
3172,நீர்ச்சீலை,,nīrccīlai,,கோவணம்,Loincloth / bathing cloth,நீர்ச்சீலைய நல்லாப் புழிஞ்சு போடு.,பெயர்ச்சொல்,dress_accessories,,od | pm,
3173,நீர்பிழிதல்,,nīrpiḻital,,இறப்பு சடங்கு.,Funerary water-squeezing ritual performed by kin,,,festival_religion | kinship,,np,
3174,நீராகாரம்,,nīrākāram,,பழையசோற்றுத்தண்ணீர் | பழைய சோற்றில் தண்ணீரை ஊற்றி வைத்து மறுநாள் காலையில் குடிப்பது.,Fermented rice water / traditional coolant drink,நீச்சத்தண்ணி இருந்தாக் கொஞ்சங்குடு குடிக்கலா.,,food_cooking,காண்க: நீசத்தண்ணி,np,
3175,நீலக்கொளுஞ்சி,,nīlakkoḷuñci,,நீல நிறமுடைய கொளுஞ்சிச் செடி.,Blue-flowered wild indigo weed (Tephrosia purpurea),நீலக் கொளுஞ்சி எங்காச்சும் ஒன்னுதான் இருக்கும்.,பெயர்ச்சொல்,nature_animals | farming_livestock,,pm,
3176,நீவியுடு,,nīviyuṭu,,தடவுதல்.,Stroking gently / massaging or rubbing soothingly,ஒடம்ப நல்லா நீவியுடு.,,action_verbs | body_health,,np,
3177,நுரைப்பீர்க்கு,,nuraippīrkku,,பீர்க்கங்காயில் ஒருவகை (இதன் முற்றிய காயைக் காய வைத்து முதுகு தேய்க்கப் பயன்படும்).,Sponge gourd / luffa (fibrous dry gourd used as natural bath loofah),நுரைப்பீர்க்கங்காக் கொழம்பு நல்லாருக்கும்.,பெயர்ச்சொல்,nature_animals | home_household,,pm,
3178,நூட்டம்,,nūṭṭam,,"வசதி, பணபலம்; செல்வாக்கு.",Financial clout / affluent influence / wealth power,அவள் நூட்டமுள்ள ஆளு.,பெயர்ச்சொல்,human_behavior,,pm,
3179,நூல்கயிறு,,nūlkayiṟu,,நூலினால் செய்யப்பட்ட கயிறு.,Cotton thread cord / twine rope,நூல்கவுத்தெ எடுத்தா கட்டறுதுக்கு.,,home_household,,np,
3180,நூல்கவுறு,,nūlkavuṟu,,நூலால் பின்னப்படும் கயிறு.,Woven cotton cord used for lacing cots,நூல் கவுறு வாங்கிக் கட்டிலுக்குக் கட்டோனும்.,பெயர்ச்சொல்,home_household,,pm,
3181,நூலாம்படை,,nūlāmpaṭai,,ஒட்டடை.,Cobweb / spiderweb dust hanging from ceilings,"ஊடெல்லாம் நூலாம்படை புடிச்சுக் கெடக்குது, தொடச்சு உடலாமுல்ல.",,home_household,,np,
3182,நெகக்கண்ணு,,nekakkaṇṇu,,விரல் சதையோடு ஒட்டியுள்ள நகப்பகுதி.,Quick of the nail / nail bed / cuticle junction,நெகக் கண்ணுலை அடிபட்டு வலிக்குது. | நெகக்கண்ணுவல அழுக்குப் படாம வேல செய்ய முடியுமா?,பெயர்ச்சொல்,body_health,,np | pm,
3183,நெகசுத்து,,nekacuttu,,நகத்தை சுற்றிலும் வரும் புண்.,Paronychia / painful infection around fingernail or toenail,நகசுத்து வந்து பெறலுல வலிக்குது.,,body_health,,np,
3184,நெகா,நெகாவு | நெவா,nekā,nekāvu | nevā,"ஒன்றைக் குறித்த யோசனையிலோ, இருட்டு அல்லது வழி தெரியாத இடங்களிலோ கிடைக்கும் சிறு பிடிப்பு; குறிப்பு.",Faint inkling / clue or subtle handhold in the dark,நானும் யோகச்சுக்கிட்டுத்தான் இருக்கறன். நெகாச்சிக்க மாட்டீங்குது. | எப்பிடியோ அவனுக்கு நெகாத் தெரிஞ்சுதான் வந்திருக்கறான்.,பெயர்ச்சொல்,human_behavior,,pm,
3185,நெகுலு,,nekulu,,காண்க. நெவலு.,Shade / shadow,,,nature_animals,,np,
3186,நெசந்தெ,,necante,,உண்மைதான்.,Truly indeed / it is the truth,நாஞ்சொல்றது நெசந்தெ.,,speech_phrase,,np,
3187,நெசமா,,necamā,,உண்மையாக.,Really? / is it true?,நெசமாவா சொல்றெ.,,speech_phrase,,np,
3188,நெஞ்சகரிக்குது,,neñcakarikkutu,,காண்க. நெஞ்செரிப்பு.,Suffering from heartburn / acid reflux sensation,,,body_health,,np,
3189,நெஞ்சுக்கரிப்பு,,neñcukkarippu,,உண்ட உணவு செரிக்காமல் நெஞ்சில் அழுந்துவது போன்ற உணர்வு.,Heartburn / severe acidity indigestion,ஒரே நெஞ்சுக்கரிப்பா இருக்குது. சோடாக் குடிக்கோனும்.,பெயர்ச்சொல்,body_health,,pm,
3190,நெட்டாப்பு,,neṭṭāppu,,உயரமும் கம்பீரமும் கொண்ட தோற்றம்.,"Tall, majestic, and imposing stature (especially of cattle)",மாடு நெட்டாப்பா இருக்குது.,பெயர்ச்சொல்,farming_livestock | body_health,,pm,
3191,நெட்டிமுறி,,neṭṭimuṟi,,"கை விரல்களைக் குவித்து மூடி, தலையில் வைத்து அழுத்திச்சொடக்கு எடுத்தல் (இதைச் சிறுவர்களுக்குத் திருஷ்டி கழிக்கப் பெரியவர்கள் செய்வர்).",Cracking knuckles against temples to ward off evil eye from young ones,பேரனுக்குக் கண்ணுபடப் போவுதுன்னு நெட்டி முறிக்கறதப்பாரேன்.,வினைச்சொல்,festival_religion | human_behavior,,pm,
3192,நெட்டு,,neṭṭu,,மிக நீளம்.(1) | செவ்வக வடிவிலான ஒரு வயல்.(2) | நேர்.(3),Long stretch | rectangular plot of farmland | straight ahead,கரை நெட்டாப் போயிக்கிட்டே இருக்குது. | அந்த நெட்டு ஒழவு ஆயிருச்சா. | அவம்பாட்டுக்கு நெட்டாப் போயிக்கிட்டே இருக்கறான்.,பெயர்ச்சொல்,measure_units | farming_livestock,,pm,
3193,நெட்டுக்குத்தலு,,neṭṭukkuttalu,,நீளவாக்கில்.,Vertically steep / longitudinally upright,படி நெட்டுக்குத்தலா இருக்குது.,,measure_units,,np,
3194,நெட்டுக்குத்து,,neṭṭukkuttu,,செங்குத்து.,Steeply vertical / upright incline,படி நெட்டுக்குத்தாப் போவுது.,பெயர்ச்சொல்,measure_units,,pm,
3195,நெட்டெ,நெட்டை,neṭṭe,neṭṭai,விரலை மடக்கி அழுத்தினால் வரும் சத்தம். | விரல்களை பின்னால் மடக்கினால் உண்டாகும் ஒசை | விரல்களையும் மூட்டுக்களையும் மடக்கி அழுத்தினால் வரும் ஓசை; சொடக்கு.,Popping or cracking sound of knuckles and joints,விரல்லெ நெட்டெ பாரு எப்பிடி வருது. | வெரல்ல சும்மா எதுக்கு நெட்டை எடுக்கற?,,body_health,,np | od | pm,
3196,நெட்டொழவு,,neṭṭoḻavu,,வயலின் நீளவாக்கில் தொடங்கி உழும் உழவு.,Longitudinal plowing across the length of a field,இந்தத் தடவ நெட்டொழவுதான் போடோணும்.,பெயர்ச்சொல்,farming_livestock,,pm,
3197,நெடக்கலை,,neṭakkalai,,நிலக்கடலை.,Peanut / groundnut,நெடக்கலை புடிங்கியாச்சா.,,farming_livestock | food_cooking,,np,
3198,நெடித்துக்கு,,neṭittukku,,நீண்ட தூரம்.,For a long distance / far and wide,இவ்ளோ நெடித்துக்கு நிக்கிறாங்க.,,place_direction,,np,
3199,நெடுங்கண்ணி,,neṭuṅkaṇṇi,,நெல்மணிக் கொத்துக்களுக்கிடையே இடைவெளி அதிகம்விட்டு நீண்டிருக்கும் நெற்கதிர்.,"Elongated, widely-spaced paddy earhead variety",இந்த நெடுங்கண்ணிய பாத்தயா.,பெயர்ச்சொல்,farming_livestock,,pm,
3200,நெத்திக்கட்டு தடி,,nettikkaṭṭu taṭi,,கிட்டி விளையாட்டில் தன்னுடைய உயரத்திற்கு வைத்திருக்கும் கெட்டியான மூங்கில் குச்சி.,Striking bat stick matched to one's eye-level height in kitti game,,,human_behavior,,np,
3201,நெத்திக்கட்டு நேரம்,,nettikkaṭṭu nēram,,"அண்ணாந்தோ, பார்வையைத் தாழ்த்தியோ பார்க்காமல், நேராக பார்க்கும் உயரத்திற்குக் கதிரவன் வரும் காலை நேரம்.",Mid-morning time when rising sun aligns with forehead level (around 9 AM),நேத்துக் காத்தால நெத்திக் கட்டு நேரத்துக்கு வந்தாங்க.,பெயர்ச்சொல்,time_seasons,,pm,
3202,நெத்திக்காசு,,nettikkācu,,இறந்தவர்களின் நெற்றியில் வைக்கப்படும் காசு.,Funerary coin placed on deceased's forehead before cremation,,,festival_religion,,np,
3203,நெத்திச்சுட்டி,,netticcuṭṭi,,நெற்றியில் அணியும் நகை.,Forehead pendant ornament (nethi chutti),நெத்திச்சுட்டி உனக்கு நல்லா இருக்குது.,,dress_accessories,,np,
3204,நெத்து,நெத்துத் தேங்காய்,nettu,nettut tēṅkāy,நன்கு முதிர்ந்து மரத்தில் இருந்து தானாக விழுந்த தேங்காய். | நன்கு முதிர்ந்து மரத்திலிருந்து தானே விழுந்த தேங்காய்.,"Naturally fallen, fully-ripened dry coconut",நெத்துக்காயா உழுந்து கெடக்குது. | அங்கொரு நெத்து உழுந்திருக்குது.,பெயர்ச்சொல்,farming_livestock | nature_animals,,np | pm,
3205,நெமுயூண்டு,நெமையூண்டு,nemuyūṇṭu,nemaiyūṇṭu,மிகச்சிறியது. | மிகச் சிறிய.,Infinitesimal speck / tiniest bit | Tiniest fraction / minuscule pinch,நெமுயூண்டு கண்ணாம்பூச்சி. | நெமையூண்டு பாக்குக் குடு.,,measure_units,,np | pm,
3206,நெய்ச்சுண்டுவேரம்,,neyccuṇṭuvēram,,குழந்தைகளுக்கு ஊற்றும் நெய் கலந்த சுண்டுவேரம் (காண்க: சுண்டுவேரம்).,Ghee-infused medicinal herbal syrup given to infants for digestion,நெய்ச் சுண்டுவேரம் ஊத்தியிருக்கிறன்.,பெயர்ச்சொல்,body_health,,pm,
3207,நெய்ப்பந்தொ,,neyppanto,,இறந்தவர்களுக்கு பேரன்களால் செய்யப்படும் சடங்கு.,Funerary torch ritual lit with ghee by grandsons for deceased grandparent,,,festival_religion | kinship,,np,
3208,நெய்வாளை,,neyvāḷai,,நெய் ஊற்றி அரிசி மாவில் செய்யும் இனிப்புப் பண்டம்.,Ghee-roasted traditional sweet rice cake / confection,நேத்து ஒரம்பர வந்தாங்கன்னு நெய்வாள பண்ணுனம்.,பெயர்ச்சொல்,food_cooking,,pm,
3209,நெரக்கா,நெறக்கா,nerakkā,neṟakkā,நிறைய.,Generously full / brimming over,தண்ணிய நெரக்கா குடிச்ச வயறு வலிக்குது. | படி நெறக்கா அள்ளிப்போடு.,,measure_units,,np | od,
3210,நெரச்சல்,,neraccal,,மறைப்புக்காக மூங்கில் அல்லது முட்கோல்களால் செய்யப்படும் படல்.,Woven brushwood screen or bamboo hurdle fence,ஒரு நெரச்சலு கட்டி வெக்கோனும்.,பெயர்ச்சொல்,home_household | farming_livestock,,pm,
3211,நெரட்டைக் கொடி,,neraṭṭaik koṭi,,வெண்ணிறத்தில் சிறுபுனல் போலப் பூப்பூக்கும் களைக்கொடி.,Funnel-flowered bindweed vine fed to buffaloes,நெரட்டக் கொடி புடுங்கியாந்து எருமைக்குப் போடு.,பெயர்ச்சொல்,nature_animals | farming_livestock,,pm,
3212,நெரண்டுதல்,நெரண்டு | நெரண்டாம,neraṇṭutal,neraṇṭu | neraṇṭāma,"வாயிலிட்ட உணவில் உள்ள கல், உமி போன்றவற்றை நாவால் ஒதுக்குதல்; உணவை ஒழுங்காக உண்ணாமல் தட்டிலேயே விரலால் அல்லது நாவால் கிளறிக்கொண்டிருத்தல்.",Separating unwanted particles in food with tongue / toying with food,சாப்பிடாம சோத்த என்ன நெரண்டிக்கிட்டு இருக்க? நெரண்டாம ஒழுங்கா தின்னு.,வினைச்சொல்,food_cooking | human_behavior,,od,
3213,நெரவு,,neravu,,சமப்படுத்துதல்.,Leveling uneven ground or field surface,காட்டை நெரவியுடனு மேடுக்குழியுமா இருக்கு.,,farming_livestock | action_verbs,,np,
3214,நெல்லுக்குத்தோனு,,nellukkuttōṉu,,நெல்லையை அரிசியாக்க உரலில் போட்டு இடிப்பது.,Must pound unhusked paddy in a mortar to mill rice,அரிசி தீந்து போச்சு நெல்லுக்குத்தோனு.,,food_cooking | action_verbs,,np,
3215,நெலம்,,nelam,,நிலம்.,Land / farmland / ground,நெலத்துல மென்ன வெள்ளாம போட்டுருக்கு.,,farming_livestock | place_direction,,np,
3216,நெலம்பூத்து போச்சு,,nelampūttu pōccu,,விவசாயம் செய்யாமல் இருக்கும் நிலத்தில் விரிசல் ஏற்படுதல்.,Fallow land developing soil efflorescence and drought cracks,இந்தொ நெலத்துல ஒண்ணும் போடாம விட்டு நெலம்பூத்து போச்சு.,,farming_livestock,,np,
3217,நெலம்பொலொ,,nelampolo,,வீடு வாசல் காடு கரை போன்ற சொத்துக்களை குறிப்பது.,Landed property and ancestral estates,உனுக்குனு நெலம்பொலொ ஏதாச்சி இருக்குதா.,,farming_livestock | place_direction,,np,
3218,நெலவு,,nelavu,,வாசற்படி கதவு | கதவு மாட்டும் மரச்சட்டம். | கதவைத் தாங்க செவ்வக வடிவில் சுவரில் பதிக்கப்பட்டிருக்கும் மரச்சட்ட அமைப்பு: கதவு நிலை.,Doorframe / entrance lintel and post frame,நெலவு மேலே பாரு தூசொ இருக்குது. | குனிஞ்சு வா. நெலவுல இடிச்சுக்காதே.,பெயர்ச்சொல்,home_household,,od | np | pm,
3219,நெலவு கால்,,nelavu kāl,,நுழைவாயிலில் கதவைத் தாங்கப் பொறுத்தப்படும் செவ்வகமான நிலையின் இரு பக்கத்திலும் நிறுத்தப்பட்டிருக்கும் மரச்சட்டம்.,Doorframe upright post / side jamb,நெலவு கால்ல இடிச்சுக்கிட்டான்.,பெயர்ச்சொல்,home_household,,pm,
3220,நெலாகாயற நேரொ,,nelākāyaṟa nēro,,நடு இரவில் நிலா நன்றாக தெரியும் நேரம்.,Moonlit late-night hours / serene moonlit time,நெலாகாயுற நேரத்துலெ என்னெ பண்ணிட்ருக்கெ.,,time_seasons,,np,
3221,நெலாகெளம்பிருச்சு,,nelākeḷampiruccu,,நிலவு தோன்றி விட்டது.,The moon has risen / moonrise,,,time_seasons | nature_animals,,np,
3222,நெலாவுக்கு சோறுமாத்தறது,,nelāvukku cōṟumāttaṟatu,,தைப்பொங்கல் முடிந்து பின் பவுர்ணமி வரும்வரை 15 நாட்களுக்கு நிலவுக்கு சோறு மாற்றுதல் நிகழ்ச்சி நடைபெறும். பெண்கள் கும்மியடித்து பாட்டுப் பாடி கொண்டாடுவர்.,Full-moon community feast festival with Kummi folk dance following Pongal,நெலாவுக்கு சோறு மாத்தப் போலாமா.,,festival_religion,,np,
3223,நெவுலு,,nevulu,,நிழல்.,Shade / shadow under tree,வெய்யில்ல ஏ நிக்கிற நெவுலுல போயி நில்லு. | ஒரு மரமிருந்தா நெவுலு இருக்கும்.,பெயர்ச்சொல்,nature_animals,,np | pm,
3224,நெளியறது,,neḷiyaṟatu,,வயிறு முட்ட உண்டு அசைய முடியாமல் தவிப்பது; உடல் வளைந்து நெளிதல்.,Wriggling or squirming from overeating,சோத்த திங்க முடியாம தின்னுட்டு இப்பிடி நெளியுறாம் பாரு.,வினைச்சொல்,body_health | action_verbs,,np,
3225,நெளுவுசுளுவு,,neḷuvucuḷuvu,,வியாபார நுணுக்கங்களை கற்றுக் கொள்ளுதல்.,Trade ropes / commercial savvy / business nuances,நெளுவு சுளுவு தெரிஞ்சிகிட்டா நல்லா ஏலவாரம் பண்ணலா.,,human_behavior,,np,
3226,நெறச்சுட்டு,,neṟaccuṭṭu,,நிறைத்து விட்டு.,Having filled up completely,இந்தொ தொட்டில தண்ணியெடுத்து நெறச்சுட்டுதே வேற வேலை.,,action_verbs,,np,
3227,நெறப்பாளை,,neṟappāḷai,,ஒருவருக்கு ஆகிவராத நிறம் கொண்ட மாடு.,Cattle coat color believed to be inauspicious or unlucky for buyer,அது எங்களுக்கு நெறப்பாளை.,பெயர்ச்சொல்,farming_livestock,,pm,
3228,நெறமாசொ,,neṟamāco,,நிறைமாத கர்ப்பிணி.,Full-term pregnant woman / advanced pregnancy month,நெறமாசக்காரியப் போயி வேல வாங்கிட்டு இருக்கியே.,,body_health | kinship,,np,
3229,நெறள்பயிறு,,neṟaḷpayiṟu,,"பயிறு வகைகளை ஊறவோ, வேகவோ வைக்கும் போது அதில் ஊறாமல், வேகாமல் கிடக்கும் பயிறுகள்.",Hard unsoftened pulses that fail to soak or cook tender,இதுல இத்தன நெறள்பயிறு வந்திருச்சு.,பெயர்ச்சொல்,food_cooking,,pm,
3230,நெறி,,neṟi,,"உடம்பின் ஓரிடத்தில் இருக்கும் புண்ணுக்காக அக்குள், தொடை இடுக்கு போன்ற இடங்களில் உருவாகும் சிறு கட்டி.",Swollen painful lymph node (bubo) reacting to an infection,நெறி கட்டிகிட்டு வலி உயிர் போவுது.,பெயர்ச்சொல்,body_health,,pm,
3231,நெறியேறுதல்,,neṟiyēṟutal,,(பூச்சிகள் கடித்ததும்) விஷம் விரைவாக உடம்பில் பரவுதல்.,Venom spreading rapidly along lymph channels following an insect sting,தேள் கடிச்சு நல்லா நெறியேற வரைக்கும் உட்டுட்டாங்க.,வினைச்சொல்,body_health,,pm,
3232,நெறுநிமித்திமா,,neṟunimittimā,,நேருக்குநேராக.,Straight to one's face / head-on confrontational,நெறுநிமித்திமா எங்கிட்டயே பேசறாம் பாரு.,,human_behavior | speech_phrase,,np,
3233,நெறைமுட்டு,,neṟaimuṭṭu,,பெண்ணின் மாதவிடாய் நாட்களில் முதல் நாள்; குழந்தை பிறந்த முதல் மூன்று நாட்கள்.,Acute ritual pollution period (onset of menses or childbirth),நெறமுட்ட வெச்சுக்கிட்டு வெளியே போலாமா.,பெயர்ச்சொல்,festival_religion | body_health,,pm,
3234,நெனவு,,neṉavu,,நினைவு,Memory / consciousness / remembrance,,,human_behavior,,od,
3235,நேக்கு,,nēkku,,"கவனமாக,சரியாகநேக்கு பாத்து ஒரே போடா போட்டேன். வக்காரோலுது ரெண்டா போயிடுச்சு",Deftly / with precision and right knack,,,speech_phrase,,od,
3236,நேசர் பாரு,,nēcar pāru,,"உளவு, உண்மை நிலைஎதுக்கால ஊட்ல போயி சண்டையான்னு நேசர் பாத்துட்டு வா. போ (எதிர் வீடு)",Reconnoitering / spying out ground reality discreetly,,,speech_phrase | human_behavior,,od,
3237,நேத்திக்கடெ,,nēttikkaṭe,,வேண்டுதலின் பேரில் கடவுளுக்கு செய்வது.,Votive offering / fulfillment of a temple vow,சாமிக்கி நேத்திக்கடெ செய்யோனு.,,festival_religion,,np,
3238,நேத்தெத்தநேரொ,,nēttettanēro,,நேற்று இந்நேரம்.,Yesterday at this exact hour,நேத்தெத்தநேரொ நானு வெளியூருல இருந்தெ.,,time_seasons,,np,
3239,நேத்தெல்லா,,nēttellā,,நேற்று எல்லாம்.,All day yesterday / throughout yesterday,நேத்தெல்லா ஒரே வேலை.,,time_seasons,,np,
3240,நேந்து கலந்து,,nēntu kalantu,,கலந்தாலோசித்து.,Deliberating together / taking collective counsel,எல்லாரு நேந்து கலந்துட்டு அப்பறோ முடிவெடுங்கோ.,,speech_phrase | human_behavior,,np,
3241,நேம்பி,,nēmpi,,தானியங்களில் கலந்துள்ள தேவையற்ற பொருட்களை பிரித்தல்.,Separating impurities by swiveling grain in a winnowing basket,பாசிப்பயிறுல இருக்குறெ குப்பையெ நேம்பி வை.,,farming_livestock | action_verbs,,np,
3242,நேம்பு,,nēmpu,,தானியத்தோடு கலந்திருக்கும் கொம்மை போன்ற வற்றைத் தனியாகப் பிரிக்க முறத்தைக் கைகளுக்கிடையில் பிடித்துக் கொண்டு இருபுறமும் ஒருவிதமாக அசைத்தல்.(1) | வேலை எதுவும் அதிகம் செய்யாமல் மேலோட்டமாக இருத்தல்.(2),Swiveling winnow back and forth to isolate grit | superficial loafer,கம்ப நல்லா நேம்பி அப்புறம் பொடை. | ஆளு நேம்பா இருக்கறான்.,வினைச்சொல்,farming_livestock | human_behavior,,pm,
3243,நேர் எளசு,நேர் எளாசு,nēr eḷacu,nēr eḷācu,தம்பி தங்கைகளில் தனக்கு அடுத்து உடன் பிறந்தவர்.,Next younger sibling immediately following oneself,எனக்கு இவந்தான் நேர் எளசு. | இவ எனக்கு நேர் எளாசு.,பெயர்ச்சொல்,kinship,,np | pm,
3244,நேர்வாக்கு,,nērvākku,,தலைமுடியை ஒதுக்கி நடுவில் நேராக வகிடெடுத்தல். | தலையில் மயிர்களை இருபுறமும் ஒதுக்கி நடுவில் நேராக எடுக்கும் வகிடு.,Straight center hair parting,இன்னிக்கி நேர்வாக்குல சீவியிருக்கெ. | எங்கப்பன் நேர்வாக்கு எடுத்துத்தான் தலசீவுவாரு.,பெயர்ச்சொல்,dress_accessories,,np | pm,
3245,நேரமாயிப்போச்சு,,nēramāyippōccu,,தாமதமாகிவிட்டது.,It has gotten late,நேரமாயிப்போச்சு சீக்கிரம் கெளம்பு.,வினைச்சொல்,time_seasons,,np,
3246,நேரமெ காலமெ,,nērame kālame,,சரியான நேரகத்கில்.,In the right season / at an opportune timely hour,தேரமெகாலமெ கெளம்புனாத்தா போயி சேரமுடியி,,time_seasons | speech_phrase,,np,
3247,நொக்கு,,nokku,,(ஒருவரைக்) காயம்படும் வரையில் பலமாக அடி.(1) | வி.அ. மிகுந்த துன்பம் தருதல்.(2),Beat black and blue / wear down painfully with hard toil,அவன நல்லா நொக்கீட்டான். | வேல நொக்கு வாங்குது.,வினைச்சொல்,action_verbs | human_behavior,,pm,
3248,நொகத்தடி,,nokattaṭi,,நுகத்தடி (ஏரில் மாடுகளைப் பூட்டும் தடி).,Yoke beam for draught bullocks,நொகத்தடிய மாட்டுக் கழுத்துல வெச்சுக் கட்டு.,பெயர்ச்சொல்,farming_livestock,,np,
3249,நொங்கு,,noṅku,,பனை நுங்கு.,Palmyra palm tender fruit pulp (Ice apple),நொங்கு வெட்டித் தாங்க.,பெயர்ச்சொல்,food_cooking | nature_animals,,np,
3250,நொங்குத் தண்ணி,,noṅkut taṇṇi,,நுங்கில் இருக்கும் நீர்.,Sweet cooling juice inside tender palmyra kernels,நொங்குத் தண்ணியத் தடவுனா வேர்குரு போயிரும்.,பெயர்ச்சொல்,food_cooking | nature_animals,,pm,
3251,நொட்டு,,noṭṭu,,(குழந்தைகளிடையே வழங்கும்) ஒருவரை இழிவாகச் செய்யச் சொல்லுதல்.,Contemptuous dismissal gesture used among teasing children,நொட்டுனாக் கூடத் தரமாட்டேன்.,வினைச்சொல்,human_behavior,,pm,
3252,நொட்டுக்கை,,noṭṭukkai,,"சும்மா இராமல், எப்பொழுதும் எதையாவது செய்து கொண்டே இருப்பவரின் கை.",Restless fidgety hands unable to sit still,இந்த நொட்டுக் கைய வெச்சுக்கிட்டு கொஞ்சநேரம் இரேன்டா. | நொட்டுக்கையெ வெச்சிகிட்டு சும்மாவே இருக்க மாட்டான்.,பெயர்ச்சொல்,human_behavior,,pm | np,
3253,நொடி,,noṭi,,சாலையில் இருக்கும் குழி.,Pothole / rut or pit in a dirt road,வண்டி ஒட்டவே முடியில. ஒரே நொடியா இருக்குது. | ரோட்டுல ஒரே நொடியா இருக்குது எப்பிடி வண்டி போறது.,பெயர்ச்சொல்,place_direction,,pm | np,
3254,நொடிஞ்சு,,noṭiñcu,,தொழிலில் நட்டமடைந்து திவாலாதல்.,Suffered severe business loss / went bankrupt,வியாபாரத்துல நொடிஞ்சு போயிட்டான்.,வினைச்சொல்,human_behavior,,np,
3255,நொடித்தடம்,,noṭittaṭam,,குழிகள் நிறைந்த வழி.,"Potholed, rutted rugged track",நொடித் தடத்துலவண்டி ஓட்டாத.,பெயர்ச்சொல்,place_direction,,pm,
3256,நொண்டி,,noṇṭi,,"ஒரு காலை மடக்கிக்கொண்டு, மறுகாலால் நடந்து எதிராளியைத் தொடும் சிறுவர்கள் விளையாட்டு.",Hopscotch / one-legged tagging game,டேய். நொண்டி வெளையாடலாமா.,பெயர்ச்சொல்,human_behavior,,pm,
3257,நொப்பம்,,noppam,,ஒருவரின் விருப்பத்திற்கேற்ற நாக்குச் சுவை.,Flavor perfectly attuned to one's palate,கொழம்பு நொப்பமா இருக்குதா.,வினைச்சொல்,food_cooking,,pm,
3258,நொரண்டு,,noraṇṭu,,ஏறுக்குமாறாய் பேசுதல்.,Arguing perversely / speaking contumaciously,இந்த நொரண்டு பேசறதுல மட்டும் கொறச்சலு இல்லை.,வினைச்சொல்,speech_phrase,,np,
3259,நொவம்,,novam,,"நோவு; வலி, உபாதை அல்லது காய்ச்சல்.","Pain, ache, illness",ஒடம்புல ஏதோ நொவம் போல இருக்குது.,பெயர்ச்சொல்,body_health,பொருள் உறுதிப்படுத்தப்படவில்லை (AI உருவாக்கம்) · Meaning not verified (AI generated),od,
3260,நொள்ளக்கண்,,noḷḷakkaṇ,,பார்வை சரியில்லாத கண்.,Impaired eye / squinting defective eye,அவனுக்கு நொள்ளக் கண்ணுடா.,பெயர்ச்சொல்,body_health,,pm,
3261,நொள்ளிக்கண்,,noḷḷikkaṇ,,குருட்டுக்கண்,Blinded or damaged eye,,,body_health,,od,
3262,நொளஞ்சு,,noḷañcu,,புகுந்து.,Crept in / entered inside,பாம்பு வீட்டுக்குள்ள நொளஞ்சிருச்சு.,வினைச்சொல்,action_verbs,,np,
3263,நொளையம்பூச்சி,,noḷaiyampūcci,,"ஆடு, மாடுகளின் மேலிருக்கும் (பறக்கும்) மிகச் சிறிய உண்ணி.",Tiny flying tick or louse infesting cattle,ஆட்டுமேல நெறைய நொளையம் பூச்சி இருக்குது.,பெயர்ச்சொல்,farming_livestock | nature_animals,,pm,
3264,நொறுக்கு,,noṟukku,,வயதில் சிறியவள் / ன்.,Little youngster / shrimp of a kid,அந்த நொறுக்கு என்ன கேள்வி கேக்குது.,பெயர்ச்சொல்,human_behavior | kinship,,pm,
3265,நொனை,,noṉai,,பிறரைப் பற்றி இல்லாததும் பொல்லாததுமாகப் பேசும் பேச்சு; எப்போதும் குறை கூறிக் கொண்டே இருக்கும் பேச்சு.,Petty nitpicking slander / constant carping gossip,அவன் பேசற நொனைக்கு புழுத்துத்தான் சாவான்.,பெயர்ச்சொல்,speech_phrase | human_behavior,,pm,
3266,நொனைபேசறது,,noṉaipēcaṟatu,,வாய்க்குள்ளேயே முணுமுணுத்தல்.,Muttering or grumbling indistinctly,என்ன நொனை பேசற எதா இருந்தாலும் சொல்லு.,பெயர்ச்சொல்,speech_phrase,,np,
3267,நோக்காடு,,nōkkāṭu,,நோய் | உடல்நலக்குறைவு,Illness / sickness / ailment,அவனுக்கென்ன நோக்காடோ தெரியலை. இன்னைக்கு வரக் காணோம். | எப்பப் பாத்தாலும் நோக்காடு புடிச்சிக்கிறது.,பெயர்ச்சொல்,body_health,,od | np,
3268,நோகாம,,nōkāma,,வேலை எதுவும் செய்யாமல் பலனைப் பெற நினைப்பது.,Without exerting effort / wanting gain without pain,நோகாம நோம்பு கும்பிடோணும்னா முடியுமா.,வினைச்சொல்,human_behavior,,np,
3269,நோகுது,தோவுது,nōkutu,tōvutu,வலிக்கிதல்.,Hurts / aches / causing physical pain,உனக்கென்ன நோகுது.,,body_health,,np,
3270,நோட்டம்,,nōṭṭam,,ஒரு பார்வை பார்ப்பது.,Taking a quick look / checking on something,சும்மா ஒரு நோட்டமிட்டுட்டு வந்தேன்.,பெயர்ச்சொல்,action_verbs,,np,
3271,நோப்பாளம்,,nōppāḷam,,பிணக்கு.,Resentment / sulky disagreement / estrangement,"என்ன சொல்லீட்டன், நோப்பாளம் வந்திருச்சு.",பெயர்ச்சொல்,human_behavior,,pm,
3272,நோம்பி,,nōmpi,,திருவிழா | பண்டிகை | திருவிழா; பண்டிகை.,Festival / religious holiday,ஆனால் எல்லாப் பண்டிகைகளுக்கும் நோம்பி என்றே சொல்லுவது வழக்கம் | நோம்பிக்குப் புதுத்துணி எடுத்தாச்சா? | எங்கூருல மாரியாத்தா நோம்பு சாட்டியிருக்கு.,பெயர்ச்சொல்,festival_religion,நோன்பு | ஆடி நோம்பி | நோன்பு என்பதன் திரிபு | நோன்பு என்பதன் மருஉ,od | pm | np,
3273,நோம்பி அழப்பு,,nōmpi aḻappu,,திருவிழாவிற்காக உறவினருக்கும் வேண்டியவர்களுக்கும் விடுக்கும் அழைப்பு. | திருவிழாவிற்கு உறவுக்காரர்களைஅழைத்தல்.,Formal festival invitation extended to extended relatives,நோம்பி அழப்பெல்லாம் முடிஞ்சிருச்சா. | நோம்பி அழப்பு சொல்லீடிடணும்.,பெயர்ச்சொல்,festival_religion | kinship,,np | pm,
3274,நோம்பி சாட்றது,,nōmpi cāṭṟatu,,திருவிழாவை பறை அடித்து தெரிவித்தல்.,Proclaiming festival commencement by public drumbeat,இன்னிக்கி நோம்பி சாட்றது பேசிக்கிட்டிருக்காங்கெ,,festival_religion,,np,
3275,நோய்,,nōy,,உராய்தல்.,Grazing against / rubbing annoying contact against someone,எதுக்கு இப்படி மேல வந்து நோயற.,வினைச்சொல்,action_verbs,,pm,
3276,நோவு,,nōvu,,உடல்நலம் சரியில்லாமல் போதல்.,Illness / sickness / bodily malady,நோவு வந்து ஒருவாரம் ஆஸ்பத்திரியில கெடந்தேன் | நோவு வந்து ஐருவாரொ ஆஸ்புத்திரிமிலை கெடந்தெ,,body_health,,od | np,
3277,நோவுச்சீவெ,,nōvuccīve,,நோயாளி.,Chronically sick invalid / sickly ailing person,ஆளு நோவுச்சீவெ புடிச்சிப் போயிட்டான் பாரு.,,body_health,,np,
3278,பக்கக்கன்னு,,pakkakkaṉṉu,,வாழை மரத்தின் அருகில் வளரும் சிறு அகன்று.,Banana sucker shoot emerging beside main trunk,பக்கக்கன்னு இத்தாச் சோடு வளந்தருச்சி,,farming_livestock | nature_animals,,np,
3279,பக்கத்தாடு,,pakkattāṭu,,பக்கத்து வீடு.,Adjacent neighboring house,பக்கத்தாட்டுக் காரனோடொ ஓரே தொல்லையாப் போச்சி,,home_household | place_direction,,np,
3280,பக்கந்தெ,,pakkante,,அருகில்தான்.,Close nearby / just around the corner,பக்கந்தெ சீககிரொ போய்ட்டு வந்தர்றே,,place_direction,,np,
3281,பக்கம்,,pakkam,,எச்சில் உமிழும் சலம்.,Spittoon / vessel for spitting,,,home_household,,np,
3282,பக்காபடி,பக்காப்படி,pakkāpaṭi,pakkāppaṭi,பக்காப் படி; பழைய தானிய முகத்தல் அளவை முறை.,Pakka padi (standard traditional grain measure),ரண்டு பக்காபடி கம்பு அளந்து தா.,பெயர்ச்சொல்,measure_units,பொருள் உறுதிப்படுத்தப்படவில்லை (AI உருவாக்கம்) · Meaning not verified (AI generated),od,
3283,பக்கி,,pakki,,ஒரு வகை பறவை. | பறவை.,Bird / fast nimble darting person,பக்கிபா புறக்கறாம் பாரு. | பக்கியாப் பறக்கறான் பையன்.,பெயர்ச்சொல்,nature_animals | human_behavior,,np | pm,
3284,பக்கிட்டி,,pakkiṭṭi,,வாளி,Bucket / water pail,பக்கிட்டீல தண்ணி புடிச்சா,,home_household,,np,
3285,பகவதியாயி நோன்பு,,pakavatiyāyi nōṉpu,,பகவதி அம்மன் திருவிழா,Bhagavathi Amman folk temple festival,,,festival_religion,பவுதியாயி நோம்பி,od,
3286,பகுடு பேந்து,,pakuṭu pēntu,,காண்க. பவடு.,Edge lining / border strip coming unstitched,,,dress_accessories,,np,
3287,பகுமானமா,,pakumāṉamā,,பக்குவமாக.,Tactfully / carefully and skillfully,எவ்வளவு பகுமானமா வளத்தெற் தெறியுமா,,human_behavior,,np,
3288,பங்காளி,,paṅkāḷi,,தந்தையுடன் கூடப் பிறந்தவர்கள் ஆண் வழி உறவினர்கள்.,Agnates / paternal cousins and clan kin sharing ancestral inheritance,பங்காளிகளுக்குள்ளெ ஒரே பிரச்சனையா இருக்குது.,,kinship,,np,
3289,பங்கிக்குடுத்தரு,,paṅkikkuṭuttaru,,பங்கைப் பிரித்துக் கொடுத்தல்.,Partitioning and allotting inherited property shares,சொத்தெப் பங்கிக்குருத்தர வேண்டீதுதானொ.,,kinship | action_verbs,,np,
3290,பங்கும்பங்காளி,,paṅkumpaṅkāḷi,,காணா. பங்காசரி,Agnatic clan relations / paternal co-heirs,,,kinship,,np,
3291,பங்கொம்பேசாதெ,,paṅkompēcāte,,ஒருவருடைய மரியாதைக்கு களங்கம் ஏற்படாதவாறு பேசுதல்.,Do not speak words damaging someone's dignity,அடரப் புத்தி பங்கொம் பேசாதெ,,speech_phrase,,np,
3292,பச்சப்புழு,,paccappuḻu,,பச்சை நிறமுடைய சிறு புழு.,Green caterpillar / foliage worm,பச்சப் புழுவு மொயமொயன்னு ஊருது.,பெயர்ச்சொல்,nature_animals,,pm,
3293,பச்சிலை சத்தியம்,,paccilai cattiyam,,வெற்றிலைக் கொடிக்காரர்கள் எந்த ஒன்றையும் கொடுக்கல் வாங்கலின் போது உள்ளங்கையில் வெற்றிலையை வைத்துச் செய்து கொள்ளும் சத்தியம் (இதை இரு தரப்பாரும் மீறமாட்டார்கள்).,Inviolable solemn vow sworn with a betel leaf in palm,பச்சில சத்தியம் பண்ணிக் குடுத்ததுக்கப்பறம் பேச்சு மாறுனதா எனக்குத் தெரிஞ்சு ஆருமில்ல.,பெயர்ச்சொல்,festival_religion | speech_phrase,,pm,
3294,பச்சு பச்சுனு,,paccu paccuṉu,,உடனடியாக,Swiftly and smoothly / without any hitch,பச்சு பச்சுனு வேல முடிஞ்சிறுச்சி,,speech_phrase,,np,
3295,பச்செ,,pacce,,பசுமை.,Verdant lush green / fresh vegetation,பயிருகெ பச்செ புடிச்சிருச்சி,,nature_animals,,np,
3296,பச்சை உடம்பு,பச்சை உடம்புக்காரி,paccai uṭampu,paccai uṭampukkāri,குழந்தை பெற்றதால் சில நாட்கள் வரை நலிவுற்ற பெண்ணின் உடம்பு (இந்நாட்களில் வெளியே போனால் அவளைப் பேய் பிடிக்கும் என்பது நம்பிக்கை).,Vulnerable post-partum state of a newly delivered mother,அவ எங்க வர்றா. பச்ச ஒடம்புக்காரி.,பெயர்ச்சொல்,body_health | kinship,,pm,
3297,பச்சை மாவு,,paccai māvu,,வேக வைக்காத மாவுப் பண்டம். | வேக வைக்காத மாவு பண்டம்.,Uncooked rice dough snack (eaten with jaggery),பச்ச மாவத் திங்காத வவுத்த வலிக்கும். | பச்சமாவத் தின்னு வவறு வலிக்குது.,பெயர்ச்சொல்,food_cooking,,np | pm,
3298,பச்சைப் பிள்ளை,,paccaip piḷḷai,,பிறந்து சில நாட்களே ஆன குழந்தை.,Newborn neonate baby,பச்சைப் பிள்ளையத் தூக்கிட்டு வெளிய நிக்காத.,பெயர்ச்சொல்,kinship | body_health,,pm,
3299,பச்சோந்தி,,paccōnti,,தனது காரியம் ஆவதற்காக இடத்திற்கு தகுந்தாற் போல் பேசும் புத்தி உடையவன்.,Chameleon / opportunistic flatterer who turns coat,அவஞ் செரிபான பச்சோத்தி,,human_behavior,,np,
3300,பசக்குனு,,pacakkuṉu,,பசைபோல் ஒட்டிக் கொள்ளுதல்.,Sticking snugly like glue / taking instant root in mind,அப்பிடியே மனசுக்குள்ள பசக்குனு ஓட்டிக்கிச்சு,,human_behavior,,np,
3301,பசங்க,பசக,pacaṅka,pacaka,சிறுவர்கள்.,Kids / youngsters / boys,ஒரு வார்த்த சொன்னாக் கேக்க மாட்டாங்க இந்தப் பசங்க.,,kinship | human_behavior,,np,
3302,பசப்புறது,,pacappuṟatu,,இனிய வார்த்தை பேசி ஏமாற்றுவது; பசப்புதல்.,"Flattering, coaxing or deceiving with sweet words",இந்த பசப்புற வேல பெல்லா வேண்டா,வினைச்சொல்,human_behavior | speech_phrase,பொருள் உறுதிப்படுத்தப்படவில்லை (AI உருவாக்கம்) · Meaning not verified (AI generated),np,
3303,பசலி,,pacali,,கிராமத்தில் விளைநிலம் பற்றிய கணக்குகளுக்கான ஓர் ஆண்டு.,Fasli year (revenue accounting year for agricultural land),,,farming_livestock | time_seasons,,np,
3304,பசிரி,,paciri,,நிலத்தை ஒட்டி அடர்த்தியாகப் படர்ந்திருக்கும் சிறு பூண்டு.,Dense creeping weed herb carpeting field ground,காடெல்லாம் பசிரி படர்ந்து போச்சு.,பெயர்ச்சொல்,nature_animals | farming_livestock,,pm,
3305,பசுவு,,pacuvu,,சுடுமண் சிற்பம். | கிராமக் கோயில்களில் மாடுகளுக்கான வேண்டுதலின் பேரில் செய்து வைக்கும் மாட்டு உருவத்தில் அமைந்த சுடுமண் சிற்பம்.,Votive terracotta cattle figurine dedicated at folk shrines for herd health,மாரியாத்தா கோயிலுக்கு பசுவு செஞ்சு வெக்கிறதனு வெண்டி யிருக்க | மாரிங்கோயில்ல பசுவு வெச்சிருக்கறது ஆரு?,பெயர்ச்சொல்,festival_religion | farming_livestock,,np | pm,
3306,பசையேனு,,pacaiyēṉu,,பச்சை வர்ணத்தை அமுத்தமாகக கூறுதல்.,Deep verdant green / lush green color,காடு வெளஞ்சு பசையேனு இருக்குது.,,nature_animals,,np,
3307,பஞ்சப்பாட்டு,,pañcappāṭṭu,,வசதியாக இருப்பவர் ஏழ்மையாக இருப்பவர் போல் புலம்புதல். | வசதியாக இருப்பவர் தான் மிகவும் ஏழ்மையில் வாடுவது போலப் புலம்பும் பேச்சு.,Pretending destitution / lamenting poverty while being well-off,எப்பப்பாத்தாலு பஞ்சப் பாட்டு பாடிகிட்டே இருக்காள். | எப்பத்தான் அவ பஞ்சப்பாட்டு பாடாத இருக்கறான்.,பெயர்ச்சொல்,human_behavior | speech_phrase,,np | pm,
3308,பஞ்சுப்பொடை,,pañcuppoṭai,,கதிர் வெளிவரும் போது பயிரின் நுனியில் புடைத்துக் காணப்படுதல்.,Booting stage of grain crops (earhead bulging inside flag leaf sheath),பயிரு பஞ்சுப்பொட கட்டிருக்குது.,பெயர்ச்சொல்,farming_livestock,,pm,
3309,பட்டக்காரை,,paṭṭakkārai,,சீமை ஓடு வேய்ந்த வீடுகளில் காற்று ஓடுகளைத் தூக்கித் தள்ளி விடாமல் இருக்கக் கூரையின் மீது (இரண்டு மூன்று இடங்களில்) நீளமாகப் போடப்படும் காரை.,Mortar band ridge cemented over roof tiles to withstand gale winds,பட்டக்கார போட்டிருந்தா ஒரு ஓடுகூடத்துக்காது.,பெயர்ச்சொல்,home_household,,pm,
3310,பட்டங்கட்டறது,,paṭṭaṅkaṭṭaṟatu,,திருமணத்தின் போது மணமகளுக்கு நெற்றியில் தாய்மாமன் தங்கத்தாலான தகடு கட்டுவது.,Auspicious gold forehead badge tying ritual by maternal uncle,தாய்மாமனக் கூப்புட்டு பொண்ணுக்கு பட்டங் கட்டியுடுங்க.,,kinship | festival_religion,,np,
3311,பட்டணரவை,,paṭṭaṇaravai,,நயமான கோதுமை ரவை; நகரத்திலிருந்து வரவழைக்கப்படும் வெள்ளை ரவை.,Fine wheat semolina / sooji rava,பட்டணரவையில உப்புமா கெண்டுனா மணம் தூக்கும்.,பெயர்ச்சொல்,food_cooking,பொருள் உறுதிப்படுத்தப்படவில்லை (AI உருவாக்கம்) · Meaning not verified (AI generated),od,
3312,பட்டம்,,paṭṭam,,"திருமணத்தின் போது மணமகன், மணமகள் ஆகியோருக்கு நெற்றியில் கட்டும் தகடு.",Auspicious gold forehead diadem plate tied during wedding,நெத்தியில பட்டத்த இப்பிடியா இறுக்கிக் கட்டுவாங்க.,பெயர்ச்சொல்,festival_religion | dress_accessories,,pm,
3313,பட்டறை,,paṭṭaṟai,,"தானியத் தட்டைகளை நிலத்தில் போராக வைக்கும். போது கரையான் பிடிக்காமல் இருக்க நான்கு மூலைகளிலும் பெரிய கற்களை நிறுத்தி, அதன் மீது மரக் கட்டைகளை அடுக்கி நிலத்தில் படாமல் சிறிது உயரமாக்குவர். கற்களையும் மரக்கட்டைகளையும் கொண்டு அமைக்கப்படும் அமைப்பு.",Elevated stone-and-timber base platform for straw ricks,நேத்து பட்டறை கூட்டிவெச்சுட்டன் இன்னக்கிப் போர் போட்ரலாம்.,பெயர்ச்சொல்,farming_livestock,,pm,
3314,பட்டறை மரம்,,paṭṭaṟai maram,,தானியத் தட்டைகளைப் போராக வேயக் கூட்டப்படும் பட்டறையில் போடப்படும் மரக்கட்டை.,Sturdy foundation timber used in a hayrick platform,பட்டற மரம் நல்லதா இருக்கோணும்.,பெயர்ச்சொல்,farming_livestock,,pm,
3315,பட்டா,பட்டை,paṭṭā,paṭṭai,வண்டி | வண்டிச் சக்கரத்தின் சுற்றில் பொருத்தப்படும் இரும்பால் ஆன கட்டை வளையம். | வெற்றிலை கொடிக்காலுக்கு தண்ணார் எடுத்துக் கொடுக்கும் மரத்தாலான தட்டு. | வண்டிச் சக்கரத்திற்கு பொருத்தப்படும் இரும்பாலான வளையம்.,Iron tire hoop fitted around wooden cart wheel | wooden scoop plate,சக்கரத்துக்கு பட்டா போடனும் | சக்கரத்துல பட்ட பேந்துகிடுச்சு பாரு. சீக்கிரமா மாத்து.,,farming_livestock,,od | np | np | pm,
3316,பட்டாசாளை,,paṭṭācāḷai,,வீட்டு முற்றம்.,Spacious paved front courtyard of traditional homestead,அவுங்கூட்டுல நல்லாப் பெரிய பட்டாசாளை இருக்குது.,பெயர்ச்சொல்,home_household,,pm,
3317,பட்டாவெட்டி டிராயர்,,paṭṭāveṭṭi ṭirāyar,,காண்க. அண்டாவாறு.,Wide loose-fitting traditional cotton boxer shorts,,,dress_accessories,,np,
3318,பட்டி,,paṭṭi,,ஆடுகளை அடைத்து வைக்குமிடம் | மேய்ச்சல் முடிந்தவுடன் அடைத்து வைக்கும் சிறு குடிசை போன்ற அமைப்பு. | மேய்ச்சல் முடிந்து ஆடுகளை அடைத்து வைப்பதற்காக சுற்றிலும் படல்களும் இடையில் நிழலுக்காகச் சிறு குடிசையும் கொண்ட அமைப்பு.,Fold or corral pen for sheep/goats with hurdle fencing,பட்டிலெ ஆட்டெ அடைச்சாச்சு | பட்டியில புழுக்க நெறஞ்சு போச்சு. வேற எடத்துக்கு மாத்தோணும்.,பெயர்ச்சொல்,farming_livestock,,od | np | pm,
3319,பட்டி ஆள் நேரம்,,paṭṭi āḷ nēram,,ஊரடங்கிப் பட்டி காவலுக்கு ஆட்கள் செல்லும் நேரம் ( ஏறக்குறைய இரவு பத்துமணி ).,Night hour when herders go to guard the sheep pen (around 10 PM),"பட்டி ஆள் நேரமாயிருச்சு, தூங்குடா.",பெயர்ச்சொல்,time_seasons | farming_livestock,,pm,
3320,பட்டி நோம்பி,,paṭṭi nōmpi,,மாட்டுப்பொங்கல் | மாட்டுப் பொங்கல் திருநாள்.,Cow Pongal (Mattu Pongal) festival honoring farm cattle,பட்டி நோம்பிக்கி பொங்கலு வெக்கணும் | பட்டி நோம்பிக்கு இன்னம் எவ்வளவு நாள் இருக்குது.,பெயர்ச்சொல்,festival_religion | farming_livestock,,od | np | pm,
3321,பட்டிக்குடுசு,பட்டிக்குடுசெ,paṭṭikkuṭucu,paṭṭikkuṭuce,அடைக்கப்படும் பட்டியில் நிழலுக்காகவும் இரவில் காவலுக்கு ஆட்கள் படுத்துக் கொள்ளவும் வைக்கப்பட்டிருக்கும் சிறு குடிசை. | பட்டியில் ஆட்கள் கரவலுக்கு இருக்கும் படுப்பதற்காக இருக்கும் குடில்,Small thatch shelter in livestock pen for overnight watchman,பட்டிக்குடுசுல இன்னிக்கிப் படுத்துக்கப் போறது ஆரு? | பட்டிக்குறுசலெ இன்னிக்கி யாரு படுக்கறா,பெயர்ச்சொல்,farming_livestock | home_household,,pm | np,
3322,பட்டிக்கெடை,பட்டிகெடை,paṭṭikkeṭai,paṭṭikeṭai,"எருவிற்காகவேண்டி வயலில் ஒரே இடத்தில் ஆட்டுப் பட்டியைக் கிடையாகப் போட்டிருத்தல். | ஆடு, மாடுகள் அணைத்து வைக்கும் இடம்.",Night fold of sheep folded directly on arable fields for soil manuring,அந்த வயல்ல பட்டிக்கெட் போட்டிருக்குது. | பட்டிக் கெடையில ஆட்ட அடச்சி வெய்மி,பெயர்ச்சொல்,farming_livestock,,np | pm,
3323,பட்டிணிச்சோரு,,paṭṭiṇiccōru,,திருமணத்திற்கு முன் மணமக்களுக்கு மாமன்மார்களால் வைக்கப்படும் விருந்து.,Pre-nuptial farewell feast given to bride or groom by maternal uncles,,,kinship | festival_religion,,np,
3324,பட்டித்தரம்பு,பட்டித் தரம்பு | பட்டித்தரம்புக் கட்டை,paṭṭittarampu,paṭṭit tarampu | paṭṭittarampuk kaṭṭai,"ஆடு, மாடுகளை அடைக்கும் பட்டியில் அல்லது தொழுவத்தில் அமைக்கப்படும் தடுப்புப் படல்; மூங்கில் தட்டோ அல்லது மரக்கழிகளோ கொண்டு தற்காலிகமாக வைக்கப்படும் மறைப்புத் தட்டி.",Temporary partition screen or bamboo hurdle/fence used in a cattle/sheep pen,ஆடு வெளில போகாம பட்டித்தரம்ப இழுத்து அடைச்சு வை.,பெயர்ச்சொல்,farming_livestock | home_household,தரம்பு என்பது கொங்கு வழக்கில் தடுப்புப் படலைக் குறிக்கும் (மூங்கில் தட்டு அல்லது தற்காலிக மறைப்பு).,od,
3325,பட்டிநாய்,,paṭṭināy,,ஆடுகள் அடைக்கும் பட்டிக்கு காவலுக்கு இருக்கும் நாய். | ஆடுகள் அடைக்கும் பட்டிக்குக் காவலாக இருக்கும் நாய்.,Livestock guardian sheepdog watching over the flock,குட்டி நாம் வந்தா பட்டிதாம் போயமீரும் | வேற நாய் வந்தா பட்டி நாய் போயிரும்,பெயர்ச்சொல்,farming_livestock | nature_animals,,np | pm,
3326,பட்டிப்படல்,பட்டிப்படலு,paṭṭippaṭal,paṭṭippaṭalu,"ஆடுகளை அடைக்கும் பட்டி அமைக்கப் பயன்படும் மூங்கில் அல்லது முட்கோல்களால் ஆன சதுர வடிவத் தடுப்பு. | ஆடு, மாடுகளை அடைக்கப் பயன்படும் மூங்கிலால் ஆன சதுர வடிவத் தடுப்பு.",Square hurdle gate or woven bamboo panel for livestock pens,"பட்டிப் படலெல்லாம் பழசாப் போச்சு, மாத்தோணும். | பட்டிப் படலு புதுசா செய்யணும்.",பெயர்ச்சொல்,farming_livestock,,np | pm,
3327,பட்டிப்பொங்கல்,,paṭṭippoṅkal,,பட்டிநோம்பி என்பதைக் காண்க.,Mattu Pongal ritual celebrated in cattle enclosure,,காண்க,festival_religion | farming_livestock,,pm,
3328,பட்டிமாடு,,paṭṭimāṭu,,பட்டியில் அடைக்கப்படும் மாடு.,Cattle housed in the farmyard pen,,,farming_livestock,,np,
3329,பட்டிய நேரெர,,paṭṭiya nērera,,பட்டிக்கு காவல் கரக்க ஆள் செல்லும் நேரம் (இரவு 70).,Pen watch hour (around dusk / nightfall),பட்டியாளு நேரமாச்சு இன்னுநீ தூங்கிலிபா.,,time_seasons | farming_livestock,,np,
3330,பட்டியாள் நேரம்,,paṭṭiyāḷ nēram,,பட்டி ஆள் நேரம் என்பதைக் காண்க.,Livestock pen guarding time,,காண்க,time_seasons | farming_livestock,,pm,
3331,பட்டியாளு நேரம்,,paṭṭiyāḷu nēram,,ஆடு மாடுகளை அடைத்து பட்டிக்குக் காவல் காக்க அல்லது கறக்கச் செல்லும் இரவு நேரம் (இரவு சுமார் 7 முதல் 8 மணி அளவில்).,Night time when herdsmen go to guard or tend livestock pen (around 7-8 PM),"பட்டியாளு நேரம் ஆச்சு, பட்டிக்கு காவல் போவணும்.",பெயர்ச்சொல்,time_seasons,கொங்கு வட்டார வழக்கில் கால்நடைப் பட்டிக்குக் காவல் செல்லப் புறப்படும் இரவு நேரத்தைக் குறிக்கும் சொல். · பொருள் உறுதிப்படுத்தப்படவில்லை (AI உருவாக்கம்) · Meaning not verified (AI generated),od,
3332,பட்டீலு,பட்டீல்,paṭṭīlu,paṭṭīl,ஓடு வேயும் முன் கூரையில் பொருத்தப்படும் பட்டையாக உள்ள சிறு மரக்கட்டை ( ரீப்பர் ). | ஓடு வேயும் முன் கூரையில் பொருத்தப்படும் பட்டையாக உள்ள மரக்கட்டை.,Wooden batten or tile reeper lath supporting roofing tiles,கூரைக்கு நல்ல பட்டீலாப் போடோணும். | பட்டீலு ஆரி வாங்கியோ,பெயர்ச்சொல்,home_household,,pm | np,
3333,பட்டுளி,பட்டுறி,paṭṭuḷi,paṭṭuṟi,"மரம் செதுக்க உதவும் பட்டையான, வாய்ப்பகுதி மிக அகலமாக இருக்கும் மர உளி. | மரம் செதுக்க உதவும் பட்டையான வாய்ப்பகுதி மிச அகலமாக இருக்கும் மர உளி.",Wide-bladed carpenter's wood gouge or broad chisel,பட்டுளி கொண்டா. இந்த மரத்தச் செதுக்கலாம். | பட்டினி எடுத்தா மரத்த செதுக்கலா,பெயர்ச்சொல்,home_household,,np | pm,
3334,படப்பசம்,,paṭappacam,,இல்லாத ஒன்றை இருப்பது போலப் பிறருக்குக் காட்டும் பாவனை; நடிப்பு.,Pretense / affected hypocrisy / theatrical show,அவளுக்கு ஒடம்புக்கென்ன வந்திருச்சு. எல்லாம் படப்பசம்.,பெயர்ச்சொல்,human_behavior,,pm,
3335,படப்பு,,paṭappu,,கடவுளுக்கு படைக்கும் சோறு. | பொங்கலில் இருந்து எடுத்து கடவுளுக்குப் படைக்கும் சோறு.,Consecrated food offering heap scooped and served to deity,படப்பு போட்டு சாமி கும்படனும். | எப்பவும் மூனு படப்பு வெச்சுத்தான் சாமிகும்படோணும்.,பெயர்ச்சொல்,festival_religion | food_cooking,,np | pm,
3336,படபடன்னு,,paṭapaṭaṉṉu,,வேகமாக.,Hastily / rapid-fire blabbering in agitation,ஏ இப்பீடி படபடன்னு பேசற,,speech_phrase,,np,
3337,படலு,படல்,paṭalu,paṭal,"மூங்கில் அல்லது முட்கோல்களை நிரலாக அடுக்கியோ கோல்களையும் ஓலைகளையும் வைத்தோ ஆடுகள் கட்டி, எடுத்து நிறுத்துவதற்கு வசதியாகச் செய்யப்படும் தடுப்பு. | மூங்கில் அல்லது தொச்சி, அல்லது குச்சி அல்லது ஓலை கை அடுக்கி தடுப்பு போல கட்டுவது.",Woven hurdle gate / thorny brushwood screen,ஒரு படலுக் கட்டி வெக்கச் சொன்னா ஆரு கேக்கறா. | படலு ஓண்ணு கட்டி வெச்சாத்த ஆகு.,பெயர்ச்சொல்,farming_livestock | home_household,,pm | np,
3338,படி,பறை | சம்பா | ஆலாக்கு,paṭi,paṟai | campā | ālākku,அரிசியளப்பு அளவைகள் | 1 லிட்டர் | புளியங்கொட்டைகளை இரண்டாக உடைத்து பெண்கள் விளையாடும் விளையாட்டு. | கோவில் பூசை தொடங்குவதற்கான முன்னேற்பாடு; கடவுளுக்குப் பூசையின்போது வைக்கும் படையல். | புறம் பேசுதல்.,Traditional grain volume measure (~1 litre) | ceremonial offering,அந்தந்தச் சாமிக்கு அந்தந்தப் படியாம். கடகெட்ட சாமிக்கு லொடலொடப் படியாம் | அங்க யாரைடா பறைறீங்க.,பெயர்ச்சொல்,measure_units | festival_religion,Additional word types: வினைச்சொல்,od | np | pm,
3339,படிக்கம்,,paṭikkam,,வெற்றிலை எச்சிலை உமிழும் பாத்திரம்.,Spittoon / brass cuspidor for betel juice,அந்தப் படிக்கத்த இங்க எடு.,பெயர்ச்சொல்,home_household,,od | pm,
3340,படிகெணுறு,,paṭikeṇuṟu,,படிககளைக் கொண்ட கிணறு.,Stepwell (well furnished with masonry stone steps),அந்தக்காலத்துல நாங்க படிக்கெணுத்துலருந்து தண்ணி கொண்டு வந்தமாக்கு.,,farming_livestock | place_direction,,np,
3341,படித்திடி,,paṭittiṭi,,கேலி; கிண்டல்.,Mockery / sarcastic bantering,அவரு எப்பவும் படித்திடி பண்ணிக்கிட்டேதான் இருப்பாரு.,பெயர்ச்சொல்,human_behavior | speech_phrase,,pm,
3342,படிமானம்,,paṭimāṉam,,செயல்களைக் கவனத்தோடும் முறை தவறாமலும் செய்யும் ஒழுங்கு.,Disciplined orderliness / thorough systematic execution,எதிலயும் படிமானமாஇருக்கோனும்?,பெயர்ச்சொல்,human_behavior,,pm,
3343,படியாளு,,paṭiyāḷu,,தானியக் கூலிக்காக வேலை செய்பவர்.,Farm laborer receiving daily grain wages in padis,இன்னிக்கி இன்னமும் படியாளு வல்லியா வேலக்கி.,,farming_livestock | human_behavior,,np,
3344,படிவாசல்,,paṭivācal,,மலைக்கோயிலின் முதல்படி.,First portal step of a hillside temple,படிவாசல்லியே கும்புட்டு வந்துட்டன்.,பெயர்ச்சொல்,festival_religion | place_direction,,pm,
3345,படு,,paṭu,,குளம்போன்ற ஆழமில்லாத நீர்நிலை,Shallow natural pool / rain-filled waterhole,,,farming_livestock | nature_animals,,od,
3346,படுகிடை,,paṭukiṭai,,நடமாட முடியாமல் படுக்கையில் நீண்ட நாட்களாகக் கிடத்தல்.,Bedridden state / prolonged confinement to sickbed,அவரு படுகெடையாக் கெடக்கறாரு.,பெயர்ச்சொல்,body_health,,pm,
3347,படுகெடயா,,paṭukeṭayā,,தடக்கமுடியாமல் நீண்ட நாட்கள் ஓரே இடத்தில் படுத்திருத்தல்.,Permanently bedridden / chronically confined to bed,அவரு ரொம்ப நாளா படுகெடயாவே கெடந்தாரு,,body_health,,np,
3348,படைக்கலக்கூடை,,paṭaikkalakkūṭai,,"கோயில் திருவிழா, திருமணம் ஆகியவற்றுக்குச் சீர்ப்பொருள்களை எடுத்துச் செல்லும் செவ்வகமான கூடை.",Rectangular ceremonial gift basket carried during weddings or temple pujas,படைக்கலக் கூடைய சாஞ்சறாமதலயில வெச்சுக் கொண்டா.,பெயர்ச்சொல்,festival_religion | home_household,,pm,
3349,படைக்காலு,படைக்கால்,paṭaikkālu,paṭaikkāl,ஏர் ஒருமுறை உண்டாக்கிய உழவுத்தடம். | ஏர் உழும்போது உருவாகும் உழவுக் தடம்.,Furrow trench made by a single run of the plow,படைக்கால்ல பருப்பு உழுவறாப்ல போடு. | படைக்காலு படைக்காலா தண்ணிபுடு,பெயர்ச்சொல்,farming_livestock,,pm | np,
3350,பண்டக்காரப்பையன்,,paṇṭakkārappaiyaṉ,,கால்நடைகளை மேய்க்கும் சிறுவன்.,Boy herdsman / cattle herd lad,பண்டக்காரப்பையன் இன்னம் வல்ல,பெயர்ச்சொல்,farming_livestock | human_behavior,,pm,
3351,பண்டம்,,paṇṭam,,ஆடு மாடுகள்; கால்நடைகள்.,Farm livestock / heads of cattle and sheep,காட்டுல பண்டத்த உட்டு மேச்சிருக்கறாங்க.,பெயர்ச்சொல்,farming_livestock,,pm,
3352,பண்டம் பாடி,,paṇṭam pāṭi,,கால்நடைகள்,Livestock and domestic cattle,,,farming_livestock,,od,
3353,பண்டுகிராமம்,,paṇṭukirāmam,,நான்கு அல்லது ஐந்து கிராமங்கள் ஒன்று சேர்த்து அந்த ஊர் கட்டுமானத்தை காப்பாற்ற ஒவ்வொரு வீட்டிற்கும் சிறு மாத வரி பெறுவது.,Village confederacy paying mutual levy for civic infrastructure,,,place_direction | human_behavior,,np,
3354,பண்டுதம்,பண்டுதொ,paṇṭutam,paṇṭuto,மருத்துவம்; வைத்தியம்.,Traditional herbal medicine / medical treatment,படுத்துக்கிட்டே இருந்தா நல்லாவுமா. எதாச்சும் பண்டுதம் பாரு. | ஜனக்கு பண்டுதம் பாத்தே நானு ஓரு ஷூபொயிட்ட.,பெயர்ச்சொல்,body_health,,np | pm,
3355,பண்ணத்துலெ,,paṇṇattule,,பண்ணையத்தில்.,In the agricultural farm estate,பண்ணத்துல கொண்டு போயி உன்னெ சேத்தணும்.,,farming_livestock | place_direction,,np,
3356,பண்ணயக்காரன்,,paṇṇayakkāraṉ,,"நிலக்கிழார், நிலச் சொந்தக்காரன்.",Landlord / large farm proprietor,பண்ணயக்காரன் குசுவுட்டா அரகரா அரகரா. ஆளுக்காரன் குசுவுட்டா அடிடா புடிடா.,பெயர்ச்சொல்,farming_livestock | human_behavior,,pm,
3357,பண்ணயக்காரிச்சி,,paṇṇayakkāricci,,நிலக்கிழாரின் மனைவி.,Landlady / wife of the farm master,பண்ணயக்காரிச்சி கூப்பட்டாங்க.,பெயர்ச்சொல்,farming_livestock | kinship,,pm,
3358,பண்ணயத்தாள்,,paṇṇayattāḷ,,நிலக்கிழாரிடம் ஆண்டுக் கூலிக்கு வேலை செய்யும் ஆள்.,Bound agricultural farm laborer hired on annual contract,பண்ணயத்தாளுகெடைக்காத வேலக்கிக் கஷ்டம்.,பெயர்ச்சொல்,farming_livestock | human_behavior,,pm,
3359,பண்ணயம்,,paṇṇayam,,"நிலம், கால்நடைகள், வேலையாட்கள் அனைத்தையும் உள்ளடக்கி நிர்வகிக்கும் முறை.",Integrated agricultural farm holding / estate farm system,ஆளில்லாத பண்ணயம் அரப்பண்ணயம்,பெயர்ச்சொல்,farming_livestock,,pm,
3360,பண்ணாட்டு,,paṇṇāṭṭu,,வெட்டிப் பண்ணாட்டு | சக்தியின் பயனற்ற காட்சி | பலதுறை அறிவு; தலைமைப் பண்பு (தற்போது கேலியாகப் பயன்படுகிறது).,"Ruling power, authority / pretension",இந்தப்பண்ணாட்டுக்கொன்னும் கொறச்சலில்ல. | பன்னாட்டுப் பண்றதே இவனுக்கு வேலையாப் போச்சு.,பெயர்ச்சொல்,human_behavior,,od | pm | np,
3361,பன்னாடி,பண்ணாடி,paṉṉāṭi,paṇṇāṭi,பண்ணைக்கு சொந்தக்காரர் | உழவர் | பட்டக்காரர் | கணவர் | கணவன் | எஜமான். கனவன் | தலைவன் | எஜமான்; கணவன்.,"Respected landlord, village patriarch, or husband",பண்ணாடி ஊட்ல இருக்காரா. | ஊர்ப் பன்னாடிகிட்ட நாயங் கேக்கோணும். | பண்ணாடி எங்கே?,பெயர்ச்சொல்,kinship | human_behavior,,od | np | pm,
3362,பண்ணாமெ,,paṇṇāme,,செய்யாமல்.,Without doing / without making,நீயி ஓண்ணும் பண்ணாம இருந்தீனாவே போது.,,speech_phrase,,np,
3363,பண்ணாமை,பண்ணாம,paṇṇāmai,paṇṇāma,"நிலத்தில் பயிரிட்டிருப்பது; உழவு, விவசாயம் (வேளாண்மை).","Cultivation, farming",,,farming_livestock,பண்ணாம | வேளாண்மை,od,
3364,பண்ணை,பன்னை,paṇṇai,paṉṉai,"நீர் சேமித்து வைக்கும் தொட்டி | மாடுகளுக்கு நீர் வைக்கவோ அன்றாடத்தேவைக்காக நீரை நிரப்பி வைக்கவோ உதவும், கல்லால் செய்யப்பட்ட தொட்டி",Heaped stone trough for cattle drinking water,அந்தக் காலத்துல கட்டுத்தரையில ரண்டு மூனு பண்ண வெச்சிருப்பாங்க. இப்பத்தான் சிமிட்டித் தொட்டி.,பெயர்ச்சொல்,farming_livestock,,od | pm,
3365,பண்ணையத்தாளு,,paṇṇaiyattāḷu,,ஒரு வருடத்திற்கு இவ்வளவு பணம் என்று பேசி முடிவு செய்திருப்பார்கள்,Year-round attached farm hand contracted to a landowning farmer,அந்த ஆள் அந்த வருடம் முழுவதும் அந்த விவசாயியிடம் பணியாற்ற வேண்டும். எனக்குத் தெரிந்தே பத்து வருடங்களுக்கு முன்பு வரை கூட ஒரு விவசாயியிடம் ஒரு ஆள் தன் வாழ்வின் கடைசிக் கட்டம் வரை இருப்பார். இப்பொழுது இது மிக அரிதாகிக் கொண்டிருக்கிறது,,farming_livestock,,od,
3366,பண்ணையம்,,paṇṇaiyam,,நில உடைமைகள்,Land holdings / agricultural estate,,,farming_livestock,,od,
3367,பண்ணைவாய் உருளை,,paṇṇaivāy uruḷai,,கபிலை ஏற்றத்தில் வால்கயிறு படக்கூடிய மர உருளை,Wooden roller guiding the tail-rope of a bullock water hoist,,,farming_livestock,,np,
3368,பணிக்கம்,,paṇikkam,,கரும்புப் பாகுப் பதம்.,Correct crystallization stage of boiling sugarcane syrup,பணிக்கமா இருக்குதான்னு பாத்து எடு,பெயர்ச்சொல்,farming_livestock | food_cooking,,pm,
3369,பணிக்கன்,,paṇikkaṉ,,கரும்புப் பாகு பதம் பார்ப்பவன்.,Master boiling craftsman testing syrup stage in jaggery boiling,பணிக்கனக் கூப்புட்டு பாத்துச் சொல்லச் சொல்லு.,பெயர்ச்சொல்,farming_livestock | human_behavior,,pm,
3370,பணிக்கை,,paṇikkai,,பதமாக ஒரு வேலையைச் செய்யும் முறை.,Exact skilled technique taught to master household chores,மகளுக்கு பணிக்கை சொல்லி அனுப்புறா.,பெயர்ச்சொல்,home_household | human_behavior,,pm,
3371,பத்தாததுக்கு,,pattātatukku,,பற்றாக்குறைக்கு.,To add insult to injury / on top of that deficit,பத்தாததுக்கு அவனும் வந்து பேசிட்டுப் போறான் பாரு.,,speech_phrase,,np,
3372,பத்தாம்பசவி,,pattāmpacavi,,ஏதாவது ஒரு தவறை செய்துவிட்டு ஒன்றும் தெரியாதது போல் நடித்தல்.,Crafty hypocrite acting innocent after mischief,செய்யறதையுஞ் வெஞ்சுட்டு பத்தாம்பசலியோட்ட உக்காந்திருக்காம் பாரு.,,human_behavior,,np,
3373,பத்தி,,patti,,ஊதுவத்தி.,Incense stick (agarbatti),சாமிக்கி பத்தி பத்த வெய்யி.,,festival_religion,,np,
3374,பத்திரி,,pattiri,,அம்மை நோய்க்குத் தடவும் வேப்பிலையும் ஆமணக்கு விதையும் கலந்து அரைக்கப்பட்ட சாந்து.,Paste of neem leaves and castor seeds applied for smallpox or measles,அம்மெ போட்டா பத்திரி அரைச்சுப்போடனும். | அம்மைக்குப் பத்திரி அரச்சு நல்லா ஒடம்பு முழுக்கத் தடவோணும்,பெயர்ச்சொல்,body_health,,np | pm,
3375,பத்தினித்தழை,பத்தினித்தலெ,pattiṉittaḻai,pattiṉittale,வேப்ப இலை. | வேப்பிலை.,Neem leaves used for fumigation and medicine | Neem foliage (sacred antiviral herb),பத்தினித் தலெ புடிங்கியாந்து பொகை போடோனு. | ரண்டு கொத்து பத்தினித்தழ பறிச்சுக்கிட்டு வா.,,nature_animals | body_health,,np | pm,
3376,பத்துப்போடு,,pattuppōṭu,,மூசி அல்லது மனா ஆகியவற்றை அரைத்து நெற்றியில் போடுதல்.,Applying medicinal herbal paste poultice on forehead,தெத்திக்கி பத்துபோடு தலைவலி தல்லாப் போகு.,,body_health | action_verbs,,np,
3377,பத்தொ புடிக்கிறது,,patto puṭikkiṟatu,,"திருவிழா, இறப்பு போன்ற காரியங்களில் இரவு நேரத்தில் அவ தொழிலாளர்கள் பிடிக்கும் தீப்பந்தம்.",Carrying lit torches during nocturnal festivals or funeral rites,,,festival_religion,,np,
3378,பதம்பாக்கறியா,,patampākkaṟiyā,,ஒருவரிடமிருந்து கற்றுக் கொண்டதை அவரிடமே சோதித்தல்.,Testing or challenging the master with what was learned from them,என்னையே பதம் பாக்கறியா.,இடைச்சொல்,speech_phrase,,np,
3379,பதம்புடிக்கிறது,,patampuṭikkiṟatu,,சாணை பிடித்தல்.,Honing or sharpening blade edges on a whetstone,கத்திய பதம்புடிக்கோனு.,,action_verbs | home_household,,np,
3380,பதரு,,pataru,,உள்ளற்ற நெல்.,Chaff / hollow sterile grain husks,நேல்லுல பதரு அதிகமா இருக்குது.,,farming_livestock,,np,
3381,பதவல்,,pataval,,காடுகளுக்குள் தேவையில்லாமல் வளர்ந்து கிடக்கும் செடிகொடிகள்.,Wild thicket / scrub tangles growing overgrown in field margins,பதவல்ல போமி நிக்காத உள்ள பூச்சி புழுவு இருக்கு.,,nature_animals | farming_livestock,,np,
3382,பதவிசு,,patavicu,,வாய்ப்பு வசதியுடைய.,Well-to-do / respectable and well-off position,நல்ல பதவிசான ஆளுத்தான்.,பெயர்ச்சொல்,human_behavior,,pm,
3383,பதறி,,pataṟi,,பயந்து கைகால் நடுங்குதல்.,Trembling in panic / anxious palpitation,ஊடு தீப்பிடிச்சசினால நெஞ்சே பதறிப் போச்சு,,human_behavior | body_health,,np,
3384,பதனஞ்சாங்கரொ,,pataṉañcāṅkaro,,பதினைந்து கட்டங்கள் போட்டு விளையாடும் ஆடுபுலி ஆட்டம்.,A 15-grid traditional tiger-and-goat board game,கோயிலு திண்ணையில உக்காந்து பதனஞ்சாங்கரொ வெளையாடுவாங்க பாரு.,பெயர்ச்சொல்,human_behavior,,np,
3385,பதிமூனான்,,patimūṉāṉ,,சீட்டு விளையாட்டு.,Thirteen-card rummy card game played in community halls,அவன்ஊட்டுலயே இருக்கறதில்ல சாவடில உக்கோந்துக்கிட்டுப் பதிமூனான் வெளயாடுவான்.,பெயர்ச்சொல்,human_behavior,,pm,
3386,பதினெட்டாங்கரம்,,patiṉeṭṭāṅkaram,,பதினெட்டு கட்டங்களைக் கொண்ட விளையாட்டு; புலி ஆட்டம்.,Eighteen-point tiger-and-goats folk strategy board game,நேரம் போறதுக்குப் பதினெட்டாங்கரம் வெளையாடறாங்க. | பதினெட்டாங்கல்லுல இவனுக்கு பொழுது போறதே தெரியாது.,பெயர்ச்சொல்,human_behavior,,pm | np,
3387,பதுரு,,paturu,,குற்றம்.,Fault / defect / blame,பதுரு சொல்றதே இவனுக்கு வேலமயாப் போச்சு,,speech_phrase | human_behavior,,np,
3388,பந்தக்காலு,,pantakkālu,,திருமணச்சடங்கு.,Ceremonial planting of the sacred canopy pole for auspicious weddings,கல்யானாத்துக்கு பந்தக்காலு போட்டாச்ச.,,festival_religion,,od | np,
3389,பந்தல்,,pantal,,திருமணம் போன்ற சுப காரியங்களுக்கு போடும் பந்தல். கொங்கு நாட்டில் மங்கலச் சொல்லாக உள்ளது. செட்டி நாட்டில் இறந்தவர்களுக்கு பந்தல் போடும் சொல் சொல்லாக வழக்கிலுள்ளது.,Decorated auspicious thatched canopy erected for ceremonies,,,festival_religion | home_household,,np,
3390,பந்திப்பாய்,,pantippāy,,உணவு உண்பதற்காக விருந்தினர் விரிக்கும் குறைந்த அகலமுடைய பாய். | உணவு உண்ணும் விருந்தினருக்கு விரிக்கும் அளவு குறைந்த பாய்.,Narrow long runner mat spread for dining guests in feast rows,பந்திப்பாய எடுத்துப் போடு. சாப்பாடு போடலாம். | பந்திப்பாயெ எடுத்தாந்து போடு சாப்பிடலாம்.,பெயர்ச்சொல்,home_household | food_cooking,,np | pm,
3391,பந்தொ,,panto,,தீப்பந்தம்.,Flaming torch / firebrand,பந்தோம் புடிக்கப் போயவோனு.,,festival_religion,,np,
3392,பப்புரெட்டு வேலை,,pappureṭṭu vēlai,,ஒப்பந்தம் செய்து முடித்த கட்டட வேலை.,Piecework masonry / lump-sum building contract work,பப்புரெட்டி வேலை செஞ்சுட்டுக் கூலி கேக்கறியா.,பெயர்ச்சொல்,home_household,,pm,
3393,பம்பல்,,pampal,,அறுவடைக்காலம். | அறுவடை; அறுவடைக்காலம்.,Peak harvesting season / harvest time,உங்க காட்டில பம்பலு முடிஞ்சுருச்சா. | உங்கூர்ல பம்பலு தொடங்கியாச்சா?,பெயர்ச்சொல்,farming_livestock | time_seasons,,np | pm,
3394,பம்பாதே,,pampātē,,பதுங்காதே,Do not cower / do not crouch in fear,,,action_verbs,,od,
3395,பம்பு,,pampu,,"தயங்குதல். | ஒரு செயல் செய்யும் முன், வாகு பார்த்து லேசாகத் தயங்குதல்.",Hesitating warily / crouching in anticipation,"என்ன இத்த பம்பு பம்பற | ஆளுபம்பறதப் பாத்த, என்னமோ செய்யப் போறா",வினைச்சொல்,human_behavior | action_verbs,,np | pm,
3396,பம்புதல்,,pamputal,,பதுங்குதல்,Cowering / crouching low to lurk or dodge,,வினைச்சொல்,action_verbs,,od,
3397,பம்மாத்து,,pammāttu,,"வெறும் நடிப்பு, பொய்ச் செயல்.",Fake show / eyewash / pretended gimmick,இந்த பம்மாத்து வேலபெல்லா நம்மகிட்ட வேண்டா.,,human_behavior,,np,
3398,பயராகுதல்,,payarākutal,,ஆடுகள் சினையாகுதல்.,Becoming pregnant / conception in sheep or goats,அந்தப் பிரவக்குட்டி பயராயிடுச்சா.,வினைச்சொல்,farming_livestock,,pm,
3399,பயிர்கலை (த்தல்),,payirkalai (ttal),,அடர்த்தியாகப் பயிர் இருக்கும் வயலில் நெருக்கமானவற்றைப் பிடுங்கிப் போதிய இடைவெளியும் காற்றோட்டமும் ஏற்படச் செய்தல்.,Thinning out densely sown crops for aeration and growth,அந்த வயல்ல பயிர்கலைச்சு உட்டாத்தான் நல்லது.,வினைச்சொல்,farming_livestock | action_verbs,,pm,
3400,பயிராகுதல்,,payirākutal,,கால்நடைகள் சினையாதகல்.,Conceiving / impregnation of cows or livestock,அந்தப் மாடு பயிராயீருச்சா.,,farming_livestock,,np,
3401,பயிராதல்,,payirātal,,பயராதல் என்பதைக் காண்க,Conceiving / becoming pregnant in livestock,,காண்க,farming_livestock,,pm,
3402,பயிரொழவு,,payiroḻavu,,நெருக்கமாகப் பயிர்கள் இருக்கும் வயலில் போதிய இடைவெளி ஏற்பட உழும் உழவு.,Inter-cultivation plowing between standing crops to thin seedlings,பயிரொழவு போட்டாத்தான் பயிர் நல்லா வரும்.,பெயர்ச்சொல்,farming_livestock,,pm,
3403,பரசல்,,paracal,,சிறு படகு.,Coracle / round river boat (parisai),ஏறிலெ பரிசலு ஓட்டுறாங்க | ஏரியில பரசல் ஓட்டறாங்க.,பெயர்ச்சொல்,place_direction,,np | pm,
3404,பரம்படித்தல்,பரம்படிக்கறது,parampaṭittal,parampaṭikkaṟatu,உழுத பின் கலப்பைக்குப் பதிலாகப் பலகையைக் கட்டி நிலத்தைச் சமமாக்குதல். | உழுதபின் கலப்பைக்குப் பதில் பலகையைப் போட்டு திலத்தை சமமாக்குதல்.,Leveling soil surface with a bullock-drawn leveler plank | Leveling plowed field with a wooden drag plank,பரம்படிச்சு உட்டாத்தான் பாத்தி புடிக்க நல்லா இருக்கும். | வயிலுக்கு பரம்படிக்கோனு,வினைச்சொல்,farming_livestock | action_verbs,,pm | np,
3405,பரம்பு,,parampu,,உழுதபின் நிலத்தை ஒப்புரவாக்கும் செயல்.,Soil leveling operation after plowing,இன்னக்கே பரம்படிச்சு உட்ரோனும்.,பெயர்ச்சொல்,farming_livestock,,pm,
3406,பரம்பு ஓட்டுதல்,,parampu ōṭṭutal,,"பொதுவாக ஆற்றில் ஊத்து வெட்டி தண்ணீர் எடுப்பவர்கள், ஆற்றில் நீர் ஓடி ஊற்றை சமன் செய்துவிட்டுப் போனபிறகு மீண்டும் மண்ணைத் தோண்டி ஊற்றாக மாற்றுவர்",Resurfacing or clearing sand springs in dry riverbeds after flood flow,அந்த செய்கைக்குப் பெயர் ‘பரம்போட்டுதல்',வினைச்சொல்,nature_animals | farming_livestock,,od,
3407,பரம்புப் பலகை,பரம்புப்பலகெ,parampup palakai,parampuppalake,உழுதபின் நிலத்தை ஒப்புரவாக்க மாடுகளை ஏரில் பூட்டிக் கலப்பைக்குப் பதிலாகக் கட்டிவிடும் பலகை. | கலப்பைக்குப் பதிலாக கட்டும் நிலத்தை சமமாக்கும் பலகை,Wooden leveling board / drag-plank hitched to bullocks,பரம்புப் பலகையை எடுத்தாந்து வெச்சுரு. | பரம்புப்பலகைய எடுத்துக்கட்டு.,பெயர்ச்சொல்,farming_livestock,,np | pm,
3408,பரம செய்யான்,,parama ceyyāṉ,,செய்யான் என்பதைக் காண்க,Large venomous red centipede,,காண்க,nature_animals,,pm,
3409,பரம தொண்டு,,parama toṇṭu,,விலைமகள்; ஒழுக்கமற்றவள் / ன்.,Notorious degenerate / promiscuous wanton person,அவ கெடக்கறா பரமதொண்டு.,பெயர்ச்சொல்,human_behavior,,pm,
3410,பரவிடி,,paraviṭi,,பரவலாக.,Widely / sprawling over a vast expanse,காடு பரவிடியா இருக்கு.,,place_direction,,np | pm,
3411,பராத்தட்டம்,,parāttaṭṭam,,பெரிய பாத்திரங்களை மூடி வைக்கப் பயன்படும் அகன்ற பெரிய வட்டமான தட்டு.,Large wide circular metal platter used as a cauldron lid,அந்தப் பராத்தட்டம் எங்க.,பெயர்ச்சொல்,home_household,,pm,
3412,பராத்து,,parāttu,,மிகப் பெரிய தட்டு | பராத்தட்டம் என்பதைக் காண்க,Very large wide circular tray or lid,,காண்க,home_household,,od | pm,
3413,பராரி,,parāri,,விலை மகள்.,Prostitute / streetwalker,அது பராரியாத் திரியுது.,பெயர்ச்சொல்,human_behavior,,pm,
3414,பருப்பாமுட்டி,,paruppāmuṭṭi,,பருப்புக் கடையும் மத்து.,Wooden dal churning stick with grooved head,இந்தப் பருப்பா முட்டிய எங்க வெச்சனோ தெரில. | பருப்பா முட்டிய எடுத்தா பருப்புக் தெடையலா.,பெயர்ச்சொல்,home_household | food_cooking,,np | pm,
3415,பருப்புச் சாப்பாடு,,paruppuc cāppāṭu,,"அரிசி, பருப்பு சாதம்",Traditional Kongu dal-rice dish (Arisi Paruppu Sadam),,,food_cooking,,od,
3416,பருவகாரர்,பருவகாரன்,paruvakārar,paruvakāraṉ,நெல் வயலை நாற்று விடுவதிலிருந்து அறுவடை வரை கவனித்துக் கொள்பவர். | நெல் வயலை அறுவடை முடியும் வரை கவனித்துக் கொள்பவர்.,Seasonal paddy tenant cultivator / caretaker farmer,எங்க வயலுக்கு அவருதான் பருவகாரரு. | பருவகார வுந்துட்டானா.,பெயர்ச்சொல்,farming_livestock | human_behavior,,np | pm,
3417,பரை,,parai,,அளக்க உதவும் (வள்ளத்தை விடப் பெரிய ) சாமான்.,Traditional large grain dry-measure wooden container,கம்பளக்க அவுங்கூட்லப்பரைஇருக்குது.வாங்கியா.,பெயர்ச்சொல்,measure_units | home_household,,pm,
3418,பல்விப்பூட்டுத் தழை,,palvippūṭṭut taḻai,,"இந்தவகை தழையை ஆடு, மாடுகள் சாப்பிட்டால் இறந்துவிடும்.",Toxic weed leaf fatal to grazing livestock,பல்லிப் பூட்டுத் தழைய மாரி மேஞ்சரப் போவது.,,farming_livestock | nature_animals,,np,
3419,பலகாரம்,,palakāram,,"பெயரில் காரம் மட்டும் இருந்தாலும் பலவகையான இனிப்பும், காரமும் கலந்த கலவை",Traditional assorted homemade savory and sweet snacks,,,food_cooking,,od,
3420,பலகைக்கல்,,palakaikkal,,"உட்கார, பாத்திரங்கள் கவிழ்த்த உதவும் அகலமானக் கல்.",Broad flat dressed stone slab for sitting or draining pots,ஒரு பலகைக்கல் பாத்து எடுத்தாந்து போடோணும்.,பெயர்ச்சொல்,home_household,,pm,
3421,பலதிய,,palatiya,,பல பிரச்சினைகளையும்.,Multiple nagging troubles / various assorted worries,பலதியம் போட்டு மனசுக்குள்ளெ கொழப்பிக்காதெ,,human_behavior,,np,
3422,பலபலனு,,palapalaṉu,,பரவசமாக.,Radiant / sparkling / brilliantly ordered,பலபலனு அப்பிடியே எல்லாத்தியும் போட்டு வெச்சிருக்குது,,speech_phrase,,np,
3423,பலவரை,,palavarai,,தாயச் சோழி,Cowrie shells used as dice in board games,பலவரை இருந்தா தாயம் வெளையாடலாம்.,பெயர்ச்சொல்,home_household,,pm,
3424,பவு,,pavu,,முகத்தாடை.,Jaw / chin,பவுடு பேந்துரும் பாத்துக்க.,பெயர்ச்சொல்,body_health,,pm,
3425,பவுச,,pavuca,,மரியாதை.,Dignity / social standing / prestige,என்ற பவுசே போசீச,,human_behavior,,np,
3426,பவுடு,,pavuṭu,,கீழ் அன்னம் | முகத்தின் கீழ்ப்பகுதி. தாடை.,Lower jaw / jawbone / chin,லோலாயம் பேசாதடா. பவுட்ட பேத்துடுவேன் | லோலாயம் பேசாதடா. பவுட பேத்துடுவேன் | அடிச்சன்னா பவுடு பேந்துரும்,,body_health,,od | np,
3427,பழசுபட்டறை,,paḻacupaṭṭaṟai,,பழையது.,Scrap pile / heap of old worn-out junk,பழசுபட்டறை இருந்தா எடுத்துப் போடு.,,home_household,,np,
3428,பழஞ்சீலை,,paḻañcīlai,,கிழிந்த பழைய சேலை.,Old torn worn-out saree used as wiping rag,பழஞ்சீலை ஒரு துண்டு கிழி.,பெயர்ச்சொல்,dress_accessories | home_household,,pm,
3429,பழந்துணி,,paḻantuṇi,,கிழிந்த பழைய துணி.,Old rag / discarded scrap cloth for cleaning,பழந்துணி இருந்தாக் குடு தூசத் தொடைக்கலாம்.,பெயர்ச்சொல்,home_household,,pm,
3430,பழம்,,paḻam,,தாய விளையாட்டில் ஒரு காய் சுற்றி வந்து எல்லாக் கட்டத்தையும் கடந்து பழுத்து விடுதல்.,Reaching winning center home in dayakattai board game,காய மொதல்லப் பழத்துக்கு ஓட்டறதுக்குப் பாரு?,பெயர்ச்சொல்,human_behavior,,pm,
3431,பழம்படுதல்,,paḻampaṭutal,,மாடுகள் சினையாதல்.,Conceiving / successfully bred heifer or cow,அந்தக் கெடாரி பழம்பட்டிருச்சா.,வினைச்சொல்,farming_livestock,,pm,
3432,பழமெ,பழமை,paḻame,paḻamai,"பேச்சு. | பேச்சு | பழைய கதைகள், ஊர்ச்சங்கதிகள், சொந்த விஷயங்களை இருவரோ சிலரோ கூடி வெகுநேரம் பேசும் அரட்டை.",Nostalgic gossip / lengthy chat exchanging old village tales,பழமெ பேசறாம்பாரு என்ன பேசறதனு பேசத்தொியாம | அங்கே என்ன பேச்சு - அங்கே என்ன பழமை | எவ்வளவு நேரமாப் பழம் பேசறது.,,speech_phrase | human_behavior,,np | od | pm,
3433,பழயசோகத்து நேரொ,,paḻayacōkattu nēro,,காலை உணவு. இரவில் மீதமாகும் சோற்றை தண்ணார் ஊற்ற வைத்து காலையில் உண்ணும் நேரம். (காலை 8.00 மி),Morning breakfast hour for having fermented cold rice (around 8 AM),பழயசோத்து நேரா ஆயிருச்ச.,,time_seasons | food_cooking,,np,
3434,பழைய சோறு,,paḻaiya cōṟu,,"பொதுவாக காலையில் வயல் வேலைக்குச் செல்வோர், அதிகாலையில் காலை உணவுக்கு முன்ன இரவு மீந்த சாப்பாட்டில் தண்ணீரோ, மோரோ கலந்து சாப்பிட்டுவிட்டு செல்லுவர். அது ‘பழைய சோறானது’",Fermented cold rice steeped in water or buttermilk,,,food_cooking,,od,
3435,பழையசோத்து நேரம்,,paḻaiyacōttu nēram,,காலையில் குறிப்பிட்ட நேரம் வேலை செய்து முடித்தபின் பழைய சோறு உண்ணும் நேரம் ( அதாவது காலை எட்டிலிருந்து ஒன்பது வரை ).,Morning time for having cold rice after field chores (8-9 AM),பழைய சோத்து நேரமாயிடுச்சு.,பெயர்ச்சொல்,time_seasons,,od | pm,
3436,பள்ளயம்,,paḷḷayam,,பல தானியங்களையும் சேர்த்து வேக வைத்து கொடுக்கப்படும் பிரசாதம்.,Consecrated temple offering of boiled multi-grain pulses,கோயில்ல பள்ளயங் குடுக்கறாங்க,,festival_religion | food_cooking,,np | pm,
3437,பளபளன்னு,பளீச்னு,paḷapaḷaṉṉu,paḷīcṉu,தெளிவாக.,Gleaming / shining brightly and cleanly | Brightly / flash / gleaming,பாத்தரொ பளபளன்னு இருக்குது.,,home_household | speech_phrase,,np,
3438,பளுது,,paḷutu,,"ஏணி, நாற்காலி போன்றவற்றில் இரண்டு கட்டைகளை ( கால்களை ) இணைக்கும் சிறு சட்டம்.",Rung or cross-brace strut of a ladder or chair,பளுது நல்லதா இருக்கறாப்பல பாத்து ஏணி எடுத்தா.,பெயர்ச்சொல்,home_household,,pm,
3439,பளுவு,,paḷuvu,,பளுது என்பதைக் காண்க,Cross rung of a ladder,,காண்க,home_household,,pm,
3440,பற்றாசு,,paṟṟācu,,"தோலால் செய்யப்பட்ட ஏற்றச்சால், செருப்பு, பை போன்றவற்றில் கிழிசல் ஏற்படும்போது, ஒட்டுப் போடத் தைக்கும் துண்டுத்தோல்.","Leather patch stitched to mend torn shoes, bags, or well-buckets",பற்றாசு வெச்சுத் தெக்கோணும்.,பெயர்ச்சொல்,home_household | farming_livestock,,pm,
3441,பறத்தலாங்கொடி,,paṟattalāṅkoṭi,,வேலியில் படரும் கொடி. | வேலியில் படரும் ஒருவகைக் கொடி.,Wild climbing hedge vine,புறத்தலாங் கொடிய புடுங்கியா. | வேலி முழுக்கப் பறத்தலாங்கொடி படந்து கெடக்குது.,பெயர்ச்சொல்,nature_animals,,np | pm,
3442,பறி,,paṟi,,ஏற்றத்தில் நீர் மொண்டு வரும் சால். | ஏற்றத்தில் நீர் மொண்டு வரும் ( தோலால் செய்யப்பட்ட ) சால்.,Large leather bucket of traditional picottah water lift,பறிபில ஓட்ட உளுத்தருச்சு. | பறியில் ஓட்ட உழுந்திருச்சு. மேல வரதுக்குள்ள பாதித்தண்ணி போயிருது.,பெயர்ச்சொல்,farming_livestock,,np | pm,
3443,பன்னரங்குழி,,paṉṉaraṅkuḻi,,பெண்கள் விளையாடும் ஒரு வகை விளையாட்டு.,Pallanguzhi traditional 14-cup Mancala pit board game,பன்னாங்குழி வெளயாடலா வா.,,human_behavior,,np,
3444,பன்னாங்கல்லு,,paṉṉāṅkallu,,ஐந்து சிறு கற்களைக் கொண்டு பெண்கள் விளையாடும் விளையாட்டு.,Five-stones folk game played by young girls (Ainthukallu),,,human_behavior,,np,
3445,பன்னாட்டு,,paṉṉāṭṭu,,குலைமைப் பண்பு.,Authoritative governance / bossy arrogance,இந்தப் பன்னாட்டுக்கு ஓண்ணுங் கொறச்சலில்லெ.,,human_behavior,,np,
3446,பன்னாடெ,,paṉṉāṭe,,"பனை, தென்னை மரங்களில் மட்டைகளை மரத்தோடு இணைக்கும் பகுதி. பன்னாடைய எடுத்தா தீ எரிக்கலாம். திட்டும் சொல்.",Coarse sheath fiber of palm tree crowns | fool (abusive slang),சத்த பன்னாடையா இருக்க,,nature_animals | human_behavior,,np,
3447,பனங்கருக்கு,பனங்கறுக்கு,paṉaṅkarukku,paṉaṅkaṟukku,பனைமரக்கன்று.,Young palmyra seedling sprout with prickly leafstalks,பனங்கருக்கு வயலுக்கு நடுவுல மொளச்சி இருக்குது. | பனங்கருக்கு நடுகாட்ல மொளைச்சிருக்குது.,பெயர்ச்சொல்,farming_livestock | nature_animals,,np | pm | od,
3448,பனங்கா,,paṉaṅkā,,பனை மரத்தின் காய் (நுங்கு முற்றிய பனங்காய்).,Palmyra fruit,பனங்காயைச் சுட்டுத் தின்னா ருசியா இருக்கும்.,பெயர்ச்சொல்,nature_animals | food_cooking,,od,
3449,பனங்காடை,,paṉaṅkāṭai,,ஓரு வகைக்குருவி.,Palm swift / Indian roller frequenting palmyra trees,பனங்காட கத்துனா ஊட்டுக்கு ஆகாது.,,nature_animals,,np,
3450,பனங்கிழங்கு,,paṉaṅkiḻaṅku,,பனங்கொட்டைகளை மண்ணில் புதைத்து வைத்து வளரவிட்டு கிழங்கை எடுத்து உப்புப் போட்டு வேக வைத்து சாப்பிடுவது,Boiled palmyra sprout tuber (palmyra root),,,food_cooking,,od,
3451,பனங்குடுக்கை,,paṉaṅkuṭukkai,,முளைக்காமல் உள்ளிருக்கும் பருப்பு கெட்டு ஆட்டினால் ஓசை வரும் பனம்பழக் கொட்டை.,Rattle palmyra nut (hollow spoiled seed that rattles when shaken),"பனங்குடுக்கைய அள்ளியா, அடுப்புல போடலாம்.",பெயர்ச்சொல்,nature_animals,,pm,
3452,பனங்கை,பனாங்கை,paṉaṅkai,paṉāṅkai,வீட்டுக்கூரைக்காகப் பனைமரத்தைப் பிளந்து செதுக்கி நீளவாக்கில் தயாரிக்கப்படும் சட்டம். | வீட்டுக் கூரைக்காக பனை மரத்தைப் பிளந்து செதுக்கி நீள வாக்கில் தயாரிக்கப்படும் சட்டம்.,Palmyra wood rafter / trimmed palm joist beam for roof frame,பனங்கையில கரையான் ஏறிடுச்சு. | பனங்கைமெ வெட்டியாற்து கூரைக்கி போடனும்.,பெயர்ச்சொல்,home_household,,np | pm,
3453,பனந்தடுக்கு,,paṉantaṭukku,,பனை ஓலையால் செய்யப்படும் உட்காரும் தடுக்கு.,Sitting mat woven from stiff palmyra leaves,பனந்தடுக்கெ எடுத்தாந்து போடு உக்காரு. | பனந்தடுக்கு எடுத்தாந்து போடு. உக்கோரட்டும்.,,home_household,,np | pm,
3454,பனந்தப்பை,,paṉantappai,,பனங்கை என்பதைக் காண்க,Long split palmyra lath or ceiling batten,,காண்க,home_household,,pm,
3455,பனம்பட்டை,,paṉampaṭṭai,,பனை ஓலையை மரத்தோடு இணைக்கும் பட்டை.,Fibrous stalk base of a palmyra palm frond,பனம்பட்டையில அவுனி உரிச்சுப் போடு.,பெயர்ச்சொல்,nature_animals,,pm,
3456,பனம்பூ,பனம்,paṉampū,paṉam,பனைமரக்குருத்தில் சிவப்பாக ஒட்டிக் கொண்டிருக்கும் துகள் ( இதை வெட்டுக்காயத்திற்கு மருந்தாகப் பயன்படுத்துவர் ). | பனைமரச் குருத்தில் சிவப்பாக ஒட்டியிருக்கும் துகள்.,Red medicinal powder from tender palmyra spathe used on cuts,காயத்துக்குப் பனம்பூ எடுத்து வெய்யி. | காயத்துக்கு பனம்பூ எடுத்து வெய்மி கல்லாமீர்த.,பெயர்ச்சொல்,body_health | nature_animals,,np | pm,
3457,பனம்பூட்டு,,paṉampūṭṭu,,பனை மரத்தின் அடிமர இணைப்பு அல்லது பனங்கட்டைப் பூட்டு.,Joint or solid block of palmyra timber,பனம்பூட்டு மரத்த வச்சு வாசல் தூண் செஞ்சாங்க.,பெயர்ச்சொல்,home_household | farming_livestock,பொருள் உறுதிப்படுத்தப்படவில்லை (AI உருவாக்கம்) · Meaning not verified (AI generated),od,
3458,பனியிலு,,paṉiyilu,,பணியன்.,Vest / cotton undershirt / banyan,இந்தப் பயெ பனியிலு போடறெ வேலெயே இல்லெ.,,dress_accessories,,np,
3459,பனுக்கல்,,paṉukkal,,பரவல்.,Spread out loosely in a thin layer for drying,"கம்ப பனுக்கலாப்போடு, காயட்டும்.",பெயர்ச்சொல்,farming_livestock | action_verbs,,pm,
3460,பாக்கிலியா,,pākkiliyā,,பார்க்கவில்லையா.,Did you not see? / haven't you looked?,அவங்கெ உள்ளெ பாக்கிலியா,,speech_phrase,,np,
3461,பாக்குக் கடிக்கிற நேரம்,,pākkuk kaṭikkiṟa nēram,,மிகக் குறைந்த நேரம்.,A split second (the brief moment taken to bite a betel nut),பாக்குக் கடிக்கிறநேரத்துல வந்திர்றன்.,பெயர்ச்சொல்,time_seasons,,pm,
3462,பாக்கோனு,,pākkōṉu,,பார்க்க வேண்டும்.,Must see / want to look at,நானு உன்னிபை பாக்கோனும்னு நெனச்செ நீயே வந்துட்டெ.,,action_verbs | speech_phrase,,np,
3463,பாகு,,pāku,,சர்க்கரைக் கரைசல்.,Boiled jaggery or sugar syrup of desired consistency,சக்கரைப் பாகு காய்ச்சி பரிப்பி செய்யலா.,,food_cooking,,np,
3464,பாங்கா,,pāṅkā,,பக்குவமாக.,Safely / prudently and securely,பாங்கா வெய்யி இல்லின்னா எங்கியாவது காணாம போயிரும்.,,human_behavior,,np,
3465,பாங்கிணறு,,pāṅkiṇaṟu,,தூர்வாரப் படாமல் தூர்ந்து போய்க் கிடைக்கும் பழைய கிணறு,Abandoned silted-up well / unmaintained dry well,,,farming_livestock | place_direction,,od,
3466,பாங்கெனாறு,,pāṅkeṉāṟu,,பாழடைத்த கிணறு. தீரில்லாமல் இருக்கும் கிணறு.,Dilapidated derelict well,,,place_direction | farming_livestock,,np,
3467,பாச்சை,பாற்றை,pāccai,pāṟṟai,கரப்பாம்பூச்சி | கரப்பான் பூச்சி,Cockroach,,,nature_animals,மலையாளத்தில் பாற்ற (pāṟṟa in Malayalam) - கரப்பான் பூச்சி,od,
3468,பாசை,,pācai,,நல்ல பழக்க வழக்கம்.,Good manners / refined etiquette / decorum,பையனுக்குப் பாசையில்ல.,பெயர்ச்சொல்,human_behavior,,pm,
3469,பாஞ்சாங்கரம்,பாஞ்சாங்கரொ,pāñcāṅkaram,pāñcāṅkaro,பதினைந்து புள்ளிகள் உள்ள கட்டத்தில் கற்கள் வைத்து இருவர் ஆடும் விளையாட்டு. | காண்க. பதனஞ்சாங்கரொ.,Traditional 15-point folk board game,ஆட்ட உட்டுட்டுப் பாஞ்சாங்கரம் வெளையாண்டுக்கிட்டு இருக்கறாங்க.,பெயர்ச்சொல்,human_behavior,,np | pm,
3470,பாஞ்சாநாளு,,pāñcānāḷu,,பதினைந்தாம் நாள்.,Fifteenth day,நீ இன்னிக்கிப் போ. பாஞ்சாநாளுக்கு நானு வந்தர்றன்.,பெயர்ச்சொல்,time_seasons,,pm,
3471,பாஞ்சு ரூவா,,pāñcu rūvā,,பதினைந்து ரூபாய்.,Fifteen rupees,பாஞ்சுருவா இருந்தாக்குடு,,measure_units,,np,
3472,பாஞ்சுபோடூ,,pāñcupōṭū,,மாடு பாய்ந்து விடுதல்.,The cow or bull might charge at you,மாடு பாஞ்சுபோடூ கிட்டத்தால போகாத.,,farming_livestock,,np,
3473,பாஞ்சுருவா,,pāñcuruvā,,பாய்ந்து விடுவான்.,He will pounce violently / he will charge,கோலொ வந்தா அவ ஆளுமேல பாஞ்சுருவான்.,,action_verbs,,np,
3474,பாட்டாளி,,pāṭṭāḷi,,உழைப்பாளி,Hard-working laborer / proletariat toiler,,,human_behavior,,od,
3475,பாட்டுமி,,pāṭṭumi,,பெளாணமிக்கு மறுநாள்.,First day after full moon (Prathama tithi),பாட்டுமி முடிஞ்சதும் பாக்கலாம் வா.,,time_seasons | festival_religion,,np,
3476,பாடம்,,pāṭam,,"விஷக்கடி, உடல் நலமின்மை போன்றவற்றிற்காக துணியால் பாதிக்கப்பட்டவரின் மேல் அடித்துக் கொண்டே வாய்க்குள் முனுமுனுக்கும் மந்திரச் சொற்கள்.",Folk incantation chanted over snakebite or boil,செலந்திக்குப் பாடம் போடறது தான.,பெயர்ச்சொல்,festival_religion | body_health,,pm,
3477,பாடமடிக்கிறது,,pāṭamaṭikkiṟatu,,பாம்பு கடித்தவுடன் பாம்பு கடித்த இடத்தில் வேப்பிலையை வைத்து மந்திரம் ஓதி விஷத்தை வெளியே எடுத்தல்.,Exorcising snake venom by chanting charms and brushing with neem twigs,பாம்பு கடிச்சிப் போச்சுன்னா பாடமடிக்கோனு.,,festival_religion | body_health,,np,
3478,பாடா இருத்தல்,,pāṭā iruttal,,"கஷ்டமாக, சோம்பலாக இருத்தல்.",Feeling lethargic or overwhelmed by an onerous chore,"என்னமோ தெரில, வேல செய்யறதுக்கு ஒரே பாடாஇருக்குது போ.",வினைச்சொல்,human_behavior,,pm,
3479,பாடாவதி,,pāṭāvati,,மட்டரகமான.,"Cheap, worthless, ramshackle stuff",சுத்த பாடாவதியா இருக்கே.,,human_behavior,,np,
3480,பாடு,,pāṭu,,உழைப்பு. | மனஸ்தாபம்.,Hard toil / friction or exasperating ordeal,இந்தப் பாடுபட்டாலு மக்கு கஞ்சி கெடக்தாது. | அவங்கூட பாடாப் போச்சு.,பெயர்ச்சொல்,human_behavior,,np | pm,
3481,பாண்டி,,pāṇṭi,,பல்லாங்குழி விளையாட்டு.,Pallanguzhi board game / hopping game,பாண்டி வெளையாடலாமா.,பெயர்ச்சொல்,human_behavior,,pm,
3482,பாண்டிக்குழி,,pāṇṭikkuḻi,,பாண்டி என்பதைக் காண்க,Pits on a traditional wooden Mancala board,,காண்க,home_household,,pm,
3483,பாண்டீங்குழி,பாண்டியங்குழி,pāṇṭīṅkuḻi,pāṇṭiyaṅkuḻi,"தானியங்களைச் சேமித்து வைப்பதற்காகவோ, வேறு காரணத்திற்காகவோ பழங்காலத்தில் நிலத்தில் வெட்டப்பட்டுப் பலகைக் கல்லால் மூடப்பட்டிருக்கும் குழி. ( நிலத்தை உழும்போது இத்தகைய குழிகளைக் கண்டுபிடிப்பர்). | தானியங்களை சேமித்து வைக்க பழங்காலத்தில் நிலத்தில் ஆழமாக வெட்டப்பட்டு பலஸகையான கல்லால் மூடப்பட்டிருக்கும் குழி.",Ancient subterranean grain storage silo lined with stone slabs,அவுங்க காட்ல ரண்டு மூனு பாண்டியங்குழி இருக்குது. | பாண்டீங்குழிமிலதெ கம்பு சோளமெல்லா போட்டு வெச்சிருந்தம் மொதல்ல,பெயர்ச்சொல்,farming_livestock | home_household,,np | pm,
3484,பாண்ணை,,pāṇṇai,,கால்நடைகள் குடிநீர் அருந்தும் தொட்டி.,Cattle watering trough or tub,தவுட்டெ தவுட்டுத் தாழிலெ போடு மாடு குடிக்கிட்டு.,,farming_livestock,காண்க: தவுட்டுத்தாழி,np,
3485,பாணக்கம்,,pāṇakkam,,கருப்பட்டியும் புளியும் கலத்து செய்யப்படும் நீர்ம திரவம்.,Traditional sweet-sour spiced jaggery coolant drink (Panakam),,,food_cooking,,np,
3486,பாணைசைசேர்த்தல்,,pāṇaicaicērttal,,இடுக்குக் கோல் கொண்டு பாளையை பதப்படுத்தல்,Massaging and clamping the palmyra flower spadix with wooden tongs,,,farming_livestock,,np,
3487,பாத்தி கட்டுதல்,,pātti kaṭṭutal,,நடவுக்கு மண்ணையும் தண்ணீர் பாயும் பாத்தியையும் சீராக்குதல்,Preparing bunded plots and beds for irrigation and transplanting,,வினைச்சொல்,farming_livestock,,od,
3488,பாத்திக்கால்,,pāttikkāl,,பருத்தி விதை ஊன்றுவதற்கு அமைக்கப்படும் பாத்தியின் திட்டாகப் பிரிக்கப்பட்ட ஒரு பகுதி.,Raised ridge line within an irrigation plot for sowing cotton,பாத்திக்கால் நனையறாப்பல தண்ணி நெறையோணும்.,பெயர்ச்சொல்,farming_livestock,,pm,
3489,பாத்துருக்கோனு,,pātturukkōṉu,,பார்த்திருக்க வேண்டும்.,Should have seen / ought to have witnessed,அங்கெ என்னொ நடந்ததுனு நீயி பாத்துருக்கோனு.,,speech_phrase,,np,
3490,பாதகொறடு,பாதக்குறடு,pātakoṟaṭu,pātakkuṟaṭu,சாமியாடிக் குறி சொல்பவர் அணியும் மரக்கட்டையில் முள்முள்ளாக இருக்கும் செருப்பு. | சாமியாடி குறி சொல்பபர் அணியும் முட்கள்போல இருக்கும் செருப்பு.,Spiked wooden clogs worn by possessed folk oracles,பாதக்குறடத் தவிர வேற செருப்பொன்னும் போட மாட்டாரு. | சாமிக்கிப் பாதகொறடு போடனும்.,பெயர்ச்சொல்,festival_religion | dress_accessories,,np | pm,
3491,பாசரம்,பாதசரம்,pācaram,pātacaram,காலில் அணியும் ஓசை எழுப்பாத கொலுசு போன்ற அணிகலன். | பாதசரம். பெண்கள் பாதத்தில் அணியும் சரம். கொலுசு.,Mute silver foot-chain without jingling bells,அந்தப் பிள்ள கால்ல பாதரசம் போட்டிருக்குது. | பாசரம் போடாமியே சுத்தறா பாரு.,பெயர்ச்சொல்,dress_accessories,,np | pm,
3492,பாதாள சோதி,பாதாள ஜோதி,pātāḷa cōti,pātāḷa jōti,கிணற்றில் விழுந்துவிட்ட பொருட்களை எடுக்க உதவும் முட்கொக்கிகள் நிறைந்த சாதனம். | கினற்றில் விழுந்து விட்ட பொருட்களை எடுக்க உதவும் முட்கொக்கிகள் நிறைந்த சாதனம்.,Iron grapnel claw used to fish out lost buckets from well bottoms,பாதாளசோதி போட்டுத்தான் கொடத்த வெளீல எடுத்தாங்க. | பாதாளசோதி போட்டு தேடிப்பாத்து கெடைக்கல.,பெயர்ச்சொல்,farming_livestock | home_household,,od | np | pm,
3493,பாந்தடை (தல்),,pāntaṭai (tal),,வீட்டுக் கூரைக்கும் சுவருக்கும் இடையில் இருக்கும் சந்து பொந்துகளைக் காரைப்பூச்சு கொண்டு மூடுதல்.,Sealing eaves gaps between walls and rafters with mortar,ஊட்டு வேல எல்லாம் முடிஞ்சிடுச்சு. இனிமே பாந்தடைக்கறதுதான் பாக்கி.,வினைச்சொல்,home_household | action_verbs,,pm,
3494,பாந்து,,pāntu,,வீட்டுக் கூரைக்கும் சுவருக்கும் இடையில் இருக்கும் சந்து பொந்துகள்.,Crevices and gaps between the eaves of a roof and wall top,ஊட்டுல பாந்து நெறையத் தெரீது. | ஊட்டுக்குள்ள பாந்து நெறையா இருக்கு.,பெயர்ச்சொல்,home_household,,np | pm,
3495,பாப்பராண்டி,,pāpparāṇṭi,,அரணை,Skink (small agile crawling lizard),ஊர்வன வகையினைச் சார்ந்தது,,nature_animals,,od,
3496,பாப்பாத்தி,,pāppātti,,பெண்களை அழைக்கும் சொல்.,Affectionate address for a girl or woman,,,speech_phrase | kinship,,np,
3497,பாப்போ,,pāppō,,பார்க்கலாம்.,We shall see / let us check later,அப்பறோம் பாப்போ செரியா,,speech_phrase,,np,
3498,பாம்பேரி,பாம்பேறி,pāmpēri,pāmpēṟi,கிணறு வெட்டியதில் இருந்து வெளிவந்த மண் அருகிலேயே ஏரி போல குவித்து வைக்கப்பட்டு மேடாக மாறி இருக்கும் | கிணற்றின் சுற்றுச்சுவர்.,Platform inside well where people can sit and take bath,பாம்பேரி மேல போயி ஏறிக்கிட்டு நிக்கறாம் பாரு. | பாம்பேறிமேலலெ நிக்காத உள்ள உளுந்தருவ.,பெயர்ச்சொல்,farming_livestock | home_household,,od | pm | np,
3499,பாய்ச்சல்,,pāyccal,,"ஏணியைச் சாய்த்து வைத்து, எட்டும் உயரத்தில் இருக்கும் வெற்றிலையைக் கிள்ளுதல் ஒரு பாய்ச்சல் என்று பெயர்.",One harvesting reach / stretch of plucked betel leaves,ஒரு பாய்ச்சல் கிள்ளிட்டியா.,பெயர்ச்சொல்,farming_livestock | measure_units,,pm,
3500,பாயி,,pāyi,,பாய. கோரைப் புல்லால் செய்யப்பட்ட பாய்.,Sleeping mat woven from marsh reed grass (korai pai),பாயி விரிச்சி தூங்குனாத்தெ தூக்கொ வரும்.,,home_household,,np,
3501,பார்,,pār,,"வெங்காயம், கரும்பு போன்ற பயிரிட அமைக்கப்படும் சிறு மேடு. | வெங்காயம், கரும்பு போன்றவை நட அமைக்கப்படும் சிறு மண் திட்டு.",Ridge or raised earth bed for planting sugarcane and onions,பாரோட்டி வெங்காய நடணும். | நேத்துத்தான் ஒழவோட்டுனம். இன்னிக்கிப் பார் போடோனும்.,பெயர்ச்சொல்,farming_livestock,,np | pm,
3502,பார் கலைத்தல்,,pār kalaittal,,பயிர் ஓரளவு வளர்ந்த பின் அதை வெட்டிச் சமமாக்குதல்.,Leveling down crop ridges to earthing-up adjacent furrows,பார் கலச்சாச்சா?,வினைச்சொல்,farming_livestock,,pm,
3503,பார் சட்டம்,,pār caṭṭam,,வண்டியின் மேல் பகுதியில் நீளமாகப் பொருத்தப்பட்டிருக்கும் மரச்சட்டம்.,Top railing timber running along the side of a bullock cart,பார் சட்டத்தப் புடுச்சுப் பசங்க தொங்கிட்டு வர்றாங்க.,பெயர்ச்சொல்,farming_livestock,,pm,
3504,பார்கட்டுதல்,,pārkaṭṭutal,,வயலில் பார் அமைத்தல்.,Ridging soil / making irrigation ridges,,வினைச்சொல்,farming_livestock,,pm,
3505,பார்கோதுதல்,,pārkōtutal,,பார் கலைத்தல் என்பதைக் காண்க,Hoeing and reshaping field ridges,,காண்க,farming_livestock,,pm,
3506,பார்ப்பு,,pārppu,,வேகமாகத் தொடங்கி ஒரு சில நிமிடங்கள் பெய்து ஓய்ந்துவிடும் மழை அளவு.,Brief passing shower of rain,மழை நல்லாவா வந்தது. ஒரு பார்ப்போட நின்னு போச்சு.,பெயர்ச்சொல்,nature_animals | time_seasons,,pm,
3507,பார்வைக்கொப்புளம்,பார்வைக் கொப்பளொ,pārvaikkoppuḷam,pārvaik koppaḷo,திருஷ்டியால் உடலில் ஏற்படும் கொப்புளம். | கண் திருஷ்டியினால் உடலில் ஏற்படும் புண்.,Inflammatory boils attributed to evil eye curse,கொழந்தக்கி ஒடம்பெல்லாம் பார்வக் கொப்பளம் வந்திருச்சி. | கொழந்தககி உடம்பு பூரா பார்வ கொப்பளொமா இருக்கு.,பெயர்ச்சொல்,festival_religion | body_health,,np | pm,
3508,பாரடுவாசி,,pāraṭuvāci,,நாற்றுக்கள் நட்டு முளைக்காமல் போன இடத்தில் மீண்டும் நடப்படும் நாற்று.,Gap-filling seedling replanted where sown seeds failed,,,farming_livestock,,np,
3509,பாரவண்டி,,pāravaṇṭi,,மூட்டை சுமைகள் ஏற்றிச் செல்லும் மாட்டு வண்டி.,Heavy cargo bullock cart for hauling freight,அவுங்கப்பன் பாரவண்டி ஓட்டிக்கிட்டு இருக்கறாரு.,பெயர்ச்சொல்,farming_livestock,,pm,
3510,பால் கறத்தல்,,pāl kaṟattal,,பால் பீய்ச்சுதல்,Milking cows or buffaloes,,வினைச்சொல்,farming_livestock | action_verbs,,od,
3511,பால் பீய்ச்சுதல்,,pāl pīyccutal,,பசு அல்லது எருமையின் மடியிலிருந்து பால் கறத்தல்.,Extracting milk / squirting milk from teat,,வினைச்சொல்,farming_livestock | action_verbs,,od,
3512,பால் மாறுதல்,,pāl māṟutal,,மாடு பால் வற்றி விடுதல்.,Drying off of milk yield in lactating cattle,இந்த எரும பால் மாறிட்டுது.,வினைச்சொல்,farming_livestock,,pm,
3513,பால்கறையான்,,pālkaṟaiyāṉ,,கூரை முகட்டுச் சட்டத்தை அரித்துத் தின்னும் வெண்நிறமுடைய சிறு கறையான்.,White wood-boring termite infesting roof ridge poles,மொவுட்டுச் சட்டத்துல பால்கறையான் ஏறியிருக்குது.,பெயர்ச்சொல்,nature_animals | home_household,,pm,
3514,பால்டாயில்,,pālṭāyil,,பாலிடால் என்ற விவசாய பூச்சிக் கொல்லி,Folidol (popular organophosphate agricultural pesticide),யார் விஷம் குடித்தாலும் இதைத்தான் சொல்லுவார்கள்,,farming_livestock,,od,
3515,பால்திரும்புதல்,,pāltirumputal,,மாடு கன்றுஈன்று சீம்பால் மாறி நல்ல பாலாகுதல்.,Transition of bovine colostrum into normal sweet milk,மாடு இப்ப ரண்டு நாளாத்தா பால் திரும்பிருக்குது.,வினைச்சொல்,farming_livestock,,pm,
3516,பால்நாகம்,,pālnākam,,வெண்ணிற நாகப் பாம்பு.,Pale albino cobra / whitish cobra snake,அந்தப் பக்கம் போவாத பால்நாகமாட்டந்தான் தெரிஞ்சுது.,பெயர்ச்சொல்,nature_animals,,pm,
3517,பால்பாசி,,pālpāci,,சிறு குழந்தைகளின் கழுத்தில் போடும் வெண்மையான குறும்பாசிகள் கோர்க்கப்பட்ட மாலை ( இதைப் போட்டால் குழந்தைக்குப் பால் நன்றாக ஜீரணமாகும் என்பது நம்பிக்கை).,White bead necklace put on infants to aid milk digestion,கொழந்த பால இப்படிக் கதக்குது. ஒரு பால் பாசி வாங்கிப் போடு.,பெயர்ச்சொல்,dress_accessories | body_health,,pm,
3518,பால்பூட்டெ,பால்பூட்டை,pālpūṭṭe,pālpūṭṭai,தானியம் அரும்பும் நிலையிலிருக்கும் இளம் கதிர். | தானியம் அரும்பும் நிலையிலிருக்கும் இளம்பயிர்.,Milky grain stage of emerging cereal earheads,காடு நெறையப் பால் பூட்டையா இருக்குது. | மக்காஞ்சோள இப்பத பால்பூட்டெ உட்டுக்குது.,பெயர்ச்சொல்,farming_livestock,,np | pm,
3519,பால்பூடு,பால்ப்பூடு,pālpūṭu,pālppūṭu,கிள்ளினால் பால் வரும் சிறுபூண்டு வகை. | இலையைச் கிள்ளினால் மரத்திலிருந்து பால் வடியும்.,Wild weed exuding milky latex sap when snapped,பால்பூட்ட ஆடு மேஞ்சு புடும்.,பெயர்ச்சொல்,nature_animals,,np | pm,
3520,பாலமரம்,,pālamaram,,இலையைக் கிள்ளினால் மரத்திலிருந்து பால் வடியும் ஒருவகை மரம்.,Tree species producing white milky sap,பால மரத்துக்கொம்புல ஒன்னுவெட்டு.,பெயர்ச்சொல்,nature_animals,,pm,
3521,பாலி,,pāli,,குளத்தை விடச் சிறிய நீர்நிலை,Small rustic pond / shallow watering hole,,,nature_animals | farming_livestock,,od,
3522,பாலக்காலு,பாலைக்கால்,pālakkālu,pālaikkāl,வீடு கடைகால் போடும்போது செய்யும் சடங்கில் பயன்படுத்தும் பாலமரத்தின் கோல். | கலடக்கால் போடும் போது சடங்கில் பயன்படுத்தும் பால்மரத்தின் கோல்.,Consecrated milky-sap sapling branch planted at house foundation rites,பாலக்கால் வெட்டியாந்து வெச்சிருக்கறயா. | ஆடு கட்ட பாலக்காலு போடணு.,பெயர்ச்சொல்,festival_religion | home_household,,np | pm,
3523,பாவனை,,pāvaṉai,,நல்ல கவனிப்பு.,Attentive feeding and nursing care of livestock,எருமைக்குப் பாவன பாத்தால்ல பால் இருக்கும்.,பெயர்ச்சொல்,farming_livestock | human_behavior,,pm,
3524,பாவாளை,,pāvāḷai,,பால் ஊற்றி அரிசிமாவில் செய்யும் தின்பண்டம்.,Milk-infused sweet rice delicacy,"எங்கயோ பாவாள செய்யறாங்க, மணமடிக்குது.",பெயர்ச்சொல்,food_cooking,,pm,
3525,பாவுதல்,,pāvutal,,வீட்டுப் பயன்பாட்டிற்காகக் கல்லின் மேல் பகுதி வெளியில் தெரியும்படி புதைத்தல்.,Embedding flat stone paving into floor or yard,பாத்திரங் கழுவுற எடத்துல ஒரு கருங்கல் பாவோனும்.,பெயர்ச்சொல்,home_household | action_verbs,,pm,
3526,பாவை,,pāvai,,பாய்,Sleeping mat,,,home_household,,od,
3527,பாழி,,pāḻi,,பாறையில் நீர் தேங்கி நிற்கும் பெரிய குழி. | பாறையில் நீர் தேங்கி நிற்கும்படியான பெரிய குழி.,Natural rock pool / rainwater hollow on rocky outcrop,பாழியில பாரு நெறய தண்ணி இருக்கு. | பாழியில நெறையத் தண்ணி கெடக்குது. துணி தொவைக்கலாம்.,பெயர்ச்சொல்,nature_animals | place_direction,,np | pm,
3528,பாளை சேர்த்தல்,,pāḷai cērttal,,"கள், பதநீர் இறக்குவதற்காக முதலில் இடுக்குக்கோல் கொண்டு பாளையைப் பதப்படுத்தல்.",Clamping and priming palm spadix with tongs for tapping sap,இன்னம் தெளுவு துளிக்கல. இப்பத்தான் பாளை சேக்கரன்.,வினைச்சொல்,farming_livestock,,pm,
3529,பாளை தள்ளுதல்,,pāḷai taḷḷutal,,"( பனை, தென்னை ) மரம் புதிதாகப் பாளை விடுதல்.",Putting forth new flower spadix (in palm or coconut trees),இந்தப் பனை பாளை தள்ளிருச்ச. | இந்தப் பன பாள தள்ளிடுச்சா.,வினைச்சொல்,farming_livestock | nature_animals,,np | pm,
3530,பாளைக்கத்தி,,pāḷaikkatti,,பாளை சீவ (தெளிவு இறக்குவதற்காக ) மரமேறுபவர்கள் பயன்படுத்தும் மிக மென்மையான நுனிப் பகுதியுடைய அரிவாள். | பாளை சீவ மரமேறுபவர்கள் பயன்படுத்தும் மிகக் கூர்மையான நுனிப் பகுதி உடைய கத்தி.,Palm tapper's special curved pruning knife,பாளைக் கத்தியில் ஒல வெட்டக்குடாது. | பாளைக்கத்தியில காய்ச்சிய வெட்டாத மொண்ணையாயிரும்.,பெயர்ச்சொல்,farming_livestock | home_household,,np | pm,
3531,பாளைசீவுதல்,,pāḷaicīvutal,,"கள் இறக்கும் பனைமரப் பானையை காலையிலும் மாலையிலும் சீவுதல். | கள், பதநீர் இறக்குவதற்காகப் பனைமரத்தின் பாளையைத் தினமும் காலை, மாலை இருவேளையும் அறுத்துவிடுதல்.",Slicing palm spathe tip twice daily to sustain sap flow,பாளையெ சீவுனாதான் கள்ளு இறக்க முடியும். | ஒரு நேரம் பாள சீவாட்டியும் தெளுவு கொறஞ்சிடும்.,வினைச்சொல்,farming_livestock,,np | pm,
3532,பானக்கம்,,pāṉakkam,,கருப்பட்டி கலந்து செய்யப்படும் இனிப்பு நீர்,Traditional jaggery and cardamom holy drink (Panakam),,,food_cooking | festival_religion,,od,
3533,பிக்கல்பிடுங்கல்,,pikkalpiṭuṅkal,,கடன் தொல்லை.,Nagging harassment by moneylenders / incessant financial trouble,கடன் தொல்லயால பிக்கலு பிடுங்கலுமா இருக்கு.,,human_behavior,,np,
3534,பிக்காதெ,,pikkāte,,பிரிக்காதே.,Do not separate / do not dismantle,,,action_verbs,,np,
3535,பிக்காலி,,pikkāli,,திட்டும் வரத்தை.,Scamp / rogue (abusive term),,,human_behavior,,np,
3536,பிக்காலெ,,pikkāle,,பின்னால்.,Behind / backwards / to the rear,,,place_direction,,np,
3537,பிகு,,piku,,பிறர் தன்னை மிகவும் வேண்டிக் கொள்ளுதல்.,Acting pricey / feigning reluctance to be coaxed,ரொம்புத்தெ பிகு பண்ணிக்காதெ.,,human_behavior,,np,
3538,பிச்சவாங்கு,,piccavāṅku,,நல்லமுறையில் செய்தது.,Performing stupendously / stealing the show,பாட்டுபோட்டில பிச்சு வாங்கிட்டியே,,speech_phrase,,np,
3539,பிச்சு,,piccu,,ஈரல்.,Liver / entrails,கறியில ரண்டு பிச்ச எடுத்துப் போடு.,பெயர்ச்சொல்,food_cooking | body_health,,pm,
3540,பிச்சுவாக்கத்தி,,piccuvākkatti,,உரைக்குள் வைத்திருக்கும் ஆயுதம். கத்தி.,Dagger / bichuwa stiletto with sheath,பிச்சுவா கத்தியில குத்திபோட்டான்.,,home_household,,np,
3541,பிசகு,,picaku,,"கைகால் அடிபடுதல், கால் பிசகிருச்சு நடக்க முடியல. தவறுதல்.",Sprain / joint dislocation | making an error,உனக்கு புத்தி பிசகிப் போயிருச்சா?,,body_health | human_behavior,,np,
3542,பிசினாறி,,piciṉāṟi,,கஞ்சன். | கஞ்சத்தனம் மிக்கவனைக் குறிக்கும் திட்டுச்சொல்.,Stingy skinflint / tight-fisted miser,"அவனே ஓரு பிசினாறி அவன்கிட்ட போயி கடங் கேக்குற | அவன்கெட்ட பிசினாறி, ஒரு காசு செலவு பண்ண மாட்டான்.",பெயர்ச்சொல்,human_behavior,,np | pm,
3543,பிசுக்கு,,picukku,,எண்ணெய் படிந்து உண்டான பிசுபிசுப்பு. | பொருள் வாங்கிய பின் கேட்டு வாங்கும் அல்லது அவர்களாகவே கொடுக்கும் கொசுறு.,Greasy oil smudge | extra bonus freebie on purchase,"அந்த தலகாணியிலெ பிசுக்கா ஒட்டியிருக்கு. | இவ்வளவு வாங்கியிருக்கறன், கொஞ்சம் பிசுக்கு போடு",பெயர்ச்சொல்,home_household,,np | pm,
3544,பிசுபிசுணு,,picupicuṇu,,பசைத்தன்மை (அ) ஒட்டுதல்,Sticky / gummy / tacky to the touch,கையில எண்ணெப் பச பிசுபிசுனு இருக்குது.,,body_health,,np,
3545,பிஞ்சுபோச்சு,,piñcupōccu,,அறந்துபோச்சு. காண்க,Snapped apart / torn into pieces,,,action_verbs,,np,
3546,பிடிமானம்,,piṭimāṉam,,செலவு செய்வதில் சிக்கனம்.,Financial prudence / frugality,காசுல பிடிமானமா இருக்கோணும்டா.,பெயர்ச்சொல்,human_behavior,,pm,
3547,பிணி,,piṇi,,"கட்டில் கயிறு இரண்டிரண்டாகவோ, நான்கு நான்காகவோ சேர்த்துப் பிரிக்கப்பட்டிருக்கும் பகுதி.",Sectional cord grouping in a woven cot,இந்தக் கட்டிலுக்கு இருவது பிணி வருமா.,பெயர்ச்சொல்,home_household,,pm,
3548,பிதுரு,,pituru,,பேரன் (அ.) பேத்தியின் குழந்தை.,Great-grandchild,அவனுக்கென்ன பேத்துபிதுரு எடுத்தாச்சு.,,kinship,,pm | np,
3549,பிப்பு,,pippu,,அரிப்பு எடுத்தல் | உடலில் அரிப்பு ஏற்படுத்தும் தோல் நோய். | பிய்ப்பு. உடல் அரிப்பைக் கொடுக்கும் தோல் நோய்.,Pruritic skin itch / rash outbreak,உடம்பெல்லாம் பிப்பு புடிச்சிகிச்சி | ஏதோ பிப்பு புடிச்சவளாட்டம் சொறியறா.,பெயர்ச்சொல்,body_health,,od | np | pm,
3550,பிம்பாரொ,,pimpāro,,வண்டியின் பின் பக்கம் ஏற்றும் பாரம்.,Rear cargo load on a cart,பிம்பாரொ நெறக்கா இருக்குது.,,farming_livestock,,np,
3551,பிர்க்கட்டு,,pirkkaṭṭu,,சுற்று வட்டாரப் பகுதி.,Surrounding regional territory / locality circle (firka),இந்தப்பிர்க்கட்டுல என்னய எதுத்து எவன்டா நிக்க முடியும்.,பெயர்ச்சொல்,place_direction,,pm,
3552,பிரயோசனொ,,pirayōcaṉo,,பயன்.,Usefulness / benefit / utility,உன்னாலெ ஒரு பிரயோசமுமில்லை.,பெயர்ச்சொல்,speech_phrase,,np,
3553,பிரவை,,piravai,,(சினையாகும் முன் வரையான ) பெண் ஆட்டுக்குட்டி.,Young maiden ewe or female kid before first breeding,இந்தப் பிரவ இன்னம் பயராவுலயா.,பெயர்ச்சொல்,farming_livestock,,pm,
3554,பிராணதாரை,,pirāṇatārai,,மரணத்திற்குமுன் கொடுக்கும் சத்திய வாக்கு.,Sacred deathbed bequest or dying vow,பிராணதாரை குடுத்துட்டு மொனகிகிட்டு இருந்தாரு.,,festival_religion | speech_phrase,,np,
3555,பிராணெ போவுது,,pirāṇe pōvutu,,கஷ்டத்தை குறிக்கும் சொல்.,Life feels like it is draining out / extreme exhaustion,என்ற உசிரே பிராணெ போகுது.,,body_health | speech_phrase,,np,
3556,பிராது,,pirātu,,புகார்.,Formal police complaint / petition,உம்மேல போலீஸ்ல பிராது குடுக்கணும்.,,human_behavior,,np,
3557,பிரி,,piri,,பெருகு | கொழு | பின்னியிருக்கும் கயிற்றை பிரித்தால் தனித்தனியாக வரும் ஒரு பிரிவு. | பின்னி உருவாக்கப்பட்டிருக்கும் பெரிய கயிற்றில் பிரித்தால் தனியாக வரும் சிறுபகுதி.,Strand of twisted cable | abdominal swelling in pregnancy,"""பெண்கள் மாசமாக இருக்கும்பொழுது வயிறு பிரியும்"" | வடக்கவுத்தெ நெறய பிரி போட்டு பின்னியீருக்காங்க. | நெறையப் பிரிப்போட்டு இந்த வடக்கவுறு பின்னியிருக்கறாங்க.",பெயர்ச்சொல்,farming_livestock | body_health,,od | np | pm,
3558,பிருத்துப் போதல்,பிருத்துப் போச்சு,piruttup pōtal,piruttup pōccu,பால் கெட்டு ( திரிந்து ) போதல். | பால் கெட்டுப் போதல்.,Curdling or souring of boiled milk,பாலு பிருத்துப் போச்சு.,வினைச்சொல்,food_cooking,,np | pm,
3559,பில்ச்சாரை,,pilccārai,,பில்லைச்சாரை என்பதைக் காண்க,Red-and-black striped bullock coat pattern,,காண்க,farming_livestock,,pm,
3560,பில்லிந்தடி,,pillintaṭi,,சிறு குச்சியை வைத்து விளையாடும் விளையாட்டு.,Gilli-danda folk stick game,பில்லிந்தடி வெளயாடலா வா.,,human_behavior,,np,
3561,பில்லெ,பில்லை,pille,pillai,வெள்ளை கலந்த சிவப்பு நிற மாடு. | வெள்ளை கலந்த சிவப்பு நிறம்; அந்நிறம் கொண்ட மாடு.,White-patched reddish bull or cow,உங்ககிட்டே ஒரு பில்லை மாடு இருக்கா? | உங்கூட்ல பில்ல இருந்திச்சே. வித்துப்புட்டீங்களா.,,farming_livestock,,np | pm,
3562,பில்லைச்சாரை,,pillaiccārai,,சிவப்பு நிறத்தில் கறுப்பும் கலந்திருக்கும் அல்லது கருஞ்சிவப்பு நிற வரிகளைக் கொண்டிருக்கும் நிறம்; அந்நிறம் கொண்ட மாடு.,Dark red brindle cattle coat pattern,அந்தப் பில்லச்சார என்ன வெலக்குப் போவும்.,பெயர்ச்சொல்,farming_livestock,,pm,
3563,பிலுக்கு,,pilukku,,"பந்தா | பிகு செய்தல். | மனதிற்குள் விருப்பம் கொண்டு, வெளியே அப்படி இல்லாதது போல பாவனை செய்தல்; பிகு பண்ணுதல்.",Snobbish vanity / feigning reluctance to be coaxed,அவிய அமத்தா பப்ஸ் வாங்கிட்டு வந்திருக்குதாம். ஒரே பிலுக்கு அவளுக்கு | இந்தப் பிறக்கு பிலுக்கற. | டேய் சும்மா பிலுக்காத வாங்கிக்க.,வினைச்சொல்,human_behavior,,od | np | pm,
3564,புள்ளார்,புள்ளாரு | பிள்ளார்,puḷḷār,puḷḷāru | piḷḷār,"பிள்ளையார் | சாணியில் செய்து வைக்கப்படும் பிள்ளையார். நல்ல, கெட்ட விசேஷங்களில் இப்படி செய்வர்.",Votive Ganesha icon moulded out of sacred cow dung,பிடித்து வைத்தால் பிள்ளையார் | புள்ளார் புடிச்சு வெப்பீங்க.,,festival_religion,,od | np,
3565,பிள்ளை,,piḷḷai,,பெண் பிள்ளை.,Female child / daughter,பிள்ள பொறந்திருக்குதாமா.,பெயர்ச்சொல்,kinship,,pm,
3566,பின் கொசுவம்,,piṉ kocuvam,,கொங்கு பாணி சேலை கட்டும் முறை,Kongu style saree draping technique,,,dress_accessories,,od,
3567,பின்னப்பூ போடுதல்,,piṉṉappū pōṭutal,,இறந்தவர்களின் மகள் வயிற்றுப் பேரனால் நடத்தப்படும் சடங்கு.,Funerary floral offering rite performed by daughter's son,,,festival_religion | kinship,,np,
3568,பின்னு பொறவு,,piṉṉu poṟavu,,முன்னும் பின்னும்.,Front and back / back and forth,ரோட்டத் தாண்டிப் போவும் போது பாத்து நின்னு நிதானமாப் போகோணும்.,,place_direction,,np,
3569,பின்னேர்,,piṉṉēr,,ஒரே வயலில் ஒன்றன் பின் ஒன்றாக பல ஏர்கள் உழும்போது இறுதியில் செல்லும் கடைசி ஏர். | ஒரே வயலில் ஒன்றன் பின் ஒன்றாகப் பல் ஏர்கள் உழும்போது இறுதியில் செல்லும் கடைசி ஏர்.,Rear plow team finishing final furrow of the plot,பின்னேர்க்காரங்கிட்டப் போய்க் கேளு. | பின்னேர்காரங்கிட்டப்போயிக் கேளு.,பெயர்ச்சொல்,farming_livestock,,np | pm,
3570,பினாத்தல்,,piṉāttal,,உளறல்,Delirious babbling / rambling nonsense,,வினைச்சொல்,speech_phrase,,od,
3571,பீ,,pī,,தாய விளையாட்டில் ஒன்று எண்ணிக்கை போட்டுப் பழம் எடுக்கும் வகையில் காய் வைக்கும் கடைசிக் கட்டம்:,Entry notch before home victory center in dayakattai,போச்சு ரண்டு காய் பீயில உழுந்திருச்சு. ரண்டு தாயம் ஒன்னாப்போட்டு எப்பப் பழம் எடுக்கறது.,பெயர்ச்சொல்,human_behavior,,pm,
3572,பீக்காளான்,,pīkkāḷāṉ,,"கருநிறம் உடைய, உண்ணப் பயன்படாத ஒருவகைக் காளான்.",Inedible dark wild toadstool / poisonous mushroom,பீக்காளானப் போயிப் புடுங்கியாந்திருக்கற. இது எதுக்காவுது?,பெயர்ச்சொல்,nature_animals,,pm,
3573,பீத்தக்கிணறு,,pīttakkiṇaṟu,,"தூர்ந்துபோன, பயன்படுத்தப்படாத கிணறு.","Caved-in, abandoned dry well",இப்பத்தான் பீத்தக் கெணறாப் போச்சு.,பெயர்ச்சொல்,farming_livestock | place_direction,,pm,
3574,பீத்தக்கூடை,,pīttakkūṭai,,பிய்ந்து பயன்படுத்த முடியாத கூடை. | பிய்ந்து பயன்படுத்த முடியாமல் ஆகிவிட்ட கூடை:,"Tattered, ragged dilapidated basket",பீத்தக் கூடைய எடுத்தா சாணி அள்ள. | பீத்தக் கூடையத் தூக்கியெறி,பெயர்ச்சொல்,home_household,,np | pm,
3575,பீத்தக்கெணுறு,,pīttakkeṇuṟu,,"சுற்றுச்சுவர் உடைந்து போன பயன்படாத கிணறு, பாழும் கிணறு.",Ruined unusable well with collapsed walls,பீத்தக் கெணத்துல வுழுந்துட்டான்.,,place_direction | farming_livestock,,np,
3576,பீத்தத்துணி,,pīttattuṇi,,நைந்துபோன துணி.,Tattered threadbare rag,இந்தத் துணிய கட்ற உனக்கு வெக்கமா இல்லியா? | பீத்தத் துணியக் கட்டிக்கிட்டுக் கெடக்கறவளுக்குத் திமிரப்பாரு.,பெயர்ச்சொல்,dress_accessories | home_household,,np | pm,
3577,பீத்தமொறம்,பீத்து மொறொ,pīttamoṟam,pīttu moṟo,"பிய்ந்து, சிதைந்து போன முறம். | பிய்ந்து உடைந்து போன முறம்.","Broken, decayed winnowing basket","பீத்த மொறத்துல, பொடைக்கறது. | பீத்த மொறத்துல எப்பிடி பொடைக்கிறது.",பெயர்ச்சொல்,home_household,,np | pm,
3578,பீத்தல்,,pīttal,,நைந்து போன பொருள்.,"Dilapidated, worn-out worthless item",இந்தப் பீத்தல மாத்து மொதல்ல.,பெயர்ச்சொல்,home_household,,pm,
3579,பீத்து,,pīttu,,பெருமைஅவ பையன் பத்தாவதுல நெறயா மார்க்கு வாங்கி தள்ளிட்டானாம். பீத்து பீத்துன்னு பீத்தறாப்பா,Bragging / blowing one's own trumpet,,,human_behavior | speech_phrase,,od,
3580,பீத்தை,,pīttai,,கெட்டுப் போன மோசமான பொருள்; பழைய பாழடைந்த பொருள்.,Wretched dilapidated scrap / worn junk,பழைய அந்த வண்டியவா வாங்குற? அது பீத்த வண்டிடா.,பெயர்ச்சொல்,home_household,,od | np | pm,
3581,பீர்,,pīr,,மாட்டின் முலையை ஒருமுறை இழுத்தால் வரும் பால்.,Single squirt of milk drawn from a teat,பாலு ஒரு பீர்தான் பீச்சினன். அதுக்குள்ள ஒதச்சுக்கிட்டு ஓடிருச்சி.,பெயர்ச்சொல்,farming_livestock | measure_units,,pm,
3582,புட்டா,,puṭṭā,,சேலையில் உள்ள புள்ளிகள்.,Woven decorative dots (butta) on a saree,புட்டா வெச்ச புடவயாப் பாத்து எடுத்திருக்கறா.,பெயர்ச்சொல்,dress_accessories,,pm,
3583,புட்டாணி,,puṭṭāṇi,,மாட்டின் வாலுக்கு இருபுறமும் கை வைக்கும் அளவுக் இருக்கும் குழிவுப் பகுதி,Hollow flank dimples on either side of cattle tail root,"புட்டாணியில் ஒரு தட்டுத்தட்டு, மாடு கொஞ்சம் வெசையாப் போவட்டும்.",பெயர்ச்சொல்,farming_livestock | body_health,,pm,
3584,புட்டு,,puṭṭu,,இட்லி. | இட்லி.(1) | ஆணின் விதைப்பை .(2),Steamed rice cake (idli) | scrotum,ரெண்டு புட்டு திங்குவேணு. | ரண்டு புட்டு தின்னுட்டுப் போலாம் இரு. | ஒரு ஒத உட்டனா புட்டு வீங்கிப்போயிரும்.,பெயர்ச்சொல்,food_cooking | body_health,,np | pm,
3585,புட்டுக்காரி,,puṭṭukkāri,,இட்லி சுட்டு வீடு வீடாக எடுத்துச் சென்று விற்கும் பெண்.,Female vendor hawking hot idlis house to house,புட்டுக்காரி வந்தாச்சொல்லு.,பெயர்ச்சொல்,food_cooking | human_behavior,,pm,
3586,புட்டுமாவு,புட்டுமா,puṭṭumāvu,puṭṭumā,"மாவை ஆவியில் வேகவைத்து செய்யும் பொருள். | அரிசி, கேழ்வரகு, கம்பு போன்றவற்றின் மாவை ஆவியில் வேகவைத்துச் செய்யப்படும் உணவுப் பொருள்.",Steamed cereal flour delicacy (puttu),எங்கூட்டுல இன்னிக்கி புட்டுமாவு செஞ்சோ. | இன்னிக்கிப்புட்டுமா பண்ணலாமா.,பெயர்ச்சொல்,food_cooking,,np | pm,
3587,புடி,,puṭi,,பிடி.,Catch / seize / grasp,அடராம் பாரு அவனைப் புடி.,,action_verbs,,np,
3588,புடுக்கு,,puṭukku,,ஆணின் விதைப்பை; விரை.,Testicles / scrotum,கெடா புடுக்க ஆட்டிக்கிட்டுப் போவுது பாரு.,பெயர்ச்சொல்,body_health,,pm,
3589,புடுங்கல்,,puṭuṅkal,,தொந்தரவு.,Incessant harassment / annoying nuisance,ஒரே புடுங்கல் வேலைகள் நெறயா இருக்குது.,,human_behavior,,np,
3590,புடுங்காலி,,puṭuṅkāli,,பெரிய வேலைகள் இருப்பதாகக் கூறிக்கொள்பவர்.,Pretender boasting of mighty preoccupations,என்னமோ புடுங்காலியோட்ட பேசற.,,human_behavior,,np,
3591,புடுங்கீட்டானுக,,puṭuṅkīṭṭāṉuka,,பிடுங்கி விட்டார்கள்.,Snapped up / forcibly snatched away,எங்கிட்டே இருந்ததெல்லாத்தையும் புடிங்கிட்டானுக.,,action_verbs,,np,
3592,புடுச்சாந்தெ,,puṭuccānte,,பிடித்துக் கொண்டு வந்தேன்.,Apprehended and brought over,அங்க போயி இவனப் புடுச்சாந்தேன்.,,action_verbs,,np,
3593,புடுதம்,,puṭutam,,தடவை.,Time / turn / instance,ஒரு புடுதம் பாக்கலாம்.,பெயர்ச்சொல்,time_seasons,,pm,
3594,புண்ணாக்குப் பூடு,,puṇṇākkup pūṭu,,ஆடுகள் தின்னும் ஒருவகைப் பூண்டு.,Oilcake-scented edible weed relished by grazing goats,புண்ணாக்குப்பூடு நெறைய வளந்திருக்குது. ஆட்ட உடு மேயட்டும்.,பெயர்ச்சொல்,nature_animals | farming_livestock,,pm,
3595,புண்ணியாச்சினை,புண்ணியர்ச்சனை | புண்ணியார்ச்சனை,puṇṇiyācciṉai,puṇṇiyarccaṉai | puṇṇiyārccaṉai,புதுமனைப் புகுவிழா | புதுமனை புகுவிழா,Housewarming purification ceremony (punyavachanam),பொதுவாக எந்த ஒரு நல்ல காரியத்தைத் தொடங்குவதற்கும் செய்யப்படும்,,festival_religion,வடமொழி: புண்யாகவசனம்,od,
3596,புண்ணுவேசொ,,puṇṇuvēco,,திருவிழாக்களில் சிலர் தங்கள் உடம்பில் புண் போல பஞ்சை ஒட்டிக்கொள்வது.,Festival masquerade donning fake sores portraying an ascetic,,,festival_religion,,np,
3597,புதுக்கருக்கு,,putukkarukku,,ஒரு பொருள் புதிதாக இருக்கும் போது தோன்றும் பளபளப்பு.,Pristine fresh sheen and razor sharpness of a brand-new item,புதுக்கருக்கு மங்காம வெச்சிருக்கறா.,பெயர்ச்சொல்,home_household,,pm,
3598,புரடை,,puraṭai,,காய்ந்த சுரைக்காயின் மேல் பகுதியை அறுத்து விதைகளை எடுத்து விட்டு பதநீர் ஊற்றி வைக்கப் பயன்படும் சுரைக்குடுக்கை .(1) | பருப்பில்லாமல் வெற்றாகப் போய்விடும் நிலைக்கடலைக்காய் .(2) | கற்பனை கலந்து பேசும் பொய் .(3),Hollow gourd toddy container | empty nut shell | tall story,புரடைல தெளுவு நொரச்சுக் கெடக்குது. | நெறையப் புரடையாப் போச்சு. | அவன் அடிக்கற புரடைக்கு அளவே இல்ல.,பெயர்ச்சொல்,home_household | human_behavior,,pm,
3599,புருடு,,puruṭu,,புடைத்து தனியே வெளியில் தெரியும் கட்டி. | புடைத்துத் தனியே வெளித் தெரியும் கட்டி .(1) | களி உணவில் வேகாமல் சிறு கட்டியாகிவிடும் மாவு .(2),Lumpy cyst on skin | unmixed flour lump in porridge,கழுத்துலெ புருடு புருடா இருக்குது. | கழுத்துல என்ன புருடு கட்டியிருக்குது. | நல்லாக் கௌறாத புருடு உழுந்திருச்சி.,பெயர்ச்சொல்,body_health | food_cooking,,np | pm,
3600,புருதண்ணி,,purutaṇṇi,,நீச்சத்தண்ணி. காண்க.,Fermented cold rice water,,,food_cooking,,np,
3601,புழுங்கு (தல்),,puḻuṅku (tal),,கம்மஞ்சோறு வெந்தபின் லேசான தணலில் இறுகுதல்.,Simmering and firming up pearl millet rice over low embers,கம்மஞ்சோறு புழுங்கீருச்சுனாப் பாரு. எறக்கலாம்.,வினைச்சொல்,food_cooking,,pm,
3602,புழுதண்ணி,புளுதண்ணி,puḻutaṇṇi,puḷutaṇṇi,இரவில் மீதியான சோற்றில் நீர் ஊற்றி வைப்பார்கள் | நீர் ஊற்றி வைத்த பழைய சோறு,Fermented rice decanted water drink,விடிந்த பின் அந்த நீர் புழுதண்ணி,,food_cooking,,od,
3603,புழுதி ஒழவு,புழுதி உழவு,puḻuti oḻavu,puḻuti uḻavu,கோடையில் மழை பெய்ததும் உழுத நிலத்தில் சிலநாட்கள் கழித்து அந்த உழவின் மீதே மீண்டும் உழும் உழவு. | கோடையில் மழை பெய்த பின் உழவு செய்த நிலத்தில் மீண்டும் உழவு ஓட்டுவது.,Dust plowing / fine tilth summer plowing after rains,புழுதி ஒழவு போட்டாச்சா. | புழுதி உழவு ஓட்டியுடணும்.,பெயர்ச்சொல்,farming_livestock,,np | pm,
3604,புழுதிக்காடு,,puḻutikkāṭu,,விவசாயம் செய்யாமல் இருக்கும் நிலம்.,Fallow dryland field with loose dusty soil,புழுதிக்காட்டுலெ வெளயாடறதே வேலமாப் போச்சு.,,farming_livestock | place_direction,,np,
3605,புள்ள,,puḷḷa,,பெண் (இளம்),Young girl / daughter,,,kinship,,od,
3606,புள்ளத்தாச்சி,,puḷḷattācci,,கர்ப்பிணிப் பெண்.,Expectant mother / pregnant woman,புள்ளதாச்சியெ தண்ணி எடுக்கச் சொல்றியே.,,kinship | body_health,,np,
3607,புள்ளப் பாலு,,puḷḷap pālu,,மாடு வைத்திருப்பவர்கள் கைக்குழந்தை வைத்திருப்பவர்களுக்கு இலவசமாக பால்தருவது.,Free gifted cow's milk provided to nursing mothers for infants,,,kinship | food_cooking,,np,
3608,புள்ளவளத்தி,,puḷḷavaḷatti,,வசம்பு.,Sweet flag root (Vasambu) used for infant digestion,,,body_health | nature_animals,,np,
3609,புள்ளாறுகோயல்,,puḷḷāṟukōyal,,பிள்ளையார் கோவில்; விநாயகர் ஆலயம்.,Ganesha temple (Pillayar temple),புள்ளாறுகோயல்ல தேங்கா உடைச்சு சாமி கும்புட்டோம்.,பெயர்ச்சொல்,festival_religion,,od,
3610,புள்ளி,,puḷḷi,,புட்டா. சேலையில் உள்ள புள்ளிகள்.,Dot pattern prints or weaves on fabric,புட்டா போட்ட சேலை கட்டியிருக்கா.,,dress_accessories,,np,
3611,புள்ளெ,,puḷḷe,,குழந்தை.,Child / baby,எனுக்கு ஒரு பொட்டப்புள்ளெ பெறந்திருக்குது.,,kinship,,np,
3612,புளி தண்ணி,,puḷi taṇṇi,,கம்பு சோற்றில் மீதமுள்ள தண்ணீரில் உப்பிட்டு குடிப்பர்,Salted sour millet-steeped cooling beverage,,,food_cooking,,od,
3613,புளிக்கோது,,puḷikkōtu,,புளியம்பழத்தில் இருக்கும் நார் ( மலச்சிக்கலுக்கு ஆசன வாயில் சொருகுவர் ).,Fibrous veins and connective strands of tamarind fruit,புளிக்கோது எடுத்திட்டுக் கொட்ட வாங்கோனும்.,பெயர்ச்சொல்,food_cooking,,pm,
3614,புளிச்ச நார்,,puḷicca nār,,புளிச்சக்கீரை செடியின் தண்டுப் பகுதியலிருந்து தயாரிக்கும் நார் ( இதிலிருந்து கயிறு திரிப்பர்).,Tough bast fiber peeled from kenaf or roselle stalks,புளிச்சநாருல திரிச்ச கவுறு இது.,பெயர்ச்சொல்,farming_livestock | home_household,,pm,
3615,புளிச்சநார்க்கயிறு,,puḷiccanārkkayiṟu,,புளிச்சக் கீரைத் தண்டிலிருந்து தயாரிக்கப்பட்ட நாரினால் திரிக்கப்படும் கயிறு ( இது கட்டில் கட்ட உதவும்).,Kenaf-fiber rope used for stringing cots,புளிச்ச நார்க் கயித்துல தான் இந்தக் கட்டல் கட்டுனம்.,பெயர்ச்சொல்,home_household,,pm,
3616,புளிச்சான்,,puḷiccāṉ,,ஒரு வகைக் களை; இதன் கொழுந்தைப் பறித்துத் தின்பர்.,Edible sour wild herb whose tender shoots are eaten,காட்டோரம் புளிச்சான் அடந்து கெடக்குது.,பெயர்ச்சொல்,nature_animals | food_cooking,,pm,
3617,புளிசாறு,,puḷicāṟu,,புளிக்கொழம்பு. காண்க.,Tangy tamarind curry stew,,,food_cooking,,np,
3618,புளியம்புல்,,puḷiyampul,,"ஒரு வகைக் களை இதனை ஆடு, மாடுகள் விரும்பித் தின்னும்",Creeping wood sorrel grass relished by grazing goats,புளியம்பில்லாப் பாத்துப் புடுங்கியாந்து வெள்ளாக்குட்டிக்குப் போடறான்.,பெயர்ச்சொல்,nature_animals | farming_livestock,,pm,
3619,புளுகறான்,,puḷukaṟāṉ,,பொய் சொல்லுதல்.,Fabricating lies / telling tall stories,எத்தனூண்டு புளுகறாம்பாரு.,,human_behavior | speech_phrase,,np,
3620,புளுச்சான்,,puḷuccāṉ,,நெல்வகை. தாய்ப்பால் அதிகம் சுரப்பதற்காக பெண்களுக்கு கொடுக்கப்படும்.,Traditional indigenous rice variety fed to lactating mothers,,,farming_livestock | food_cooking,,np,
3621,புளுத்தி,புளுத்து,puḷutti,puḷuttu,மூடியிருக்கும் தோல் உறையிலிருந்து அழுத்தி ஆண்குறியின் குமிழ்ப் பகுதியை வெளிக்கொண்டுவருதல் ( திட்டும்போது இந்தச் சொல்லைப் பயன்படுத்துவர்).,Obscene boastful fellow (vulgar insult) | Vulgar abusive term,அவன் என்ன பெரிய புளுத்தியா. | அவந்தான் உனக்குப் புளுத்தறானா?,பெயர்ச்சொல்,human_behavior,,pm,
3622,புறடை,,puṟaṭai,,புரூடா அங்க போறான் பாரு,Tall tale / fictitious fib,அந்த ஆளு செரியான புறட மன்னண்டா (பொய்),,human_behavior,,od,
3623,புறத்தாண்டை,பொறகால | புறத்தால,puṟattāṇṭai,poṟakāla | puṟattāla,பின்னால் | பின்புறம்,Backyard / rear precinct of a homestead,ஊட்டுக்கு பொற்கால பொடக்காலி இருக்குது -வீட்டின் பின்புறம் காலிபுறம் இருக்கிறது,,place_direction | home_household,,od,
3624,புறயறது,,puṟayaṟatu,,புறம் பேசுதல்.,Backbiting / slandering behind someone's back,இவனுக்கு புறயறதே வேலையாப் போச்சு.,,speech_phrase | human_behavior,,np,
3625,புறுக்கு,,puṟukku,,மிகுந்த ஓசையுடன் வெளிப்படும் குசு.,Loud flatulence / noisy fart,புறுக்குச் சத்தம் ஊரே கேக்குமாட்டம் உடரான்.,பெயர்ச்சொல்,body_health,,pm,
3626,புனிச்சல்,புணுச்சல் (புணி),puṉiccal,puṇuccal (puṇi),மாடுகளுக்கு வரும் கோமாரி நோய்.,Foot-and-mouth disease (FMD) infecting cattle,மாட்டுக்குப் புனிச்சல் கண்டுடிச்சு. | புனிச்சலு வந்து மாடு மேய மாட்டீங்குது.,பெயர்ச்சொல்,farming_livestock,,np | pm,
3627,புனுப்பு,,puṉuppu,,மாடுகளுக்கு வரும் காய்ச்சல்.,Ephemeral fever or three-day sickness in cattle,"புனுப்பு வந்திடுச்சு, தண்ணிய குடிக்கல.",பெயர்ச்சொல்,farming_livestock,,pm,
3628,பூ,,pū,,கோழிகளின் தலையில் சிவந்த நிறத்தில் இருக்கும் உறுப்பு.,Fleshy red crest or comb on head of fowl,இந்தக் குஞ்சுக்குப் பூபெரிசா இருக்குது. சேவலாத்தான் இருக்கும்.,பெயர்ச்சொல்,nature_animals,,pm,
3629,பூ கேக்கோணு,,pū kēkkōṇu,,கடவுளிடம் உத்தரவு கேட்டல்.,Seeking divine omen by offering flowers before deity,சாமிகிட்ட பூ கேக்கோணு அப்புறந்தெ ஒரு முடிவு பண்ணோனும்.,,festival_religion,,np,
3630,பூக்கட்டுதல்,,pūkkaṭṭutal,,கதிர்களில் பூ அரும்புதல்.,Flowering and heading phase of grain crops,பூட்டை பூக்கட்டிருச்சு.,வினைச்சொல்,farming_livestock,,pm,
3631,பூங்குட்டி,,pūṅkuṭṭi,,"ஈன்று சிறிது நேரமே, நாட்களே ஆன குட்டி.",Tender newborn pup or kitten,நாய்க்குட்டி வேணுமின்னு கேட்டன். பூங்குட்டிய எடுத்தாந்திருக்கறான் இன்னம் கண்ணே தொறக்கல.,பெயர்ச்சொல்,nature_animals,,pm,
3632,பூங்குழந்தை,,pūṅkuḻantai,,பிறந்து சில நாட்களே ஆன குழந்தை.,Tender newborn infant baby,பூங்கொழந்தய அப்பிடியா துக்கறது.,பெயர்ச்சொல்,kinship | body_health,,pm,
3633,பூச்சாட்டு,பூச்சாட்டுதல்,pūccāṭṭu,pūccāṭṭutal,கோயில் திருவிழாவிற்கு சாட்டுதல். | கோயில் திருவிழாப் போடுதல்.,Sacred flower proclamation inaugurating village Mariamman festival | Solemn ceremonial floral inauguration of annual temple fair,இன்னிக்கி மாரியாத்தா கோயில்லெ பூச்சாட்றாங்க. | நாளைக்கு மாரிங்கோயில் பூச்சாட்டறாங்க.,,festival_religion,,np | pm,
3634,பூச்சாப்பூ,,pūccāppū,,வெள்ளை நிறத்தில் பஞ்சு போன்ற நீண்ட பூங்கொத்துகளை உடைய செடி.,White fluffy-flowered weed herb used for festive wrist amulets,பூச்சாப்பூ புடுங்கியாந்து காப்பு கட்டோணும்.,,nature_animals | festival_religion,,np,
3635,பூச்சி,,pūcci,,பாம்பு என்று கூறக்கூடாது என்பதற்காக பூச்சி என்று கூறுவர். | பாம்பு.,Snake (respectful euphemistic avoidance term for serpent),அங்க பாரு எத்தாம் பெரிய பூச்சி போகுதுன்னு. | அந்தப் பக்கம் போவாத. பூச்சிகீச்சி இருக்கும்.,பெயர்ச்சொல்,nature_animals,,np | pm,
3636,பூச்சிக்காளெ,பூச்சிக்காளை,pūccikkāḷe,pūccikkāḷai,இனப்பெருக்கத்திற்காக வளர்க்கும் காளை. | இனப்பெருக்கத்திற்கென வளர்க்கப்படும் காளை.,Stud breeding bull kept specifically for servicing cows,எங்கூட்டுல ஒரு பூச்சிக் காளை இருக்குது. | அவுங்கூட்ல ரண்டுபூச்சிக்காள இருக்குது.,,farming_livestock,,np | pm,
3637,பூச்சு,,pūccu,,சுவற்றுக்கு காரை பூசும் வேலை.,Wall plastering or whitewashing work,பூச்சு வேல மட்டு பாக்கியிருக்கு.,,home_household,,np,
3638,பூச்சுவேலை,,pūccuvēlai,,"செங்கல்லால் சுவர் எழுப்பியபின், மேலே காரை பூசும் வேலை.",Masonry plastering and finishing work,வீடுபூச்சுவேல நடந்துக்கிட்டு இருக்குது.,பெயர்ச்சொல்,home_household,,pm,
3639,பூட்டு,,pūṭṭu,,"தடவை .(1) | கூரை வேயப் பயன்படும் ( சவுக்கு , தேக்கு போன்ற மரங்களின் ) கோல் .(2)",Turn or time | ceiling purlin pole of teak or casuarina,இந்தப் பூட்டாச்சும் வெளையுமா. | அந்தத் தேக்கங்பூட்டு நல்லாருக்கும்.,பெயர்ச்சொல்,time_seasons | home_household,,pm,
3640,பூட்டெ,பூட்டை,pūṭṭe,pūṭṭai,தானியக் கதிர்.,Mature grain earhead (sorghum or pearl millet spike),நாளைக்குப் பூட்ட பொறுக்கோணும். | சோளப் பயிரு பூட்டெ உட்ருச்சு.,பெயர்ச்சொல்,farming_livestock,,np | pm,
3641,பூடு,,pūṭu,,சிறுசெடி. (நிலத்தில் இருக்கும் தேவையற்ற செடி). பூண்டு. | சிறு ( நிலத்தில் படரும் அல்லது சிறிது உயரமே வளரும் ) செடி; பூண்டு,Wild weed / low-growing herbaceous plant,காட்டுக்குள்ள பூடு நெறயா இருக்குது கள புடுங்கணும். | அந்தப் பூட்டப் புடுங்கிப் போடு,பெயர்ச்சொல்,nature_animals | farming_livestock,,np | pm,
3642,பூடை,,pūṭai,,மந்தம் போன்ற,Sluggish / lethargic dullness,,,human_behavior,,od,
3643,பூதாமெ,,pūtāme,,புகுந்து விடாமல்.,Without trespassing or straying into crops,மாடு வெள்ளாமக் காட்டுல பூதாமெ பாத்துக்க.,,farming_livestock | action_verbs,,np,
3644,பூந்து,பூந்தெ,pūntu,pūnte,புகுந்து. | புகுந்த.,entered | penetrated,மாடு வெள்ளாம காட்டுல பூந்துருச்சு. | ஆமை பூந்த வீடு அமீனா பூந்த வீடு உருப்படாது - பழமொழி,,action_verbs,,np,
3645,பூந்துருமாட்டெ,,pūnturumāṭṭe,,புகுந்துவிடும் போல்.,as if entering | likely to get inside,சோளக்காட்டுக்குள்ளெ ஆரு பூந்துருமாட்டோ இருக்குது.,,speech_phrase,,np,
3646,பூப்பலு,,pūppalu,,பூஞ்சானம்.,mold | mildew | fungal growth,,,nature_animals,,np,
3647,பூமிதிக்கிறது,,pūmitikkiṟatu,,கோயிலில் நடைபெறும் குண்டம் இறங்கும் திருவிழா.,fire-walking ritual in temple festival,நாங்க பூமிதிக்கலாமுனு வேண்டியிருக்கொ.,,festival_religion,,np,
3648,பூரா,,pūrā,,முழுவதும்.,entirely | completely | wholly,பூரா எனக்குத்தாஞ் சொந்தம்.,,speech_phrase,,np,
3649,பூலவாக்கு,,pūlavākku,,உண்மை நிலை | ஒருவருக்கு தெரியாத பிறரின் ரகசியங்கள். | பிறருக்குத் தெரியாத ஒருவரின் சொந்த விவகாரங்கள்; கமுத்து. வண்டவாளம்.,true state of affairs | hidden personal secrets | secret reality,டேய் சும்மா பேசாத. கடன் வாங்கீட்டு போனா எப்படித் தருவ? உன்ற பூல வாக்கு எனக்கு தெரியாதா? | உம்பூலவாக்கு எனுக்குத் தெரியாதாக்கு. | உம் பூலவாக்கு ஆருக்குத் தெரியாம இருக்குது.,பெயர்ச்சொல்,speech_phrase,,od | np | pm,
3650,பூலாஞ்செடி,,pūlāñceṭi,,வேலியில் படரும் நீல நிறப் பழங்கள் உடைய செடி.,hedge plant with blue berries | Securinega plant,பூலாஞ்செடி பழத்தத் தின்னா வாயெல்லாம் நீல நிறமாயிரும்.,பெயர்ச்சொல்,nature_animals,,pm,
3651,பூவாக்கு,,pūvākku,,"ஒன்றை நினைத்துக்கொண்டு, அது நடக்குமா நடக்காதா எனக் கோயிலில் பார்க்கும் குறிப்பு.",flower oracle consultation at a temple | divine omen seeking,கலியாணத்துக்குக் கோயில்ல பூவாக்குக் கேக்கறாங்களாம்.,பெயர்ச்சொல்,festival_religion,,pm,
3652,பூவிலிறங்குதல்,,pūviliṟaṅkutal,,கோயிலில் நடக்கும் தீமிதி.,fire-walking ritual | stepping on hot embers at temple,பூவிலிறங்குறன்ன,வினைச்சொல்,festival_religion,,pm,
3653,பூவோடு,,pūvōṭu,,கோயில் திருவிழாவில் எடுக்கும் தீச்சட்டி.,sacrificial fire pot carried in temple festival,மாரியாத்தாவுக்கு பூவோடு எடுக்கோணும். | நாளைக்கு பூவோடு எடுக்கறாங்க.,பெயர்ச்சொல்,festival_religion,,np | pm,
3654,பூளைகாஞ்சதனம்,,pūḷaikāñcataṉam,,பொறாமையால் ஒருவருக்குச் செய்யும் இடைஞ்சல்.,nuisance caused out of jealousy | spiteful behavior,இந்தப் பூளகாஞ்சதனத்த இங்க வெச்சுக்காத.,பெயர்ச்சொல்,human_behavior,,pm,
3655,பூளைப்பூடு,,pūḷaippūṭu,,வெண்ணிறத்தில் பஞ்சு போன்ற நீண்ட பூங்கொத்தினை உடைய ஒரு வகைச் செடி.,mountain knotgrass herb | Aerva lanata,பூளப்பூட்டப்புடுங்கி எறி.,பெயர்ச்சொல்,nature_animals,,pm,
3656,பெட்டுக்குழி,,peṭṭukkuḻi,,மோட்டார் வைப்பதற்காகக் கிணற்றை ஒட்டித் தோண்டப்படும் குழி.,pit dug near well for mounting pump motor,பெட்டுக்குழியில மம்மட்டி வெச்சிருக்கறன் எடு,பெயர்ச்சொல்,farming_livestock,,pm,
3657,பெத்தாம் பெறந்தாம்வீடு,,pettām peṟantāmvīṭu,,"அப்பா, அண்ணன் வீடு.",parental / natal home of a married woman,பெத்தாம் பெறந்தாம் வீட்டுக்கு போ.,,kinship | home_household,,np,
3658,பெப்பளத்தான்,,peppaḷattāṉ,,வெகுளி; ஏமாளி.,gullible person | simpleton | naive person,அவன் ஒரு பெப்பளத்தான்டா.,பெயர்ச்சொல்,human_behavior,,pm,
3659,பெப்பளாத்தெ,,peppaḷātte,,ஒன்றும் தெரியாதவன்.,naive innocent person | ignoramus,ஒன்னுந் தெரியாத பெப்பளத்தானா இருக்கே.,,human_behavior,,np,
3660,பெரட்டிப்போடு,,peraṭṭippōṭu,,திருப்பு.,flip over | turn over,பெரட்டிப் போட்டு சட்டி எடுத்து வை.,,action_verbs,,np,
3661,பெரத்தி,,peratti,,உறவினர் அல்லாது புதிதாக ஏற்படுத்திய உறவு.,non-relative | stranger treated as relative,நானு என்னோ பெறத்தியாவா போயிட்டெ எங்கிட்டே சொல்லலை.,,kinship,,np,
3662,பெராலச்சட்டி,,perālaccaṭṭi,,மாமிசம் சமைப்பதற்காகத் தனியாக வைத்திருக்கும் சட்டி,earthen pot kept exclusively for cooking meat,பெராலச் சட்டிய வெளிய கொண்டோயிக்,பெயர்ச்சொல்,home_household | food_cooking,,pm,
3663,பெரியகாரியம்,,periyakāriyam,,சாவு.,funeral ceremony | death,ஊர்ல ஒரு பெரிய காரியம் ஆயிருச்சுங்க.,பெயர்ச்சொல்,festival_religion,,pm,
3664,பெரியகாரியெ,,periyakāriye,,ஒருவீட்டில் நடக்கும் பெரிய மனிதர் சாவு.,funeral of an elder in the house,எங்கூட்லெ பெரியகாரியமாக்கு.,,festival_religion,,np,
3665,பெரியப்பங்கூட்டம்,,periyappaṅkūṭṭam,,பெரியப்பா மக்கள்.,paternal elder uncle's family lineage,அவுங்கெல்லா எங்கெ பெரியப்பங் கூட்டமாக்கு.,,kinship,,np,
3666,பெரியப்பெ,,periyappe,,அப்பாவின் அண்ணன்.,paternal elder uncle | father's elder brother,எங்கெ பெரியப்பெ வூட்டுல.,,kinship,,np,
3667,பெரியவள் ஆதல்,,periyavaḷ ātal,,பெண் வயதுக்குவருதல்.,attaining puberty | reaching womanhood,பொண்ணு பெரியவளாயிட்டா.,பெயர்ச்சொல்,human_behavior,,pm,
3668,பெரியாத்தா,,periyāttā,,பாட்டியின் அக்கா.,grandmother's elder sister | elder grandaunt,பெரியாத்தா எங்கியோ போயிட்டிருக்குது.,,kinship,,np,
3669,பெரியையன்,,periyaiyaṉ,,பெரியப்பா; பெரிய தாத்தா.,paternal elder uncle | elder grandfather,எங்க பெரியையன் கூப்பட்டாங்க.,பெயர்ச்சொல்,kinship,,pm,
3670,பெருக்கான்,பெருக்கெ,perukkāṉ,perukke,பெருச்சாளி | பெருச்சாளி.,bandicoot rat,பெருக்கானோட ஒரே தொந்தரவு. | பெருக்கான் ஓட்ட சுத்தறாம் பாரு.,பெயர்ச்சொல்,nature_animals,,od | pm | np,
3671,பெருங்கூட்டு உடம்பு,,peruṅkūṭṭu uṭampu,,கம்பீரமும் உயரமும் கொண்ட பரம்பரையில் பிறந்தவரின் சிறந்த உடல்கட்டு.,robust tall physique | imposing bodily stature,அவருக்குப் பெருங்கூட்டு ஒடம்பு. அவுங்க பரம்பரையே அப்பிடி.,பெயர்ச்சொல்,body_health,,pm,
3672,பெருஞ்சாதிக்கோழி,,peruñcātikkōḻi,,நீண்ட கால்களைப் பெற்று உயரமாக வளரும் கோழி வகை.,tall long-legged country fowl breed,பெருஞ்சாதிக் கோழில ஒன்னு போட்டா போதும்.,பெயர்ச்சொல்,nature_animals | farming_livestock,,pm,
3673,பெருந்தலைக்காக்கா,,peruntalaikkākkā,,அண்டங்காக்கை.,raven | large jungle crow,பெருந்தலக் காக்காப் பீத்தின்னப் போச்சாம்; எறகெல்லாம் பீயாச்சாம்.,பெயர்ச்சொல்,nature_animals,,pm,
3674,பெரும்பீ,,perumpī,,வயதுக்கும் அளவுக்கும் பொருந்தாமல் கழிக்கும் அதிக மலம்.,excessive defecation | voluminous stool,அவன் பெரும்பீ பேழ்றான். அப்பறம் எங்க ஒடம்பு தேறும்.,பெயர்ச்சொல்,body_health,,pm,
3675,பெரும்போக்கு,,perumpōkku,,தாராள மனம். | தாராள குணம்.,magnanimous nature | generous attitude | broad-mindedness,பெரும் போக்கான ஆளு. | அவம்பெரும்போக்கான ஆளுடா.,பெயர்ச்சொல்,human_behavior,,np | pm,
3676,பெருவத்து,,peruvattu,,நீண்ட கால்களை உடைய ( கோழி ).,long-legged fowl,பெருவத்துக் கோழியா வாங்கியாந்த,பெயர்ச்சொல்,nature_animals | farming_livestock,,pm,
3677,பெருவெடக்கோழி,,peruveṭakkōḻi,,பெரிய ரக நாட்டுக்கோழிகள்.,large country hen | grown pullet,பெரு வெடக் கோழியாப் புடிச்சி அடிச்சித் கொழம்பு வெய்யி.,,nature_animals | farming_livestock,,np,
3678,பெலமா,,pelamā,,பலமாக.,forcefully | strongly | vigorously,கதவெ பெலமாத் தட்டு அப்பதெ தெறக்கு.,,speech_phrase,,np,
3679,பெறக்கெடெ,,peṟakkeṭe,,வீட்டின் பின்பக்கம்.,backyard | rear of house,பெறக்கடயிலெ பாரு இருக்குது.,,home_household | place_direction,,np,
3680,பெறட்டு,,peṟaṭṭu,,பொய்சொல்லுதல்.,telling lies | deceit | cheating,பொய்யுமு பெரட்டுமு பேசிகிட்டுத் திரியாதெ.,,human_behavior,,np,
3681,பெறந்தவள்,,peṟantavaḷ,,ஆணின் தங்கை.,brother's sister | female sibling,உம் பெறந்தவளுக்கு என்ன சீர் செஞ்ச?,பெயர்ச்சொல்,kinship,,pm,
3682,பெறந்தவன்,,peṟantavaṉ,,பெண்ணின் தம்பி.,sister's brother | male sibling,பெறந்தவன உட்டுட்டு ஒரு நிமிசங் கூடத் தனியா இருக்க மாட்டா.,பெயர்ச்சொல்,kinship,,pm,
3683,பெறந்தவெ,,peṟantave,,உடன் பிறந்தவன்.,male sibling | brother,இவன் எங்கூடப் பெறுந்தவெ.,,kinship,,np,
3684,பேச்சுகுடுத்தாரு,,pēccukuṭuttāru,,பேச்சு கொடுத்தார்.,initiated a conversation | started talking to,எங்கிட்டெ ரொம்பொ நேரமா பேச்சுக்குடுத்தாரு.,,speech_phrase,,np,
3685,பேச்சுபெராக்குலெ,,pēccuperākkule,,பேச்சுவாக்கில்.,in the course of conversation | casually while talking,பேச்சுபெராக்குலெ அவனப் பத்தி தப்பாப் பேசிட்டெ.,,speech_phrase,,np,
3686,பேசட்டாங்கெ,,pēcaṭṭāṅke,,பேசி விட்டார்கள்.,spoke out | talked loosely,என்னெ அவிக தப்பாப் பேசிட்டாகெ.,,speech_phrase,,np,
3687,பேசறவியெ,,pēcaṟaviye,,பேசுபவர்கள்.,people who talk | gossips,பேசறவியெ அப்பிடித்தாம் பேசுவாங்க.,,human_behavior | speech_phrase,,np,
3688,பேசாட்லெ இரு,,pēcāṭle iru,,பேசாமல் இரு.,remain quiet | keep silent,கம்முனு பொட்டோட்டோ பேசாட்லெ இரு.,,speech_phrase,,np,
3689,பேசி இருக்கறபோது,,pēci irukkaṟapōtu,,பேசிக் கொண்டிருக்கும் பொழுது.,while conversing | during conversation,பேசிட்றக் கறப்பவே மயக்கம்போட்டு உளுந்துட்டாங்கெ.,,speech_phrase,,np,
3690,பேசிட்டே,,pēciṭṭē,,பேசிக்கொண்டே.,while talking continuously | continuously speaking,பேசிட்டே இருந்தாங்கொ அப்பறம் பாத்தா என்னோ நடந்ததுனு தெரியலெ.,,speech_phrase,,np,
3691,பேஞ்சுது,,pēñcutu,,பெய்தது.,rained | poured,எங்கூருலெ மழ பேஞ்சுது.,,nature_animals | time_seasons,,np,
3692,பேடு,,pēṭu,,"ஆணுக்கும், பெண்ணுக்கும் இடைப்பட்டு பிறந்தவர்கள். அலி.",hermaphrodite | transgender person | eunuch,,,human_behavior,,np,
3693,பேண்டு,,pēṇṭu,,மலம் கழித்து.,having defecated | passing stools,காக்காயி சட்டைல பேண்டு வெச்சிருச்சி. | மடியிலயே பேண்டு வெச்சிருச்சு.,வினைச்சொல்,body_health | action_verbs,,np | pm,
3694,பேய்க்கரும்பு,,pēykkarumpu,,வேருடன் கூடிய கரும்பு.,wild sugarcane with roots | Saccharum spontaneum,,,farming_livestock | nature_animals,,np,
3695,பேயோணு,,pēyōṇu,,பெய்யவேண்டும்.,must rain | should pour,மழ நேரக்கா பேயோனு அப்பந்தே காட்டுலை வெள்ளாமெ வெளையு.,,nature_animals | time_seasons,,np,
3696,பேர் சொல்லாதது,,pēr collātatu,,தொடை இடுக்கில் வரும் கட்டி ( துடுப்பைச் சூடாக்கி இதன் மேல் ஒத்தடம் கொடுப்பர்).,groin boil | bubo in the groin,அவனுக்குப் பேர் சொல்லாதது வந்திருக்குது.,பெயர்ச்சொல்,body_health,,pm,
3697,பேரணிக்கூடை,,pēraṇikkūṭai,,"அறுவடை செய்த தானியக் கதிர்கள், பருத்தி போன்றவற் நிறைத்துத் தூக்கிச் செல்ல உதவும் பெரிய கூடை.",large harvesting basket for crops or cotton,கம்மம் பூட்ட பேரணிக்கூடை கூட ரொம்புலயே.,பெயர்ச்சொல்,farming_livestock | home_household,,pm,
3698,பேழ்,,pēḻ,,மலம் கழி.,defecate | pass stools,ஒரு நாளக்கி எத்தன தடவ பேழ்றது?,வினைச்சொல்,body_health | action_verbs,,pm,
3699,பை,,pai,,பை.,bag | sack | pouch,சந்தெக்கி பையி எடுத்துகிட்டு போ.,,home_household,,np,
3700,பைக்கட்டு,,paikkaṭṭu,,புத்தகப்பை.,school bag | book bundle,பைக்கட்டு தூக்கித் தோளுலெ போடு.,,home_household,,np,
3701,பைசலு,,paicalu,,இருதரப்பினருக்கும் இடையே உள்ள பிரச்சினைகளை கேட்டல்.,dispute settlement | resolving conflict between parties,பைசலு பண்றதுக்கு ஆரு வந்திருக்கா.,,speech_phrase | human_behavior,,np,
3702,பைய,,paiya,,மெதுவாக,slowly | gently | softly,அப்படியே பைய போ,,speech_phrase,,np,
3703,பையெ,,paiye,,பையன்.,boy | son | young man,பையெ ரோம்போ வேகமாப் பேசறதைப் பாரு.,,kinship | human_behavior,,np,
3704,பொக்கணம்,,pokkaṇam,,தாயத்தில் அனைத்துச் சோழிகளும் கவிழ்ந்து விழும் நிலை (ஒன்றுமில்லை என்று எடுத்துக் கொள்வர்).,blank state in cowrie dice game where all shells fall upside down | zero score,பொக்கணம் உழுந்திருக்குது.,பெயர்ச்சொல்,festival_religion,,pm,
3705,பொக்கனாத்தி,,pokkaṉātti,,ஒன்றும் இல்லாதவள் | ன்.,destitute person | empty-handed person | boastful pauper,பொக்கனாத்திக்குப் பேச்சு மட்டும் கொறவில்ல.,பெயர்ச்சொல்,human_behavior,,pm,
3706,பொக்கெ,பொக்கு,pokke,pokku,உள்ளே ஒன்றும் இல்லாத நிலக்கடலைக் காய். | உள்ளே ஒன்றும் இல்லாத காய்.,hollow pod | empty unformed peanut pod | chaff,இந்த வெருசம் எல்லாம் பொக்காப்போயிருச்சு. | இந்தக் காயெல்லா ஒரே பொக்கெயா இருக்கு.,பெயர்ச்சொல்,farming_livestock,,pm | np,
3707,பொக்குன்னு,பொக்கென்று,pokkuṉṉu,pokkeṉṟu,வருத்தமாக,disappointed | disheartened | suddenly crestfallen,முட்டாய் தரன்னு சொல்லிட்டு தராம இருந்தா குழந்தை பொக்குன்னு போயிடும் | மிட்டாய் தரேனென்று சொல்லிட்டுத் தராமல் இருந்தால் குழந்தை பொக்கென்று போயிடும்,,human_behavior | speech_phrase,,od,
3708,பொகெ,,poke,,புகை.,smoke | fumes,அடிச்சன்னா காதுலெ பொகெ வந்துரு.,,nature_animals,,np,
3709,பொகையோடு,,pokaiyōṭu,,கூரையில் புகை வெளியேறுவதற்குச் சிறு கூண்டுபோல அமைக்கப்படும் ஓடு.,smoke outlet tile on roof | chimney roof tile,இந்த எடத்துல ஒரு பொகையோடு போடோணும்.,பெயர்ச்சொல்,home_household,,pm,
3710,பொங்கச் சருவம்,,poṅkac caruvam,,பொங்கல் வைப்பதற்கான பித்தளைப் பாத்திரம்.,brass pot used for boiling Pongal,பொங்கச்சருவம் தகதகன்னு மின்னுது.,பெயர்ச்சொல்,home_household | food_cooking,,od | pm,
3711,பொங்கசட்டி,,poṅkacaṭṭi,,பொங்கல் வைக்கும் மண்சட்டி.,earthen pot used for cooking Pongal,பொங்கசட்டி எடுத்து பொங்கலு வெக்கலா.,,home_household | food_cooking,,np,
3712,பொங்கமொடா,,poṅkamoṭā,,பொங்கல் வைக்கும் பெரிய பானை. | பொங்கல் வைப்பதற்கான பெரிய பானை.,large earthenware pot for making Pongal feast,பொங்க மொடா சாஞ்ச மாதிரி கீழ உருண்டுட்ட. | பொங்கமொடா சாஞ்சாப்பல கொழந்த திரும்பி உழுவுது.,பெயர்ச்சொல்,home_household | food_cooking,,np | pm,
3713,பொங்கான் பொசுக்கான்,,poṅkāṉ pocukkāṉ,,வலிமையற்று அவனே பாவம்! பொங்கான் பொசுக்கான்னு இருக்குறான்,fragile | weakling | frail person,அவனப் போயி ஏண்டா நோண்டுற?,,body_health | human_behavior,,od,
3714,பொங்கு,பொசங்கு,poṅku,pocaṅku,பறவைகளின் இறகு.,bird feather | down feather,கோழி கனமேயில்ல வெறும் பொங்குதான். | கோழிப் பொசங்கெ காதுலெ விட்டு தோண்டாத.,பெயர்ச்சொல்,nature_animals,,np | pm,
3715,பொங்குபொங்குனு,,poṅkupoṅkuṉu,,உடல் மெலிந்து.,emaciated | thin and frail,அவனே பொங்குபொங்குனு இருக்கறே நீயி அவனப் போயி தள்ளி உட்றியே.,,body_health,,np,
3716,பொச்சாட்டிக் குருவி,,poccāṭṭik kuruvi,,வால் பகுதியை எந்நேரமும் அசைத்தபடியே இருக்கும் ஒரு வகைக்குருவி.,wagtail bird,பொச்சாட்டிக் குருவிய மரத்துல பாரு.,பெயர்ச்சொல்,nature_animals,,pm,
3717,பொச்சு,,poccu,,"பிட்டம் | மலத்துவாரம், சூத்து.",buttocks | anus,பொச்சுல தண்ணியா ஊத்துது.,பெயர்ச்சொல்,body_health,,od | pm,
3718,பொச்சுக்குட்டு,,poccukkuṭṭu,,"உடம்பில் மலத்துளையின் இருபுறமும் உள்ள சதைப் பகுதி. சூத்தாம்பட்டை, பிருஷ்டம்.",buttock flesh | buttocks,பொச்சுக்குட்டுலயே ரண்டு வெச்சிருவம்பாத்துக்க.,பெயர்ச்சொல்,body_health,,pm,
3719,பொச்செரிப்பு,,poccerippu,,பொறாமை. பிறரைக் குறித்து மனதில் கொள்ளும் பொறாமையினால் ஏற்படும் எரிச்சல்.,jealousy | burning envy,அவனுக்கேண்டா இத்தன பொச்செரிப்பு.,பெயர்ச்சொல்,human_behavior,,pm,
3720,பொசட்டு,,pocaṭṭu,,பயறு வகைகள் செடியில் இருக்கும் போது பாதுகாப்பிற்காக அதன் மேல் இருக்கும் சருகு.(1) | கண்ணுக்கும் காதுக்கும் இடையே உள்ள பகுதி.(2),legume pod husk | temple area between eye and ear,தொவரம் பொசட்டு,,farming_livestock | body_health,,np,
3721,பொசுக்குனு,,pocukkuṉu,,சடக்கென்று | பொசுக்கெண்டு | திடீரென்று.,suddenly | abruptly | spontaneously,இவனுக்கு பொசுக்கு பொசுக்குன்னு கோபம் வந்துடும் | கல்லுல அடிபட்டு பொசுக்குனு உளுந்துட்டான்.,,speech_phrase | human_behavior,,od | np,
3722,பொசுகுனி,,pocukuṉi,,ஒருவரைப் பற்றிப் புறம் பேசுதல்; கோள் சொல்லுதல்.,backbiting | gossiping | talebearing,பொசுகுனி பேசற பழக்கம் அவங்கிட்ட இருந்து போவாது.,பெயர்ச்சொல்,human_behavior | speech_phrase,,pm,
3723,பொசுவினி,,pocuviṉi,,பொறாமை பிடித்தவள் / ன்.,envious person | jealous person,அவ ஒரு பொசுவினிடா.,பெயர்ச்சொல்,human_behavior,,pm,
3724,பொசுவினித்தனம்,பொறுகினித்தனம்,pocuviṉittaṉam,poṟukiṉittaṉam,பொறாமைக் குணம்.,envious nature | jealous character | jealous attitude | green-eyed nature,பொசுவினித்தனம் மனுசனுக்கு ஆவாதுடா. | பொறுகினித்தனம் புடிச்சுத் திரியறான்.,பெயர்ச்சொல்,human_behavior,,pm | np,
3725,பொட்டாட்டொ,பொட்டாட்டம்,poṭṭāṭṭo,poṭṭāṭṭam,அமைதியாக.,quietly | silently without movement,இடி பின்னிருவே பொட்டாட்டொ இரு.,,human_behavior | speech_phrase,,od | np,
3726,பொட்டாட்டம் இரு,பொட்டுப்போல இரு,poṭṭāṭṭam iru,poṭṭuppōla iru,செயலற்றுச் சும்மா இருத்தல்.,stay still | keep quiet without doing anything,"குறுக்க பேசாத, பொட்டாட்டம் இருடா.",வினைச்சொல்,human_behavior | speech_phrase,,pm,
3727,பொட்டாட்டமா இருத்தல்,,poṭṭāṭṭamā iruttal,,அமைதியாய் இருத்தல்,being quiet | keeping silent and inactive,,வினைச்சொல்,human_behavior,,od,
3728,பொட்டி,பொட்டு,poṭṭi,poṭṭu,"கண்.(1) | பதநீர் இறக்கும் மரமேறிகள் இடுப்பில் கட்டிக் கொள்ளும் கூம்பு வடிவ பொட்டி.(2) | கள் , பதநீர் இறக்கும் மரமேறிகள் இடுப்பில் கட்டிக்கொள்ளும் கூம்பு போன்ற பெட்டி ( இது இடுப்பின் பின் பக்கம் இருக்கும் ; அரிவாள் , சுண்ணாம்பு போன்ற பொருட்களை அதற்குள் வைத்துக் கொள்வர் ) . | (1) | இரண்டு அல்லது மூன்று வள்ளம் பிடிக்கும் அளவுக்கான சிறு கூடை .(2) | பயறு வகைகள் செடியில் இருக்கும் போது பாதுகாப்பாக இருக் காய்த்தோல் சருகு ( இதனைப் பிரித்தெடுத்து ஆட்டுக்கு உணவாகத் தருவர்) .",toddy tapper's tool basket | small basket | legume pod husk,பொட்டிக்குள்ளெ அருவாக்கத்தி இருக்கு. | பொட்டியில ஆம்பரக்கத்தி வெக்க மறந்துட்டன். | கல்லக்கா எத்தன பொட்டி ஆச்சு. | தொவரம் பொட்டு அள்ளி வெள்ளாட்டுக்கு வெய்யி.,பெயர்ச்சொல்,farming_livestock | home_household,,np | pm,
3729,பொட்டி வண்டி,,poṭṭi vaṇṭi,,பயணம் செய்யும் வண்டி.,covered passenger bullock cart | box cart,"பொட்டி வண்டி கட்டிகிட்டு உன்ற மாமஞ் சீர் கொண்டா. | பொண்ணும் மாப்பிளயும், பொட்டு வண்டியில வர்றாங்க.",பெயர்ச்சொல்,farming_livestock,,np | pm,
3730,பொட்டிகட்டு (தல்),,poṭṭikaṭṭu (tal),,மரமேறிகள் மரமேறச் செல்ல ஆயுத்தமாகுதல்,strapping on climbing pouch | toddy tapper gearing up to climb,"நேரமாச்சு, இன்னம் பொட்டி கட்டுலயா.",வினைச்சொல்,farming_livestock | action_verbs,,pm,
3731,பொட்டிபலகாரம்,,poṭṭipalakāram,,திருமணத்திற்கு பின் பெண்களுக்கு சீர்வரிசையாக கொடுக்கும் பலகாரம்.,traditional sweets gifted in box to bride after wedding,,,festival_religion | food_cooking,,np,
3732,பொட்டுவெக்கிறெது,,poṭṭuvekkiṟetu,,திருமணத்தில் மணமகளுக்கு தாய்மாமன் திலகம் இடுவது.,maternal uncle applying vermilion tilak on bride during wedding,,,festival_religion | kinship,,np,
3733,பொட்லி,,poṭli,,கோவில்களில் வேண்டுதலின் பொருட்டு நிறைவேற்றப்படும் எழுப்பப்படும் வேட்டுச்சத்தம்,firecracker blast sound offered as vow at temple,,,festival_religion,,od,
3734,பொடக்காலி,பொடக்காவி,poṭakkāli,poṭakkāvi,"வீட்டின் பின்புறம் | வீட்டின் பின்னுள்ள (குளிக்க, சிறுநீர் கழிப்பதற்கான ) இடம். | வீட்டின் பின்புறமுள்ள (குளிக்கும்) இடம்.",backyard | rear wash area of a house,பொடக்காலிப்பக்கம் இருட்டுல என்ன பன்ற. | பொடக்காவில பாரு தண்ணி இருக்குது.,பெயர்ச்சொல்,home_household | place_direction,புறம் காலி என்பது காலி புறத்தின் முற்றுப் போலி,od | np | pm,
3735,பொடங்கு,,poṭaṅku,,பயிரை அறுவை செய்த பின் வேரிலிருந்து தழைத்து வரும் இரண்டாம் பயிர். | பயிரை அறு செய்தபின் அடி வேரிலிருந்து தழைந்து வரும் இரண்டாம் பயிர்.,ratoon crop | second crop sprouting from roots after harvest,பொடங்கு மொளச்சு இருக்குது. | தண்ணி உட்டா பொடங்கு நல்லா வரும்.,பெயர்ச்சொல்,farming_livestock,,np | pm,
3736,பொடங்கெ,,poṭaṅke,,எதற்கும் ஒத்துவராதவன்.,uncooperative stubborn person | nonconformist,எங்கியோ சுத்தற பொடங்கனா இருக்கெ.,,human_behavior,,np,
3737,பொடச்சுப்போடு,,poṭaccuppōṭu,,தானியங்களில் இருக்கும் கற்களை நீக்க முறத்தில் போட்டு புடைப்பது.,winnow grains to remove stones | winnowing,,,action_verbs | farming_livestock,,np,
3738,பொடத்தி,,poṭatti,,ஆபத்து வரும்போது தப்பிப்பதற்காக வளையில் எலி வைத்திருக்கும் அவசரகால வழி.,rat hole escape passage | emergency exit in rodent burrow,பொடத்தி எந்தப் பக்கம் இருக்குதுன்னு தெரிஞ்சா எலியப் புடிச்சிரலாம்.,பெயர்ச்சொல்,nature_animals,,pm,
3739,பொடனி,பொடனை,poṭaṉi,poṭaṉai,பின்கழுத்து | தலையின் பின்புறம் | பின் கழுத்துப் பகுதி.,nape of neck | back of head,"புடனி, பிடனி, பிடரி | பொடனிமேல ரெண்டு போடு அப்பதெ சும்மா இருப்பாப்பிடி. | பொடனிலயே அடி உழுந்திடுச்சு.",பெயர்ச்சொல்,body_health,,od | np | pm,
3740,பொடி,,poṭi,,வெயிலில் காய்ந்து. கால் வைக்க முடியாத அளவுக்க கொண்டுவிடும் தரை.,scorchingly hot sun-baked soil | blistering hot ground,காலே வெக்க முடியல. பொடிச் சுடுது.,பெயர்ச்சொல்,nature_animals | place_direction,,pm,
3741,பொடிக்கலரு,,poṭikkalaru,,காப்பி நிறம்.,snuff color | coffee brown color,பொடிக்கலருலெ இருக்கு பாரு.,,dress_accessories,,np,
3742,பொடை,,poṭai,,கதிர் வெளிவரும் முன் பயிரின் நுனியில் தோகையால் மூடப்பட் புடைத்துத் தெரியும் பருவம்.,boot stage of crop before ear emergence | swollen sheath stage,கம்பு பொடை எடுத்து கட்டீருச்சா.,பெயர்ச்சொல்,farming_livestock,,pm,
3743,பொடைத்தல்,,poṭaittal,,வீங்குதல்.,swelling up | bulging,தலையிலெ அடிபட்டு பொடைச்சுகிச்சு.,,body_health | action_verbs,,np,
3744,பொண்டுபுள்ளெ,,poṇṭupuḷḷe,,மனைவி மற்றும் குழந்தைகள்.,wife and children | family,பொண்டு புள்ளெயெ வெச்ச பொழெக்கத் தெரியாம வந்துட்டெ காம்போம் பேசெ.,,kinship,,np,
3745,பொண்ணழப்பு,பொண்ணழைக்கிறெது,poṇṇaḻappu,poṇṇaḻaikkiṟetu,மணமகளை அழைத்து வருதல்.,welcoming the bride to marital home | bridal reception,பொண்ணழைக்கிறதற்கு போயிட்டு வர்ர.,,festival_religion | kinship,காண்க: பொண்ணழைக்கிறெது,np,
3746,பொண்ணுப்பிள்ளை,,poṇṇuppiḷḷai,,மணமகள்.,bride | young bride,பொண்ணுப்பிள்ள பாக்க லச்சணமா இருக்கறா.,பெயர்ச்சொல்,festival_religion | kinship,,pm,
3747,பொணப்புடுச்சவன்,பொணப்புடுச்சவள்,poṇappuṭuccavaṉ,poṇappuṭuccavaḷ,எப்போதும் ஏதாவது ஒன்றிற்காக பிணக்குக் கொள்பவள் / ன்.,quarrelsome person | grudge-holding person,அவ கெடக்கறா பொணப்புடுச்சவ.,பெயர்ச்சொல்,human_behavior,,pm,
3748,பொணையல்,,poṇaiyal,,ஒன்றோடு ஒன்று அல்லது ஒருவரோடு ஒருவர் பின்னிக் கொள்தல்.,entanglement | entwining together | embrace,அங்க ரண்டு பேரு பொணையல் போட்டுக்கிட்டுக் கெடக்கறாங்க.,பெயர்ச்சொல்,action_verbs,,pm,
3749,பொணையல் பாம்பு,,poṇaiyal pāmpu,,ஒன்றோடொன்று பிணைந்து உறவு கொள்ளும் பாம்பு. | ஒன்றோடு ஒன்று பின்னிப் பிணைந்து உறவு கொள்ளும் நிலையிலிருக்கும் பாம்பு.,mating snakes | entwined pair of snakes,பொணயல் பாம்போட்ட ரெண்டுமு சுத்துது. | பொணையல் பாம்பாட்டம் ரண்டு பேரும் கெடக்கறாங்க.,பெயர்ச்சொல்,nature_animals,,np | pm,
3750,பொணையலு,,poṇaiyalu,,ஒன்றோடொன்று பிணைந்த.,entwined | entangled together,பாம்புகெ பாரு பொணையலு போட்ருக்குது.,,action_verbs,,np,
3751,பொத்தபொழி,,pottapoḻi,,இரு காடுகளுக்கு இடையே பொதுவாக உள்ள பொழி.,common boundary path between two fields,இந்தப் பொழி ரெண்டு பேருக்கு பொத்தபொழியாக்கு.,,farming_livestock | place_direction,,np,
3752,பொத்தலு,,pottalu,,ஓட்டை.,hole | puncture | leak,சட்டையிலெ பொத்தல் பொத்தலா இருக்கு.,,home_household,,np,
3753,பொத்தாம்பொதுவா,,pottāmpotuvā,,இருவருக்கும் பொதுவில்.,neutrally | commonly to both sides | generally,பொத்தாம் பொதுவா பேசறதுக்கு உன்னைக் கூப்புட்டா அவனுக்கே சப்போர்ட்டு பண்ணிகிட்டு இருக்குறெ.,,speech_phrase,,np,
3754,பொத்துதல்,,pottutal,,"கூடை, முறம் முதலியவற்றிற்குப் பனை நாரால் கட்டுப்போட்டுப் பழுது பார்த்தல்.",mending woven baskets or winnowing fans with palmyra fiber,கூட மொறமெல்லாம் பொத்தக் குடுக்கோனும்.,வினைச்சொல்,farming_livestock | action_verbs,,pm,
3755,பொத்தை,,pottai,,"பொத்தல் விழுந்த பயன்படாத நிலையில் இருக்கும் கூடை, முறம் போன்றவை.",punctured discarded basket or winnow | worn-out basket,கூடையெல்லாம் பொத்தையாப் போச்சு.,பெயர்ச்சொல்,home_household,,pm,
3756,பொதறு,,potaṟu,,புதர்.,bush | thicket | shrubbery,பொதறுக்குள்ளெ போகாதே பாம்பு உள்ளெ இருக்குது.,,nature_animals,,np,
3757,பொதி,,poti,,மூன்று அல்லது நான்கு மூட்டை நெல் ஒரு பொதி எனப்படும் | நான்கு மூட்டை தானியம். இரண்டு மூடை வெல்லம் கொண்ட அளவு. | நான்கு மூட்டை தானியம் அல்லது இரண்டு மூட்டை வெல்லம் கொண்ட அளவு.,four sacks of grain or two bags of jaggery | pothi unit,அவங்கிட்ட ஒருபொதி பணொ இருக்குது. | கம்பு ரண்டு பொதி ஆவுமா.,பெயர்ச்சொல்,measure_units | farming_livestock,,od | np | pm,
3758,பொதி எருது,பொதிமாடு,poti erutu,potimāṭu,பொதி மூட்டைகளை சுமக்கப் பயன்படும் எருது. | பொதி மூட்டைகளைச் சுமக்கப் பழைய காலத்தில் பயன்படுத்தப்பட்ட எருது.,pack ox | bullock used for carrying heavy grain loads,"பொதி எருது மாதிரி வளந்து என்ன பிரயோசனொ. | பொதி எருதாட்டம் வளந்துட்டானே தவிர,அறிவு கெடையாது.",பெயர்ச்சொல்,farming_livestock | nature_animals,,np | pm,
3759,பொந்துவால் நரி,வங்கா நரி,pontuvāl nari,vaṅkā nari,மண்ணில்வளை பறித்து அதற்குள் வாழும் ஒருவகை நரி.,burrowing fox species | burrow-dwelling jackal,பொந்துவால் நரியாட்டம் முட்டிக்கிட்டு வர்றான்.,பெயர்ச்சொல்,nature_animals,,pm,
3760,பொம்பளச்சட்டி,,pompaḷaccaṭṭi,,பெண் தன்மை மிகுந்திருக்கும் ஆண்; அலி.,effeminate man | eunuch,அவனோட பேச்சப்பாத்தா பொம்பளச் சட்டியாட்டம் தெரீது.,பெயர்ச்சொல்,human_behavior,,pm,
3761,பொம்பாரொ,,pompāro,,பம்பரம்.,spinning top | toy top,பொம்பாரொக் கட்டை வெளையாடலா.,,home_household,,np,
3762,பொம்மரம்,,pommaram,,பெண் காய்க்கும் பனைமரம்.,female palmyra palm tree,பொம்மரத்துக் கள்ளுதான் ருசியா இருக்கும்.,பெயர்ச்சொல்,nature_animals | farming_livestock,,pm,
3763,பொய்க்காய்,,poykkāy,,உள்ள தேங்காய்; நுங்கு.,tender coconut / palmyra fruit with soft kernel | hollow or undeveloped nut,இந்தக் கொலையில மூனு பொய்க்காயி.,பெயர்ச்சொல்,farming_livestock,,pm,
3764,பொய்நிலை,,poynilai,,நெற்றிக்கும் கன்னத்திற்கும் இடையிலான நெற்றிப் பொட்டு.,temple region on the side of forehead,கல்லு கொஞ்சம் தவறி பொய் நெலையில் பட்டிருந்தா என்னாவறது.,பெயர்ச்சொல்,body_health,,pm,
3765,பொய்மோடம்,பொய்மோடொ,poymōṭam,poymōṭo,"மழை பெய்யாமல், வருவது போல ஏமாற்றிக் கலைந்துவி மேகக் கருக்கல். | மழைபெய்யாமல் வெறும் மேகமூட்டமாக இருந்து கலைதல்.",false rainclouds | deceptive overcast that disperses without rain,வானம் சும்ம பொய்மோடம் போடுது. | பொய்மோடொ போட்டுருக்குது மழெ வராது.,பெயர்ச்சொல்,nature_animals | time_seasons,,np | pm,
3766,பொய்யேரி,,poyyēri,,வாய்க்கால் இல்லாத இடத்தில் ஏரிபோல் அமைந்த வரப்பு.,bund forming an artificial water catchment ridge,அந்தப் பொய்யேரில ஆட்டமேயி.,பெயர்ச்சொல்,farming_livestock | place_direction,,pm,
3767,பொரட்டாசிகெழமெ,,poraṭṭācikeḻame,,புரட்டாசி மாதத்தில் வரும் சனிக்கிழமை அன்று விரதமிருப்பது.,Purattasi Saturday fasting ritual,நானு பொராட்டாசி கெழமெ புடிச்சிருக்கெ.,,festival_religion | time_seasons,,np,
3768,பொரணி,,poraṇi,,பொறாமை பேசுதல்.,malicious gossip | envious talk,இவனுக்கு பொரணி பேசறதே வேலயாப் போச்சு.,,human_behavior | speech_phrase,,np,
3769,பொருக்கு,,porukku,,"புண் காய்ந்ததும் மேல் பகுதியில் கருப்பாய் அடை போன்று கட்டி, உதிர்ந்துவிடும் தோல் பகுதி.",scab over a healing wound | crust of a sore,பொருக்கு தானே உழுந்திரும் கிள்ளாத.,பெயர்ச்சொல்,body_health,,pm,
3770,பொருப்பு,,poruppu,,"ஓலைக் கொட்டகை செம்மையாக, பார்வைக்கு அழக அமைதல்.",neat and well-thatched shed structure | sturdy appearance of thatched roof,கொட்டாயி நல்ல பொருப்பா இருக்குது.,பெயர்ச்சொல்,home_household,,pm,
3771,பொருமல்,பொருமலு,porumal,porumalu,சரியாக உணவு செரிக்காமல் வயிறு உப்பிப் போத | உணவு செரிக்காமல் வயிறு உப்பசம்.,indigestion with flatulence | bloated stomach,வயித்துப் பொருமல் எப்படி இருக்குது. | வயிறு ஒரே பொருமலா இருக்குது.,பெயர்ச்சொல்,body_health,,pm | np,
3772,பொரெ,,pore,,பாலில் சிறிது தயிர் விட்டு பாலை தயிராக்குதல்.,curd starter culture | fermenting milk into curd,பாலெ பொரெ ஊத்தி வை.,,food_cooking | action_verbs,,np,
3773,பொரெட்டு,,poreṭṭu,,புரட்டு.,turn upside down | overturn | flip over,அந்தக் கல்லைப் பொரட்டிப் போடு.,,action_verbs,,np,
3774,பொலி,பொல்லி,poli,polli,பொய் | இரண்டு நிலத்திற்கு இடையில் உள்ள வரப்பு. | இருவரின் நிலங்களைப் பிரிக்கும் வரப்பு.,field boundary ridge | dividing bund | lie,பொலி மேலெ பாரு கொத்து இருக்குது எடுத்துட்டு வா. | பொலியில ரண்டு வெலா சேத்து ஓட்டிருக்குது.,பெயர்ச்சொல்,farming_livestock | place_direction,,od | np | pm,
3775,பொகிலெ,பொவியிலை,pokile,poviyilai,புகையிலை | புகையிலை.,tobacco leaf | tobacco,பொகிலெ போடாதீன்னு சொன்னா கேக்க மாட்டீயா.,,farming_livestock,,od | np,
3776,பொழக்கத்துலெ,,poḻakkattule,,புழக்கத்தில்.,in circulation | in everyday usage,பத்து பைசா காசு பொழக்கத்துலேயே இல்ல.,,speech_phrase,,np,
3777,பொழங்குவது,,poḻaṅkuvatu,,பயன் படுத்துவது,using | utilizing | handling,,,action_verbs,,od,
3778,பொழப்பு,பொழப்புத்தனம்,poḻappu,poḻapputtaṉam,வாழ்க்கை. தொழில்.,livelihood | occupation | living,இந்தப் பொழப்பு பொழக்கிறதுக்கு செத்துப் போலா. | வறுமை வந்து வாசல்ல நின்னுக்கிட்டு வரட்டுமா போகட்டுமாங்குது; பொழப்பு போயி பொடக்காலியில நின்னுக்கிட்டு வரட்டுமாங்குது.,பெயர்ச்சொல்,human_behavior,,np | pm,
3779,பொழிவாசிமா,,poḻivācimā,,ஒட்டுமொத்தமாக.,comprehensively | collectively | as a whole,,,speech_phrase,,np,
3780,பொழுதிருக்கறப்பவெ,,poḻutirukkaṟappave,,இரவு ஆவதற்கு முன்.,before nightfall | while daylight remains,வேலக்கிப் போயிட்டு பொழுதிருக்கறப்பவெ வந்துட்ட.,,time_seasons,,np,
3781,பொழுதின்னிக்கி,,poḻutiṉṉikki,,பகல் முழுவதும்.,all day long | throughout the entire day,பொழுதின்னிக்கி வெளயாண்டுட்டே இருக்காதெ படி.,,time_seasons,,np,
3782,பொழுதுகெளம்ப,,poḻutukeḷampa,,அதிகாலையில்.,at daybreak | early dawn,பொழுது கெளம்ப இன்னுங் எங்கியோ போனவெ காணொ.,,time_seasons,,np,
3783,பொழுதோட,,poḻutōṭa,,பொழுது சாயும் முன் | மாலை நேரத்தில் | மாலையில்.,evening | before dusk,பொழுதோட அந்த வேலையை முடிக்கிறேன் | பொழுதோட சீக்கரொ வூட்டுக்கு வந்து சேரு.,,time_seasons,,od | np,
3784,பொழைக்காமெ வந்துட்டா,,poḻaikkāme vantuṭṭā,,வாழா வெட்டியாக வந்துவிட்டாள்.,returned from husband's house unable to live there | separated wife,அவ புருசவீட்டுலருந்து பொழைக்காமெ வந்துட்டா.,,kinship | human_behavior,,np,
3785,பொளந்துகட்டு,,poḷantukaṭṭu,,திட்டும் வார்த்தை.,thrash soundly | bash up | verbal abuse phrase,ரொம்பத் திமிரு பண்ணுன பொளந்து கட்டிருவ.,,speech_phrase,,np,
3786,பொறக்கடை,,poṟakkaṭai,,வீட்டின் கொல்லைப்புறம்; பின்புறப் புழக்கடை.,backyard | rear courtyard of a house,,பெயர்ச்சொல்,home_household | place_direction,பொருள் உறுதிப்படுத்தப்படவில்லை (AI உருவாக்கம்) · Meaning not verified (AI generated),od,
3787,பொறக்காண்ட,பொறத்தாண்ட | பெரகாண்ட | பொறவாடி,poṟakkāṇṭa,poṟattāṇṭa | perakāṇṭa | poṟavāṭi,"பின்னால்: | பின்னால். | பின்னால், பின்பக்கத்தில்.",behind | in the rear | at the rear | at the back,பொறக்காண்ட திரும்பிப்பாரு. | உம் பெரகாண்டத நானு பாக்கவே இல்லெ. | உனக்கும் பெரகாண்ட பாருடா. | உன்ற பொறவாடி தெ நிக்கிறம் பாரு.,வினைச்சொல்,place_direction,,pm | np,
3788,பொறங்கையி,,poṟaṅkaiyi,,புறங்கை.,back of the hand,பொறங்கையி பாரு அழுக்கு புடிச்சுப் போயி இருக்குது.,,body_health,,np,
3789,பொறந்தவெ,பொறந்தவள் | பொறந்தவன்,poṟantave,poṟantavaḷ | poṟantavaṉ,உடன் பிறந்த சகோதரர் | சகோதரன்/சகோதரிஎன்ன பாப்பாயா.பொறந்தவனூட்டுக்கு கெளம்பீட்டாப்ல இருக்குது? | உடன் பிறந்த சகோதரரி | உடன் பிறந்த சகோதரி (தங்கை) | காண்க: பெறந்தவன். | காண்க: பெறந்தவள். | உடன்பிறந்தவர்.,sibling | brother | sister,என்றெ பொறந்தவெ வூட்டுக்குப் போயிட்டு வர்ரெ.,பெயர்ச்சொல்,kinship,,od | pm | np,
3790,பொறந்தவொ,பெறந்தவொ,poṟantavo,peṟantavo,உடன்பிறந்தவள். | உடன் பிறந்தவள்.,female sibling | sister,என்றெ பொறந்தவொ வூட்டுக்குப் போயிட்டு வந்தே. | இவொ எங்கூடப் பெறந்தவொ.,,kinship,,np,
3791,பொறப்போவுது,,poṟappōvutu,,"சாப்பிடும்போதோ, நீர் குடிக்கும்போதோ இருமுவது.",choking cough while eating or drinking | liquid going down the windpipe,பொறப்போவுது தலையில தட்டியுடு.,,body_health,,np,
3792,பொறம்பாரம்,,poṟampāram,,வண்டியின் பின்பக்கப் பாரம்.,rear-heavy load on a cart,பொறம்பாரம் எச்சாப் போயிடுச்சு.,பெயர்ச்சொல்,farming_livestock,,pm,
3793,பொறம்பு,,poṟampu,,கல் துகள்களும் நுணுங்காத கற்களும் கொண்ட கிணறு.,well with coarse gravel and hard unyielding rock layers,கெணறுவெட்டி என்ன பண்றது பொறம்பாப் போச்சே.,பெயர்ச்சொல்,farming_livestock | place_direction,,pm,
3794,பொறவாசல்,,poṟavācal,,வீட்டின் பின்புற வாசல்; கொல்லைப்புற நுழைவு வாயில்.,back door | rear entrance of a house,பொறவாசல்ல போயி பாத்திரத்த கழுவு.,பெயர்ச்சொல்,home_household | place_direction,,od,
3795,பொறவால,பொறவுக்கு,poṟavāla,poṟavukku,பின்னாலே | பின்னால் | பிறகு,behind | afterwards | later,"நீங்க முன்னாடி போங்க, நான் பொறவால வர்றேன்.",,speech_phrase | place_direction,,od,
3796,பொறவு,,poṟavu,,அப்புறம் | பிறகு | பேந்து | காண்க. பொறவாடி.,afterwards | later,கடைக்கு பொறவு போறேன்,,speech_phrase | time_seasons,,od | np,
3797,பொறி,பொறை,poṟi,poṟai,"பறவை இறகு , சேலை , பிற துணிகள் போன்றவற்றில் இருக்கும் புள்ளிகள் நிறைந்த தன்மை ; ஒரு வகை டிசைன் . | கண்ணில் சதை வளரும் ஒரு படலம். | பீரோவுக்குள் அடைப்புடன் இருக்கும் மேல்பகுதி . | (1) | கண்ணில் கட்டும் படலம் . | (2) | முன்னிரவு நேரம் . | (3) | பால் தயிராகத் துவைவதற்கு ஊற்றும் சிறிதளவு தயிர் அல்லது மோர் ; உறை .(4)",speckled pattern | cataract | starter culture,சட்டத்துணிபொறிப்பொறியா இருக்குது. | கண்ணு பொறைமூடியிருக்குது. | பொறையத் தொறந்து பாரு. | கண்ணுல பொற கட்டுது. | ஊட்டுக்குப் பொறைக்கு வாரேன். | கொஞ்சம் பொறை இருந்தாக் குடு. எருமைக்குப் போடு.,பெயர்ச்சொல்,body_health | food_cooking | dress_accessories,,pm | np | pm,
3798,பொறிக்கோழி,,poṟikkōḻi,,பொறிப்பொறியான இறக்கையை கொண்ட கோழி. | பொறிப் பொறியான இறக்கையைக் கொண்ட கோழி.,spotted country hen | speckled fowl,பொறிக் கோழி பாரு அழகா போகுது. | அந்தப் பொறிக்கோழியத் தொரத்திப் புடி.,பெயர்ச்சொல்,nature_animals | farming_livestock,,np | pm,
3799,பொறியோடு,,poṟiyōṭu,,பயிறு வகைகளை வறுப்பதற்கு உதவும் ( பெரிய வாணலி போன்ற ) வாயகன்ற மண்பாண்டம்.,wide earthen roasting pan for legumes and grains,பொறியோடு சும்மாகாயுது. பயிரக் கொடு.,பெயர்ச்சொல்,home_household | food_cooking,,pm,
3800,பொறை மோர்,,poṟai mōr,,பால் தயிராகத் தோய்வதற்கு (துவைவதற்கு) ஊற்றும் சிறிதளவு தயிர் அல்லது மோர்; உறைமோர்.,curd starter buttermilk | small quantity of curd or buttermilk used as starter culture,"பால் காய்ச்சியாச்சு, கொஞ்சம் பொறை மோர் ஊத்தி வை.",பெயர்ச்சொல்,food_cooking,,pm,
3801,பொறையூத்தறது,,poṟaiyūttaṟatu,,பால் தயிராக உறை மோர் ஊற்றுதல்; உறை ஊற்றுதல்.,adding starter curd to warm milk | culturing curd,பாலுக்குப் பொறையூத்த மறந்துடாத.,,food_cooking | action_verbs,,np,
3802,பொன்தாறி வெக்கிறது,,poṉtāṟi vekkiṟatu,,கொங்கு வேளாளக் கவுண்டரில் பெரிய குலத்தார் தங்களது மூத்த மகளை பொன்னுஞ்சலில் வைத்து சீர் நடத்துவர்.,Kongu bridal honoring ritual on a golden swing for the eldest daughter,,,festival_religion | kinship,,np,
3803,பொன்னாம்பூச்சி,,poṉṉāmpūcci,,பொன்வண்டு,jewel beetle | golden blister beetle,பொன்னாம்பூச்சி பறக்குது பாரு. | பொன்னாம்பூச்சி புடிக்கப் போறான்.,பெயர்ச்சொல்,nature_animals,,od | np | pm,
3804,போக்கடா,,pōkkaṭā,,பலமில்லாதவன்; எதற்கும் பயனற்றவன்.,frail useless fellow | good-for-nothing weakling,"சும்மா கெடக்கற போக்கடா, சுடுகாட்டு வெரைக்கும் தூக்கடா",பெயர்ச்சொல்,human_behavior,,pm,
3805,போக்கத்தவன்,போக்கத்தவள்,pōkkattavaṉ,pōkkattavaḷ,திட்டுச்சொல். வாழ வழி ஏதும் அற்றவள் / ன்.,destitute good-for-nothing | destitute scoundrel,என்னயப் போக்கத்தவன்னு நெனச்சியா.,பெயர்ச்சொல்,human_behavior | speech_phrase,,pm,
3806,போக்கிடம்,,pōkkiṭam,,புகலிடம்.,refuge | shelter | asylum,எங்களுக்குப் போக்கிடமேது.,பெயர்ச்சொல்,place_direction,,pm,
3807,போக்கியொ,,pōkkiyo,,கொடுத்த பணத்திற்கு வட்டி இல்லை. உழுத நிலத்திற்கு பணம் இல்லை என ஒப்பந்தம் செய்தல்.,usufructuary mortgage of land | interest-free land pledge,எங்கெ காட்டெ போக்கியத்துக்கு உட்ருகீகுறம்.,,farming_livestock,,np,
3808,போக்குவரத்து,,pōkkuvarattu,,திருமணம் நிச்சயிக்கப்படும் முன் அதே சமயம் உறுதியான பின்பு நடத்தப்படும் வைபவம்,pre-wedding mutual family visit and bonding ritual,வாங்க பழகலாம் முறையில்,,festival_religion | kinship,,od,
3809,போகுட்டுங்களா,,pōkuṭṭuṅkaḷā,,கிளம்புவதற்கு முன் சொல்லும் வார்த்தை.,may I take leave | shall I depart,அப்பெ நா போகுட்டுங்களா.,,speech_phrase,,np,
3810,போகுமாட்டொ,போகுமாட்டோ இருக்கு,pōkumāṭṭo,pōkumāṭṭō irukku,போயிற்று போல தெரிகிறது.,seems to have gone | looks like it went away,எங்கியோ போகுமாட்டோ இருக்கு.,,speech_phrase,,np,
3811,போகொட,,pōkoṭa,,விளையும் காலம்.,harvest season | cropping season,முப் போகொ நல்லெ வெளச்சலு.,,time_seasons | farming_livestock,,np,
3812,போங்காலம்,,pōṅkālam,,அழிவுகாலம்; அழிந்து போவதற்கான காலம்.,time of ruin | impending doom | fateful downfall,அவனுக்குப் போங்காலம் வந்திருச்சு.,பெயர்ச்சொல்,time_seasons | human_behavior,,pm,
3813,போச்சாது,,pōccātu,,"""பரவாயில்லை விடு"" என்பது போல | அழும் குழந்தையைச் சமாதானப்படுத்தும் சொல்.","consolation phrase meaning 'let it go, it's alright'",ஏதாவது பொருள் தொலைந்து விடும் பட்சத்தில் போச்சாது விடு என்று ஆறுதல் படுத்துவார்கள் | எங்கண்ணுல்ல. போச்சாதுடா.,பெயர்ச்சொல்,speech_phrase,போய்ச் சாகிறது என்ற சொல் இப்படி மாறி இருக்கலாம் என்பது என் தீர்மானம்,od | pm,
3814,போசி,,pōci,,பாத்திரம் | சிறிய அளவான பாத்திரங்கள் (அ),small vessels | metal cooking or serving vessel,,,home_household | food_cooking,,od,
3815,போணி,போவணி,pōṇi,pōvaṇi,"உருளை வடிவ பாத்திரம். | நீர்மைத் தன்மையுள்ளவற்றை (நீராகாரம், தண்ணீர் ) எடுக்க உதவும் உருளை வடிவப் பாத்திரம்.",cylindrical vessel for holding liquids | porridge container,போணில தண்ணி ஊத்தி வை. | போணியில் கொஞ்சம் நீத்தண்ணி கரச்சா.,பெயர்ச்சொல்,home_household | food_cooking,,np | pm,
3816,போத்தாலை,போத்தாகிலை,pōttālai,pōttākilai,புகையிலை,tobacco leaf,ஒரு துண்டு போத்தால குடு. | ஒரு துண்டு போத்தாகிலை வாங்கிவா.,பெயர்ச்சொல்,farming_livestock,,od | pm,
3817,போத்து,,pōttu,,கரும்புப் பயிரின் பக்கவாட்டில் வரும் இனி கிளைத்து வரும் பயிர் . | (1) | தழைவதற்காக வெட்டி நடப்படும் கிளை.(2),side shoot of sugarcane | cutting of a branch planted for sprouting,அந் | முருங்கைக்கு ஒரு போத்து நடோணும்.,பெயர்ச்சொல்,farming_livestock,,pm,
3818,போதாக்கொறெ,போதாக்குறை,pōtākkoṟe,pōtākkuṟai,பற்றாக்குறை.,shortage | insufficiency | scarcity,சோத்துக்கே போதாக்கொறையா இருக்குது. | எனக்கே போதாக்கொறெயா இருக்குது.,பெயர்ச்சொல்,speech_phrase,,pm,
3819,போதிச்சுப் போ (தல்),,pōticcup pō (tal),,"மழை, வெயிலில் கிடந்த மரம் கனம் குறைந்து அடர்த்தியற்றுப் போதல்.",wood becoming brittle and spongy from prolonged exposure to weather | dry rot in wood,ரொம்ப நாளாப போட்டு வெச்சு மரம் போதிச்சுப் போச்சு.,வினைச்சொல்,nature_animals,,pm,
3820,போப்பு வண்டி,,pōppu vaṇṭi,,வாடகை மாட்டு வண்டி.,hired bullock cart | taxi bullock cart,இப்பவெல்லாம் போப்பு வண்டியே கொறஞ்சு போச்சு.,பெயர்ச்சொல்,farming_livestock,,pm,
3821,போமாட்டெ,,pōmāṭṭe,,போகமாட்டேன்.,I will not go | refusal to go,நா போமாட்டெம் போ.,,speech_phrase,,np,
3822,போயரப்படாது,,pōyarappaṭātu,,போய்விடக்கூடாது.,must not leave | should not go away,நானு வர்ற வரைக்கி இங்கியே இருக்கோனு போயிடக்கூடாது செரியா.,,speech_phrase,,np,
3823,போர் போடுதல்,,pōr pōṭutal,,"விளைந்த கொடி, தட்டுகள், இலை தழைகள் அனைத்தையும் சேமித்து வைக்கப் போடும் அரண்",stacking crop straw or fodder haystack | building a haystack,,வினைச்சொல்,farming_livestock | action_verbs,,od,
3824,போலீன்னா,,pōlīṉṉā,,போகவில்லையென்றால்.,if you do not go | unless you go,நீ போலீன்னா நா போயிக்கறெ.,,speech_phrase,,np,
3825,போலுத்தப்பை,,pōluttappai,,வண்டியின் முன்புறம் பக்கங்களிலும் போடப்பட்டிருக்கும் உட்குழிவான மரச்சட்டம்.,curved wooden side-frame on front of bullock cart,போலுத்தப்ப மேல ஏறி உக்கோந்துக்கிட்டான்.,பெயர்ச்சொல்,farming_livestock,,pm,
3826,போழெ,,pōḻe,,அழுக்குக்கூடை. காண்க.,dirty clothes basket | soiled linen container,,,home_household,,np,
3827,போழை,,pōḻai,,பணம் வைத்துக் கொள்ளும் சிறு பை ( பர்ஸ்).,small money pouch | coin purse,போழைய எடுத்து மடியில வெச்சுக்க.,பெயர்ச்சொல்,home_household,,pm,
3828,போழைப்பொட்டி,,pōḻaippoṭṭi,,பொருள்கள் போட்டு மூடு வைத்துக் கொள்ளும் பிரம்புப் பெட்டி.,cane storage basket with lid | wicker container,போழப்பொட்டி ஒன்னு வாங்குனா நல்லது.,பெயர்ச்சொல்,home_household,,pm,
3829,போன எட்டு,,pōṉa eṭṭu,,சென்ற வாரம்.,last week,போன எட்டு சந்தைக்கிப்போனயா.,பெயர்ச்சொல்,time_seasons,,pm,
3830,போனவாட்டி,,pōṉavāṭṭi,,முந்தைய தடவை.,last time | previous occasion,போனவாட்டி உன்ன பாத்தது.,,time_seasons,,np,
3831,போனாக்கா,,pōṉākkā,,போனால்.,if one goes | in case of going,போனாக்கா போகுட்டு.,,speech_phrase,,np,
3832,போனாம்போக்கி,,pōṉāmpōkki,,"தானியத்தைத் தூற்றும்போது காற்றில் செல்பவை . | (1) | திட்டுச்சொல் . திக்கறவள் / ன், ஊர்சுற்றி, ஒன்றுக்கும் உதவாதவள் / ன்.(2)",chaff blown away during winnowing | vagabond good-for-nothing wanderer,இந்தத் தடவை நெறையப் போனாம் போக்கியாப் போச்சு. | இந்தப்போனாம் போக்கியக் கட்டிக்கிட்டு அழுவ வேண்டீதா இருக்குது.,பெயர்ச்சொல்,farming_livestock | human_behavior,,pm,
3833,மக்கமாரு,,makkamāru,,வாரிசுகள்.,progeny | descendants | offspring,உனுக்கு மக்கமாரு எத்தனை பேரு.,,kinship,,np,
3834,மக்கரி,,makkari,,மூங்கில் அல்லது பிரம்பால் முடையப்பட்ட பெரிய தானியக் கூடை.,large bamboo grain basket,மக்கரி நிறைய நெல்லு அள்ளிப் போட்டாங்க.,பெயர்ச்சொல்,farming_livestock | home_household,பொருள் உறுதிப்படுத்தப்படவில்லை (AI உருவாக்கம்) · Meaning not verified (AI generated),od,
3835,மக்காணி,,makkāṇi,,மக்காச்சோளம்.,maize | corn,இந்த வருசம் மக்காணி எத்தனெ மூட்டெ ஆச்சு.,,farming_livestock | food_cooking,,np,
3836,மக்கியா நாள்,மக்காநாளு,makkiyā nāḷ,makkānāḷu,அடுத்த நாள்.,next day | following day,கலியாணத்துக்கு மக்கியா நாளுத்தான் வந்தான். | மக்கா நாளு வரனு சொல்லு.,பெயர்ச்சொல்,time_seasons,,od | np | pm,
3837,மக்கிரி,மக்கிலி | மக்கிரிக் கூடை,makkiri,makkili | makkirik kūṭai,கூடை | பெரிய கூடை | மக்கிரி | உழவு வேலைகளுக்குப் பயன்படும் கூடை.,large round palm-fiber grain storage basket | basket used for agricultural work,6கூடை-1மக்கிரி | மக்கிரியெ எடுத்துவா. | மக்கிரியை எங்க எடுத்தோர.,பெயர்ச்சொல்,farming_livestock | home_household,,od | np | pm,
3838,மக்கிளித்தல்,,makkiḷittal,,செய்து கொண்ட ஒப்பந்தத்தை மீறுதல் ; மறுதலித்தல் . | (1) | கீழே விழுந்து அடிபடுவதால் எலும்பு இடம் மாறுதல் .(2),breaking an agreement or reneging on promise | bone dislocation due to a fall,நா மக்கிளிச்சன்னா கால்ல இருக்கறதக் கழட்டி | உழுந்தராதடா கையில மக்கிளிச்சிக்கும்.,வினைச்சொல்,human_behavior | body_health,,pm,
3839,மகடம்,மகுடம்,makaṭam,makuṭam,கண்ணில் விழும் திரை. | கண்ணில் விழும் திரை,cataract film over the eye | cloudy cornea | cataract | corneal opacity,கண்ணுல மகடமாட்டந் தெரீது.,பெயர்ச்சொல்,body_health,,pm | od,
3840,மகுட்டியட்ருச்சு,,makuṭṭiyaṭruccu,,திரும்பும்படி தடுக்கி விழுதல்.,tripped and stumbled headlong | tumbled over,மகுட்டியுட்டு உழுந்து நெத்தியிலெ அடிபட்ருச்சு.,,action_verbs | body_health,,np,
3841,மங்கண்டம்,,maṅkaṇṭam,,ஆழமான பகுதியில் பாறை இல்லாமல் மணல் உள்ள பகுதி. | ஆழத்தில் பாறைகள் இல்லாத முழுக்க முழுக்க நிலப்பகுதி.,deep sandy stratum free of rock in a well | sandy earth bed,ஆழம் போகப்போக மங்கண்டமா இருக்குது. | வெட்ட வெட்ட மங்கண்டமாத்தான் வருது.,பெயர்ச்சொல்,nature_animals | place_direction,,np | pm,
3842,மங்கலத்தான்,,maṅkalattāṉ,,மங்கலச் செயலில் முன்நிற்பவன். (நாவிதன்). | நாவிதன் ( மங்கலச் செயல்களில் முன் நிற்பதால் இப்பெயர் ).,traditional barber officiating auspicious ceremonies,மங்கலத்தானெ கூப்பிடுங்க. | அந்த மங்கலத்தானக் கூப்புடு.,பெயர்ச்சொல்,kinship | festival_religion,,np | pm,
3843,மங்கிலியொ,மங்கிலியம்,maṅkiliyo,maṅkiliyam,தாலி.,nuptial thread or mangalsutra | wedding talisman,மங்கிலியொ குடுக்கறதக்குப் போறாங்கோ எல்லாரு.,,festival_religion | dress_accessories,,od | np,
3844,மச்சான்,,maccāṉ,,அக்காவின் கணவர்,elder sister's husband | brother-in-law,,,kinship,,od,
3845,மச்சான்டாரு,மச்சாண்டாரு | மச்சாண்டார் | மச்சான்டார்,maccāṉṭāru,maccāṇṭāru | maccāṇṭār | maccāṉṭār,கணவனின் அண்ணன் | கொழுந்தனார்,husband's elder brother | brother-in-law,உங்க மச்சான்டாரு எங்க போயிருக்கறாரு. | எங்கொ மச்சாண்டாரு வூட்டுக்குப் போனொ.,பெயர்ச்சொல்,kinship,,od | np | pm,
3846,மச்சினெ,,macciṉe,,மனைவியின் தம்பி.,wife's younger brother | brother-in-law,உங்கெ மச்சினென எங்கியோ ஆளையே காணொ.,,kinship,,np,
3847,மச்சுப் போ (தல்),,maccup pō (tal),,எடுத்தால் உதிருமளவு உருவமற்றுப் பொருள் மிகவும் நைந்து போதல்.,decaying into crumbly dust | crumbling from age and rot,அப்பிடியே போட்டு வெச்சிருந்து மச்சுப்போயிருச்சு.,வினைச்சொல்,nature_animals,,pm,
3848,மச்சூடு,,maccūṭu,,பெரிய வீடு.,terraced two-storey house | large ancestral mansion,மச்சூடு கட்டி குடி போயாச்சா.,,home_household,,od | np,
3849,மச்சோவ்,,maccōv,,மச்சான்.,brother-in-law | cousin,என்னுங்கெ மச்சோவ்.,,kinship | speech_phrase,,np,
3850,மச நாய்,,maca nāy,,வெறி நாய் | வெறிபிடித்த நாய்.,rabid dog | mad dog,மசநாயி கடிச்சு செத்து போட்ட. | நாக்கு தொங்குது.மசநாயோ என்னமோ.,பெயர்ச்சொல்,nature_animals,,od | np | pm,
3851,மசக்கிருக்கன்,,macakkirukkaṉ,,முட்டாள் பைத்தியக்காரன்,foolish lunatic | half-witted madman,,,human_behavior,,od,
3852,மசங்கெ நேரெ,,macaṅke nēre,,இரவு ஆரம்பிக்கும் நேரம்.,dusk | twilight hour | nightfall,மசங்கெ நேரொ ஆயிப் போச்சு இந்தப் புள்ள இன்னுங் காணொ.,,time_seasons,,np,
3853,மசப்பந்து,,macappantu,,பந்துபோல் துணியால் சுருட்டி சிறுவர்கள் தங்களுக்குள் அடித்து விளையாடுதல்.,rag ball game played by children | cloth ball game,மசப்பந்து வெளையாட வர்றியா.,,human_behavior,,np,
3854,மசப்புள்ள,மசப்புள்ளெ,macappuḷḷa,macappuḷḷe,வெகுளியான பெண். | வெகுளிப்பெண்.,naive innocent girl | simple-hearted girl,"அவ மசப்புள்ள, சூதுவாசு தெரியாது. | சூது வாது தெரியாதெ மசப்புள்ளெயா இருக்கெ.",பெயர்ச்சொல்,human_behavior,,pm | np,
3855,மசப்பொழப்பு,,macappoḻappu,,வாழத்தெரியாமல் வாழும் வாழ்க்கை.,blundering naive life | unworldly clueless living,நாங்கெல்லா மசப்பொழப்பு பொழச்சிட்டொ நீயாச்சி நல்லா இரு.,,human_behavior,,np,
3856,மசமசன்னு,,macamacaṉṉu,,மயக்கத்தில் கண் நன்றாக தெரியாமல் மங்கலாகத் தெரிதல்.,blurred vision due to dizziness | dazed and fuzzy vision,கண்ணு மசமசன்னு தொங்கு.,,body_health,,np,
3857,மசனப்பாறை,,macaṉappāṟai,,உறுதியில்லாத பொடியும் தன்மை கொண்ட பாறை. | உறுதியற்றுப் பொடியும் தன்மையுடைய பாறை.,crumbly soft rock stratum | friable rock,ஒரே மசனப்பாறையா இருக்குது. | கெணத்துல எல்லாம் மசனப்பாறை.,பெயர்ச்சொல்,nature_animals,,np | pm,
3858,மசனை,,macaṉai,,விரைவில் நொறுங்கிவிட கற்களைக் கொண்ட கிணறு.,well with brittle crumbling rock walls,அவங்க கெணறு மசனதான்.,பெயர்ச்சொல்,farming_livestock,,pm,
3859,மசுரு,,macuru,,மயிர்,body hair | hair,,,body_health,,od,
3860,மசை,மசையன்,macai,macaiyaṉ,மந்தமான | விவரமற்றவன் | விபரமில்லாதவன். | வெ கொண்டவன்; விபரமில்லாதவன்.,simpleton | clueless slow-witted person,எங்கியோ மசையனா இருக்கறான்டா. | அவன் மசையனாட்டம் இருக,பெயர்ச்சொல்,human_behavior,,od | np | pm,
3861,மசை பிடித்தல்,,macai piṭittal,,வெறி பிடித்தல்,becoming rabid | seized with madness,,வினைச்சொல்,human_behavior | body_health,,od,
3862,மஞ்சக்கொழுப்பு,,mañcakkoḻuppu,,மடிப்பை பெ. மடிப்பகுதியில் ( ஆட்டிறைச்சியில் ) சதைகளில் மஞ்சள் நிறத்தில் படர்ந்திருக்கும் அதிகக் கொழுப்பு.,thick yellow subcutaneous fat in mutton | fat layer,அவனுக்கு மஞ்சக் கொழுப்புக் கட்டீருக்குது.,பெயர்ச்சொல்,food_cooking | nature_animals,,pm,
3863,மஞ்சச் சிட்டு,மஞ்சசிட்டு,mañcac ciṭṭu,mañcaciṭṭu,மஞ்சள் நிறமுடைய சிட்டுக்குருவி | மஞ்சள் நிறமுள்ள சிட்டுக் குருவி.,yellow sparrow | yellow tit,மஞ்சச் சிட்டு நெறையாப் பறக்குது. | மஞ்ச சிட்டாட்ட பறந்திட்டா.,பெயர்ச்சொல்,nature_animals,,np | pm,
3864,மஞ்சச்சாரை,,mañcaccārai,,மஞ்சள் நிறமுடைய சாரைப்பாம்பு வகை.,yellow rat snake,போறது மஞ்சச்சாரை தான்.,பெயர்ச்சொல்,nature_animals,,pm,
3865,மஞ்சி,,mañci,,நார் முதலாளி (பண்ணைக்கு சொந்தக்காரன்) | தென்னை மட்டையில் திரித்தது,coconut coir fiber | farm overseer,தேங்காய் மஞ்சி - தேங்காய் நார்,,farming_livestock,,od,
3866,மஞ்சிப்பாய்,,mañcippāy,,கற்றாழையை நூலாக்கி செய்யும் பாய்.,agave fiber mat | aloe fiber sleeping mat,,,home_household,,np,
3867,மட்ட மத்தியானம்,,maṭṭa mattiyāṉam,,உச்சிநேரம்.,high noon | midday | peak afternoon heat,மட்ட மத்தியான வெய்யிலு மண்டைய பொளக்குது.,,time_seasons,,np,
3868,மட்டச்சாளை,,maṭṭaccāḷai,,கூரை தாழ்வாகப் போடப்பட்டிருக்கும் சமையல் அறை அல்லது தட்டுமுட்டுச் சாமான்கள் போடும் இடம்.,low-roofed lean-to kitchen or storeroom shed,ஒரு மட்டச்சாளையாச்சும் போடோணும்.,பெயர்ச்சொல்,home_household,,pm,
3869,மட்டி,,maṭṭi,,கள் மிடாவின் அடியில் தேங்கியிருக்கும் கழிவு. | கரும்புப் பாகு காய்ச்சும் போது மேலே வரும் அழுக்கு நிறைந்த நுரை போன்ற பொருள் (காண்க: கோழை).,dregs at bottom of toddy vat | scum rising during boiling of sugarcane juice,மெதுவா குடி மட்டி யெல்லாஞ் சேத்து வருது. | அந்த மட்டிய எடுத்துப் பன்னிக்கு ஊத்து.,பெயர்ச்சொல்,food_cooking | farming_livestock,,np | pm,
3870,மட்டு,,maṭṭu,,பூசுவதற்குப் பயன்படும் கலவை. | (1) | சிறிது குறைவு .(2),plastering mortar paste | slight reduction or moderation,கொஞ்சம் மட்டிருந்தா ஓட்டைக்குப் பூசிரலாம். | உப்பு மட்டா இருக்கட்டும்.,பெயர்ச்சொல்,home_household | speech_phrase,,pm,
3871,மட்டு மறியேதி,,maṭṭu maṟiyēti,,மரியாதை.,manners and respect | deference | decorum,கொஞ்சங்கூட மட்டுமறியேதியே இல்லெ.,,human_behavior,,np,
3872,மட்டெயுறி,,maṭṭeyuṟi,,தேங்காய் மட்டை உரித்தல்.,husk a coconut | coconut dehusk,இந்தத் தேங்காயே மட்டேயுறி.,,farming_livestock | action_verbs,,np,
3873,மடகழ்ட்டி,,maṭakaḻṭṭi,,பாசனத்திற்காக அமைக்கப்படும் தண்ணீர்க்குழாய் வரிசையில் ஆங்காங்கே பாய்வதற்காக அமைக்கப்பட்டிருக்கும் மடையைக் கழட்டுவதற்குப் பயன்படும் ( ஸ்பேனர் போன்ற ) கருவி.,spanner wrench tool used to unscrew irrigation pipeline valves,மடகழ்ட்டிய எடுத்தாந்தியா.,பெயர்ச்சொல்,farming_livestock,,pm,
3874,மடச்சாம்பிராணி,,maṭaccāmpirāṇi,,அடிமுட்டாள் திட்டும் வார்த்தை.,utter fool | idiot | dunce,மடச்சாம்பிராணி யாட்டோ உக்காந்திருக்காம் பாரு.,,human_behavior | speech_phrase,,np,
3875,மடார்,,maṭār,,உடனடியாக,promptly | at once | instantly,ஒரு வேலையச் சொன்னா மடார்ன்னு முடிச்சுட்டு வேற சோலியப் பாரு,,speech_phrase,,od,
3876,மடி,,maṭi,,"ஆடு, மாடுகளின் முலைப்பகுதி.",udder of a cow or goat | udder,"மாட்டுக்கு என்னன்னு தெரில, மடி வீங்கியிருக்குது.",பெயர்ச்சொல்,farming_livestock | nature_animals,,pm,
3877,மடி இறங்கு (தல்),மடி இறங்கு,maṭi iṟaṅku (tal),maṭi iṟaṅku,கன்று ஈனுவதற்குச் சிலநாட்களுக்கு முன் ஆடு மாடுகளுக்கு முலைப்பகுதி பால் சுரப்பினால் பெருத்துத் தெரிதல். | கன்று ஈனுவதற்கு முன் மாட்டு மடி பெருத்தல்.,udder dropping and engorging before calving | udder swelling prior to delivery,மடி எறங்கிருச்சு. ரண்டு மூணு நாள்ல கன்னுப்போட்டுடும். | மாடு மடி எறக்கிறுச்சு சீக்கிரம் ஈனிரும்.,வினைச்சொல்,farming_livestock | nature_animals,,np | pm,
3878,மடிக்கதிர்,,maṭikkatir,,"கோட்டத்து வேலைக்குச் செல்லும் போது கூலி கொடுத்தது போக, மீதமிருக்கும் விளைந்த கதிரை மடியில் எடுத்து வருவது.",gleanings or ear-heads of grain carried home in fold of waistcloth after harvest labor,,,farming_livestock,,np,
3879,மடிப்பிச்சை,,maṭippiccai,,மடியேந்தி எடுக்கும் பிச்சை.,alms collected in fold of garment | humble begging as ritual or vow,மாரியாத்தாக்கு மடிப்பிச்ச போடுங்கோ. | அவங்கிட்ட மடிப்பிச்சகேக்கவா போறன் நானு.,பெயர்ச்சொல்,festival_religion,,np | pm,
3880,மடிப்பை,,maṭippai,,மடிப்பகுதியில் வைத்திருக்கும் பணப்பை.,waist pouch | money purse tucked in fold of dhoti or sari,மடிப்பையில கா இருக்கும்பாரு.,பெயர்ச்சொல்,home_household | dress_accessories,,pm,
3881,மடிவிடு (தல்),,maṭiviṭu (tal),,"சினையான ஆடு, மாடுகளுக்குக் குறிப்பிட்ட நாட்கள் கழிந்ததும் முலைப்பகுதி பெருத்துக் காணப்படுதல் (இதைக் கொண்டு சினையை உறுதிப்படுத்திக் கொள்வர் )",udder developing fullness during pregnancy indicating gestation,மடி உட்டிருக்கறதப் பாத்தா செனையாட்டந்தான் இருக்குது.,வினைச்சொல்,farming_livestock | nature_animals,,pm,
3882,மடெதிருப்பு,,maṭetiruppu,,காண்க. மடை மாறு.,divert water channel | reroute irrigation flow,,,farming_livestock | action_verbs,,np,
3883,மடை மாறு (தல்),,maṭai māṟu (tal),,நீரை வே மாற்றி விடுதல்.,divert irrigation stream | redirect watercourse,"தண்ணி ரொம்பிருச்சு, மடைய மாறி உடு.",வினைச்சொல்,farming_livestock | action_verbs,,pm,
3884,மடைக்கலம்,,maṭaikkalam,,கொங்கு திருமணத்தில் சமையலுக்குதேவையான பண்டங்களை பெற்றுக் கொண்டு தானியங்கள் கொடுத்தல்.,barter of grains for cooking provisions in Kongu wedding,,,festival_religion | food_cooking,,np,
3885,மடைமாறு,,maṭaimāṟu,,தண்ணீரை வேறு இடத்திற்கு மாற்றுதல்.,divert water channel | redirect irrigation water,சீக்கிரமா மடைய மாத்து இல்ல தண்ணி நெறஞ்சுருச்சு.,,farming_livestock | action_verbs,,np,
3886,மண் அணை (த்தல்),,maṇ aṇai (ttal),,களை வெட்டிய பிறகு சில வகைப் பயிர்களுக்கு வேரைச் சுற்றி மண்ணைச் சேர்த்துப் பலப்படு,earthing up soil around crop roots | banking soil around plants,செடிக்குக் கொஞ்சம் மண் அணச்சு உடோணும்.,வினைச்சொல்,farming_livestock | action_verbs,,pm,
3887,மண்டக்கட்டு,,maṇṭakkaṭṭu,,"வெய்யிலுக்காக தலையில் கட்டப்படும் கட்டு. | வயலில் வேலை செய்யும்போது, வெயிலுக்கா முந்தானையால் தலையைச் சுற்றி கட்டிக் கொள்ளும் கட்டு.",head cloth tied as protection against the hot sun | headwrap,வெய்யிலு தாங்க முடியலெ மண்டக்கட்டு கட்டனும். | மண்டக்கட்டுக் கட்டிக்கோ. வெய்யில் எச்சா அடிக்குது.,பெயர்ச்சொல்,dress_accessories,,np | pm,
3888,மண்டக்கிறுக்கி,,maṇṭakkiṟukki,,கர்வம்.,arrogance | conceit | haughtiness,,,human_behavior,,np,
3889,மண்டு,,maṇṭu,,மூத்திரம் பெய்து; சிறுநீர் கழித்து.,having urinated | passing urine,கட்டில்லயே மண்டு வெச்சிட்டான்.,வினைச்சொல்,body_health | action_verbs,,pm,
3890,மண்டு விடுதல்,,maṇṭu viṭutal,,சிறுநீர் கழித்தல்,urinating | passing urine,,வினைச்சொல்,body_health | action_verbs,,od,
3891,மண்ணள்ளி,,maṇṇaḷḷi,,"சண்டையின் போது மண்ணை அள்ளித் தூற்றுதல் ( அவ்விதம் தூற்றி விட்டால், பின் அவர்களோடு பேசமாட்டார்கள். உறவு முறிந்து விடும் ).",hurling handfuls of dust to curse and sever ties in a bitter dispute,மண்ணள்ளித் தூத்திப்புட்டுப் போயிட்டா.,பெயர்ச்சொல்,human_behavior | speech_phrase,,pm,
3892,மண்ணிடு (தல்),,maṇṇiṭu (tal),,"அடுப்பு, சுவர் ஆகியவற்றில் உதிர்ந்த இடங்களில் மண் அள்ளிஇட்டுச் சரி செய்தல்.",plastering damaged stove or wall with fresh wet mud,இந்த அடுப்புக்குக் கொஞ்சம் மண்ணிடற டறது தான.,வினைச்சொல்,home_household | action_verbs,,pm,
3893,மண்ணுமுட்டி,,maṇṇumuṭṭi,,ஒரு வகை பாம்பு.,earth boa | sand boa snake | Eryx johnii,,,nature_animals,,np,
3894,மண்ணுவூடு,,maṇṇuvūṭu,,மண்ணால் உருவாக்கப்பட்ட வீடு.,mud house | traditional mud-walled dwelling,மழ பேஞ்சுதுனா மண்ணுவூடு ஒசம்பேறிடும்.,,home_household,,np,
3895,மணவறை,,maṇavaṟai,,திருமண நிகழ்ச்சிக்காக அமைக்கப்பட்டிருக்கும் மேடை.,wedding stage | marriage dais,மணவறய ஜோடிச்சாச்சா.,பெயர்ச்சொல்,festival_religion,,pm,
3896,மணியகாரர்,,maṇiyakārar,,கிராம நிர்வாக அலுவலர்.,village headman | village administrative officer (Maniyakkarar),மணியகாரரெ பாத்துட்டு வந்த.,,human_behavior,,np,
3897,மத்தவியெ,,mattaviye,,மற்றவர்கள்.,others | other people,மத்தவியெ சொல்றதெக் கேட்டுட்டு பேசாதெ.,,speech_phrase,,np,
3898,மத்தவீகளுக்கு,,mattavīkaḷukku,,மற்றவர்களுக்கு.,to others | for other people,மத்தவீகளுக்கு சொன்னா புரியாது.,,speech_phrase,,np,
3899,மத்தாரொ,,mattāro,,வானம் மேகமுட்டமாக இருத்தல்.,overcast sky | dense cloud cover,வானொ மத்தாரமா இருக்குது மழ வரப்போவது.,,nature_animals | time_seasons,,np,
3900,மத்து,,mattu,,"ஒரு வகைக் கரண்டி, கடைவதற்குப் பயன்படுவது",churning stick | wooden churner,,,home_household | food_cooking,,od,
3901,மத்துக்கவுறு,மத்துக் கயிறு,mattukkavuṟu,mattuk kayiṟu,தயிர் கடைய மத்தில் பயன்படுத்தும் கயிறு. | தயிர் கடையும் மத்தில் இருக்கும் கயிறு.,churning rope wound around the churner,மத்துக் கவுத்த உட்ருச்சு. மாத்தோணும். | மத்து கவுறு பிஞ்சு போச்சு.,பெயர்ச்சொல்,home_household | food_cooking,,np | pm,
3902,மத்துக்குச்சி,,mattukkucci,,தயிர் கடையும் சிறிய மத்துக் குச்சி.,small wooden churning stick for curd or buttermilk,மத்துக்குச்சிய வச்சு மோரக் கடை.,பெயர்ச்சொல்,home_household | food_cooking,பொருள் உறுதிப்படுத்தப்படவில்லை (AI உருவாக்கம்) · Meaning not verified (AI generated),od,
3903,மத்துக்கோல்,,mattukkōl,,"தயிர், மோர் கடைவதற்குப் பயன்படும் நீளமான மர மத்துக்கோல்.",long wooden curd churner rod,மத்துக்கோல்ல கயிறு சுத்தி சிலுப்பிக் கடைவாங்க.,பெயர்ச்சொல்,home_household | food_cooking,பொருள் உறுதிப்படுத்தப்படவில்லை (AI உருவாக்கம்) · Meaning not verified (AI generated),od,
3904,மதக்கம்,,matakkam,,மந்தம்.,sluggishness | lethargy | dullness,ஒரே மதக்கமா இருக்குது.,பெயர்ச்சொல்,body_health | human_behavior,,pm,
3905,மதக்கெர,,matakkera,,மந்தம்.,sluggishness | chronic lethargy,ஒரே மதக்கெர புடிச்சு திரியறான்டா.,,human_behavior,,np,
3906,மதகு வண்டி,,mataku vaṇṭi,,"ஏற்றம் இறைக்கும் போது, ஏற்றக் கயிறு படும் வகையில் நீர் விழும் மதகுக்கு அருகில் போடப்பட்டிருக்கும்உருளை.",wooden roller near irrigation sluice for water-lift rope,மதகு வண்டிய கழ்ட்டி ஊட்ல கொண்டோயி வெச்சிரு.,பெயர்ச்சொல்,farming_livestock,,pm,
3907,மதாசரம்,,matācaram,,மந்தநிலை.,sluggish stupor | inactivity,ஒரே மதாசரமா இருக்குது.,பெயர்ச்சொல்,body_health | human_behavior,,pm,
3908,மதிப்பெரட்டு,,matipperaṭṭu,,புத்தி குழப்பம்.,mental confusion | delirium | delusion,ஏன் இப்படிப் பேசறான். அவனுக்கு மதிப்பெரட்டு.,பெயர்ச்சொல்,human_behavior | body_health,,pm,
3909,மதியொ,மதியம்,matiyo,matiyam,முழு நிலவு நாள்; பௌர்ணமி. | முழுநிலவு. பௌர்ணமி.,full moon day | pournami,மதியத்தப்பத்தான் கோயில் திருநாப் போடுவாங்க. | மதியொத்தன்னிக்கி சூடம் வெச்சிருக்கறெ.,பெயர்ச்சொல்,time_seasons | festival_religion,,np | pm,
3910,மதுக்கான்,,matukkāṉ,,சுறுசுறுப்பற்றவன்,lazybones | lethargic person,,,human_behavior,,od,
3911,மந்தாமதுக்கு,,mantāmatukku,,மந்தத்தனம் கொண்டவள் / ன்.,sluggish person | slowpoke,அவன் ஒரு மந்தாமதுக்கு.,பெயர்ச்சொல்,human_behavior,,pm,
3912,மப்பு,,mappu,,"போதை | மங்கல் | கண்ணில் கிறக்கம் உண்டாதல். | மங்கல் , | (1) | மிகுபோதை . | 3 . ஏமாற்று , பொய் .(2)",intoxication | haze | blurred vision,மப்பு ஏறிப் போச்சா. | கண்ணு மப்புத்தட்டிப் போச்சு | அவன் நல்ல மப்புல இருக்கான். அவங்கிட்ட என்ன பேச்சு. | நாட்டார் சிரிப்பான்னு மப்புக்கு,பெயர்ச்சொல்,body_health,,od | np | pm,
3913,மப்பூட்டாத்தழை,,mappūṭṭāttaḻai,,உடம்பில் பட்டால் அரிப்பு ஏற்படுத்தும் செடி.,itching weed | stinging nettle type plant,மப்பூட்டாஞ் செடியெ தொடாதெ.,,nature_animals,,np,
3914,மப்பூடு,,mappūṭu,,உடம்பில் பட்டால் அரிப்பு ஏற்படுத்தும் ஒரு வகைப் பூண்டு.,itching weed | skin-irritating plant,மப்பூடு பட்டதால பிக்கிது.,பெயர்ச்சொல்,nature_animals,,pm,
3915,மம்மட்டிக் கொத்து,,mammaṭṭik kottu,,களைக்கொத்தின் காம்பும் மண்வெட்டியைப் போன்ற அகல வாய்ப்பகுதியும் கொண்ட களை எடுக்கும் கருவி.,broad-bladed weeding hoe | hoe mattock,மம்மட்டிக்கொத்துல வெட்டினாத்தான் கல்லக்காட்டுக்குப் பரவால்ல.,பெயர்ச்சொல்,farming_livestock,,pm,
3916,மம்மானியம்,மம்மானியா | மம்மாணியா,mammāṉiyam,mammāṉiyā | mammāṇiyā,அளவுக்கு அதிகம்.,abundantly | in great excess | profusely,பூவு அந்தப்பக்கம் மம்மானியமாக் கெடக்குது. | இந்த வருச மம்மாணியா மலை பெஞ்சுருச்ச.,பெயர்ச்சொல்,speech_phrase,,np | pm,
3917,மம்மானையா,,mammāṉaiyā,,மென்மேலும்,more and more | increasingly | exceedingly,,,speech_phrase,,od,
3918,மம்முட்டி,மம்பட்டி,mammuṭṭi,mampaṭṭi,மண்வெட்டி,hoe | spade | mattock,மம்முட்டி எடுத்தா இந்த பாத்திய கோதிபுடலா.,,farming_livestock,,od | np,
3919,மமுட்டி விடுதல்,,mamuṭṭi viṭutal,,உள்ளங்கால் திரும்பும்படி எதிலாவது தடுக்கி விழுதல்.,tripping over and twisting ankle | stumbling hard,அழுவது. | அங்க ஒரு கட்ட கெடந்தது. அதுதான் மமுட்டி உட்ருச்சு.,வினைச்சொல்,action_verbs | body_health,,pm,
3920,மய்த்தல்,,mayttal,,"சில பொருட்களை வாயில் வைத்தால், நாக்கில் ஒருவித அரிப்பு உணர்வு ஏற்படுதல்.",acrid tingling sensation on tongue from certain foods | astringent itch,இதென்னடா காயி வாய் மய்க்கிது.,பெயர்ச்சொல்,food_cooking | body_health,,pm,
3921,மயிர்க்கவறு,,mayirkkavaṟu,,முடியால் செய்யப்படும் கயிறு.,rope made of cow tail hair or animal hair,மயிர்க்கவறு வாங்கியாந்து மாட்டுக்கு காட்டி பூடோனு.,,farming_livestock,,np,
3922,மயிர்கோதி,மயிறு கோதி | மயிருகோதி | மயிரு கோதி,mayirkōti,mayiṟu kōti | mayirukōti | mayiru kōti,கூந்தலில் விழும் முடிச்சைக் கோதி சிக்கு எடுக்கப் பயன்படுத்தும் சிறிய கம்பி அல்லது நீளக்கம்பி.,long pin or probe used to untangle knots in hair,"மயிர்கோதி எடுத்து கோதியுடு. | அவ என்ன வேல செய்யறா, மயிர்கோதிய வெச்சுக்கிட்டு தலயில சிக்கெடுத்துக்கிட்டு உக்காந்திருக்கா.",பெயர்ச்சொல்,dress_accessories | body_health,,np | pm | od,
3923,மயிலாஞ்சி,,mayilāñci,,மருதாணி.,henna | Lawsonia inermis,"பொட்டப் புள்ளயாட்ட மயிலாஞ்சி வெச்சிருக்காம் பாரு, சீ | கைக்கு மயிலாஞ்சி வெக்கல.",பெயர்ச்சொல்,nature_animals | dress_accessories,,np | pm,
3924,மயிலாம்பிடி ஆடு,,mayilāmpiṭi āṭu,,வெண்மை நிறம் கொண்ட ஒருவகை செம்மறி ஆடு.,pure white breed of sheep,மயிலாம்பிடி ஆட்டப் பாத்தாவே தெரியாதா.,பெயர்ச்சொல்,nature_animals | farming_livestock,,pm,
3925,மயிலை,,mayilai,,முதுகுப் புறம் கருமை கலந்த வெண்மை நிறமுடைய காளை.,greyish-white bull with dark markings,மயிலயக் கொஞ்சம் வெரட்டு.,பெயர்ச்சொல்,farming_livestock | nature_animals,,pm,
3926,மர உளி,,mara uḷi,,மரம் பிளக்க பயன்படும் உளி.,wood splitting chisel | carpenter's chisel,மர உளி இருந்தாக்குடு.,பெயர்ச்சொல்,home_household,,pm,
3927,மரக்கா,மரக்கால்,marakkā,marakkāl,தானியத்தை அளக்கும் அளவு. | தானியங்களை அளக்கும் பாரம்பரிய மர முகத்தல் அளவை.,traditional grain volume measure (marakkal) | traditional wooden grain measure | marakkal unit,உங்கூட்டுலெ மரக்கா இருந்தாக் குடுங்கோ.,,measure_units | farming_livestock,பொருள் உறுதிப்படுத்தப்படவில்லை (AI உருவாக்கம்) · Meaning not verified (AI generated),np | od,
3928,மரக்காளான்,,marakkāḷāṉ,,மரங்களில் காயம்பட்ட இடங்களிலோ மரக்கட் ஈரம்பட்டால் பிடிக்கும் ஒருவகைக் காளா,wood-rotting fungus | bracket fungus growing on damp logs,மரக்கட்டய உள்ள எடுத்து வெக்காத மரக்காளான் புடுச்சுப் போச்சு.,பெயர்ச்சொல்,nature_animals,,pm,
3929,மரக்குந்தாணி,,marakkuntāṇi,,நெல் போன்ற தானியங்கள் குற்றுவதற்கு மரத்தால் செய்யப்பட்ட உரல்.,wooden grain mortar for pounding paddy,அந்தக் காலத்துல மரக்குந்தாணியிலதான் நெல்லுக் குத்துவாங்க.,பெயர்ச்சொல்,home_household | farming_livestock,,pm,
3930,மரக்கொரங்கு,,marakkoraṅku,,சிறுவர்கள் மரத்தின் மீது ஏறி தொட்டு விளையாடும் விளையாட்டு.,tree-monkey tag game played by climbing trees,,,human_behavior,,np,
3931,மரச்சீப்பு,மரச்சிப்பு,maraccīppu,maraccippu,"மரத்தால் செய்யப்பட்ட, பேன் எடுக்க உதவும் சீப்பு. | மரத்தால் செய்த சீப்பு.",wooden comb | fine-toothed wooden lice comb,மரச்சீப்பு இருந்தாக்குடு. பேன் அரிக்குது. | தலயிலெ பேனு எடுக்க மரச்சிப்பு எடுத்தா.,பெயர்ச்சொல்,home_household | body_health,,np | pm,
3932,மரமேறி,,maramēṟi,,"தென்னை பனை மரங்களில் கள்ளு இறக்கும் சாணார். | பனை, தென்னை ஏறி, கள் பதநீர் இறக்குபவர்; சானார்.",toddy tapper | palm climber,"மரமேறி வந்தா இந்தச் கள்ளுப் பானையை இறக்கச் சொல்லு. | மாமா மாமா மரமேறி, மாமம் பொச்சுல முள்ளேறி",பெயர்ச்சொல்,farming_livestock | human_behavior,,np | pm,
3933,மரிசு,,maricu,,தழைந்து வருவதற்காக வெட்டி நடப்படும் கிழுவமரத்தின் கோல்.,living fence post | Kiluvai hedge branch cutting,அந்த மரிச ஈரத்துலயே நட்ரோனும்.,பெயர்ச்சொல்,farming_livestock | nature_animals,,pm,
3934,மறுக்காமறுக்கா,,marukkāmarukkā,,திரும்பத்திரும்ப.,repeatedly | again and again,மறுக்காமறுக்கா தப்பு பண்ணிக்கிட்டே இருக்காத.,,speech_phrase,,np,
3935,மருமகெ,,marumake,,மருமகன்.,son-in-law | nephew,இது என்ற ரெண்டாவது மருமக.,,kinship,,np,
3936,மருமகோ,,marumakō,,மருமகள்.,daughter-in-law | niece,இது எம்மூத்த மருமக.,,kinship,,np,
3937,மருவாது,,maruvātu,,மரியாதை.,respect | politeness | courtesy,கொஞ்சமாச்சும் மருவாது வச்சிப் பேசிப் பழகு.,,human_behavior,,np,
3938,மல்லாக்க,,mallākka,,முகத்தை நேராக வைத்து திரும்பிப் படுத்தல்.,lying flat on the back | supine posture,மல்லாக்க படுத்துத் தூங்காதடா.,,body_health | action_verbs,,np,
3939,மல்லாட்டம்,,mallāṭṭam,,விளையாட்டு.,wrestling play | playful tussle,அவுங்க மல்லாட்டம் கட்டிக்கிட்டு இருக்கறாங்க.,பெயர்ச்சொல்,human_behavior,,pm,
3940,மல்லு,,mallu,,சிறுநீர். | மூத்திரம் போ; சிறுநீர் கழி. | மூத்திரம்; சிறுநீர்.,urine | urinate,"மல்லெ அடக்கவே முடியல. | ஊட்டுக்கிட்டயேதான் மல்லோனுமா, தூரப் போயி மல்லு. | அஞ்சு வயசாயிக் கூட இந்தப் பிள்ள கட்டல்லயே மல்லு மல்லுது.",வினைச்சொல்,body_health | action_verbs,Additional word types: பெயர்ச்சொல்,np | pm,
3941,மலங்கம்பு,,malaṅkampu,,மலையில் விளையும் கம்பு. | மலையில்விளையும் கம்பு (தானியம் ).,mountain pearl millet | hill-grown bajra,மலங்கம்பு புளிதண்ணிய குடிச்சா உடம்புக்கு நல்லது. | அம்ம பாத்திருக்குது. மலங்கம்பு புளித்தண்ணி குடு.,பெயர்ச்சொல்,farming_livestock | food_cooking,,np | pm,
3942,மலங்காடு,,malaṅkāṭu,,மலைக்காடு,hill forest | highland tract,,,nature_animals | place_direction,,od,
3943,மலராகி,,malarāki,,மலையில் விளையும் கேழ்வரகு.,mountain finger millet | hill ragi,மலராகி நல்ல சத்து.,பெயர்ச்சொல்,farming_livestock | food_cooking,,pm,
3944,மலை,,malai,,தாய விளையாட்டில் காய் வெட்டுப்படாமல் பாதுகாக்க கட்டங்களுக்கு ஒரு முறை இருக்கும் (பெருக்கல் குறியிட்ட ) கட்டம்.,safe square marked with cross in traditional board game,காயெல்ல மலைக்கு மலை தாவிக்கிட்டேபோவுது. வெட்டுக்கு எப்படிச்,பெயர்ச்சொல்,home_household,,pm,
3945,மலையன்,,malaiyaṉ,,மலைப்பகுதியிலுள்ள காளை,hill-bred sturdy bull,அந்த மலையன் ஓதைக்கும்.,பெயர்ச்சொல்,nature_animals | farming_livestock,,pm,
3946,மலையேறிடுச்சு,,malaiyēṟiṭuccu,,பொதுவாக சாமி வந்தவர்கள் தன்னிலைக்கு வருவதைக் குறிப்பிடும் சொல்,trance deity departing | possessed person returning to normal consciousness,,,festival_religion,,od,
3947,மவராசெ,,mavarāce,,மகராசன்.,blessed gentleman | benevolent person,மவராசெ கெட்ட காலத்திலியு நாலு நல்லதெஞ் சஞ்சாருப்பா.,,human_behavior | speech_phrase,,np,
3948,மவுத்தாங்கரை,,mavuttāṅkarai,,முஸ்லீம் மதத்தில் இறந்தவர்களை அடக்கம் செய்யும் இடம்.,Muslim burial ground | cemetery,,,place_direction | festival_religion,,np,
3949,மழக்கஞ்சி,,maḻakkañci,,மழை வேண்டி பெண்கள் கூடி வைக்கும் கஞ்சி.,porridge prepared collectively by women praying for rain | rain-offering porridge,,,festival_religion | food_cooking,,np,
3950,மழுங்கணுகெ,,maḻuṅkaṇuke,,ரோசமில்லாதவர்கள்.,shameless people | thick-skinned folk,வந்துட்டானுகெ மழுங்கனுங்கெ எத்தன தாட்டி சொன்னாலு கேக்க மாட்டானுதெ.,,human_behavior,,np,
3951,மழுங்கன்,,maḻuṅkaṉ,,"மானம், மரியாதை பற்றிக் கவலை இல்லாதவன்.",shameless person | thick-skinned brazen man,"ரோசங் கெட்டான், மழுங்கன் பொழச்சான்",பெயர்ச்சொல்,human_behavior,,pm,
3952,மழுவு,,maḻuvu,,மரத்தை வெட்டும் ஆயுதம்.,wood-cutting broad axe | battle-axe,"மழுவு இருந்தாக் குடுங்கெ, இந்த மரத்தே வெட்டலா.",,home_household | farming_livestock,,np,
3953,மழைக்காயிதம்,மலக்காகிதம்,maḻaikkāyitam,malakkākitam,மழைக்காகிதம் - பாலிதீன் காகிதம் | பாலிதீன் காகிதம்,tarpaulin sheet | polyethylene plastic sheet against rain | rainproof plastic cover,,,home_household,,od,
3954,மளார்,,maḷār,,விரைவாக | சீக்கிரம்,swiftly | quickly | promptly,"மளார் என்று தனியாக சொல்லமாட்டார்கள். மளாரென்று வா/போ, மளாரென்று வேலையை முடி என்று அடுத்த சொல்லோடு இணைந்து தான் இச்சொல் வரும்.",,speech_phrase,,od,
3955,மளார்னு,,maḷārṉu,,உடனடியாக.,immediately | swiftly | right away,போயிட்டு மளார்னு வரோனு.,,speech_phrase,,np,
3956,மறந்துராதே,,maṟanturātē,,மறந்து விடாதே.,do not forget,நாஞ்சொன்னத மறந்துராதே என்ன.,,speech_phrase,,np,
3957,மறாநாள்,மைக்காநாள்,maṟānāḷ,maikkānāḷ,மறுநாள் | அடுத்த நாள்,the following day | next day,"அவன் நேற்று ஊருக்குப் போனான், மறாநாள் திரும்பி வந்துவிட்டான் | கல்யாணம் முடிஞ்சு மைக்காநாள் நாங்க ஊருக்கு கிளம்பிட்டோம்.",,time_seasons,,od,
3958,மறு செலவு,,maṟu celavu,,"ஒருவரின் இறப்புக்குப் பின், மாமன் மைத்துனர் செய்யும் சடங்கு.",post-funeral commemorative ritual performed by maternal in-laws,மறுசெலவு வேலயெல்லாம் முடிஞ்சிருச்சா.,பெயர்ச்சொல்,festival_religion | kinship,,pm,
3959,மறுக்கா,மறுக்கா,maṟukkā,marukkā,மறுமுறை | மறுபடியும் | மறுமுறை; மறுபடியும்.,again | once more | repeated,மறுக்கா நான் சொல்றதே கேக்கவே மாட்டீங்குற | எங்க அத மறுக்காச் சொல்லு. | மறுக்கா சொல்லு கேக்கல. | மறுக்கா ஒரு எட்டு போயிட்டு வந்தர்றன்.,வினைச்சொல்,time_seasons | speech_phrase,,od | np | pm,
3960,மறுதாள்,,maṟutāḷ,,கொங்குத் திருமணங்களில் இரண்டாவது விநாயகர் கோயிலில் வைத்து பெண்களுக்கு இரண்டாவது சரடாக தாலி கட்டுவது.,second mangalsutra thread tying ceremony at Ganesha temple in Kongu marriage,,,festival_religion | kinship,,np,
3961,மறுபூட்டெ,,maṟupūṭṭe,,அறுவடையான பயிர் மீண்டும் வளர்ந்து கதிர்விடுதல்.,harvested crop shooting second ear-heads | second sprouting,பயிரு மறுபூட்டெ உட்ருக்குது.,,farming_livestock,,np,
3962,மறுபேச்சு,,maṟupēccu,,ஒருவரின் பேச்சுக்குப்பின் கூறும் பதில்; விடை.,counter-word | retort | reply,மறுபேச்சுப்பேசறானான்னு பாரேன்,பெயர்ச்சொல்,speech_phrase,,pm,
3963,மறுவரால்,,maṟuvarāl,,இறப்புக்குப் பின் மாமன் மைத்துனர் செய்யும் சடங்கு.,post-funeral purification ritual performed by in-laws,இன்னக்கித்தான் மறுவரால் போடறாங்க.,பெயர்ச்சொல்,festival_religion | kinship,,pm,
3964,மறப்ப,மறைப்பு,maṟappa,maṟaippu,மாடுகள் பிறர் கண்ணுக்குப் படாமல் இருக்கக் கட்டப தடுப்பு . | (1) | குளிப்பதற்காக ஓலை கொண்டு கட்டப்படும் தடுப்பு .(2) | மாடுகள் பிறர் கண்ணில் படாமல் இருக்க கட்டும் தடுப்பு.,palm-leaf screen for cattle or private bathing enclosure,எருமைக்கு ஒரு மறப்புக் கட்டோனும். | ஒரு மறப்புக்கட்டுனா ஆறு கேக்கறா. ராத்திரியிலதான் ஊத்திக்கவேண்டியிருக்குது. | மாட்டுக்கு மறப்பு கட்டோணும்.,பெயர்ச்சொல்,home_household | farming_livestock,,np | pm,
3965,மன்னகட்டி மாரியாத்தா,,maṉṉakaṭṭi māriyāttā,,வெய்யில் காலத்தில் ஏற்படும் அம்மை நோய் கன்னப்பகுதி மட்டும் வீங்கியது போல் இருக்கும்.,mumps with cheek swelling during summer heat | pox infection,மன்னகட்டி மாரியாத்தா வந்து இன்னிக்கித்தெ தண்ணி ஊத்துனெ.,,body_health,,np,
3966,மனுவு,,maṉuvu,,"பத்து கிலோ கொண்ட அளவு. | பத்துக் கிலோ கொண்ட ( பருத்திக் கொட்டை, புண்ணாக்கு போன்றவற்றின் ) அளவு.",ten kilogram measure (of cotton seed or oil cake),வெறவு ரண்டு மனுவு ஆச்ச. | ஒரு மனுவு பருத்திக் கொட்டவாங்கியா.,பெயர்ச்சொல்,measure_units,,np | pm,
3967,மனை,,maṉai,,"பயிர் நடவு, களையெடுப்பு ஆகிய வேலைகளில் ஓராளுக்கு உரிய பகுதி.",designated strip of field allotted to one farm laborer,என்னோட மனைக்கு நீ ஏன்டா வர்ற.,பெயர்ச்சொல்,farming_livestock,,pm,
3968,மாக்கான்,,mākkāṉ,,புத்தி இல்லாதவன். | ஒன்றும் தெரியாதவன்; கூரிய புத்தி அற்றவன்.,fool | senseless dullard,மாக்காங்கிட்ட ஒரு வேலயச் சொல்லாத. | சுத்த மாக்கானா இருக்கறான்டா.,பெயர்ச்சொல்,human_behavior,,np | pm,
3969,மாசமாயிருத்தல்,,mācamāyiruttal,,பெண் கருவுறுதல். | பெண் கருவுற்றிருத்தல்.,being pregnant | pregnancy,எம்பொண்ணு மாசமாயிருக்கா. | எம்பொண்ணு மாசமாயிருக்கறா.,வினைச்சொல்,body_health,,np | pm,
3970,மாஞ்சுமாஞ்சு,,māñcumāñcu,,சிரமப்பட்டு.,toiling painstakingly | struggling arduously,மாஞ்சுமாஞ்சு வேலசெஞ்சு ஒரு பீர்யோசனமு இல்லெ.,,human_behavior | speech_phrase,,np,
3971,மாட்டலு,,māṭṭalu,,"காதில் அணியும் அணிகலன். | காதின் இருபுறமும் வருமளவு நீண்ட, சங்கிலி போன்ற காதணி.",hanging chain connecting earring to hair | ear ornament chain,மாட்டலு போட்டுட்டு வந்துட்டா. | மாட்டலு ஒன்னு போட்டுக்க. காது தொங்காது.,பெயர்ச்சொல்,dress_accessories,,np | pm,
3972,மாட்டாசுபத்திரி,,māṭṭācupattiri,,கால்நடை மருத்துவ மனை.,veterinary hospital | cattle dispensary,மாட்டுக்கு கால்ல புண்ணாயிருச்சு மாட்டாசுபத்திரிச் கி கொண்டு போகோனு.,,farming_livestock,,np,
3973,மாட்டீன்னு,,māṭṭīṉṉu,,மாட்டேன் என்று.,saying 'I will not' | refusal,மாட்டீன்னு சொல்லிட்டு போயிட்டே.,,speech_phrase,,np,
3974,மாட்டுத்தாழி,,māṭṭuttāḻi,,மாடுகள் கழுநீர்த் தண்ணீர் குடிக்கும் தொட்டி. | மாடுகள் குடிக்க கழிநீர் வைக்கும் தொட்டி.,cattle wash-water trough | manger vat,மாட்டுத் தாழில கொண்டுபோய் ஊத்து | மாட்டுத்தாழியில தண்ணி இருக்குதான்னு பாரு.,பெயர்ச்சொல்,farming_livestock | home_household,,np | pm,
3975,மாடக்குழி,மாடகுழி | வௌக்குமாடம்,māṭakkuḻi,māṭakuḻi | vaukkumāṭam,வீட்டில் விளக்கு வைக்க அமைக்கும் சிறு குழி. | வீட்டுச்சுவரில் விளக்கு வைப்பதற்காக அமைக்கப்படும் வேலைப்பாடுகளுடன் கூடிய சிறு குழி. | விளக்கு ஏற்றுமிடம்,small niche in wall for placing oil lamp,மாடக்குழியிலெ பாரு வெளக்கு இருக்குது. | வௌக்க எடுத்த மாடக்குழியில வெய்யி.,பெயர்ச்சொல்,home_household,,od | np | pm,
3976,மாத்தான்,,māttāṉ,,ஒரு பொருளின்மீது ஒருமுறை விருப்பம் இல்லாமல் போகும் தன்மை,sudden aversion | distaste developed towards a food,ஆட்டுக்கறி தின்னுக்கிட்டுத்தான் இருந்தன். இப்ப என்னமோ மாத்தானாப்போச்சு.,பெயர்ச்சொல்,human_behavior,,pm,
3977,மாத்தி,,mātti,,மாற்று.,alternative | replacement,மாத்திகத்தி வெச்சராத.,,speech_phrase,,np,
3978,மாத்து,,māttu,,விஷேச வீட்டில் உட்கார விரிக்கும் சேலை | அடித்தல். | திருமணம் போன்ற ஒரு நிகழ்வுகளின் போது விரிக்கும் நடைபாவாடை மாற்றாடை . (1) | மாற்றிக் கட்டக் கொடுக்கும் துணி .(2),runner cloth | change of clothing,அவனுக்கு ரெண்டு மாத்து குடுக்கோனு. | பொண்ணக் கூட்டியாரப்ப மாத்து விரிக்கோணும். | தண்ணி ஊத்திக்கிட்ட ஓடன குடுக்கறதுக்கு மாத்த எடுத்து வெய்யி.,பெயர்ச்சொல்,dress_accessories | festival_religion,,od | np | pm,
3979,மாத்துதுணி,,māttutuṇi,,"திருவிழாக்களில், கோயில், திருமண விழாக்களில், வீடுகளில் சலவைத் தொழிலாளர்களால் விரிக்கப்படும் தரைவிரிப்பு.",ritual clean cloth runner spread by washerman on auspicious occasions,மாத்தெ விரிச்சுடுங்கொ அல்லாரு உக்காருட்டு,,festival_religion | dress_accessories,,np,
3980,மாதாரி,,mātāri,,சக்கிலி,member of the Madhari community,,,kinship | human_behavior,,od,
3981,மாந்தம்,,māntam,,குழந்தைகளுக்கு வரும் ஒருவகை நோய்.,infantile digestive disorder | colic in infants,மாந்தத்துக்குத் தழ குடுக்க அந்தூர்ல ஒரு பாட்டி இருக்குது.,பெயர்ச்சொல்,body_health,,pm,
3982,மாப்பு,,māppu,,மன்னிப்பு.,forgiveness | pardon,இந்த தடவ மட்டும் மாப்பு குடு. | உனக்கு மாப்பே இல்ல.,பெயர்ச்சொல்,human_behavior | speech_phrase,,np | pm,
3983,மாபாடு,,māpāṭu,,இடைவிடாத உழைப்பு.,tireless toil | hard relentless labor,மாபாடு பட்டும் பிரயோசனமில்ல.,பெயர்ச்சொல்,human_behavior,,pm,
3984,மாமானம்,,māmāṉam,,வானம்.,sky | firmament,மாமனாங் கருக்கலா இருக்குது மழைப் போகுது.,,nature_animals,,np,
3985,மாய்மாட்டீங்குது,,māymāṭṭīṅkutu,,எந்த வேலை கொடுத்தாலும் செய்யாமலிருத்தல்.,obstinately refusing to do work | sluggish inactivity,என்னோ சொன்னாலு இவனுக்கு மாய் மாட்டீங்குது.,,human_behavior,,np,
3986,மார்,,mār,,இரு கைகளையும் விரித்து நீட்டிய நிலையில் ஒரு கைவிரல் நுனியில் இருந்து அடுத்த கையின் அதே விரல் நுனி வரையிலும் உள்ள நீட்டல் அளவு. | (1) | சற்று கனமான செடிகளின் தண்டுப்பகுதி ; மரக்கிளை . | (2) | நெஞ்சுப் பகுதி .(3),fathom (arm span measure) | stout branch or stem | chest,அந்தப் பாம்பு ஒரு மார் நீளமிருக்கும். | வேப்பமரத்துல இருந்து ரண்டு மாரு வெட்டிப் போடு. | அவனுக்கு மார் நல்லா அகலமா இருக்கும்.,பெயர்ச்சொல்,measure_units | body_health | nature_animals,,pm,
3987,மார்வலி,,mārvali,,நெஞ்சுவலி.,chest pain,மார் வலியில துடிச்சுக்கெடக்கறான்.,பெயர்ச்சொல்,body_health,,pm,
3988,மாரக்காய்ச்சல்,,mārakkāyccal,,காசநோய்.,tuberculosis | consumptive fever,அவனுக் குமாரக்காச்சலாமா.,பெயர்ச்சொல்,body_health,,pm,
3989,மாரடித்தல்,,māraṭittal,,நெல் தூற்றுகையில் சீ மாற்றால் பதரைப் பிரித்தல். | (1) | பெண்கள் நெஞ்சில் அடித்துக்கொண்டு பிணத்தைச் சுற்றி வருதல் .(2),sweeping chaff during winnowing | beating chest in mourning,"மாரடிக்கற வேல தான் மெதுவா நடக்குது. | கெழவஞ் செத்தாலும் செத்தான், ராவெல்லாம் மாரடிச்சுக்கிட்டு அழுவறாங்க.",வினைச்சொல்,farming_livestock | festival_religion,,pm,
3990,மாரடிப்பது,,māraṭippatu,,துக்கத்தை வெளிப்படுத்த மார்பின்மேல் கையை வைத்து மார்பில் அடித்துக் கொள்ளுதல்.,beating chest in grief | mourning lamentation,சாவு எலவுட்ல மாரடிச்சு அழுகுறாங்க.,,festival_religion | human_behavior,,np,
3991,மாராயம்,,mārāyam,,"வண்ணார், நாவிதர் போன்ற தொழிலாளர்களுக்கு ஆண்டுக்கு கூலியாகக் கிடைக்கும் தானி அல்லது பணம்.",annual customary grain wage paid to village artisans,குடுக்கறதுக்கு இவுங்களுக்கு மனசு வரமாட்டீங்குது.,பெயர்ச்சொல்,farming_livestock,,pm,
3992,மாரிக்குருவி,,mārikkuruvi,,நீளமான வால் உடைய குருவி.,long-tailed tree pie bird | rain-bird,எங்கயோ மாரிக்குருவி கத்துது.,பெயர்ச்சொல்,nature_animals,,pm,
3993,மாரு,,māru,,வெண்மை நிற வெற்றி,white variety of betel leaf,மாரு என்ன வெல போவுது.,பெயர்ச்சொல்,farming_livestock | food_cooking,,pm,
3994,மால்நேரம்,மாலநேரம்,mālnēram,mālanēram,இருட்டும் நேரம்; மாலை ஆறிலிருந்து ஏழரை வரையுள்,dusk | twilight between 6:00 and 7:30 PM,மால் நேரமாகிப் போச்சு. இப்ப எங்க கெளம்பறா. | மாலை நேரத்துல கொழந்தய தூக்கிகிட்டு வெளிப போகாத.,பெயர்ச்சொல்,time_seasons,,np | pm,
3995,மாலைக்கண்ணு,,mālaikkaṇṇu,,மாலையில் கண் தெரியாமல் போதல்.,night blindness | nyctalopia,மாலைக் கண்ணு நோவு வந்துருச்ச.,,body_health,,np,
3996,மாலைக்கண்ணுப் பிச்சை,,mālaikkaṇṇup piccai,,"ஈரலுடன் சேர்ந்து இருக்கும் கருப்பும் நீலமும் கலந்த நிறம் கொண்ட, கசப்புத் தன்மை வாய்ந்த சிறு உறுப்பு (கறியோடு கலந்தால் கறியும் கசந்துவிடும் என்பதால் இதனை நீக்கிவிடுவர்; பச்சையாக இதைத் தின்றால் கண் நன்றாகத் தெரியும் என்பது நம்பிக்கை).",gall bladder of sheep or goat removed from liver,"மாலக்கண்ணுப் பிச்சைய எடுத்தெறிஞ்சிராத. குடு, முழுங்கீர்றேன்.",பெயர்ச்சொல்,body_health | food_cooking,,pm,
3997,மாவுக்கறி,,māvukkaṟi,,மாவு போல இருக்கும் இறைச்சி. | (மெல்லுவதற்கு எளிதாக ) மாவு போல இருக்கும் இறைச்சி.,soft tender flour-like meat easily chewable,மாவுக்கறியா பாத்து எடுத்து கொழந்திக்கி குடு. | கொழந்தைக்கு மாவுக்கறியாப் பாத்துக் குடு.,பெயர்ச்சொல்,food_cooking,,np | pm,
3998,மாவெளக்கு,,māveḷakku,,திருவிழாக்களில் மாவில் ஏற்றி வைக்கும் விளக்கு.,flour lamp lit during temple festivals (Maavilakku),மாவெளக்கு வக்கறாங்கொ பாக்க போகோணு.,,festival_religion | food_cooking,,np,
3999,மாறடிக்கிறது,,māṟaṭikkiṟatu,,மாரடிப்பது; வீணாகப் பேசி மெனக்கெடுவது அல்லது கடினமாகப் பாடுபடுவது.,laboring hard | wasting breath in fruitless dispute,உங்கூட எலும மாறடிக்கிறது.,வினைச்சொல்,human_behavior | speech_phrase,,np,
4000,மாறாயம்,,māṟāyam,,பெண்கள் பூப்படைவதை தாய்மாமனுக்கு தூதாக சொல்வது.,formal announcement sent to maternal uncle upon a girl's puberty,,,kinship | festival_religion,,np,
4001,மாறு,,māṟu,,பொதுவாக குச்சியைக் குறிக்கும் சொல்,broomstick | stick | switch,,,home_household | farming_livestock,,od,
4002,மானம்,,māṉam,,வானம்.,sky | firmament,மானம் கருக்கிக்கிட்டு வருது. | மாமனாங் கருக்கலா இருக்குது மழைப் போகுது.,பெயர்ச்சொல்,nature_animals,,pm | np,
4003,மிச்சம்,,miccam,,மீதம்.,remainder | surplus | leftovers,சோறு எவ்வளவு மிச்சமாயிருச்சு பாரு.,,food_cooking,,np,
4004,மிச்சி,,micci,,குழந்தைகள் விளை பயன்படும் சிறிய முறம்.,miniature winnowing basket used by children in play,ஒரு மிச்சிப் பூவெடுத்து நாங்கள் படைத்தோம்,பெயர்ச்சொல்,home_household,,pm,
4005,மிஞ்சி,,miñci,,மெட்டி | மெட்டி. திருமணமான பெண்கள் கால் விரலில் அணியும் சிறு வளையம்.,toe ring worn by married women,காலுக்கு மிஞ்சி போடணும். | கால்ல மிஞ் காணாம்.,பெயர்ச்சொல்,dress_accessories,,od | np | pm,
4006,மிந்தி,,minti,,முன்னால்,before | earlier | ahead,,,place_direction | time_seasons,,od,
4007,மிம்பீர்,,mimpīr,,"கண்ணேறு, நோய், நேரம் தவறுதல் முதலிய காரணங்களால் கறவை மாடுகளுக்குக் கன்று ஊட்டுவதற் ஏற்படும் முலைக் காம்புகள",inflammation or soreness in cattle teats hindering suckling,எருமை ரண்டு நாளா மிம்பீர் சொறந,பெயர்ச்சொல்,farming_livestock | body_health,,pm,
4008,மிரமினை,,miramiṉai,,கோயில் திருவிழாவின் போது சாமி ஊர்வலமாக வருதல். | கோயில் திருவிழாவின் போது கடவுள் தேரில் வீதிகளைச் சுற்றும் ஊர்வலம்.,temple car festival procession | deity street procession,சாமி மிரமினை வருது. | சாமி மிரமின வருது.,பெயர்ச்சொல்,festival_religion,,np | pm,
4009,மின்னாண்டெ,,miṉṉāṇṭe,,முன்னால்; முன்பக்கத்தில்.,in front | forward,மின்னாண்டெ பாத்துப்போ.,வினைச்சொல்,place_direction,,pm,
4010,மின்னாம்பூச்சி,,miṉṉāmpūcci,,மின்மினிப்பூச்சி.,firefly | glowworm,இருட்டுல மின்னாம்பூச்சி எப்பிடி பறக்குது.,,nature_animals,,np,
4011,மின்னேத்த வண்டி,,miṉṉētta vaṇṭi,,ஏற்றம் இறைக்கும்போது கீழ்க்கயிறு பட்டு உருளும் வகையில் வாரியின் முன்பகுதியில் அமைக்கப்பட்டிருக்கும் மர உருளை.,front roller of water-lift swing basket mechanism,மின்னேத்த வண்டியக் கழ்ட்டி வெக்காத மழையில நனச்சு போச்சு.,பெயர்ச்சொல்,farming_livestock,,pm,
4012,மின்னோட்டம்,,miṉṉōṭṭam,,சாமி பல்லக்கைத் தூக்கிக் கொண்டு முன்னும் பின்னும் ஓடுதல்.,palanquin bearers running back and forth with deity idol,சாமி மின்னோட்டம் போவுது.,பெயர்ச்சொல்,festival_religion,,pm,
4013,மின்னோடும் புள்ளை,,miṉṉōṭum puḷḷai,,திருமணம் போன்ற செயல்களுக்கு முன் நின்று காரியத்தை முன் நின்று நடத்துபவர்.,key organizer who takes lead in family ceremonies,அவனாட்டம் மின்னோடும் பிள்ளயப் பாத்ததே இல்ல. | அவருதான் காரியம் இந்த ஜோர்ல நடக்குது.,பெயர்ச்சொல்,human_behavior | kinship,,pm,
4014,மீன்தெரியறநேரம்,,mīṉteriyaṟanēram,,இரவில் நட்சத்திரங்கள் தெளிவாக தெரியும் நேரம்.,nightfall when stars become clearly visible | starlight hour,,,time_seasons,,np,
4015,முக்கட்டக்காய்,முக்கட்டை,mukkaṭṭakkāy,mukkaṭṭai,மூன்று வித்துகளையுடைய நிலக்கடலை காய். | மூன்று பருப்புகளைக் கொண்ட நிலக்கடலைக் காய்.,three-seeded peanut pod,முக்கட்டக் காயி நெறயா இருக்குது. | நெறைய முக்கட்டக்காய் கெடக்குது.,பெயர்ச்சொல்,farming_livestock,,np | pm,
4016,முக்கல்,,mukkal,,எண்ணெய் கெட்டுப் போவதால் வரும் வாசம்.,rancid oil smell | rancidity,எண்ண முக்கலடிக்குது.,பெயர்ச்சொல்,food_cooking,,pm,
4017,முக்காத்துட்டு,,mukkāttuṭṭu,,பழைய காலத்து அரை நாணயம்.,old three-quarter copper coin | small coin of past,முக்காத்துட்டு மூணு காசு சம்பாதிக்க வழியில்ல பேச வந்துட்டாம் பாரு.,,measure_units,,np,
4018,முக்காலி,,mukkāli,,மரத்தால் செய்யப்பட்ட மூன்று கால்களை உடைய உட்காரப் பயன்படுவது.,three-legged wooden stool | tripod stool,முக்காலிய எடுத்துப் போட்டு உக்காரு,,home_household,,np,
4019,முக்கிட்டாலி,முக்கிட்டாரி | முக்கிட்டேறி,mukkiṭṭāli,mukkiṭṭāri | mukkiṭṭēṟi,முக்கு இட்டேறி; இட்டேறியின் வளைவு அல்லது முச்சந்திப் பாதை (முக்கு + இட்டாலி;).,curved lane | turning or three-way junction of a narrow rural path,அந்த முக்கிட்டாலியில திரும்பிப் போனா எங்க காடு வரும்.,பெயர்ச்சொல்,place_direction,கொங்கு வழக்கில் இட்டாலி / இட்டேறியின் முக்கைக் குறிக்கும் சொல் (முக்கடாலி / முக்காலி போன்ற இருக்கை அல்ல).,od,
4020,முக்கு,,mukku,,முனை | வளைவு | மூச்சை அடைத்து வெளி விடுதல்.(1) | தெருவின் ஓரம்.(2),street corner | sharp turn | exertion strain,அப்பிடியே முக்கி மூட்டைய தூக்கிட்டியா. | அந்த முக்குல நிக்கிறாம் பாரு.,,place_direction,,od | np,
4021,முக்குவலி,,mukkuvali,,குழந்தை பிறக்கும் நேரத்தில் மிக அதிகமாக உண்டாகும் பிர வலி.,labor pains | intense contraction pains during childbirth,முக்குவலி கண்டிருச்சு. சீக்கரம் கொழந்த பொறந்திரும்.,பெயர்ச்சொல்,body_health,,pm,
4022,முக்குனி,,mukkuṉi,,பெண்கள் கூந்தலை மூன்றாகப் பிரித்து ஜடை பின்னுதல்.,three-strand hair braid | plaited braid,அவுத்து முக்குனி போட்டுக்க.,பெயர்ச்சொல்,dress_accessories,,pm,
4023,முகாமி,,mukāmi,,தானாவதி | முன்நின்று செய்பவர்,leader | chief organizer | coordinator,,,human_behavior,,od,
4024,முகாமை,,mukāmai,,முக்கியம்; முதன்மை.,prominence | importance | chief role,அவுங்கூர்ல அவுனுக்குத்தான் மொகாமை.,பெயர்ச்சொல்,human_behavior,,pm,
4025,முகாமைக்காரர்,,mukāmaikkārar,,தானாவதி | முன்நின்று செய்பவர்,organizer | chief director of event,,பெயர்ச்சொல்,human_behavior,காண்க: முகாமி,pm,
4026,முகுளம்,,mukuḷam,,தீவிரம்; இடைவிடாமல்,intensely | vigorously without pause,பயிர் நடவு முகுளமா நடக்குது.,வினைச்சொல்,speech_phrase,,pm,
4027,முங்குதல்,,muṅkutal,,மூழ்குதல்.,plunging | dipping under water | diving,தண்ணியில முங்கி எந்திரிச்சு வா.,வினைச்சொல்,action_verbs,,pm,
4028,முச்சி,,mucci,,முறம் | காண்க: மிச்சி.,small winnowing basket,,பெயர்ச்சொல்,home_household,,od | pm,
4029,முச்சூடும்,முச்சூடு,muccūṭum,muccūṭu,முழுவதும். | முழுவதும்,entirely | completely | wholly | throughout,ஊடு மூச்சுடும் குப்பையாக் கெடக்குது.,வினைச்சொல்,speech_phrase | measure_units,,pm | od,
4030,முசுக்கரம்,,mucukkaram,,ஒரு வேலையில் தீவிரமாக இருத்தல்.,engrossed devotion to work | intense focus,அவன் எப்பவும் வேலையில முசுக்கரமா இருப்பான்.,பெயர்ச்சொல்,human_behavior,,pm,
4031,முசுகி,,mucuki,,சிறிய முறம்.,small winnowing fan,,,home_household,,np,
4032,முசுடு,,mucuṭu,,ஒன்றும் தெரியாத.,clueless ignorant fellow | unpolished bumpkin,அவனொரு முசுடா இருக்கறாம்பா.,,human_behavior,,np,
4033,முசுவு,,mucuvu,,கவனமாக/ குறிக்கோளுடன்குடுத்த வேலைய ஒரே முசுவுல செஞ்சு முடிச்சாதான் உங்கப்பனுக்கு தூக்கமே வரும் | ஒரு குறிப்பிட்ட நேரம். | தொடர்ந்து வேலைகளில் ஈடுபட்டிருத்தல்:,continuous stretch of work | single sitting shift,குடுத்த வேலைய ஒரே முசுவுல செஞ்சு முடிச்சாதான் உங்கப்பனுக்கு தூக்கமே வரும் | ஒரு முசவு களை வெட்டுனா காடு தீந்துரும். | அவனுக்கு நேரமில்ல. வேலையில முசுவா இருக்கறான்.,பெயர்ச்சொல்,speech_phrase | human_behavior,,od | np | pm,
4034,முட்டாயி,,muṭṭāyi,,மிட்டாய்.,sweet candy | sweetmeat,கடையில போயி முட்டாயி வாங்கியா.,,food_cooking,,np,
4035,முட்டி,முட்டு,muṭṭi,muṭṭu,"பெரிய மரக்கட்டை. | நிலத்தில் அரிவாள் படாமலிருக்க பொருளை வைத்து வெட்டப் பயன்படும் சிறு மரக்கட்டை. | வெற்றிலை அளவுப் பெயர். 26 கவுளி வெற்றிலை கொண்டது ஒரு முட்டி, | (1) | பனை, தென்னை மரங்களில் கள் . பதநீர் சேகரிக்கப் பாளையுடன் சேர்த்துக் கட்டப்படும் மண்பாண்டம் .(2) | கீழே விழாமல் இருக்க தடுப்பு கொடுப்பது. | பெண்களுக்கு உண்டாகும் மாதவிடாய் - காண்க : முட்டுச் சீலை(1) | கிணற்றின் ஆழம் குறித்த அளவுப் பெயர்.(2)",chopping block | toddy pot | betel bundle unit,முட்டில் வச்சு வெறகெ வெட்டு இல்லீனா அருவா பதம் போயிரும். | முட்டி மேல வெச்சுத் தட்ட வெட்டு. | ஒரே சமயத்துல அஞ்சர முட்டி வெத்தல கிள்ளீட்டான். | நெலவுக்கு முட்டுக்குடு இல்லீனா கீழெ உழுந்துரும். | கெணறு எத்தன முட்டு.,பெயர்ச்சொல்,farming_livestock | home_household,,np | pm,
4036,முட்டிச்சீலை,முட்டுச்சீலை,muṭṭiccīlai,muṭṭuccīlai,பெண்கள் மாதவிலக்கின் போது உடுத்தும் சேலை.,menstrual cloth | sari worn during menses,முட்டிச் சீலய ஓரமா எடுத்துப் போடு.,பெயர்ச்சொல்,dress_accessories | body_health,,pm,
4037,முட்டிப்பானை,,muṭṭippāṉai,,"பனை, தென்னை மரங்களில் கள், பதநீர் சேகரிக்கப் பாளையுடன் சேர்த்துக் கட்டப்படும் சிறிய மண்பாண்டம் (முட்டி வடிவிலான பானை).",toddy pot tied to spathe of palm tree,பனை மரத்துல முட்டிப்பானை கட்டியிருக்குது.,பெயர்ச்சொல்,farming_livestock,,pm,
4038,முட்டுக்கல்,,muṭṭukkal,,நில எல்லையைச் சுட்டுவதற்காக நடப்படும் எல்லைக் கல்.,boundary marker stone between fields,பொலீல இருந்த முட்டுக்கல்லயே புடுங்கிட்டாங்க.,பெயர்ச்சொல்,farming_livestock | place_direction,,pm,
4039,முட்டுக்கோல்,,muṭṭukkōl,,வண்டியின் பின்பக்கம் பாரத்தை தாங்க கீழ்ப்பகுதியில் வைத்திருக்கும் கட்டை.,prop stick supporting bullock cart from tilting back | prop stick,முட்டுக்கோலெ எடுத்து நல்லா முட்டுக்குடு.,,farming_livestock,,np,
4040,முட்டுடு,,muṭṭuṭu,,குழந்தை பிறந்து ஒரு சில நாட்களே ஆன வீடு.,house under post-delivery birth pollution taboo,முட்டூட்டுல நா(ன்) சோறு திங்கமாட்டன்.,பெயர்ச்சொல்,home_household | festival_religion,,pm,
4041,முட்டுவழி,,muṭṭuvaḻi,,முதலீடு | விவசாயத்தில் சாகுபடிக்கு ஆகும் செலவு. | வேளாண்மைக்குப் போடும் மூலச் செலவு; முதல்.,capital | investing | crop production expenditure,ஒரு பயிர் விளைவிக்க ஆகும் மொத்த செலவு | முட்டுவழிக்குங் கூட தேறலெ. | போட்ட முட்டு வழியே வராதாட்டம் இருக்குது.,பெயர்ச்சொல்,farming_livestock,,od | np | pm,
4042,முட்டை அரும்பு,,muṭṭai arumpu,,"கோழியைக் கறிக்காக அறுக்கும் போது, அதன் வயிற்றில் சிறுசிறு உருண்டைகளாக இருக்கும் முட்டைக்கான தொடக்க அரும்பு.",unlaid egg yolks | ovary follicle clusters found in butchered hen,இப்பத்தான் மொட்டு அரும்பு வெச்சிருக்குது.,பெயர்ச்சொல்,food_cooking | nature_animals,,pm,
4043,முடிஎறக்கறது,,muṭieṟakkaṟatu,,மொட்டை அடித்தல்.,tonsuring head as vow offering | ritual head shaving,சாமிக்கி முடி எறக்கறதனு வேண்டியிருந்தெ.,,festival_religion,,np,
4044,முடிஞ்ச பாடில்ல,,muṭiñca pāṭilla,,இன்னும் முடியவில்லை.,not getting finished | unending,வேலெ செய்யச் செய்ய இன்னுமு முடிஞ்ச பாடில்லை.,,speech_phrase,,np,
4045,முடிஞ்சிருப்பெ,,muṭiñciruppe,,முடிந்து இருப்பேன்.,I would have been finished or dead,கொஞ்சோ அசந்திருந்தாலு முடிஞ்சிருப்பெ.,,speech_phrase,,np,
4046,முடிஞ்சுது,,muṭiñcutu,,முடிந்தது.,finished | completed | ended,எல்லா வேலையு ஒருசலா முடிஞ்சுது.,,speech_phrase,,np,
4047,முடீமே,,muṭīmē,,முடியுமே.,surely can be done,என்னாலெ இதச் செய்ய முடீமே.,,speech_phrase,,np,
4048,முண்டச்சி,,muṇṭacci,,விதவை.,widow (pejorative),முண்டச்சியெ பாத்துட்டுப் போனா வெளங்குன மாதிரிதா.,,human_behavior,,np,
4049,முண்டா பனியன்,,muṇṭā paṉiyaṉ,,ஆண்கள் அணியும் கைப்பகுதி இல்லாத உள்ளாடை.,sleeveless undershirt | vest,அவன் எப்பவுமே முண்டா பனியன்தான் போடுவான்.,பெயர்ச்சொல்,dress_accessories,,pm,
4050,முண்டு,முண்டறது | முண்டு (தல்),muṇṭu,muṇṭaṟatu | muṇṭu (tal),ஒருவரை எதிர்த்து செயல்படுதல். | ஒருவரை எதிர்த்துச் செயல்படுதல். | நாய்கள் உறவு கொள்ளும்போது இனப்பெருக்க உறுப்புகளைப் பிரிக்க இயலாமல் மாட்டிக் கொள்ளுதல்.,opposing defiantly | clashing against | dogs locking during mating,எங்கிட்ட முண்டறீரபோ நீ. | எங்கிட்டயே முண்டறயா நீ. | ஏன்டா முண்டுபோட் நாயாட்டம் அங்கே கெடக்கற.,,human_behavior | action_verbs | nature_animals,Additional word types: பெயர்ச்சொல்,np | pm,
4051,முண்டேரி,,muṇṭēri,,"சுற்றுச் சுவரில் மழைநீர் இறங்கிக் கரைத்து விடாமலிருக்க இருபுறமும் சரிவாக, நடுவில் உயர்வாய் கூரை போலப் போடுதல்.",ridge coping on mud boundary wall to shed rainwater,செவுத்துக்கு முண்டேரி போட்டு வெய்யி.,பெயர்ச்சொல்,home_household,,pm,
4052,முணுக்கி,,muṇukki,,அமைதியாக இருப்பவள்.,deceptively quiet woman | sly quiet person,முணுக்குமுணுக்குனு இருந்துகிட்டு முன்னூறு ஊட்டுக்கு தீ வெச்சிருவான்.,,human_behavior,,np,
4053,முத்தாப்பு செய்தல்,,muttāppu ceytal,,சிறப்பு செய்தல்.,honoring with special hospitality | felicitating warmly,,,human_behavior | festival_religion,,np,
4054,முத்திரிக்கிறது,,muttirikkiṟatu,,தீர்த்தம் முத்தரைத்தல்.,sprinkling sacred holy water | sanctifying with theertham,சாமிக்கி தீர்த்தம் முத்திரிக்கறதுக்கு போவோமா?,,festival_religion,,np,
4055,முத்தரை,முத்திரை,muttarai,muttirai,தனக்கு விருப்பமான கடவுளின் சின்னத்தைத் தாசர்கள் உடம்பில் பொறித்துக் கொள்ளுதல். | முத்திரை. தனக்கு விருப்பமான ஒன்றை தம்மேல் பதித்துக் கொள்ளுதல்.,devotional branding or stamping of Vaishnavite symbols on body,அந்தத் தாசருக்கு முத்தரை குத்தியாச்சா. | கையிலெ முத்தரை குத்தியிருக்காம் பாரு.,பெயர்ச்சொல்,festival_religion,,np | pm,
4056,முத்தரை வள்ளம்,முத்திரை வள்ளம்,muttarai vaḷḷam,muttirai vaḷḷam,அரசாங்க முத்திரை உடைய தானியம் அளக்கும் வள்ளம். | அரசாங்க முத்திரை கொண்ட தானியம் அளக்கும் வள்ளம்.,certified stamped grain measuring vessel (vallam),முத்தரை வள்ளம் இருந்தாக் குடு. | வள்ளத்துல முத்தரை குத்தியிருக்கு பாரு.,பெயர்ச்சொல்,measure_units | farming_livestock,,np | pm,
4057,முத்தரைப்படி,முத்திரைப்படி,muttaraippaṭi,muttiraippaṭi,அரசாங்க முத்திரை உடைய தானியம் அளக்கும் படி. | அரசாங்க முத்திரை கொண்ட தானியம் அளக்கும் படி.,certified stamped grain measuring vessel (padi),அந்த முத்தரைப்படில அளந்து போடு. | முத்தரைப்படியில முத்திரை குத்திருக்கானு பாரு.,பெயர்ச்சொல்,measure_units,,od | np | pm,
4058,முத்தெடுத்தல்,,mutteṭuttal,,"விரதமிருந்து கோயில் திருவிழாவின்போது மூன்று ஊர்களுக்குச் சென்று பிச்சை பெற்று வந்து, அதனைத் தெய்வத்திற்குக் கொடுக்கும் ஒருவகை வேண்டுதல்.",ritual begging in three villages during temple vow,இந்த வருசம் முத்தெடுக்கறம்னு வேண்டி இருக்கறன்.,வினைச்சொல்,festival_religion,,pm,
4059,முதலாளி,,mutalāḷi,,பண்ணைக்கு சொந்தக்காரன்,farm owner | landlord | estate master,,,farming_livestock | human_behavior,,od,
4060,முதித்தல்,,mutittal,,உறவு கொள்ளுதல்.,bull mounting cow | cattle mating,காள முதிக்குது.,பெயர்ச்சொல்,farming_livestock | nature_animals,,pm,
4061,முதியாப் பயிர்,,mutiyāp payir,,ஒன்றரை வயதான வெற்றிலைக் கொடிக்கால்.,mature one-and-a-half year old betel vine plantation,முதியாப் பயிர் எத்தன குழி இருக்குது.,பெயர்ச்சொல்,farming_livestock,,pm,
4062,முந்தாநாள்,,muntānāḷ,,நேற்றைக்கு முன்தினம்.,day before yesterday,முந்தாநாளு போனவ இப்பதா வர்றா | முந்தா நாளுநீ எங்க போயிருந்த.,பெயர்ச்சொல்,time_seasons,,np | pm,
4063,முந்தி,முன்ன,munti,muṉṉa,முந்தானை.(1) | முதல் ஆளாக செல்லுதல்.(2) | முந்தானை. | முன்பு | முன்னால்,loose end of sari (pallu) | earlier or previously,முந்தி வெச்சு கட்டத் தெரியலயா. | முந்திரிக் கொட்டை போல முந்திக்கிறது. | முந்தியச்சொருகு காத்துல பறக்குது. | முந்தி எல்லாம் இந்த ஊர்ல மழை நல்லா பெய்யும்.,பெயர்ச்சொல்,dress_accessories | time_seasons,,np | pm | od,
4064,முந்திகிட்டு,,muntikiṭṭu,,முன்னேறிச் கொண்டு.,overtaking | pushing ahead of others,என்னயே முந்திக்கிட்டு போயிட்டாம் பாரு.,,action_verbs | human_behavior,,np,
4065,மும்பாரம்,,mumpāram,,வண்டியின் முன்பக்கம் ஏற்றும் பாரம். | வண்டியில் முன்பக்கம் ஏற்றும் பாரத்தின் அளவு; முன்பாரம்.,front load on a cart | front-heavy cart balance,மும்பாரம் அதிகமா இருக்குது. | மும்பாரம் எச்சாஇருக்குது. மாடு தெணறுது பாரு.,பெயர்ச்சொல்,farming_livestock,,np | pm,
4066,மும்மரம்,,mummaram,,காண்க. தொரகா.,intense flurry | rapid pace | bustle,,,speech_phrase,,np,
4067,முருக்கந்தடி,,murukkantaṭi,,பாளை சீவும் அரிவாளைத் தீட்டுவதற்காக மரமேறிகள் வைத்திருக்கும் முருங்க மரக்கட்டை.,soft Moringa wood block used by toddy tappers to hone tapping knife,"முருக்கந்தடிய எடுத்தா, பாளக்கத்தியத் தீட்டலாம்.",பெயர்ச்சொல்,farming_livestock,,pm,
4068,முருகு,,muruku,,ஆண்கள் காதில் அணியும் நகை.,traditional gold ear ring worn by men,அந்தப் பாட்டன் காதுல முருகு போட்டுக்கிட்டுஇன்னம் எளவயசுப் பையனாட்டம் இருக்கறாரு.,பெயர்ச்சொல்,dress_accessories,,pm,
4069,முருங்க்கா பொறிக்கிறாங்க,,muruṅkkā poṟikkiṟāṅka,,முருங்கை பறித்தல்,picking drumsticks | harvesting moringa pods,,,farming_livestock | action_verbs,,od,
4070,முருவாங்கறி,,muruvāṅkaṟi,,பன்றிக் கறி.,pork meat,முருவாங்கறி எடுத்தாந்திருக்கறன்.,பெயர்ச்சொல்,food_cooking,,pm,
4071,முருவான்,,muruvāṉ,,பன்றி.,pig | boar,கறிபோட முருவான் புடிச்சாரப் போயிருக்கறாங்க.,பெயர்ச்சொல்,nature_animals,,pm,
4072,முருளி,,muruḷi,,செடிகளுக்கு வரும் ஒருவகை நோய்.,leaf curl disease in plants | plant pest blight,முருளி பாஞ்சு செடி வளரவே இல்ல.,பெயர்ச்சொல்,farming_livestock,,pm,
4073,முழி,,muḻi,,கண்ணின் விழி.,eyeball | wide-open eye,கண்ணாம் முழிய தோண்டிருவெ.,,body_health,,np,
4074,முழுக்கரது,,muḻukkaratu,,கல்யாணம். முஸ்லீம்களுக்கும் இந்துக்களுக்கும் இடையேயான நட்புறவை வலுப்படுத்தும் வகையில் கொங்கு வேளாள கவுண்டர் முழுக்காடு குல வரலாற்றில் ஏற்பட்ட ஒரு சீராகும். முஸ்லிம்கள் சுன்னத் செய்து கொள்வதற்கு இணையாக சகோதர பாசத்தை வெளிப்படுத்தும் வகையில் காது குத்தும் சீர் நடைபெறுகிறது.,ear-piercing fraternity ceremony celebrating Hindu-Muslim bonded friendship,,,festival_religion | kinship,,np,
4075,முழுமன்,,muḻumaṉ,,எந்த ஒரு விசயத்தையும் உடனே வெளியில் கூறாதவள்.,secretive tight-lipped person | reticent person,எங்கியோ முழுமனா இருக்கறாண்டா.,,human_behavior,,np,
4076,முழுமுண்டமா,,muḻumuṇṭamā,,வெற்றுடம்புடன்.,stark naked | completely unclothed,முழு முண்டமா சுத்திகிட்டு இருக்காம் பாரு.,,body_health,,np,
4077,முழுவாமலிருத்தல்,,muḻuvāmaliruttal,,கர்ப்பமாகுதல்.,being pregnant | conceiving,எம்மருமவொ மூணு மாசம் முழுவாமயிருக்கா.,,body_health,,np,
4078,முள்ளங் கத்திரி,,muḷḷaṅ kattiri,,கண்டங்கத்திரிச் செடி.,yellow-berried nightshade | Solanum surattense,முள்ளங்கத்திரிச்செடி இருந்தாப்புடுங்கியா.,பெயர்ச்சொல்,nature_animals | body_health,,pm,
4079,முள்ளம்பன்றி,,muḷḷampaṉṟi,,முட்கள் போன்ற முடிகளையுடைய பன்றி.,porcupine,முள்ளம் பன்னி தலையா.,,nature_animals,,np,
4080,முள்ளெடுப்பான்,,muḷḷeṭuppāṉ,,காலில் ஏறிய முள்ளைப் பிடுங்கும் கருவி.,thorn extractor tweezers | pin,முள்ளெடுப்பான் இருந்தா சீக்கிரமா எடுத்தரலாம்.,பெயர்ச்சொல்,body_health | home_household,,pm,
4081,முளை,முளைக்குச்சி | மொளக்குச்சி,muḷai,muḷaikkucci | moḷakkucci,மாடுகளைக் கட்ட நிலத்தில் ஊன்றும் குச்சியான கோல். | மாடுகளைக் கட்ட தரையில் ஊன்றும் தடினமான மரக்கோல்.(1) | வண்டிகளில் பாரம் சரியாமல் இருக்க இருபுறமும் ஊன்றும் நீளக்குச்சி.(2),tethering peg for cattle | cart side stake,மொளக்குச்சியெ நல்லா அடிச்சு கட்டு. | மாட்ட ஒரு மொளை அடிச்சுக்கட்டு. | மொள ஆடுது. நல்லாப் போட்டுடு.,பெயர்ச்சொல்,farming_livestock,,np | pm,
4082,முறி,,muṟi,,ரூபாய் நோட்டைச் சில்லரையாக மாற்றுதல்.,breaking a currency note into small change,நூறு ரூபாய முறிச்சா சீக்கிரம் செலவாயிரும்.,வினைச்சொல்,speech_phrase,,pm,
4083,முறிவாடு,,muṟivāṭu,,விஷத்தை முறிக்கும் மருந்து.,antidote for poison | antitoxin herb,இந்த மருந்தெ குடிச்சாங்காட்டி முறிவாடு ஆகீருச்சு. | இதுக்கு முறிவாடு தெரிஞ்சவங்களைக் கேக்கோணும்.,பெயர்ச்சொல்,body_health,,np | pm,
4084,முறுக்கம்,,muṟukkam,,உடல் தினவு; பலம்.,muscular robustness | vigor | athletic firmness,வயசானாலும் ஆளுநல்ல முறுக்கம்.,பெயர்ச்சொல்,body_health,,pm,
4085,முறுக்குத்தட்டம்,,muṟukkuttaṭṭam,,முறுக்கு பிழியும் கருவியில் முறுக்கின் வடிவத்திற்கேற்ப வைக்கப்படும் வட்ட வடிவத் தட்டு. | முறுக்குப் பிழியும் கருவியுள் முறுக்கின் வடிவத்திற்கேற்ப வைக்கப்படும் வட்ட வடிவத் தட்டு.,perforated disc plate for murukku press,முறுக்கு முள்ளு முள்ளா வர்ற மாதிரி ஒரு முறுக்குத்தட்டம் இருந்துது. எங்கயோ காணாம்.,பெயர்ச்சொல்,home_household | food_cooking,,np | pm,
4086,முறுக்குப்படி,,muṟukkuppaṭi,,தின்பண்டமாகிய முறுக்குப் பிழிவதற்கு உதவும் கருவி.,murukku maker press tool,தேர்க்கடைல ஒரு முறுக்குப்படி எடுக்கோணும்.,பெயர்ச்சொல்,home_household | food_cooking,,pm,
4087,முறைமைக்காரன்,,muṟaimaikkāraṉ,,முறைக்கு சொந்தக் காரன்,hereditary rights holder in temple rituals,"உதாரணமாக், மாரியம்மன் கோவிலில் மாவிளக்கு பூஜையின் போது கிடாவெட்டும் உரிமை ஒருவருக்கு கொடுக்கப்பட்டால் அவர் அந்த நிகழ்வின் முறைமைக்காரர்",,festival_religion | human_behavior,,od,
4088,முன்பணம்,,muṉpaṇam,,விலை பேசி முடிந்ததும் தொடக்கத்தில் கொடுக்கும் சிறுதொகை.,advance payment | initial earnest money,முன் பணமா எவ்வளவு குடுத்திருக்கறா.,பெயர்ச்சொல்,speech_phrase,,pm,
4089,முன்னத்தி ஏரு,,muṉṉatti ēru,,ஏரோட்டும்போது முதலில் செல்லும் ஏர்.,lead plough team breaking the furrow first,,,farming_livestock,,np,
4090,முன்னாடி,,muṉṉāṭi,,முன்னால்.,in front | ahead,நானு இங்க முன்னாடி இருக்குற.,,place_direction,,np,
4091,முன்னால,முன்னுக்கு,muṉṉāla,muṉṉukku,முன்னால். | முன்னால் | முன்னே,in front | ahead | in front of | forward or ahead,நானு இங்க முன்னாடி இருக்குற. | வரிசையில எனக்கு முன்னால ரெண்டு பேரு இருக்காங்க.,,place_direction,,np | od,
4092,முன்னேர்,,muṉṉēr,,நிலத்தில் உழும்போது எல்லா ஏர்களுக்கும் முன்னாகச் செல்லும் ஏர்.,lead plough team | foremost plough in line,அந்த முன்னேர்க்காரனப் போயிக் கேளு.,பெயர்ச்சொல்,farming_livestock,,pm,
4093,முனகுதல்,,muṉakutal,,வாயை திறக்காமல் தொண்டையிலேயே பேசுவது.,muttering | groaning | moaning,ஒடம்புக்கு முடியாம முனகிகிட்டே படுத்தருக்குறா.,,speech_phrase | body_health,,np,
4094,முஷ்டக் கொடி,,muṣṭak koṭi,,முசுட்டைக்கொடி; மூலிகை மருத்துவக் கொடி வகை.,Musuttai medicinal creeper,முஷ்டக் கொடியில இலை பறிச்சு ரசம் வைப்பாங்க.,பெயர்ச்சொல்,nature_animals | body_health,பொருள் உறுதிப்படுத்தப்படவில்லை (AI உருவாக்கம்) · Meaning not verified (AI generated),od,
4095,முஸ்தீப்பு,,mustīppu,,மும்முரமாக.,brisk preparations | flurry of readiness,என்ன வேலைமெல்லா ஒரே முஸ்தீப்பா நடக்குதோட்ருக்குது.,,human_behavior,,np,
4096,மூக்கணாங்கவுறு,,mūkkaṇāṅkavuṟu,,மாட்டின் மூக்கில் நுழைத்துக் தலையைச்சுற்றி கட்டியிருக்கும் கயிறு.,nose rope for bullock | cattle tether rope,மாட்டுக்கு மூக்கணாங் கவுத்த தளக்கமா கட்டிய.,,farming_livestock,,np,
4097,மூக்கரை,,mūkkarai,,மூக்கில்லாதவள்/ன்; மூக்கு அழுந்திக் கிடப்பவள்/ன்.,flat-nosed person | snout-nosed person (pejorative),அந்த மூக்கர பேச்சக் கேட்டுக்கிட்டு ஆடாத. | திட்டுச்சொல்,,human_behavior,,pm,
4098,மூக்கறுந்து போ,மூக்கறுந்து போதல்,mūkkaṟuntu pō,mūkkaṟuntu pōtal,மூக்கணாங்கயிறு பெரிதாகப் போடுவதால் மாடுகளின் மூக்கு உள்சதை அறுந்து போய்விடுதல் (அதன்பின் மூக்கணாங்கயிறால் பயன் இருக்காது).,septum torn by overtight nose rope in cattle,இவ்வளா பெரிய கவுத்தயா மூக்கணாங்கவுத்துக்குப் போடுவாங்க. மூக்கறுந்து போயிரும்.,வினைச்சொல்,farming_livestock,,pm,
4099,மூக்கனம்,,mūkkaṉam,,மாட்டின் மூக்கு வழியாகக் கோர்க்கப்படும் மூக்கணாங் கயிறு.,nose rope for cattle | bull halter rope,மாட்டுக்கு மூக்கனம் போட்டு பிடிச்சு நிறுத்து.,பெயர்ச்சொல்,farming_livestock,,od,
4100,மூக்காணி,மூக்கானி,mūkkāṇi,mūkkāṉi,வண்டியின் முன்பகுதியில் ஊன்றும் கோல்.,cart support pole | prop stick under carriage yoke,மூக்காணியெ புடிச்சு இழு | மூக்கானியப் புடிச்சு வண்டியத் தூக்கு.,,farming_livestock,,np | od | pm,
4101,மூக்காமெ,,mūkkāme,,அமைதியாக.,quietly | silently without uttering a word,"கம்முனு இருக்கனும், சத்த வெளிய வந்தது உதை கெடைக்கும்",,speech_phrase,காண்க: கம்முனு,np,
4102,மூக்குச் செல்,,mūkkuc cel,,அரிசியில் இருக்கும் நீண்ட மூக்குடைய ஒரு வகைப் பூச்சி.,rice weevil | snout beetle,மூக்குச் செல் ஏறுனா போச்சு. அரிசிபூராத் தீன்னுரும்.,பெயர்ச்சொல்,nature_animals,,pm,
4103,மூங்கக் கூடை,மூக்கக்கூடை,mūṅkak kūṭai,mūkkakkūṭai,மூங்கிலால் பின்னப்பட்ட கூடை.,woven bamboo basket,மூங்கக் கூட எடுத்தா கொஞ்ச நாளக்கு வரும். | மூக்கக் கூடயில சாணிய அள்ளிப் போடு!,பெயர்ச்சொல்,home_household | farming_livestock,,np | pm,
4104,மூங்கலரிசி,,mūṅkalarici,,மூங்கிலிலிருந்து முப்பது ஆண்டுகளுக்கு ஒரு முறை நெல் வரும். பஞ்ச காலத்தில் இதை உணவாக உண்டனர்.,bamboo rice grains | famine food,,,food_cooking | nature_animals,,np,
4105,மூச்சுடப்புடாது,,mūccuṭappuṭātu,,மூச்சு விடக்கூடாது.,don't breathe a word | stay absolutely silent,கப்சிப்னு இருக்கோனு மூச்சுடப்புடாது.,,speech_phrase,,np,
4106,மூச்சுடு,மூச்சுடுதல்,mūccuṭu,mūccuṭutal,"தேங்காய், எலும்பு ஆகியவற்றில் லேசான விரிசல் ஏற்படுதல்.",hairline crack forming in coconut shell or bone | hairline fissure,இந்தத் தேங்கா மூச்சுட்டுப் போச்சு.,வினைச்சொல்,action_verbs,,pm,
4107,மூச்சுத்தெரப்பு,,mūccutterappu,,மூச்சுப்பிடிப்பு எனப்படும் உடல் நோய்.,muscle catch | chest catch | sudden stitch,,,body_health,,np,
4108,மூஞ்சி,,mūñci,,முகம்.,face | countenance (colloquial),மூஞ்சியப்பாரு அசடு வழியுது,,body_health,,np,
4109,மூஞ்சு போச்சு,,mūñcu pōccu,,தீர்ந்து விட்டது,exhausted | completely finished | used up,,,speech_phrase,,od,
4110,மூட்டம்,,mūṭṭam,,விதைத்த பிறகு மண் இறுகி மூடிக்கொள்ளுதல் (மண் மூட்டம்); அல்லது மேக மூட்டம்.,compacted soil crust over sown seeds | cloudy overcast,மழை பேஞ்சு மண் மூட்டம் ஆயிடுச்சு. | ஆகாசத்துல மேக மூட்டமா இருக்குது.,பெயர்ச்சொல்,farming_livestock | time_seasons,,pm,
4111,மூட்டு,,mūṭṭu,,கிழிந்த இரண்டு பகுதிகளை இணைத்துத் தைத்தல். | மரத்தில் பெருங்கிளையும் (அதிலிருந்து பிரியும்) சிறு கிளையும் இணையும் இடம்.,stitching together | branch fork,இந்தச் சீலயக் கொஞ்சம் மூட்டிக்குடு. | அத மூட்டோட வெட்டிப் போடு.,வினைச்சொல்,action_verbs | nature_animals,Additional word types: பெயர்ச்சொல்,pm,
4112,மூட்டுக்குட்டி,மூட்டுகுட்டி | மூடு | பிறவக் குட்டி,mūṭṭukkuṭṭi,mūṭṭukuṭṭi | mūṭu | piṟavak kuṭṭi,ஆடு வகையில் 2 பேர் குட்டி. | ஆட்டின் பெண் குட்டி.,female lamb | doe kid,இந்த தடவ ஆடு ரெண்டு மூட்டுக்குட்டி போட்ருக்குது. | வெள்ளாடு மூட்டுக்குட்டியா போட்டிருக்குது.,பெயர்ச்சொல்,farming_livestock | nature_animals,,od | np | pm,
4113,மூட்டுப் போடு,,mūṭṭup pōṭu,,சோறோ குழம்போ வெந்து கொண்டிருக்கும் போது கொஞ்சம் கரண்டியால் தனியாகப் பிரித்து எடுத்தல்.,ladling a sample tasting portion from simmering food,ரண்டு கறி மூட்டுப் போடு.,வினைச்சொல்,food_cooking | action_verbs,,pm,
4114,மூடல்,,mūṭal,,கேழ்வரகு மணிகளின் மேல் மூடியிருக்கும் தவிட்டுப் பகுதி.,outer husk bran of finger millet grains,ஆரியம் மூடலாக் கெடக்குது.,பெயர்ச்சொல்,farming_livestock | food_cooking,,pm,
4115,மூடாக்கு,,mūṭākku,,ஒன்றை மூடியிருக்கும் துணி; முகத்தை மூடும் சேலை.,veil | covering cloth over head or face,மூடாக்குப் போட்டுக்கிட்டுப் போனா அடையாளந் தெரியாதா.,பெயர்ச்சொல்,dress_accessories,,pm,
4116,மூத்தகுடி,,mūttakuṭi,,முதல் மனைவி.,first wife's lineage | senior household lineage,அவிக மூத்தகுடி வாரிசு.,,kinship,,np,
4117,மூத்தலிடுதல்,,mūttaliṭutal,,கம்பரிசியை இடித்து மாவாக்குவதற்கு முதலில் உரலில் இட்டுக் குத்திப் புடைத்துத் தவிடு நீக்குதல்.,initial pounding of pearl millet in mortar to dehusk bran,கம்ப மூத்தலிட்டு வெச்சுட்டன்.,வினைச்சொல்,food_cooking | action_verbs,,pm,
4118,மூய்த்தல்,,mūyttal,,சிறிதும் மிச்சமில்லாமல் ஒரு செயலை முழுவதும் செய்து முடித்தல்; தீர்த்தல்.,finishing up entirely | completing without residue,எல்லாத்தயும் அவனே மூச்சுப்புட்டான்.,வினைச்சொல்,action_verbs,,pm,
4119,மூய மூய,,mūya mūya,,"தீரத்தீர, முடியமுடிய.",as it gets consumed | as work gets continually done,மூயமூய வேலையே தீர மாட்டிங்கிது.,,speech_phrase,,np,
4120,மூர்த்தம்,,mūrttam,,முகூர்த்தம்.,auspicious wedding time | muhurtham,மூர்த்தத்துக்கு நேரமாச்சி வாங்கெ போலா,,festival_religion | time_seasons,,np,
4121,மூலி,,mūli,,தூங்கி எழுந்ததும் இரு கைகளையும் தலைக்கு மேல் உயர்த்தி உடலை நெட்டி முறித்தல்.,yawning and stretching limbs upon waking,எந்திரிச்சு மூலி முறிச்சு எந்நேரம் போறது.,பெயர்ச்சொல்,body_health | action_verbs,,pm,
4122,மூலை,,mūlai,,வளைவு | ஓரம் | இடுக்கு,corner | angle | nook,,,place_direction,,od,
4123,மூலைக்கல்,,mūlaikkal,,வீட்டுக் கிணற்றின் நான்கு மூலைகளிலும் வைத்துக் கட்டப்படும் கல்.,cornerstone masonry of well or house,மூலக்கல்லு பலமாப் போட்டிருக்கறாங்க.,பெயர்ச்சொல்,home_household | place_direction,,pm,
4124,மூளி,,mūḷi,,"குறைபாடு, வெறும. | ஆமணக்குக் காயில் விதையின் மேல் இருக்கும் தோல் பகுதி.",defective vessel | castor seed husk,மூளியாட்ட வந்து நிக்கறத பாரு. | மூளிக் கொடத்த எடுத்து வெய்ய! | கொட்டக்கா காஞ்சு போச்சு. மூளிய அடிச்சு எடுக்கோனும்.,பெயர்ச்சொல்,human_behavior | farming_livestock,,np | pm,
4125,மூளி மோதிரம்,,mūḷi mōtiram,,சிறு குழந்தைகளின் அரைஞான் கயிற்றில் கோர்க்கும் அலுமினியத் தகடு.,protective aluminum talisman plate strung on infant's waistcord,கொழந்தக்கி ஒரு மூளி மோதிரம் எடுத்துப் போடு.,பெயர்ச்சொல்,dress_accessories | festival_religion,,pm,
4126,மூனாம் வருசம்,,mūṉām varucam,,கடந்த ஆண்டுக்கு முந்தைய ஆண்டு.,year before last | two years ago,இந்த நெல்லு போன மூனாம் வருசம் வெளஞ்சது.,,time_seasons,,np,
4127,மெச்சிக்கோனு,,meccikkōṉu,,புகழுதல்.,praise | commend | appreciate,ரொம்ப மெச்சனும்னா அவ்ளோதா,,speech_phrase | human_behavior,,np,
4128,மெட்டு,,meṭṭu,,காலைத் தடுக்கி விடுதல். | கட்டப்பட்ட கயிற்றின் நீளத்தைக் குறைப்பதற்காக முடிச்சுக்கு மேல் கயிற்றை அவிழாமல் இழுத்துச் செருகுதல்.,tripping up a foot | shortening loop hitch in tether,"மெதுவாக் காலக் கொஞ்சம் மெட்டி உட்டன், உழுந்திட்டான். | கவுத்துல இன்னொரு மெட்டுப் போடு.",வினைச்சொல்,action_verbs,Additional word types: பெயர்ச்சொல்,pm,
4129,மெதித்தல்,,metittal,,ஒருவரை காலால் மிதித்தல்.,trampling on | stepping over someone,தெரியாம மெதிச்சுட்ட மன்னிக்கனு,,action_verbs,,np,
4130,மெப்பு,,meppu,,பட்டும் படாமல்; திமிர்.,arrogant aloofness | haughty indifference,ஆளு என்ன மெப்பாப் பேசறான் பாரு.,வினைச்சொல்,human_behavior,,pm,
4131,மெய்யாலும் மெஞ்ஞாலும் புழப்பு,மெய்யாலும் மெய்ஞாலும் புழப்பு,meyyālum meññālum puḻappu,meyyālum meyñālum puḻappu,தொடர் வேலை; எப்போதும் ஓயாமல் நடக்கும் அன்றாடப் பிழைப்பு.,ceaseless daily grind | continuous toil,,,speech_phrase | human_behavior,,od,
4132,மெரட்டுறது,,meraṭṭuṟatu,,மிரட்டுதல்.,threatening | intimidating,இந்த மெரட்ற வேலைமெல்லா வச்சுக்காத.,,human_behavior | speech_phrase,,np,
4133,மெரமணை,,meramaṇai,,கடவுள் திருவிழாக்களில் ஊர்வலம் தெருக்களில் வருதல்.,temple procession of deity through streets,சாமி மெரமணை வருது.,,festival_religion,,np,
4134,மெரமிணை,,meramiṇai,,காண்க: பிரமிணை.,deity procession in chariot or palanquin,,,festival_religion,,pm,
4135,மெரலு,,meralu,,சாமி ஆடி மக்களுக்கு வாக்குச் சொல்பவர் மீது சாமி வந்து வாக்குச் சொல்லத் தயாராகுதல் (மெரலு வந்து வாக்குச் சொல்லாமல் வெறுமனே ஆடும் சாமிகளுமுண்டு).,divine trance possession before delivering oracle,இன்னிக்கிச் சாமிக்கு மெரலு வல்ல.,பெயர்ச்சொல்,festival_religion,,pm,
4136,மெனக்கெட்டு,,meṉakkeṭṭu,,முயன்று.,taking pains | painstakingly exerting effort,இவ்ளோ மெனக்கெட்டு வேல முடியல,,human_behavior | speech_phrase,,np,
4137,மேக்காத்து,,mēkkāttu,,மேற்கு திசையிலிருந்து வீசும் காற்று.,westerly wind | west wind,மேக்காத்து வீசுது மழை வருமோட்டத் தொழுது.,,nature_animals | time_seasons,,np,
4138,மேக்காய்,,mēkkāy,,நிலக்கடலைச் செடி பிடுங்கும்போது விடுபட்டு (உதிரப்பட்டு) மேலேயே கிடக்கும் காய்.,surface peanuts dropped on ground during harvest,மேக்காய் பொறுக்குனாலே ஒருபடி வருமாட்டம் இருக்குது.,பெயர்ச்சொல்,farming_livestock,,pm,
4139,மேக்காலெ,மேக்காலே | மேற்க்கால | மேக்கால,mēkkāle,mēkkālē | mēṟkkāla | mēkkāla,மேற்குதிசையில். | மேற்குப்பக்கத்தில்,in the west | towards the west | to the west | on the western side,மேக்காலெ இருக்குற கடைக்கி போ,,place_direction,,np | od,
4140,மேகெணறு,,mēkeṇaṟu,,அதிக ஆழமில்லாத கிணறு.,shallow well,அவுங்களுது மேகெணறா இருந்தாலும் தண்ணிவத்தாது.,பெயர்ச்சொல்,farming_livestock | place_direction,,pm,
4141,மேகோட்டு,மேக்கோடு | மேகோடு,mēkōṭṭu,mēkkōṭu | mēkōṭu,மேற்கு மூலை. | மேற்குத் திசை மூலை.,western corner | western boundary or corner,மேகோட்டுல பாரு மம்முட்டி இருக்குது. | மேகோட்டுல மமுட்டி கெடக்குது எடுத்தா.,,place_direction,,np | pm,
4142,மேகோப்பு,,mēkōppu,,வீட்டின் சுவற்றுக்கு மேல் உள்ள பகுதிகள்.,upper roof structure above walls | superstructure,மேகோப்ப நல்லா கட்டு.,,home_household,,np,
4143,மேச்சக்காடு,,mēccakkāṭu,,ஆடு மாடு மேயும் இடம்.,pasture land | grazing meadow,மேச்சகாட்டுக்கு ஆட்ட ஓட்டிட்டு போயிட்டு வா.,,farming_livestock | place_direction,,np,
4144,மேச்சல்,,mēccal,,மேய்தல்.,grazing | pasturing,ஆடு மேச்சலுக்கு போயிருக்குது.,,farming_livestock,,np,
4145,மேச்செலவு,,mēccelavu,,சில்லரைச் செலவுகள்.,incidental expenses | petty expenses,மேச்செலவுக்கு மட்டும் பணம் எடுத்துக்க.,,speech_phrase,,np,
4146,மேஞ்சுதா,,mēñcutā,,ஆடு மாடுகள் நிலங்களில் மேய்தல்.,grazing well | livestock feeding on field,மாடு நல்லா மேஞ்சுதா.,,farming_livestock,,np,
4147,மேட்டாங்காடு,மேட்டுக்காடு,mēṭṭāṅkāṭu,mēṭṭukkāṭu,வானம் பார்த்த பூமி | புன்செய் நிலம். மானாவரி விவசாய நிலம். | புன்செய் நிலம்; மானாவாரி விவசாய நிலம். | காண்க: மேட்டாங்காடு.,rainfed dry farmland | upland unirrigated tract,மேட்டாங் காட்ட உழுதனவனுங் கெட்டான். மேனா மினுக்கிய கட்டினவனுங் கெட்டான். | மேட்டாங்காட்ட ஓட்டுனவனும் கெட்டான்; மேனாமினுக்கியக் கட்டனவனும் கெட்டான் (பழமொழி).,பெயர்ச்சொல்,farming_livestock | place_direction,,od | np | pm,
4148,மேட்டுமை,,mēṭṭumai,,கர்வம்; மேல்குடிகளின் மனப்பான்மை.,superiority complex | elitist arrogance,இந்த மேட்டுமையெல்லாம் நம்புளுக்கு ஆவாது.,பெயர்ச்சொல்,human_behavior,,pm,
4149,மேத்திண்ணை,,mēttiṇṇai,,வீட்டின் முகப்பில் உயரமான தளத்தில் அமைந்த மேல் திண்ணை.,raised upper veranda,மேத்திண்ணையில படுத்து காத்தாட தூங்கு.,பெயர்ச்சொல்,home_household,,od,
4150,மேப்படி,,mēppaṭi,,கதவின் மேலுள்ள பகுதி | கதவு நிலவின் மேற்பகுதி.,lintel | upper door frame sill,,,home_household,,od | np,
4151,மேபொறம்,,mēpoṟam,,மேற்குப் புறம்; மேற்குத் திசை.,western side | west,ஊருக்கு மேபொறம் காடு இருக்குது.,,place_direction,,np,
4152,மேம்போக்கு,,mēmpōkku,,"எதிலும் சிரமம் எடுக்காமல் மேலோட்டமாக செய்தல். | எதிலும் அதிகச் சிரமம் எடுத்துக் கொள்ளாமல், அதிகக் கவனமில்லாமல் இருக்கும் தன்மை.",superficiality | cursory casual approach,அவ மேம்போக்கான வேலையத்த செய்வ. | அவன் மேம்போக்காப்போறவன்.,பெயர்ச்சொல்,human_behavior,,od | np | pm,
4153,மேமழை,,mēmaḻai,,விவசாயத்திற்கு உழவு ஓட்ட முடியாமல் மேலோட்டமாக பெய்யும் மழை.,light superficial drizzle insufficient for ploughing,,,nature_animals | time_seasons,,np,
4154,மேல் சகாயம்,,mēl cakāyam,,சாவுக்கு முன் வரும் வாயால் மூச்சு விடும் தன்மை.,agonal respiration | death rattle before passing,அவ்வளவுதான். மேல்சகாயம் தூக்க ஆரம்பிச்சிடுச்சு.,பெயர்ச்சொல்,body_health,,pm,
4155,மேல்பூட்டு,,mēlpūṭṭu,,நுகத்தடிக்கு மேல் கருக்குத்தடியை வைத்துப் பூட்டப்படும் கலப்பை.,top-hitched plough yoke arrangement for deep tilling,அந்தக் காட்ட மேல்பூட்டுல போட்டு ஓட்டு.,பெயர்ச்சொல்,farming_livestock,,pm,
4156,மேலாக்கு,,mēlākku,,பெண்கள் மார்பின் மீது போடும் துணி. | பெண்கள் மார்பின்மீது போட்டுக் கொள்ளும் துணி.,upper garment | cloth draped over the chest,மேலாக்கு போடாமயே சுத்தறா பாரு. | மேலாக்கு ஒன்னு போட்டுக்கிட்டுப் போ.,பெயர்ச்சொல்,dress_accessories,,np | pm,
4157,மேலு,,mēlu,,உடம்பு.,body | physique,மேலுக்கு மட்டுந்தெ தண்ணி ஊத்துனெ | மேலுக்குத் தண்ணி ஊத்திக்கிட்டு வர்றன்.,பெயர்ச்சொல்,body_health,,np | pm,
4158,மேலுக்கு வாத்துட்டு வா,,mēlukku vāttuṭṭu vā,,உடம்புக்கு மட்டும் குளிச்சுட்டு வா,take a body wash without wetting the head,டேய் நோம்பி நாளும் அதுவுமா என்னடா மேலுக்கு மட்டும் வாத்துட்டு வந்து நிக்குற? போயி தலைக்கு வாத்துட்டு வா,,body_health,,od,
4159,மேலை,,mēlai,,அடுத்த ஆண்டு.,next year | following year,மேலைக்கே தாலிகட்டறன் கழுத்தே சொகமா இரு (பழமொழி).,பெயர்ச்சொல்,time_seasons,,pm,
4160,மேலொலச் சட்டி,,mēlolac caṭṭi,,"சோறு சமைக்கும்போது, சோற்றுச் சட்டிக்கு மேலே ஒரு சிறு சட்டியை வைத்து அதிலும் நீர் ஊற்றி வைப்பர்; சோற்றுக்கு நீர் தேவைப்படுமானால் மேலிருக்கும் சட்டி நீரை ஊற்றுவர்; அப்படி மேலே வைக்கும் சட்டி; மேல் உலைச் சட்டி.",supplementary hot water pot placed over cooking rice pot,மேலொலச் சட்டியில தண்ணி ஊத்தி வெய்யி.,பெயர்ச்சொல்,home_household | food_cooking,,pm,
4161,மேலொழவு,,mēloḻavu,,பயிர் அறுவடை செய்தபின் போடும் உழவு. | பயிர் அறுவடை செய்தவுடன் போடும் உழவு.,surface ploughing done immediately after harvest,ஒரு மேலொழவு போட்டு வெக்கணும். | ஒரு மேலொழவு போட்டு வெக்கோனும்.,பெயர்ச்சொல்,farming_livestock,,np | pm,
4162,மேவரம்,மேவாரம்,mēvaram,mēvāram,மேற்கே | மேற்குப் பக்கம் | மேற்குத் திசை.,west side | westward (western direction),மேவரமா போனா ஊரு வரும்.,பெயர்ச்சொல்,place_direction,,od,
4163,மேவு,,mēvu,,"ஆடுமாடு மேய்ச்சலுக்கு வைக்கப்படும் புல் | ஆடு மாடுகள் மேயும் புல். | தண்ணீர் நிறைந்து கரையைக் கடந்து செல்லுதல். | ஆடு, மாடுகள் மேய்ச்சலுக்கான புல்.",pasture grass | fodder grass | water overflowing bunds,மேவு நெறஞ்சி கெடக்குது. | காடெல்லாம் தண்ணி மேவிக்கிட்டுப் போவுது. | அந்தப் பக்கம் மேவு நெறைய இருக்குது.,வினைச்சொல்,farming_livestock,Additional word types: பெயர்ச்சொல்,od | np | pm,
4164,மேவேலை,,mēvēlai,,முதன்மையான வேலைக்குத் துணையாக இருக்கும் வேலை.,secondary chore | supplementary light work,மேவேல மட்டும்தான் அவம் பாப்பான்.,பெயர்ச்சொல்,human_behavior,,pm,
4165,மேழி,,mēḻi,,கலப்பையின் மேல் பகுதியில் இருக்கும் கட்டை.,plough handle | stilt of the plough,மேழிய புடிச்சாத்த சோறு கெடைக்கும்.,,farming_livestock,,np,
4166,மேழிப்பாலு,,mēḻippālu,,ஏர் ஓடித்து பழகும்போது மேழியின் மீது கையை வைத்து கையால் அழுத்துதல்.,resting hand on plough handle while learning to plough,எங்கிட்டே மேழிப்பாலு புடிச்சீதானெ நீ ஏரு கத்துகிட்டே,,farming_livestock,,np,
4167,மேற்கட்டி,,mēṟkaṭṭi,,திருமணப் பந்தலின் உள் மேல் பகுதியில் கட்டும் துணி.,ceiling canopy cloth in wedding pandal | decorative cloth awning,மேக்கட்டி நல்ல துணியாக்கட்டு.,பெயர்ச்சொல்,festival_religion | dress_accessories,,pm,
4168,மேனாட்டுச் கொப்பளம்,,mēṉāṭṭuc koppaḷam,,வயதானவர்களுக்கு குணப்படுத்த முடியாத வகையில் தண்டு வடத்தில் ஏற்படும் கொப்பளம்.,carbuncle or spinal blister in elderly persons,,,body_health,,np,
4169,மை கோதி,,mai kōti,,தலை கோதுவது | காண்க: மயிர்கோதி.,running fingers through hair to untangle,,,body_health | action_verbs,,od | pm,
4170,மைக்கட்டை,,maikkaṭṭai,,வண்டியில் சக்கரங்களை இணைக்கும் கட்டை.,axle tree | wooden axle bar connecting cart wheels,மைக்கட்டையில லேசா விரிசல் தெரீது.,பெயர்ச்சொல்,farming_livestock,,pm,
4171,மைய அரை,,maiya arai,,மிகவும் மாவாகும் வரை அரைத்தல்.,grind into a very smooth fine paste,கொஞ்சங்கூட தருசு இல்லாம மைய அரைச்சுடு.,பெயர்ச்சொல்,food_cooking | action_verbs,,pm,
4172,மொக்கடி,மொக்கையடி,mokkaṭi,mokkaiyaṭi,இன்ன இடம் என்று காயத்தைத் தொட்டுக் காட்டுகிற மாதிரி இல்லாத உள் அடி. | காண்க: மொக்கடி.,blunt blunt-force trauma | contusion or internal bruise,நல்லா மொக்கடியாப் பட்டிருச்சு. | கீழ வுழுந்து மொக்கையடி பட்ருச்ச.,பெயர்ச்சொல்,body_health,,np | pm,
4173,மொக்கப்பட்டம்,மொக்கை பட்டம்,mokkappaṭṭam,mokkai paṭṭam,விளைச்சல் இல்லாமல் நட்டமாகிவிடும் வேளாண்மையின் விதைப்புப் பருவம்.(1) | ஏமாற்றி விடுதல்.(2) | விளைச்சல் இல்லாமல் நட்டமாகி விடும் பருவம்.,failed sowing season yielding no crop | dupe,இந்த வருசம் மொக்கப்பட்டமாப் போச்சு. | என்னய மொக்கப்பட்டம் பண்ணிப்புட்டான். | இந்த தடவ மொக்கப் பட்டமாகி போச்சு,பெயர்ச்சொல்,farming_livestock | human_behavior,,np | pm,
4174,மொக்கு,,mokku,,சாலைகளின் சந்திப்பு.,road junction | street corner,இந்த மொக்குலெ திரும்புனதீயுமு அவிக ஊடு இருக்குது,,place_direction,,np,
4175,மொக்குளி,,mokkuḷi,,தண்ணீரில் மூழ்கி எழுதல்.,ducking underwater | dipping head into water,தண்ணிக்குள்ள மொக்குளி போடு பாக்கலா.,,action_verbs,,np,
4176,மொக மழிக்கணும்,,moka maḻikkaṇum,,முகத்தை வழித்தல். (சேவிங் செய்தல்).,shaving the face,,,body_health | action_verbs,,np,
4177,மொகப்பழம்,,mokappaḻam,,"காய்ப்பருவத்திற்கும், பழுப்பதற்கும் இடைப்பட்ட நிலை. (நன்கு பழுக்கத் துவங்கும் நிலை).",half-ripe fruit | fruit turning ripe,,,nature_animals | food_cooking,,np,
4178,மொகமுடறது,,mokamuṭaṟatu,,சேவல்களை காலில் கத்திகட்டி சண்டைக்கு விடுவது.,cockfighting with spurs tied to legs,,,human_behavior | nature_animals,,np,
4179,மொகரக்கட்டை,மொகற கட்ட,mokarakkaṭṭai,mokaṟa kaṭṭa,முகம். | முகம்,face (slang) | mug | face (colloquial),மொகர கட்டைய பாரு அழுது வடியுது.,,body_health,,np | od,
4180,மொகரகவுறு,,mokarakavuṟu,,கன்றுகளுக்கு மூக்கைச் சுற்றி மேலாக இணைக்கும் கயிறு.,muzzle cord tied around a calf's snout,அந்தக் குட்டிக்கி மொகரகவுறு போடோணும்,,farming_livestock,,np,
4181,மொகரப்பூட்டு,,mokarappūṭṭu,,மாட்டின் மூக்கு அல்லது முகத்தில் பூட்டப்படும் கடிவாளக் கயிறு / கயிறுப் பூட்டு.,rope fixed on cattle's nose to control | muzzle halter,,பெயர்ச்சொல்,farming_livestock,,od,
4182,மொகரை,மொவரை,mokarai,movarai,"(1) முகம். (2) மாடு, எருமைக் கன்றுகளுக்கு மூக்கணாங்கயிறு போடும் பருவம் வரும்முன் மூக்கைச் சுற்றி மேலாக வந்து கழுத்தில் பிணைக்கும் வகையில் கட்டப்படும் கயிறு.",face | muzzle halter cord for calf,"மொகரையப்பாரு கொரங்காட்டம். | கன்னுக்குட்டி பெருசாயிருச்சு, மொகரய அவுத்துப்புட்டு மூக்கணாங்கவுறு குத்தீரோனும்.",,body_health | farming_livestock,,pm,
4183,மொகுட்டுச் சரம்,,mokuṭṭuc caram,,வீட்டுக் கூரை முகட்டில் பொருத்தப்பட்டு இருக்கும் மரச்சட்டம்.,ridge beam rafters of a roof,மொகுட்டுச் சரத்துக்கு நல்ல மரமாப் பாத்து எடுக்கோனும்.,பெயர்ச்சொல்,home_household,,pm,
4184,மொவுட்டோடு,மொகுட்டோடு | மொவட்டோடு,movuṭṭōṭu,mokuṭṭōṭu | movaṭṭōṭu,வீட்டின் மேலே முகட்டுப் பகுதியில் போடும் ஓடு. | கூரை முகட்டில் பொருத்தப்படும் கவிழ்த்து வைக்கும் பனை வடிவிலான ஓடு. | கூரை முகட்டில் கவிழ்த்து வைக்கும் ஓடு.,ridge tile covering roof peak,மொகுட்டோட்டுல பாரு எலி ஓடுது | மொவுட்டோடு ஒடஞ்சு போயிருச்சு. | மொவுட்டோட்ட மாத்தணு ஒழுகுது.,,home_household,,np | pm,
4185,மொகுடு,,mokuṭu,,வீட்டின் மேலே உள்ள கூம்பு வடிவ பகுதி.,roof apex | peak or ridge of roof,மொகுட்டுல பாரு எலி நெறயா இருக்கு.,,home_household,,np,
4186,மொகுலு,மொகுல் | மொவுலு,mokulu,mokul | movulu,முகில்; மேகம்.,cloud | rain cloud,மொகுலு கருக்கிக்கிட்டு வருது. | மொகுலு கருக்குது மழை வரும்.,பெயர்ச்சொல்,nature_animals,,pm | np,
4187,மொச்ச,மொச்சை,mocca,moccai,குழந்தையின் மீது வீசும் ஒருவகை பால்வாடை. | குழந்தைகளின் மீது வீசும் ஒரு விதப் பால் வாடை.,milky smell of infants | baby smell,கொழந்தய சுத்தம் பண்ணியும் மொச்ச வாடை அடிக்குது. | பிள்ளையக் கழுவி உடலாமுல்ல. மொச்சை அடிக்குது.,,body_health,,np | pm,
4188,மொச எறும்பு,,moca eṟumpu,,கால்கள் மேல் மொய்ப்பது போல ஏறும் எறும்பு. (சாமி எறும்பு). | காலை வைத்தால் மொய்ப்பது போல நிறைந்து ஏறும் ஒருவகை எறும்பு.,swarm ant | gentle sugar ant crawling on legs,மொச எறும்பு கடிக்காது | கால வெச்செடான மொத எறும்பு இப்பிடி ஏறுது.,பெயர்ச்சொல்,nature_animals,,np | pm,
4189,மொசப்புல்,,mocappul,,புன்செய் நிலங்களின் வரப்புகளில் வளரும் ஒரு வகைப் புல்.,hare's foot grass growing on dryland field bunds,கரையெல்லாம் மொசப்புல்லு வளந்து கெடக்குது.,பெயர்ச்சொல்,nature_animals | farming_livestock,,pm,
4190,மொசப்புழு,,mocappuḻu,,உடல் முழுவதும் மயிர் நிறைந்திருக்கும் ஒரு வகைப் புழு.,hairy caterpillar | woolly bear caterpillar,செடியில மொசப்புழுவுஉழுந்திருச்சு.,பெயர்ச்சொல்,nature_animals,,pm,
4191,மொசமொசன்னு,,mocamocaṉṉu,,அடர்த்தி.,densely | lushly overgrown,மொசன்னு பயிருகெ வளந்தருச்சி.,,nature_animals,,np,
4192,மொசலு,மொசல்,mocalu,mocal,முயல் | முயல்.,hare | rabbit,ராத்திரி மொசலு புடிக்கப் போனே,,nature_animals,,od | np,
4193,மொட்ட வண்டி,,moṭṭa vaṇṭi,,பாரம் ஏற்றும் வண்டி.,open flatbed bullock cart without hood,மொட்ட வண்டியிலெ சாமானொ வாங்கறதுக்கு போறாங்கெ,,farming_livestock,,np,
4194,மொட்டக்கட்டை,,moṭṭakkaṭṭai,,உடம்பில் சிறு துணியும் இல்லாத நிலை; நிர்வாணம்.,stark nakedness | bare and unclad,மொட்டக்கட்டையா வந்து நின்னான்.,பெயர்ச்சொல்,body_health,,pm,
4195,மொட்டக்கம்பு,,moṭṭakkampu,,தானியங்கள் பெரிதாக இருக்கும் ஒரு வகைக் கம்பு.,large-grained pearl millet variety,"மொட்டக்கம்பு குத்திப்போட்டன், சோறு ருசி இல்ல.",பெயர்ச்சொல்,farming_livestock | food_cooking,,pm,
4196,மொட்டக்கெணுறு,,moṭṭakkeṇuṟu,,தண்ணீர் இல்லாமல் வறண்ட கிணறு.,dry abandoned well without water,மொட்டக்கெணுறு வறண்டு போச்சி.,,farming_livestock | place_direction,,np,
4197,மொட்டப் பாறை,,moṭṭap pāṟai,,"அகலமில்லாமல், உயர்ந்து, குறைந்து சொரசொரப்புடன் இருக்கும் பாறை.",bare uneven boulder | rough granite outcrop,மொட்டப் பாறையில் போயி ஆராச்சும் காயப் போடுவாங்களா.,பெயர்ச்சொல்,nature_animals | place_direction,,pm,
4198,மொட்டம்,,moṭṭam,,தடவை; முறை.,time | turn | occasion,உனக்கு எத்தன மொட்டஞ் சொல்றது.,வினைச்சொல்,speech_phrase,,pm,
4199,மொட்டம்பாறை,,moṭṭampāṟai,,மொரமொரப்பான கல் பாறை.,rough rock ledge | bare sun-drying rock slab,மொட்டப் பாறையில வத்தலு காய வெச்சிருக்க,,nature_animals | place_direction,,np,
4200,மொட்டு,,moṭṭu,,முட்டை,egg,கோழி மொட்டு வெச்சிருக்குது.,,food_cooking | nature_animals,மைசூரு கன்னடத்தில் மொட்டெ (moṭṭe in Mysuru Kannada) - முட்டை,od | np,
4201,மொட்டுளி,மொட்டுலி,moṭṭuḷi,moṭṭuli,குமிழி | நீர்க்குமிழி.,water bubble | bubble,தண்ணியில மொட்டுளி உடுவியா.,,nature_animals,,od | pm,
4202,மொட்டுளிச் செடி,,moṭṭuḷic ceṭi,,நெற்றியில் வைத்துத் தட்டினால் 'பொடக்' எனச் சத்தமிட்டு உடையும் (சிறு உருண்டையாக உள்ள) காயை உடைய செடி; முடக்கத்தான் கொடி.,balloon vine | Cardiospermum halicacabum,மொட்டுளிச் செடி காட்டுல நெறைய இருக்குது.,பெயர்ச்சொல்,nature_animals | body_health,,pm,
4203,மொடக்கடி,,moṭakkaṭi,,மொடக்கடி பண்ணாதே - இடக்காகச் செய்யாதே,obstinate contrariness | being deliberately uncooperative,,,human_behavior,,od,
4204,மொடக்காய்,,moṭakkāy,,உரித்துத் தோலும் பருப்புமாய்க் கிடக்கும் நிலக்கடலைகளோடு கலந்துவிட்ட உரிக்காத முழுங்காய்.,unhusked whole peanut pod mixed in shelled nuts,மொடக்கா உழுவாம பாத்துத் தூரமா வெச்சுத் தொலி.,பெயர்ச்சொல்,farming_livestock,,pm,
4205,மொடக்கிடி,,moṭakkiṭi,,"ஒத்துவராமை, பிடிவாதம். | ஒத்து வராமல் பிடிவாதம்.",obstinacy | stubborn intransigence,அவனொரு மொடக்கிடி புடிச்ச ஆளு. | அவன் மொடக்கிடி பண்றான்.,பெயர்ச்சொல்,human_behavior,,np | pm,
4206,மொடக்கிடிக்காரன்,,moṭakkiṭikkāraṉ,,பிடிவாதக்காரன்; ஒத்துவராதவன்.,stubborn obstinate person | headstrong fellow,மொடக்கிடிக்காரங்கிட்ட என்ன பேச முடியும்.,பெயர்ச்சொல்,human_behavior,,pm,
4207,மொடக்கு,,moṭakku,,உழுவதற்குச் சிரமம் தரும் வகையில் வயலின் சம பரப்பிலிருந்து விலகிய சிறு பகுதி.,uneven awkward corner of a farm plot difficult to plough,அந்த மொடக்க ஓட்டீட்டா ஒழவு முடிஞ்சது.,பெயர்ச்சொல்,farming_livestock,,pm,
4208,மொடக்குத்தாங்கொடி,,moṭakkuttāṅkoṭi,,நீர் ஓடும் இடங்களில் வளர்ந்திருக்கும் ஒருவகை செடி. மாட்டுப் பொங்கலின் போது இதை பட்டியில் வைப்பார்கள்.,marsh creeper tied in cattle sheds during Mattu Pongal,,,festival_religion | nature_animals,,np,
4209,மொடக்கோனு,,moṭakkōṉu,,பிறர் வளர்ச்சியை தடுப்பது.,obstruct | hinder or thwart someone's progress,அவனெ எப்பிடியாவது மொடக்கோனு.,,human_behavior | action_verbs,,np,
4210,மொடகாடு,,moṭakāṭu,,மேட்டு நிலக் காடு; தரிசு நிலம் அல்லது மொட்டைக் காடு.,dry elevated scrubland or barren upland pasture,மொடகாட்டுல ஆடு மேய்க்கப் போயிருக்காங்க.,பெயர்ச்சொல்,place_direction | nature_animals,பொருள் உறுதிப்படுத்தப்படவில்லை (AI உருவாக்கம்) · Meaning not verified (AI generated),od,
4211,மொடங்கு,,moṭaṅku,,மிடறு. | ஒருமுறை விழுங்கும் அளவு நீர்; மிடறு.,single swallow or gulp of water,ரெண்டு மொடங்கு தண்ணிய குடிச்சு வவுறு வலிக்குது. | தண்ணி ஒரு மொடங்கு கூட ஆவாது.,பெயர்ச்சொல்,measure_units | food_cooking,,np | pm,
4212,மொடங்கோனு,,moṭaṅkōṉu,,ஓய்வு எடுக்க வேண்டும்.,need to rest | lie down and rest,கொஞ்சநேரம் எங்கியாவது மொடங்கோனு.,,human_behavior | action_verbs,,np,
4213,மொடமயிறு,,moṭamayiṟu,,எதற்கும் ஒத்துவராத.,stubborn nuisance | unruly and obstinate,,,human_behavior,,np,
4214,மொடவாதம்,,moṭavātam,,கை கால்கள் முடங்கிப் போகும் வாத நோய் (முடவாதம்); அல்லது விடாப்பிடியான முரட்டுப் பிடிவாதம்.,paralysis or acute rheumatism | rigid pigheadedness,அவனுக்கு மொடவாதம் வந்து கை கால் விளங்காமப் போச்சு. | மொடவாதம் பிடிச்சவனாட்டம் நிக்காத.,பெயர்ச்சொல்,body_health | human_behavior,,pm,
4215,மொடா,,moṭā,,"தானியம் போட்டு வைக்கவும், நீர் ஊற்றி வைக்கவும் உதவும் பெரிய மண்பாண்டம். | தானியம் போட்டு வைக்கவோ(1), நீர் ஊற்றி வைக்கவோ உதவும் மண்ணாலான பெரிய பாண்டம்; மிடா. 2. பதினைந்து வள்ளம் தானியம் கொண்ட அளவு.",large earthen storage urn | measure of 15 vallams,ஒரு மொடாத் தண்ணி காயவெச்சு ஊத்திக்கோனும். | கம்பு எத்தன மொடா ஆவும்.,பெயர்ச்சொல்,home_household | measure_units,,np | pm,
4216,மொடாக்குடி,,moṭākkuṭi,,"கள், சாராயம் ஆகியவற்றை அளவுக்கு அதிகமாகக் குடித்தல்.",heavy boozing | excessive binge drinking,அவன் மொடாக்குடி குடிக்கறான்டா.,பெயர்ச்சொல்,human_behavior,,pm,
4217,மொடாக்குடியன்,,moṭākkuṭiyaṉ,,"கள், சாராயம் ஆகியவற்றை அதிகமாகக் குடிப்பவன்.",heavy drunkard | habitual boozer,அடேங்கப்பா. அவன் மொடாக்குடியனா இருக்கறான்டா.,பெயர்ச்சொல்,human_behavior,,pm,
4218,மொடாச்சந்து,,moṭāccantu,,அடுக்கி வைத்து இருக்கும் மொடா வரிசைகளுக்கு இடையே உள்ள இடைவெளி. | வீட்டில் அடுக்கி வைக்கப்பட்டிருக்கும் மிடா வரிசைகளுக்கிடையே உள்ள இடைவெளி.,gap between large earthen storage pots,மோடாச்சந்துல எலி நெறயா இருக்குது. | மொடச்சந்துல தக்காளிப் பழத்த எலி கொண்டோயிப்போட்டு வெச்சிருக்குது.,பெயர்ச்சொல்,home_household,,np | pm,
4219,மொடாத் தண்டு,,moṭāt taṇṭu,,பெரிதாக; அதிகக் குண்டாக.,huge and bloated | obese like a massive vat,ஆளுமொடாத்தண்டி இருக்கறான்டா.,வினைச்சொல்,body_health,,pm,
4220,மொடை,,moṭai,,பிடிவாதம்.(1) | தட்டுப்பாடு.(2),obstinacy | acute shortage or financial stringency,அவனொரு மொடை புடிச்சவன்டா. | பணமொடை அதிகமா இருக்கு.,,human_behavior | speech_phrase,,np,
4221,மொடையறது,,moṭaiyaṟatu,,பின்னுதல்.,weaving baskets | plaiting,கூடை மொடைய வேணு,,action_verbs | home_household,,np,
4222,மொடையா இருக்கு,,moṭaiyā irukku,,சோம்பேறித்தனமாக இருக்கிறது | அசதியாக இருக்கிறது,"feeling lazy, lethargic, or lacking drive",இன்னைக்கு காலையில எந்திருக்கவே ரொம்ப மொடையா இருக்கு.,,human_behavior | body_health,,od,
4223,மொண்டி,,moṇṭi,,உடலில் கை கால் ஊனமுற்றவர்.,crippled person | lame person,மொண்டிக்கு முந்நூறு குசும்பு.,,body_health | human_behavior,,np,
4224,மொண்டி அதிகாரம்,,moṇṭi atikāram,,தேவை இல்லாமல் அதிகாரம் செய்தல்; எடுபடாத அதிகாரம்.,futile bossiness | unauthorized empty dominance,அவனோட மொண்டி அதிகாரம் இங்க செல்லாது.,பெயர்ச்சொல்,human_behavior,,pm,
4225,மொண்டி வைத்தியம்,,moṇṭi vaittiyam,,அவசரத்திற்கு செய்யும் வைத்தியம்.,makeshift remedy | crude makeshift treatment,மொண்டி வைத்தியம் பண்ணிகிட்டே இருக்காத,,body_health,,np,
4226,மொண்டிப் பன்னாட்டு,,moṇṭip paṉṉāṭṭu,,சேட்டைத்தனம்; இல்லாத அதிகாரத்தைக் காட்டிப் பிறரை ஏவுதல்.,overbearing mischief | unauthorized bullying behavior,இந்த மொண்டிப் பன்னாட்டுக்கு ஒண்ணும் கொறச்சலில்ல.,பெயர்ச்சொல்,human_behavior,,np | pm,
4227,மொண்டு வாலி,,moṇṭu vāli,,"முழுவால் இல்லாத, வெட்டுப்பட்ட, ஊனமுற்ற வாலைக் கொண்ட விலங்கு அல்லது பறவை. மனிதர்களைத் திட்டவும் பயன்படும் சொல்.",tailless animal | stump-tailed creature,அந்த மொண்டு வாலி எந்தப் பக்கம் போச்சு. | அவ ஒரு மொண்டுவாலி.,பெயர்ச்சொல்,nature_animals | human_behavior,,pm,
4228,மொண்ணை,மொன்னை,moṇṇai,moṉṉai,மழுங்கிய (மொண்ணைக்கத்தி) | முனை மழுங்கியது/ ரோசம் இல்லாதவன்,blunt-edged | shameless insensitive person,,,human_behavior,,od,
4229,மொத்தக்கையி,,mottakkaiyi,,ஒருமுறை விழுங்கும் அளவு நீர்; ஒரு மிடறு தண்ணீர்.,single mouthful or swallow of water | a gulp,ஒரு மொத்தக்கையி தண்ணி கூட குடிக்காம போறானே.,பெயர்ச்சொல்,measure_units | food_cooking,பெருமாள் முருகன் 'கொங்கு வட்டாரச் சொல்லகராதி'யில் ஒரு மிடறு தண்ணீரைக் குறிக்கும் சொல்லாகப் பதிவு செய்யப்பட்டுள்ளது. · பொருள் உறுதிப்படுத்தப்படவில்லை (AI உருவாக்கம்) · Meaning not verified (AI generated),pm,
4230,மொத்தச்சோறு,,mottaccōṟu,,அதிகமான சோறு. | அதிகச் சோறு.,heap of rice | excessive serving of cooked rice,மொத்தச்சோத்த தின்னு தின்னு உடம்ப வளத்திருக்க | அவனொரு மொத்தச் சோறு தின்னி.,பெயர்ச்சொல்,food_cooking,,np | pm,
4231,மொத்து,,mottu,,ஓங்கி அடித்தல். | தடி அல்லது தடி போன்ற பொருளால் அடித்தல்.,beating hard | bashing with a heavy stick,ரெண்டு மொத்து குடு | சீவக்கட்டையால மொத்தீருவன் பாத்துக்க.,வினைச்சொல்,action_verbs,,np | pm,
4232,மொத்தை,,mottai,,மாடு ஒருமுறை போடும் சாணக் குவியல்.,single dropping or lump of cow dung,ரண்டு மொத்த சாணி கெடக்குது. அள்ளிப் போடு.,பெயர்ச்சொல்,farming_livestock,,pm,
4233,மொதக்கறது,,motakkaṟatu,,வாய்கொள்ளாத அளவு உணவை வாயில் போட்டுச் கொள்ளுதல்.,stuffing mouth full of food | cramming food into mouth,,,food_cooking | action_verbs,,np,
4234,மொதமாடு,,motamāṭu,,மேய்ச்சலுக்குப் போகும் மாடுகளை வழி நடத்தி முதலில் செல்லும் தலைமைப் பண்புடைய மாடு.,bellwether cow | lead cow of a herd,அந்த மந்தைக்கு இதுதான் மொதமாடு.,பெயர்ச்சொல்,farming_livestock,,pm,
4235,மொதல்லெ,,motalle,,முதலில்.,first | at first | initially,மொதல்லெ உக்காரு அப்றோ பேசிக்கலா.,,speech_phrase,,np,
4236,மொதை,,motai,,நெல்லும் வைக்கோலும் கலந்த கலவை. | பாளை நெல்லும் வைக்கோல்துகளும் கலந்த கலவை.,mixture of threshed grain and fine straw dust,நெல்லுல ஒரே மொதையா இருக்குது. | நெல்லு ராசி ஆவுல. மொததான் நெறைய உழுவுது.,பெயர்ச்சொல்,farming_livestock,,np | pm,
4237,மொந்தமா,,montamā,,தடிமனாக,"thick, chunky, dense, or bulky",இந்த சப்பாத்தி ரொம்ப மொந்தமா இருக்கு.,,speech_phrase,,od,
4238,மொய்,,moy,,விழாக்களில் செய்யப்படும் செலவுகளை சொந்தங்கள் தங்களுக்குள் பகிர்ந்து கொள்ளக் கொடுக்கும் பணம்.,traditional monetary cash contribution gift at functions,மொய் எழுதறதுக்கு இவ்ளோ பேரா.,,festival_religion | kinship,,np,
4239,மொய்ச் சோறு,,moyc cōṟu,,"ஊரில் பலருக்கும் தாங்கள் வைத்த மொய்ப் பணத்தைத் திரும்பப் பெறத் தங்கள் வீட்டில் மங்கலச் செயல் எதுவும் இல்லாத போதும், அவசரமாக வந்து சேர்ந்த பெரிய செலவுக்குப் பணம் இல்லாத போதும் நிகழ்ச்சி எதுவும் இல்லாமலே ஊராரை அழைத்து மொய் வாங்கிக் கொண்டு சோறு போடும் வழக்கம்.",feast hosted to collect customary monetary contributions in financial need,மொய்ச் சோறுக்குக் கூப்புட்டிருக்கறாங்க.,பெயர்ச்சொல்,festival_religion | food_cooking,,pm,
4240,மொரசன்,,moracaṉ,,முரடன்.,roughneck | aggressive unruly person,அவனென்ன பெரிய மொரசனா இருக்கறான். | மொரசங்கிட்ட பேச்சு வெச்சுக்காத.,பெயர்ச்சொல்,human_behavior,,np | pm,
4241,மொல்ல,மொள்ள,molla,moḷḷa,மெதுவாக | மெதுவாக வா.,slowly | softly | gently,மொள்ளவா எங்கியாவது உளுந்தராநத்,,speech_phrase,,od | np,
4242,மொல்லெ,மொல்லை,molle,mollai,"அளவுக்கு மீறிய கடன். | அளவுக்கு அதிகமான, திருப்பித் தர இயலாத அளவு வாங்கி விட்ட கடன்.",crushing insurmountable debt | runaway loan burden,இவ்ளோ மொல்லெய வாங்கியிருக்க எப்பகட்றது. | இத்தன மொல்லைய எதுக்குடா வாங்குன.,,human_behavior,,np | pm,
4243,மொலுமொலுன்னு,,molumoluṉṉu,,கூட்டமாக.,swarming densely | crowding in large numbers,எறும்பு மொலுமொலுன்னு ஆளு மேலெ ஏறுது.,,nature_animals | speech_phrase,,np,
4244,மொவுட்டுவலை,மோட்டுவளை | மோட்டுவலை,movuṭṭuvalai,mōṭṭuvaḷai | mōṭṭuvalai,வீட்டின் கூரை முகடு; கூரையின் உச்சியிலுள்ள மர வளைவு (மோட்டுவளை என்பதன் கொங்குப் பேச்சு வடிவம்).,ridge of the roof | ridgepole beam,கூரை மொவுட்டுவலையில குருவி கூடு கட்டியிருக்குது.,பெயர்ச்சொல்,home_household,மோட்டுவளை என்பது பேச்சு வழக்கில் 'மொவுட்டுவலை' என வழங்கப்படுகிறது. · பொருள் உறுதிப்படுத்தப்படவில்லை (AI உருவாக்கம்) · Meaning not verified (AI generated),od,
4245,மொவுட்டெலி,,movuṭṭeli,,"வீட்டுக் கூரை முகட்டில் வசித்துக் கொண்டு, வீட்டுப் பொருட்களைத் தின்று வாழும் எலி. முகட்டு எலி.",roof rat living in ceiling ridge,மொவுட்டெலியத் திங்கக் கூடாது.,பெயர்ச்சொல்,nature_animals | home_household,,pm,
4246,மொவுட்டோலை,,movuṭṭōlai,,கூரை முகட்டில் பொருத்தி வேயும் ஓலை.,thatch palm leaf covering the roof ridge,மொவுட்டோல காத்துல தூக்கிருச்சு.,பெயர்ச்சொல்,home_household,,pm,
4247,மொவுடு,,movuṭu,,"கூரையின் உள்பக்க உச்சிப் பகுதி, முகடு.",interior ceiling apex | ridge of roof,மொவுட்டப் பாத்துக்கிட்டுப் படுத்திருக்கறான்.,பெயர்ச்சொல்,home_household,,pm,
4248,மொழங்கு,,moḻaṅku,,"தாணியக்கட்டையில் இருக்கும் சிறு துகள்கள். | தானியத் தட்டை, கதிர் போன்றவற்றிலிருந்து உதிரும் சிறு துகள் (இது உடம்பில் பட்டால் எரிச்சல் கொடுக்கும்).",fine prickly chaff dust from stalks causing skin itch,மொழங்கு குத்தி அரிக்குது. | ஓடம்பு முழுக்க மொழிங்கு ஏறி அரிக்குது.,பெயர்ச்சொல்,farming_livestock | body_health,,np | pm,
4249,மொழுக்கு,,moḻukku,,பெண்கள் காதில் அணியும் நகை (பாம்படம் போன்றது).,heavy traditional ear pendant worn by women,அந்தப் பாட்டி காதுல மொழுக்குப் போட்டிருக்கறா.,பெயர்ச்சொல்,dress_accessories,,pm,
4250,மொழொ,,moḻo,,முழம்.,cubit (forearm measurement length),ஒரு மொழொ மல்லிப்பூவு குடுங்கெ.,,measure_units,,np,
4251,மொளக்கட்டறது,,moḷakkaṭṭaṟatu,,பயிர் முளை கட்டுதல்.,sprouting seeds by bundling in damp cloth | seed germination,பயிருக்கு மொளகட்டறதுக்கு இவ்ளோ நாளாயிருச்சு.,,farming_livestock | action_verbs,,np,
4252,மொளக்குச்சி,மொளாக்குச்சி,moḷakkucci,moḷākkucci,"ஆடு மாடுகளைக் கட்ட நிலத்தில் அடிக்கும் மரத்துண்டு | ஆ, மாடுகளளா கட்டி வக்க தரையில அடிக்கும் மரத்தாலான குச்சி.",wooden tethering peg for cattle | wooden tethering stake for cattle,மொளக்குச்சிய அடிச்சு மாட்ட கட்டலா.,,farming_livestock,,od | np,
4253,மொளகாப் பூடு,,moḷakāp pūṭu,,மிளகாய்ப் பூடு. மிளகாய்ச் செடி போலவே காணப்படும் ஒரு வகைப் பூண்டு.,wild pepperweed | Capsicum-like wild herb,மொளகாப்பூட்ட மொளகாச் செடின்னே நெனச்சிட்டன்.,பெயர்ச்சொல்,nature_animals,,pm,
4254,மொளகாயி,,moḷakāyi,,மிளகாய்.,chili pepper,உட்டா தலையில மொளகாயி அரச்சுருவடா நீ.,பெயர்ச்சொல்,food_cooking,,np,
4255,மொளகு,,moḷaku,,குழம்புக்கு அறைக்கும் கூட்டு. | குழம்புக்காக அரைக்கப்படும் சாந்து.,ground masala paste for curry | gravy paste,மொளகு அரைச்சு ரசொ வெக்கணு. | கொஞ்சம் மொளகு அரச்சுச் சாறு காச்சிருக்கறன்.,பெயர்ச்சொல்,food_cooking,,np | pm,
4256,மொளகுசாறு,,moḷakucāṟu,,ரசம்.,rasam | peppery soup,,,food_cooking,,np,
4257,மொளசாறு,,moḷacāṟu,,"புளி கரைத்து மிளகு, சீரகம், பூண்டு கலந்து தயாரிக்கும் சாறு; ரசம்; மிளகு சாறு.",pepper rasam | tamarind pepper broth,இன்னிக்கி மொளசாறு வெச்சிருக்கறயா.,பெயர்ச்சொல்,food_cooking,,pm,
4258,மொளப்பாரி,,moḷappāri,,பெண்கள் மார்கழி மாதத்தில் தானியங்களை ஒரு சிறு தட்டில் போட்டு வளர்த்து தை காணும் பொங்கலன்று கொண்டு போய் கங்கையில் விடுவர்.,seedling sprouted pot ritual (Mulaipari),மொளப்பாரி எடுத்துட்டுப் போறாங்க பாக்கலா வா.,,festival_religion,,np,
4259,மொளவாட்டி கொழம்பு வைத்தல்,,moḷavāṭṭi koḻampu vaittal,,"தேங்காய், கொத்தமல்லி சேர்த்து விழுதாக அரைத்து விட்டு குழம்பு வைத்தல்",preparing coconut-coriander ground curry,,வினைச்சொல்,food_cooking | action_verbs,,od,
4260,மொளவு,மொளவா,moḷavu,moḷavā,கறிக்குழம்புக்கு சேர்க்கும் மசாலா,meat curry spice masala blend,,,food_cooking,,od,
4261,மொளவு சாறு,,moḷavu cāṟu,,மிளகு சாறு,spicy non-veg gravy | pepper broth,அசைவக் குழம்பைக் குறிக்கப் பயன்படுத்தப் படுகிறது,,food_cooking,மிளகு சாறு என்பதன் மாறுபாடு,od,
4262,மொளைக்க போடுதல்,,moḷaikka pōṭutal,,முளைக்கப் போடுதல்,wasting away | misplacing or squandering,அவன்கிட்ட போயி கொடுத்த பாரு. அவன் மொளைக்க போட்டுறுவான்னு உனக்குத் தெரியாதா? | தொலைத்து விடுதல் என்னும் பொருளில் எடுத்தாளப்படும்,வினைச்சொல்,action_verbs,,od,
4263,மொறக்கட்டு,,moṟakkaṭṭu,,கோயிலில் பூசை செய்வதற்கு உரிமை உள்ள காலம்.,turn or tenure of priestly ritual duties in village temple,இன்னிக்கி அந்தக் கோயில்ல ஆரு மொறக்கட்டு.,பெயர்ச்சொல்,festival_religion,,pm,
4264,மொறச்சீரு,,moṟaccīru,,முறைச்சீர்; முறைக்காரர்களுக்கு விசேஷங்களில் செய்யும் வரிசைச் சீர்.,customary gift presentation for relatives in functions,கல்யாணத்துக்கு மொறச்சீரு செஞ்சு அனுப்புனாங்க.,பெயர்ச்சொல்,kinship | festival_religion,,od,
4265,மொறம்,மொறொ,moṟam,moṟo,முறம்.,winnowing fan | winnow basket,மொறத்த எடுத்தா அரிசி பொடைக்கலாம்.,,home_household | farming_livestock,,od | np,
4266,மொறெக்கிற,,moṟekkiṟa,,முறைத்தல்.,glaring fiercely | staring angrily,என்னமப் பாத்து மொறைக்கிற.,,human_behavior | action_verbs,,np,
4267,மொறை,,moṟai,,உரிமையுள்ள உறவு.,customary kin relationship | eligible kinship tie,அது என்ற மொறைப் பொண்ணு.,,kinship,,np,
4268,மொறையுது,,moṟaiyutu,,சத்தமிடுதல்,lowing or bellowing loudly of cattle | animal sound,,,farming_livestock | action_verbs,,od,
4269,மொன்னப் பாம்பு,,moṉṉap pāmpu,,மழுங்கிய தலைப்பகுதியைக் கொண்ட பாம்பு (இப்பாம்பு கடித்தால் விரல்கள் மழுங்கிப் போய்விடும் என்பது நம்பிக்கை). | மமுங்கிய பல்லு உடைய பாம்பு.,blunt-headed burrowing snake | sand boa,மொன்னப் பாம்பு சுருண்டு கெடக்குது. | மொன்னப் பாம்பு கடிசீசிரப் போவுது.,பெயர்ச்சொல்,nature_animals,,np | pm,
4270,மொனவாத,,moṉavāta,,முணுமுணுக்காத,don't grumble | don't murmur or complain,,,speech_phrase,,od,
4271,மோட்டுவளை,மோட்டு | மோட்டுவலை,mōṭṭuvaḷai,mōṭṭu | mōṭṭuvalai,வரப்புகளில் இருக்கும் எலி வளை. | ஓட்டை வலை. வரப்பில் இருக்கும்.,rat burrow in field bund | rat hole in field bund,நெல்லங்காட்டு மோட்ட அடை. | மோட்டு வலைய நல்லா அடைச்சிப் போடு.,பெயர்ச்சொல்,nature_animals | farming_livestock,,pm | od | np,
4272,மோடம்,,mōṭam,,மழவருவதற்கு அறிகுறியாக மேகம் கூட்டமாக இருத்தல். | மழை வருவதற்கு அறிகுறியாக மேகம் கூட்டமாக இருத்தல். | மழை பெய்வதற்கான மேகக் கருக்கல்.,rain cloud cover | dark gathering overcast,மோடம் போட்டுருக்குது மழ வரும். | வானம் மோடம் போட்டிருக்குது. மழ வரும்.,,nature_animals | time_seasons,,np | od | pm,
4273,மோடா மோடி,,mōṭā mōṭi,,"தொழில் நுட்ப அறிவு இல்லாமல், அத்தகைய வேலையைச் செய்தல்.",amateur makeshift workmanship | trial and error work without technical expertise,மோடா மோடியா வேலயச் செஞ்சு முடிச்சிருவான்.,பெயர்ச்சொல்,human_behavior,,pm,
4274,மோத்தை,,mōttai,,இளநீருக்கும் முற்றிய தேங்காய்க்கும் இடைப்பட்ட பருவம்.,medium-ripe coconut between tender coconut and fully dried copra,மோத்தைய எதுக்கு வெட்டிப் போட்ட.,பெயர்ச்சொல்,farming_livestock | food_cooking,,pm,
4275,மோதரம்,,mōtaram,,பெரிய பாத்திரங்களைக் கைப்பிடித்துத் தூக்குவதற்காகப் பொருத்தப்பட்டள்ள வளையம்.,metal lifting ring handle on large cauldrons,ஆளுக்கொரு பக்கம் மோதரத்தப் புடிச்சுத் தூக்குங்க.,பெயர்ச்சொல்,home_household,,pm,
4276,மோது,,mōtu,,"உடலில் ஒரே இடத்தில் திரும்பத் திரும்பக் காயம் பட்டு ஏற்பட்ட புண் ஆறிய பின்பு அவ்விடத்தில் ஏற்பட்ட சிறு மேடு.(1) | வைக்கோல் போரில் நீர் இறங்காமல் இருக்க(2), மேற்பகுதியில் அமைக்கப்படும் கூரை போன்ற அமைப்பு.",callous scar lump | conical peak thatch on haystack,கால் பூரா மோது கட்டிக் கெடக்குது. | மோது போட்டுட்டா போர் வேல முடிஞ்சுது.,பெயர்ச்சொல்,body_health | farming_livestock,,pm,
4277,மோதுகத்தை,,mōtukattai,,போரின் உச்சியான கூம்பு போன்ற பகுதியில் வைக்கப்படும் நீளமான தீவனக்கத்தை.,apex straw bundle crowning a haystack,மோது கத்தையா இழுக்காத. போர் உழுந்துரும்.,பெயர்ச்சொல்,farming_livestock,,pm,
4278,மோந்து பாக்குது,,mōntu pākkutu,,முகர்ந்து பார்த்தல்.,sniffing | smelling,நாயி சட்டியெ மோந்து பாக்குது.,,action_verbs,,np,
4279,மோந்துட்டு,,mōntuṭṭu,,மொண்டு,drawing water in a vessel | fetching water,குடுவையில் நீர் மொண்டு வருதல்,,action_verbs | home_household,,od,
4280,மோயரம்,,mōyaram,,மோதிரம்.,finger ring,ஆட்ட வித்து மோயரம் பண்ணிப் போட்டுக்கிட்டு ஊட்ட படுத்துத்தூங்கு.,பெயர்ச்சொல்,dress_accessories,,pm,
4281,மோர் சிலுப்புதல்,,mōr cilupputal,,மத்தினால் தயிர் கடைந்து மோராக்குதல்.,churning buttermilk with a hand churner,கோழி கூப்படவே எந்திரிச்சு மோர் சிலுப்பிட்டேன்.,வினைச்சொல்,food_cooking | action_verbs,,pm,
4282,மோரி,,mōri,,பாலங்களில் இருபுறமும் கட்டும் சுவர்.,parapet wall of a culvert or small bridge,மோரி மேல உடக்காராத. | மோரி மேல உக்காராத.,,place_direction,,np | pm,
4283,மோரு,,mōru,,மோர்.,buttermilk,கடஞ்ச மோருல வெண்ணெ எடுக்குது.,,food_cooking,,np,
4284,மோழி,,mōḻi,,அழுக்குத் துணியை மூட்டையாக கட்டி வைத்திருப்பது.,bundle of unwashed laundry | soiled clothes bundle,அழுக்குத்துணி ஒரு மோழி சேர்ந்திருச்சு. | அழுக்குத்துணி ஐரு மோழி நேந்தருச்சு.,,home_household,,od | np,
4285,மோழை,,mōḻai,,சுறுசுறுப்பு; விபரம் அற்றது: விபரம் அற்றவள்/ன்.,dullard | naive simpleton,மூத்தது மோழை; எளையது காளை (பழமொழி).,பெயர்ச்சொல்,human_behavior,,pm,
4286,மோளக்காரெ,,mōḷakkāre,,பறை அடிப்பவர்.,parai drum player | traditional percussionist,மோளக்காரனெ கூப்புட்டு பறைய தட்டச் சொல்லு,,festival_religion | human_behavior,,np,
4287,மோளக்குச்சி,,mōḷakkucci,,தாளம் எழுப்ப உதவும் கோல்.,drumstick | percussion stick,மோளக்குச்சிய எடுத்து தட்டு. | மோளக்குச்சிய எடுத்து அடி.,,festival_religion,,np | pm,
4288,மோளி,,mōḷi,,கலப்பையோடு கையில் பிடித்துக் கொள்ளும் வகையில் பொருத்தப்படும் மரக்கட்டை; ஏரின் பிடி.(1) | பெரிய அழுக்குத் துணி மூட்டை.(2),plough handle stilt | laundry bundle,மோளியக் கழ்ட்டி மண்ணத் தட்டு. | துணி மோளி சேந்து கெடக்குது.,பெயர்ச்சொல்,farming_livestock | home_household,,pm,
4289,மோளை,,mōḷai,,"கொம்பில்லாத ஆடு, மாடு.",hornless polled goat or cattle | hornless livestock,இன்னம் கொம்பு வல்ல. மோளையாத்தான் இருக்குது.,பெயர்ச்சொல்,farming_livestock | nature_animals,,pm,
4290,மோனக்காரர்,,mōṉakkārar,,விவசாயத்தொழிலுக்கு கூலி ஆட்களை அழைத்து வருபவர். கிட்டத்தட்ட மேஸ்திரி போல்,farm labor contractor | agricultural crew supervisor,,,farming_livestock | human_behavior,,od,
4291,மோனைக்காரன்,,mōṉaikkāraṉ,,வேலைக்கு ஆட்களை ஏற்பாடு செய்து வேலை வாங்கும் ஆள்.,labor overseer | labor recruiter,மோனக்காரங்கிட்டப் பத்தாளு வரச் சொல்லு.,பெயர்ச்சொல்,farming_livestock | human_behavior,,pm,
4292,ரக்கிரி,ரக்கிலி,rakkiri,rakkili,கீரை | கரை. | காண்க: நக்கிரி.,greens | wild edible leafy greens,"பண்ண ரக்கிரி, தொய்ய ரக்கிரி, புளுமிச்ச ரக்கிரி | ரக்கிறி கெடஞ்சு தங்களும்",பெயர்ச்சொல்,food_cooking,,od | np | pm,
4293,ரக்கெ,,rakke,,உலக்கை.,wooden rice pounder pestle,ரக்கையெ எடுத்து குத்து.,,home_household | food_cooking,,np,
4294,ரகளெ,ரவளெ,rakaḷe,ravaḷe,பிரச்சினை.,brawl | riotous commotion | racket,அங்கென்ன ஒரே ரகளையா இருக்குது.,,human_behavior | speech_phrase,,np,
4295,ரச்செ,ரச்சை,racce,raccai,தொந்தரவு. | தொரதரவு.,harassment | annoyance | vexation,இந்தப் பிள்ளைங்களோடரச்ச தாங்க முடியில. | இவனோட ரச்செ தாங்க முடியல.,பெயர்ச்சொல்,human_behavior,,np | pm,
4296,ரட்டக்காலி,ரட்டக்காலி மரம்,raṭṭakkāli,raṭṭakkāli maram,ஒரே இடத்தில் முளைத்து வளைந்து வளரும் இரு பனைமரங்கள்.,twin palmyra palm trees growing from the same root,அந்த ரட்டக்காலிக்கிட்ட தடி வெச்சிருக்கறன்.,பெயர்ச்சொல்,nature_animals,,pm,
4297,ரட்டக்கோப்பு கூரை,,raṭṭakkōppu kūrai,,இரண்டு கூம்புகள் அடுத்தடுத்து அமைந்தது போன்ற வீட்டுக் கூரை.,double-gabled roof | hipped double-ridge roof,ரட்டக்கோப்புக் கூரை போட்டிருக்குதுல்ல. அந்த ஊட்ல போயி கேளு.,பெயர்ச்சொல்,home_household,,pm,
4298,ரட்டு,,raṭṭu,,போர்வை. | போர்வை.(1) | தவிடு.(2),coarse rough blanket | grain bran,அந்த ரட்ட எடுத்து விரி | அந்தரட்ட விரிச்சுப் போடு. | எருமத்தாழியில கொஞ்சம் ரட்டுஅள்ளிப் போடு.,பெயர்ச்சொல்,dress_accessories | farming_livestock,,np | pm,
4299,ரணகளம்,,raṇakaḷam,,இரத்தம் சிந்தும் நிலை.,bloodbath | violent chaotic carnage,ஏங்கிட்ட வம்பு பண்ணுன ரணகளமாகிப் போயிரு ஆமா.,,speech_phrase,,np,
4300,ரவ்வும் பகலுமு,,ravvum pakalumu,,இரவு பகலாக.,day and night | around the clock,ரவ்வும் பகலுமு வேல தீரவே மாட்டீங்குது.,,time_seasons,,np,
4301,ரவுக்கெ,,ravukke,,ரவிக்கை (ஜாக்கெட்).,blouse | bodice,புது ரவுக்கெ தச்சுக் குடுத்திருக்கு.,பெயர்ச்சொல்,dress_accessories,,np,
4302,ரவுசு,,ravucu,,சண்டை; சத்தம்; சண்டையினால் ஏற்படும் கூச்சல்.,brawl | rowdy racket | shouting dispute,அங்கென்ன ஒரே ரவுசா இருக்குது. | அவன் எதுக்கு சும்மா சும்மா ரவுசு பண்றான்.,பெயர்ச்சொல்,human_behavior | speech_phrase,,od | np | pm,
4303,ரவுண்டா,,ravuṇṭā,,உருண்டையாக. | ரவுண்டா.,round | circular | spherical,இதென்ன ரவுண்டா இருக்குது.,,speech_phrase,,np,
4304,ரவைக்கு,,ravaikku,,இரவுக்கு,for the night | tonight,ரவைக்கு சித்தப்பன காவலுக்கு போவச் சொல்லு,,time_seasons,,od,
4305,ரஸ்தா,,rastā,,பாதை,road | thoroughfare | path,,,place_direction,,od,
4306,ராக்காசி,,rākkāci,,பிறர் எதிர்க்க இயலாத தன்மை கொண்டவள்; முரட்டுக் குணம் கொண்ட பெண்.,fierce domineering woman | termagant,வேலையில அவ ராக்காசி. | சண்டைக்குனா அவ ராக்காசியாட்டம் நிக்கறா.,பெயர்ச்சொல்,human_behavior,,pm,
4307,ராக்கூடை,,rākkūṭai,,இரவில் சமையல் பாத்திரங்களை மூடி வைக்கும் மூங்கில் கூடை.,bamboo basket used to cover food pots at night,சோத்துப் பானைய ராக்கூட வச்சு மூடி வை.,பெயர்ச்சொல்,home_household | food_cooking,பொருள் உறுதிப்படுத்தப்படவில்லை (AI உருவாக்கம்) · Meaning not verified (AI generated),od,
4308,ராங்கி,,rāṅki,,திமிர்; திமிர் கொண்ட பெண்.,haughtiness | arrogant snobbish woman,இந்த ராங்கி எல்லாம் எங்கட்டச் செல்லாது. | அவ சுத்த ராங்கி.,பெயர்ச்சொல்,human_behavior,,pm,
4309,ராங்கு,,rāṅku,,தவறாக நடத்தல்,misconduct | insolence | offending authority,ஏண்டா போலீஸ்காரங்கிட்ட ராங்கு பண்ணுனா அப்பாம என்ன முத்தமா கொடுப்பான்?,,human_behavior,,od,
4310,ராசி,,rāci,,கதிரடிக்கும் போது பதர்கள் குறைந்தும் தானியம் மிகுந்தும் காணப்படுதல்.,bumper yield of grain with low chaff,"பரவால்ல, இந்தப் போகம் கம்பு நல்லா ராசி ஆச்சு.",பெயர்ச்சொல்,farming_livestock,,pm,
4311,ராசியாயிட்டாங்க,,rāciyāyiṭṭāṅka,,சமாதானமாயிட்டாங்க.,they reconciled | made peace,ரெண்டு பேரும் பேசி ராசியாயிட்டாங்க.,வினைச்சொல்,human_behavior,,np,
4312,ராட்டனாந்தூறி,,rāṭṭaṉāntūṟi,,கொடை ராட்டினம்.,carnival carousel | Ferris wheel,ராட்டனநீதாறி வெளயாடோனு.,,festival_religion,,np,
4313,ராட்டை,,rāṭṭai,,நூல் நூற்கும் கைராட்டை; கிணற்றில் கயிறு இழுக்கும் உருளை.,spinning wheel | well pulley,ராட்டையில நூல் சுத்தி கயிறு திரிச்சாங்க.,பெயர்ச்சொல்,farming_livestock | home_household,பொருள் உறுதிப்படுத்தப்படவில்லை (AI உருவாக்கம்) · Meaning not verified (AI generated),od,
4314,ராத்தலு,,rāttalu,,அரைக்கிலோ எடை (பவுண்டு எடை).,"rattal, traditional unit of weight (~half a kilogram / pound)",ஒரு ராத்தலு மட்டன் குடு.,பெயர்ச்சொல்,measure_units,,np,
4315,ராந்தலு,,rāntalu,,கைவிளக்கு (ராந்தல்).,lantern | portable hurricane lamp,ராந்தல் வெளக்க புடிச்சிட்டே போலா.,பெயர்ச்சொல்,home_household,,np,
4316,ராய்க்கூழு,ராய்கீகூமு,rāykkūḻu,rāykīkūmu,கேழ்வரகை அரைத்துச் செய்யப்படும் பாரம்பரியக் கூழ் (ராகிக் கூழ்).,finger millet or ragi porridge,ராய்க்கூழ் குடிச்சி வளந்த உடம்பு.,பெயர்ச்சொல்,food_cooking,பொருள் உறுதிப்படுத்தப்படவில்லை (AI உருவாக்கம்) · Meaning not verified (AI generated),od,
4317,ராய,,rāya,,கேழ்வரகு.,finger millet or ragi grain,ராயிக்கஞ்சி குடிச்சி வளந்த உடம்பு இது.,,farming_livestock | food_cooking,,np,
4318,ராயிக்கல்லு,,rāyikkallu,,கேழ்வரகு அரைக்கும் கல்லால் ஆன இயந்திரம்.,rotary stone grinder for ragi,ராயிக்கல்லெ எடுத்துட்டுவா ராயி அரைக்கலா.,,home_household | food_cooking,,np,
4319,ராயிக்களி,,rāyikkaḷi,,கேழ்வரகால் செய்யப்பட்ட உணவு.,cooked finger millet ragi ball | ragi mash,,,food_cooking,,np,
4320,ராவு,,rāvu,,இரவு நேரம்.,night | nighttime,ராவுக்கு இங்க தங்கீட்டுக் காத்தாலக்கிப் போங்க.,பெயர்ச்சொல்,time_seasons,,pm,
4321,ராவுடி,,rāvuṭi,,டார்ச்சர்அந்தப் பையன் செம ராவுடி புடிச்சவன்,unruly rowdy nuisance | bully,அந்தப் பையன் செம ராவுடி புடிச்சவன்,,human_behavior,,od,
4322,ராஜாப்பிணி,,rājāppiṇi,,கட்டலின் நடுவில் செல்லும் கயிறு.,central tension cord in a woven rope cot,ராஜாப்பிணியை நல்லாவரி.,பெயர்ச்சொல்,home_household,,pm,
4323,ரீப்பர்,,rīppar,,வீடு கட்டப் பயன்படும் ஒரு வகைக் கட்டை/தப்பை,reeper | wooden roofing batten,,,home_household,,od,
4324,ரூவிச்சுக்காட்டு,,rūviccukkāṭṭu,,நிரூபித்துக்காட்டு.,prove it | demonstrate proof,நீ சொல்றது செரின்னு ரூவிச்சுக்காட்டு பாக்கலா.,,speech_phrase,,np,
4325,ரெக்கட்டை,ரெக்கட்டக்காய்,rekkaṭṭai,rekkaṭṭakkāy,இரு பருப்புகள் கொண்ட நிலக்கடலைக்காய்.,two-seeded groundnut pod,எல்லாம் ரெக்கட்டையாத்தான் இருக்குது. முக்கட்டையவே காணாம்.,பெயர்ச்சொல்,farming_livestock,,pm,
4326,ரெக்கெ,,rekke,,கோழியின் இறகு.,bird feather | wing quill,கோழி ரெக்கெய காதுலை உட்டு நோண்டாதெ.,,nature_animals,,np,
4327,ரெட்டெ,,reṭṭe,,இரண்டு.,pair | twin | two,அவளுக்கு ஓரே பெரசவுத்துல ரெட்டக் கொழங்கதைக.,,speech_phrase,,np,
4328,ரெட்டை சடை,,reṭṭai caṭai,,பெண்கள் தலையில் இரண்டு பக்கமும் போடும் சடை / கொண்டை.,double pigtails | twin braided hair,,,dress_accessories,,np,
4329,ரெண்டகம்,,reṇṭakam,,நம்பிக்கைத் துரோகம்.,treachery | betrayal of trust | perfidy,உண்ட வீட்டுக்கே ரெண்டகம் பண்ணிட்டியே.,,human_behavior,,np,
4330,ரெண்டாங்கட்டியா,,reṇṭāṅkaṭṭiyā,,குழப்பமாக.,ambiguously | hesitantly | in indecisive confusion,ரெண்டாங்கட்டியா எதோன்னு பண்ணி வெச்சராதெ.,,human_behavior | speech_phrase,,np,
4331,ரெண்டாந்தர,,reṇṭāntara,,இரண்டாந்தரம் (இரண்டாம் முறை).,second time | second grade,ரெண்டாந்தரமா சொல்லணுமா உனக்கு.,பெயரடை,speech_phrase,,np,
4332,ரெண்டுங்கெட்டான்,,reṇṭuṅkeṭṭāṉ,,ஒன்றும் தெரியாதவன்.,neither here nor there fellow | confused ignoramus,எங்கியோ ரெண்டுங் கெட்டானா இருக்குற.,,human_behavior,,np,
4333,ரொம்பீருச்சு,,rompīruccu,,நிறைந்துவிட்டது.,became full | overflowed | satiated,எனக்கு வவுறு ரொம்பீருச்சு.,,food_cooking | speech_phrase,,np,
4334,ரொம்பொ,,rompo,,அதிகம்.,very much | extremely | excessive,சோறு ரொம்பொ சச்சாப் போச்சு.,,speech_phrase,,np,
4335,ரோகம்,,rōkam,,யோகம்.,good fortune | destiny | luck,எனக்குத்தான் ரோகமில்ல. அவுங்களுக்குக் கெடைக்குது.,பெயர்ச்சொல்,human_behavior,,pm,
4336,ரோசம்,,rōcam,,கோபம்.,sense of honor | wounded pride or indignation,சொன்னா ரோசம் மட்டு வந்தரும்.,,human_behavior,,np,
4337,ரோசன்,,rōcaṉ,,ரோசம் உள்ளவன்; சுயமரியாதையை விட்டுக் கொடுக்காதவன்.,man of high self-respect and honor,"ரோசங் கெட்டான், மழுங்கன் பொழச்சான் (பழமொழி).",பெயர்ச்சொல்,human_behavior,,pm,
4338,ரோட்டா,,rōṭṭā,,நீர்க் குடுவை (டம்ளர்),tumbler | metal water cup,,,home_household,Lota என்னும் ஆங்கிலச் சொல்,od,
4339,ரோதனெ,,rōtaṉe,,தொந்தரவு.,persistent harassment | trouble | torment,இவனோட ஒரே ரோதனையாப் போச்சு.,,human_behavior,,np,
4340,லங்கோடு,,laṅkōṭu,,கோவணம்.,loincloth | langot,அந்த காலத்துலெ லங்கோடு கட்டி மிருந்தாங்ககே.,,dress_accessories,,np,
4341,லவக்குனு,,lavakkuṉu,,திடீரென்று.,suddenly snatching | swift abrupt grab,லவக்குனு புடிங்கிட்டு ஓடிட்டாம் பாரு.,,speech_phrase | action_verbs,,np,
4342,லாட்டரியடிக்குது,,lāṭṭariyaṭikkutu,,உணவு போன்றவை கிடைக்காமல் திண்டாடுதல்.,suffering acute scarcity | struggling for basic food,சோத்துக்கே லாட்டரியடிக்குது.,வினைச்சொல்,human_behavior | speech_phrase,,np,
4343,லாடம்,,lāṭam,,எருதுகளின் குழம்பில் தடப்புதற்கு ஏதுவாக பதிப்பது.,horseshoe | bullock horseshoe iron plate,,,farming_livestock,,od | np,
4344,லாந்தர்,,lāntar,,அரிக்கேன் விளக்கு,hurricane lantern | kerosene lantern,,,home_household,Lantern என்பது மருவி வந்து இருக்கலாம்,od,
4345,லெக்கு,,lekku,,எல்லை.,boundary | limit | border,இந்த லெக்குலே போனா காட்டுக்குப் போலா.,,place_direction,,np,
4346,லெவுகா,,levukā,,இலகுவாக. சுலபமரக.,easily | lightly | effortlessly,லெவுகான வேல குடித்தாத் செய்பெ.,,speech_phrase,,np,
4347,லேகிடி,,lēkiṭi,,"கேலி, கிண்டல்.",mockery | banter | teasing,,,human_behavior | speech_phrase,,np,
4348,லேச,,lēca,,கனமற்ற.,light | weightless | slight,கெனமே இல்ல லேசா இருக்குது.,,speech_phrase,,np,
4349,லொடெ,,loṭe,,வாயாடி.,chatterbox | talkative person,அவ ஒரு லொட புடிச்சவ.,பெயர்ச்சொல்,human_behavior,,np,
4350,லோல்பட்டு,,lōlpaṭṭu,,கஷ்டப்படுதல்.,suffering hardship | struggling | toiling,அங்கிட்டு இங்கிட்டு அல்லாடி லோல்பட்டுப் போயிட்டான்.,வினைச்சொல்,action_verbs | human_behavior,,np,
4351,லோலாக்கு,,lōlākku,,காதணி; தொங்கும் காதணி வகை.,earring | pendant earring (lolakku),லோலாக்கு போட்டாங்கிட்டி காது வலிக்குது.,பெயர்ச்சொல்,dress_accessories,,od | np,
4352,லோலாயி,,lōlāyi,,கிண்டல்.,teasing | mocking | joking,பொண்ணுங்ளெ லோலாயி பண்றதெ இவனுகுளுக்கு வேலயாப் போச்சு எங்கெ உருப்படுவானுகெ.,பெயர்ச்சொல்,human_behavior,,np,
4353,வக்கணையா,,vakkaṇaiyā,,"சுவையாக, விரும்பி உண்ணும் வகையில்.",deliciously | tastily | elaborately,செஞ்சு போட்டா தின்னுட்டு எகத்தாளமா பேசறெ.,வினையுரிச்சொல்,food_cooking,,np,
4354,வக்கத்தவன்,வக்கத்தவள்,vakkattavaṉ,vakkattavaḷ,வசதி வாய்ப்பு இல்லாதவன்; ஒன்றுமில்லாத எளியவன் (திட்டுச் சொல்லாகவும் பயன்படும்).,"resource-less, destitute person | worthless fellow",வக்கத்தவளுக்கு பேச்சப் பாரு. | வக்கத்தவன் போனானாமா வங்காள தேசத்துக்கு.,பெயர்ச்சொல்,human_behavior | speech_phrase,,pm | np,
4355,வக்கிணி,,vakkiṇi,,பழிக்கும் வகையில் முகத்தைக் கோணிக் கொள்ளுதல்.,making mocking faces | grimacing mockingly,அதெதுக்கு என்னயப் பாத்து வக்கிணி காட்டறான்.,பெயர்ச்சொல்,human_behavior,,pm,
4356,வக்கிப்பில் போர்,வக்கிப்பில்போரு,vakkippil pōr,vakkippilpōru,வைக்கோல் போர்.,rice straw haystack,வக்கிப்பில்லுப் போருப் போட்டாச்சா. | வக்கிப்பில் போரு போடணும்.,பெயர்ச்சொல்,farming_livestock,,np | pm,
4357,வக்கு,,vakku,,வசதி | வசதியற்றவர். | வசதி; வாய்ப்பு.,means | capacity | financial capability,வக்கத்தவெ நீ என்னை சொல்றது. | அவனுக்கு என்ன வக்கு இருக்குது.,பெயர்ச்சொல்,speech_phrase,,od | np | pm,
4358,வக்கு பருத்து,,vakku paruttu,,கட்டாயப்படுத்தி வற்புறுத்து.,coerce | compel persistently,என்னயச் சும்மா வக்கு பருத்தாத.,பெயர்ச்சொல்,human_behavior | speech_phrase,,pm,
4359,வகச்சலு,,vakaccalu,,பணம் சம்பாதிக்கும் வழி.,means of earning a living | source of income,ஒரு வகச்சலுங் கெடயாது சும்மா இருக்குறெ.,,human_behavior,,np,
4360,வகுடு,,vakuṭu,,தலைமுடியை சீவும்போது ஏற்படும் கோடு.,hair parting line,வகுடெடுத்து சீவிவிட்டு வர்றான் பாரு.,,dress_accessories | body_health,,np,
4361,வகுவகுன்னு,,vakuvakuṉṉu,,கூட்டமாக.,in teeming crowds | thronging together,வுதவகன்னு என்ன ஓரே கூட்டமா இருக்கு.,,speech_phrase,,np,
4362,வங்கி,வங்கு,vaṅki,vaṅku,"பெண்கள் கையில் அணியம் நகை. | பெண்கள் முழங்கைக்கு மேல் போடும் அணிகலன். | பொந்து | சந்து | எலிகள் போடும் பொருது. | எலி, பெருச்சாளி போன்ற உயிரினங்கள் வாழ நிலத்தில் ஏற்படுத்தும் பொந்து; வளை.",armlet jewellery | rodent burrow,அங்கி போட்டுகிட்டு கெளம்பிபாச்சா. | அந்தப் பொம்பள வங்கி போட்டிருக்கறா. | எவி போட்டு ஊப்டல்லா வெச்சீருக்குது. | எலி வங்குக்குள்ள கைய உடாத.,பெயர்ச்சொல்,dress_accessories | nature_animals,,np | pm | od | np | pm,
4363,வசி,,vaci,,திருட்டைத தடுக்கும்படி மரங்களில் கட்டப்படும் அமைப்பு. | மரங்களில் திருட்டைத் தடுக்க முன்னால் கட்டப்படும் அமைப்பு.,thorny entanglement barricade tied on trees to deter climbing thieves,வசி கட்டியுடனும் திருட்டு தெறமெ போகுது. | தென்னமரத்துக்கு ஒரு வசிகட்டி வெக்கோனும்.,பெயர்ச்சொல்,farming_livestock,,np | pm,
4364,வஞ்சல்,,vañcal,,"சிறுவன், சிறுமி.",young lad or lass | little youngster,வஞ்சலுக்கு என்ன வெவரந் தெரியும்.,பெயர்ச்சொல்,kinship | human_behavior,,pm,
4365,வஞ்சி,,vañci,,தண்ணீர் செல்வதற்காக வயலுக்குள் கட்டும் சிறுவாய்க்காலின் கரை.,channel embankment | ridge dividing irrigation channels,வஞ்சி பெரிசாப் போடறதுதான. அங்கங்க ஒடஞ்சுக்கிட்டுத் தண்ணி போவுது.,பெயர்ச்சொல்,farming_livestock | place_direction,,pm,
4366,வட்டக்கூடை,,vaṭṭakkūṭai,,"அடிப்பகுதி அகன்றும், உயரம் குறைந்தும் இருக்கும் மண் அள்ள பயன்படும் கூடை. | அடி அகன்றும் உயரம் குறைந்தும் இருக்கும் சாணி, மண் போன்றவை அள்ள உதவும் சிறு கூடை.",shallow wide-bottomed basket for carrying mud or manure,வட்டக் கூடையெ எடுத்தாந்து மண்ண அள்ளிப் போடு.,பெயர்ச்சொல்,home_household | farming_livestock,காண்க: ஒட்டுக் கூடை,pm | np,
4367,வட்டக்கொடி,,vaṭṭakkoṭi,,கயிற்றால் ஆன பிரம்பிணை.,circular rope pot-rest ring | cane ring rest,வட்டக்கொடி ரண்டு பின்னோனும்.,பெயர்ச்சொல்,home_household,,pm,
4368,வட்டச்சேரை,,vaṭṭaccērai,,இரு கை அளவு (தானியம்).,double-handful grain measure,கம்பு ஒரு வட்டச் சேர அள்ளிக் கோழிக்குப் போடு.,பெயர்ச்சொல்,measure_units,,pm,
4369,வட்டப்பாத்தி,,vaṭṭappātti,,நீர் பாய்ச்ச வசதியாக கட்டப்படும் பாத்தி. | விதைத்த பின் நீர் பாய்ச்சுவதற்கு வசதியாக வயலில் செவ்வக வடிவில் மண்ணால் கட்டப்படும் சிறு பிரிவு.,square or circular irrigation basin | garden bed,வட்டப்பாத்தி கட்டிய அப்பதெ தண்ணி பாய்க்கறதுக்கு சவாமா இருக்கு. | சோளப்பயிருக்கு வட்டப் பாத்திதான் செரி.,பெயர்ச்சொல்,farming_livestock,,np | pm,
4370,வட்டப்போர்,,vaṭṭappōr,,தானியத் தட்டையை மழையிலிருந்து பாதுகாக்க வட்ட வடிவில் அமைக்கும் போர்.,round conical haystack for crop straw,வட்டப்போரு போட்டுட்டா தண்ணி தட்டுல எறங்காது.,,farming_livestock,,np | pm,
4371,வட்டல்,வட்டலு,vaṭṭal,vaṭṭalu,தட்டு | உணவு உண்ணும் தட்டு. | சாப்பிடப் பயன்படும் வட்ட வடிவ தட்டு.,dinner plate | shallow round dining dish,வட்டல எடுத்தாந்து வெய்யி சோறு போடறன். | வட்டல்லெ சோத்தப் போட்டு தின்னு.,பெயர்ச்சொல்,home_household,வட்டில்,od | pm | np,
4372,வட்டவாகி,,vaṭṭavāki,,காண்க. ஓவுத்திரியொ.,circular oil-lamp wick channel in lamp base,,,home_household | festival_religion,,np,
4373,வட்டு,,vaṭṭu,,"பாகை ஊற்றிக் குறிப்பிட்ட வடிவில் காய வைத்து வெல்லத்தை எடுப்பதற்காக நிலத்திலோ, மரக்கட்டையிலோ இருக்கும் அச்சுக்குழி.(1) | பிசுக்குப் போல தரையில் ஒட்டிக் கொள்ளும் கறை.(2)",jaggery cake casting mold | sticky floor stain,கருப்பட்டி ஒரு நாளைக்கி எத்தனை வட்டு ஆவுது. | காலே வெக்கமுடியல அழுக்கு வட்டு வட்டாக் கெடக்குது.,பெயர்ச்சொல்,food_cooking | home_household,,pm,
4374,வட்டுக்கருப்பட்டி,,vaṭṭukkaruppaṭṭi,,அச்சில் வராதது எடுக்கப்பட்ட கருப்பட்டி. | அச்சில் வார்த்து எடுக்கப்பட்ட பனை/தென்னை வெல்லம்.,palm or coconut jaggery cake cast in circular mold,வட்டுக் கருப்பட்டிய தின்னா நல்லா இருக்கு. | வட்டுக் கருப்பட்டி ஒடம்புக்கு நல்லது.,பெயர்ச்சொல்,food_cooking,,np | pm,
4375,வட்டுக்கெராப்பு,,vaṭṭukkerāppu,,"தலை மயிரை நடுவில் மட்டும் சிறிதாக இருக்கும்படி விட்டு, சுற்றிலும் ஒட்ட வெட்டி விடுதல்.",bowl cut hairstyle | crew cut with short hair on crown,வெயில் காலத்துக்கு வட்டுக்கெராப்பு வெட்டிக்கறதுதான் பரவால்ல.,பெயர்ச்சொல்,body_health | dress_accessories,,pm,
4376,வட்டெ,வட்டை,vaṭṭe,vaṭṭai,வண்டிச்சக்கரம் உருவாக்க இணைக்கப்படும் மரக்கட்டை. | வண்டி சக்கரம் உருவாக்க இணைக்கப்படும் மரக்கட்டை.,curved wooden felloe rim segment of bullock cart wheel,வட்டெ விரிசலு உட்ருக்குது. | அந்த வட்டை விரிசல் உட்டிருக்குது.,,farming_livestock,,np | pm,
4377,வடக்கயிறு,,vaṭakkayiṟu,,தேர் அல்லது வண்டி இழுக்கும் தடித்த வடம் போன்ற பலமான கயிறு.,heavy traction rope | cart pulling rope,வடக்கயிறைப் பிடிச்சு வண்டிய மேட்டுல ஏத்துங்க.,பெயர்ச்சொல்,farming_livestock | home_household,பொருள் உறுதிப்படுத்தப்படவில்லை (AI உருவாக்கம்) · Meaning not verified (AI generated),od,
4378,வடக்கவுறு,,vaṭakkavuṟu,,ஏற்றம் இறைக்கும் போது ஏற்ற உருளையில் சென்று வரும் கனமான கயிறு; தேர் வடம் இழுக்க உதவும் கயிறு.,heavy water-lift pulley rope | temple chariot pulling cable,வடக்கவுத்துல பிரி உட்டுப்போயிருக்குது.,பெயர்ச்சொல்,farming_livestock | festival_religion,,pm,
4379,வடக்கால,வடக்காலெ,vaṭakkāla,vaṭakkāle,வடக்குத் திசையில்; வடக்கு நோக்கி. | வடக்குத்திசையில்.,towards the north | northward | to the north | on the northern side,வடக்கால போனா கிணறு வரும். | எங்க காடு வடக்காலெ இருக்குது.,பெயர்ச்சொல்,place_direction,,od | np,
4380,வடகம்,,vaṭakam,,வத்தல்.,sun-dried fryums | vadagam crisps,வீட்டுமேல வடகம் காயப் போட்டுருக்குது பாரு.,,food_cooking,,np,
4381,வடகோடி,,vaṭakōṭi,,வடதிசை மூலை.,northern corner or edge,வட கோடில இருந்து பாத்தாத் தெரியும்.,பெயர்ச்சொல்,place_direction,,pm,
4382,வடகோடுலெ,வடகோடு | வடகோட்டுலெ | வடகோட்டு,vaṭakōṭule,vaṭakōṭu | vaṭakōṭṭule | vaṭakōṭṭu,வடபகுதியில்; வடதிசை மூலை; வடபகுதி எல்லை.,on the northern border | in the north section,காட்டுலெ வடகோட்டுலெ தண்ணி பாய்ச்சு.,,place_direction,,np,
4383,வடச்சட்டி,,vaṭaccaṭṭi,,"வாணலி. | பொருள்களை வறுக்க, எண்ணெய்ப் பலகாரம் செய்ய உதவும் வாயகன்ற பாத்திரம்; வாணலி.",frying pan | wok | kadai,வடச்சட்டிய எடுத்தா அப்பளம் பொறக்க. | வடச்சட்டியில் எண்ணெய் ஊத்தி அடுப்புல வெய்யி.,பெயர்ச்சொல்,home_household | food_cooking,,np | pm,
4384,வடபொறொ,,vaṭapoṟo,,வடக்குப் புறம்; வடக்குத் திசை.,northern side | towards north,ஊருக்கு வடபொறொ ஒரு கோயில் இருக்குது.,,place_direction,,np,
4385,வடம்,,vaṭam,,தடித்த பலமான கயிறு; தேர்வடம்.,thick heavy cable | chariot rope,தேருக்கு வடம் பிடிச்சு இழுத்தாங்க.,பெயர்ச்சொல்,home_household | festival_religion,பொருள் உறுதிப்படுத்தப்படவில்லை (AI உருவாக்கம்) · Meaning not verified (AI generated),od,
4386,வடம் பின்னுதல்,,vaṭam piṉṉutal,,கரும்பு காயாமல் இருக்க எல்லாக் கரும்புகளையும் இணைத்துத் தோகைகளால் தேர்வடம் போல் பின்னி விடுதல்.,trashing and braiding sugarcane stalks into bunches to prevent lodging,கரும்புக்கு வடம்பின்னி உடு. அப்பத்தான் சாயாத இருக்கும்.,வினைச்சொல்,farming_livestock | action_verbs,,pm,
4387,வடிதட்டம்,,vaṭitaṭṭam,,சாதத்தில் உள்ள கஞ்சியை வடிக்க பயன்படும் பாதிப் பரப்பில் ஓட்டைய தட்டு.,perforated rice colander lid | strainer plate for draining starch,வடிதட்டத்த வெச்சி கஞ்சிய வடி.,,home_household | food_cooking,,np,
4388,வண்டவாளம்,,vaṇṭavāḷam,,ரகசியம்.,secret scandals | exposed dark secrets,உன்ற வண்டவாளம் தண்டவாளத்துல ஏறப் போகுது.,,human_behavior | speech_phrase,,np,
4389,வண்டி அரிவாள்,,vaṇṭi arivāḷ,,தானியத் தட்டைகளை வெட்டப் பயன்படும் அரிவாள்.,fodder harvesting sickle | heavy stalk-cutting billhook,வண்டி அருவா உங்கூட்ல இருந்தாக் குடு.,பெயர்ச்சொல்,farming_livestock,,pm,
4390,வண்டிக் கருது,,vaṇṭik karutu,,ஏற்றக்காலில் கயிறு போய்வர உதவும் உருளை (ஏத்த வண்டி)யின் மையத்திலுள்ள துளையில் பொருத்தப்பட்டிருக்கும் நீண்ட அச்சு.,axle pin | spindle of water-lift pulley wheel,வண்டிக் கருது ஓடிஞ்சு போச்சு.,பெயர்ச்சொல்,farming_livestock,,pm,
4391,வண்டிக்காரன் சோறு,,vaṇṭikkāraṉ cōṟu,,அரிசியும் பருப்பும் கலந்து செய்யும் கூட்டாஞ்சோறு.,mixed rice and lentils cooked together | cartman's one-pot meal,வண்டிக்காரஞ் சோறாக்கிக்கிட்டு கொழந்தைங்க வௌயாடுது.,பெயர்ச்சொல்,food_cooking,,pm,
4392,வண்டிக்கூடு,,vaṇṭikkūṭu,,சவாரி வண்டிகளில் நிழலுக்காக அமைக்கப்பட்டிருக்கும் மேற்பகுதி.,arched canopy of a passenger bullock cart | carriage hood,வண்டிக்கூடு இருந்தா வெய்யத் தெரியாது.,பெயர்ச்சொல்,farming_livestock,,pm,
4393,வண்டிச்சாளை,வண்டிச்சாணை,vaṇṭiccāḷai,vaṇṭiccāṇai,மாட்டு வண்டி நிறுத்துவதற்காக போடப்பட்டிருக்கும் கொட்டகை.,cart shed | bullock cart garage,வண்டிச் சாளையில அருவா கெடக்கும் எடுத்தா. | வண்டிச் சாளைக்குள்ள பாரு பழசுபட்டறை எல்லாம் கெடக்கு.,பெயர்ச்சொல்,farming_livestock | home_household,,pm,
4394,வண்டித்தடம்,,vaṇṭittaṭam,,வண்டிகள் செல்லும் பாதை. | வண்டிகள் வரும் அளவு அகன்ற சாலை வழி.,cart track | rural rutted wagon road,வண்டித் தடத்துல நடந்து போ. | வண்டித் தடத்துல புழுதி பறக்குது. | வண்டிக் தடத்துல போனா நம்ம காட்டுக்கு போயீற்லா.,பெயர்ச்சொல்,place_direction,,pm | np,
4395,வண்டிப்பட்டறை,,vaṇṭippaṭṭaṟai,,"மாட்டு வண்டி சை பழுதுபார்க்கும் இடம். | மாட்டு வண்டிகளை உருவாக்கும், பழுது பார்க்கும் இடம்.",cartwright workshop | cart repair smithy,வண்டிப் பட்டறையில கொண்டு போயி வண்டிய விடணும். | வண்டிப் பட்டறைக்குக் கொண்டோவோனும்.,பெயர்ச்சொல்,farming_livestock,,np | pm,
4396,வண்டிவாசி ஏதாச்சி,,vaṇṭivāci ētācci,,வாகனங்கள் ஏதாவது.,any passing vehicles | cart or motor traffic,வண்டிவாசி ஏதாச்சி வந்தறப் போவுது பாத்து ரோட்டத் தாண்டிப் போ.,,speech_phrase,,np,
4397,வண்டுகட்டி வெக்கிறது,,vaṇṭukaṭṭi vekkiṟatu,,தானியமோ அல்லது உறுகாய் போன்றவற்றை பாதுகாக்க துணியால பாளையின வாமை கட்டி சத்தம்.,sealing pot mouth with cloth to protect grain or pickle from pests,,,food_cooking | home_household,,np,
4398,வண்டுகடி,,vaṇṭukaṭi,,வண்டுகள் கடித்தவுடன் உடலில் வட்டமாக ஏற்படும் புண். | வண்டுகள் கடித்தவுடன் உடம்பில் வட்டமாக ஏற்படும் புண்.,blister or circular rash caused by beetle bite | insect sting sore,வண்டுகடியோட்ட இருக்குது உடம்பெல்லா புண்ணா இருக்கு. | வண்டுகடியோட்ட இருக்குது ஒடம்பெல்லாம் புண்ணா இருக்கு.,,body_health,,np | pm,
4399,வண்ணான் மாத்து,,vaṇṇāṉ māttu,,திருமணம் போன்ற சுப நிகழ்வுகளின் போது வண்ணாரால் துவைத்துத் தரப்பட்டு நடைபாதையிலோ அமர்வதற்கோ விரிக்கப்படும் நடைபாவாடை / மாற்றாடை.,ritual clean cloth carpet spread by washerman,பொண்ணக் கூட்டியாரப்ப வண்ணான் மாத்து விரிக்கோணும்.,பெயர்ச்சொல்,dress_accessories | festival_religion,,pm,
4400,வணக்குதல்,,vaṇakkutal,,தாளித்தல்,sautéing | tempering seasonings in hot oil,,வினைச்சொல்,food_cooking | action_verbs,,od,
4401,வணங்குதல்,,vaṇaṅkutal,,ஒரு செயலுக்கு உடல் உறுப்புகள் பழக்கப்படுதல்; படிதல்.,limbs getting conditioned or accustomed to manual toil,கால் வணங்குனாத்தானே வேல ஆவும்.,வினைச்சொல்,body_health | human_behavior,,pm,
4402,வத்தக்கறவை,,vattakkaṟavai,,கன்று போட்டு அதிக நாட்களாகியும் பால் கறக்கும் மாடு. | கன்று ஈன்று ஆறு மாதங்களுக்கு மேல் ஆகி மீண்டும் சினையாகி விட்டபின் குறைவான அளவு பால் தந்து கொண்டிருக்கும் மாடு.,late-lactation pregnant cow yielding small milk,வத்தக் கறவையயொன்னு இருந்தாப் போதும். | வத்தக்கறவையாப்போச்சு. வித்துப்புடோனும்.,பெயர்ச்சொல்,farming_livestock,,np | pm,
4403,வத்தப்பருப்பு,,vattapparuppu,,நிலக்கடலைப் பருப்பில் விதைக்கெனச் சலித்துப் பிரித்தெடுத்த நல்ல விதைகள் போக எஞ்சியிருக்கும் வற்றிய சிறு பருப்பு (இதையே வீட்டுக்கு எண்ணெய் ஆட்டப் பயன்படுத்துவர்).,shriveled small groundnut kernels kept for domestic oil extraction,வத்தப்பருப்புத்தான் நெறைய இருக்குது. வெதைக்குப் பருப்புப் பத்தாது.,பெயர்ச்சொல்,farming_livestock | food_cooking,,pm,
4404,வத்தலுந்தொத்தலுமா,,vattaluntottalumā,,உடல் மெலிந்த.,scrawny and emaciated | skin and bones,"அந்தப் பையனப் பாரு வத்தலும் தோத்தலுமா,இருக்குறாம்பாரு.",,body_health,,np,
4405,வத்திப்பெட்டி,,vattippeṭṭi,,தீப்பெட்டி.,matchbox | matches,வத்திப்பெட்டிய எடுத்தா தீ பத்தி வெக்கலாம்.,,home_household,,np,
4406,வத்திவெக்கிறது,,vattivekkiṟatu,,கோள் மூட்டுதல்.,instigating friction | inciting discord or talebearing,வத்திவெக்கிறதே இவனுக்கு வேலையாப் போச்சு.,,human_behavior | speech_phrase,,np,
4407,வதி,,vati,,"சகதி, சேறு.",mud | slush | mire,இந்தெ எடத்துலை ஓரே வதிபா இருக்குது. | அந்தப் பக்கம் ஒரே வதியா இருக்குது.,பெயர்ச்சொல்,nature_animals | place_direction,,np | pm,
4408,வதிக்கால்,,vatikkāl,,எப்போதும் ஈரமாக உள்ள இடம்.,perpetually marshy waterlogged soil | soggy wetland strip,வதிக்காலெ ஒழவு ஓட்டோனும்.,,farming_livestock | place_direction,,np | pm,
4409,வந்ததீஞ்சொல்றெ,,vantatīñcolṟe,,வந்தவுடன் சொல்கிறேன்.,I will tell as soon as he arrives,எங்கூட்டுக்கார்ரு வந்ததீஞ்சொல்றெ நீ கேட்டீனு.,,speech_phrase,,np,
4410,வந்தர்றெ,,vantarṟe,,வந்துவிடுகிறேன்.,I will come soon | I will be right back,நானு சீக்கிரம் வந்தர்றெ.,,speech_phrase,,np,
4411,வந்துட்டனல்லோ,,vantuṭṭaṉallō,,வந்துவிட்டேன்.,I have arrived | here I am,நானு வந்துட்டனல்லோ.,,speech_phrase,,np,
4412,வந்துரலாம்,,vanturalām,,வந்து விடலாம்.,we can return | we can come back,நாமா சீக்கிரமா போயிட்டு வந்துரலாம்.,வினைச்சொல்,speech_phrase,,np,
4413,வப்படொ,,vappaṭo,,அப்பளம்.,papadum | crisp lentil cracker,வப்படொ பொரிக்கலியா.,,food_cooking,,np,
4414,வம்புதும்பு,,vamputumpu,,வீண்வம்பு.,unnecessary mischief | petty quarrels | troublesome gossip,வம்புதும்பு பண்ணாம கம்முனு இ.,,human_behavior,,np,
4415,வம்புப்பாளை,,vampuppāḷai,,பருவமற்ற காலத்தில் பனைமரம் புதிதாக விடும் பாளை.,off-season palmyra spathe yielding toddy year-round,வம்புப்பாளை வந்துச்சுனா கள்ளு வருசத்திக்கும் குடிக்கலாம்.,பெயர்ச்சொல்,farming_livestock,,pm,
4416,வம்பேரி,,vampēri,,வலிந்து தானாகச் சண்டையை உருவாக்கும் பெண்.,aggressive quarrelsome woman | vixen,அவ பெரிய வம்பேரியா இருக்கறா.,பெயர்ச்சொல்,human_behavior,,pm,
4417,வயசுப்பொண்ணு,,vayacuppoṇṇu,,பருவமடைந்த பெண்.,nubile maiden | girl of marriageable age,வயசுப்பொண்ணு அடக்க ஒடுக்கமா இருந்தாத்தானே ஆகும்.,,human_behavior | kinship,,np,
4418,வயலறுப்பு,,vayalaṟuppu,,நெல் அறுவடை.,paddy harvesting | rice crop harvest,வயிலறுப்புக்கு ஆளு கூப்புடப் போகணும். | உங்களது வயலறுப்பு எப்பொ?,பெயர்ச்சொல்,farming_livestock,,np | pm,
4419,வயிசப்பைய,,vayicappaiya,,குறிப்பிட்ட வயதை அடைந்த வாவிபசன்.,adolescent boy | youth,வயிசப்பசங்க சொன்னா கேப்டாங்களா.,,human_behavior | kinship,,np,
4420,வயிறெடுப்பு,,vayiṟeṭuppu,,அடிக்கடி மலம் கழிக்க வேண்டியிருத்தல்; பேதி.,frequent loose bowels | severe diarrhea or dysentery,அவனுக்கு வயிறெடுப்புப் புடிச்சுக்கிச்சு.,பெயர்ச்சொல்,body_health,,pm,
4421,வர்றதே ஒருக்கா,,varṟatē orukkā,,வருவதே ஒரு முறை.,coming only once in a while | rare visit,வற்றதே ஒருக்கா அதுக்குள்ளெ போஜறெங்கிறிங்க.,,speech_phrase,,np,
4422,வரக்காப்பி,,varakkāppi,,பால்கலக்காத காப்பி.,black coffee | milkless coffee,ரக்காப்பி குடிச்சா தலவலி போயிரும். | ஒரு கெளாசு வரக்காப்பியாச்சும் வெச்சுக்குடு.,பெயர்ச்சொல்,food_cooking,,np | pm,
4423,வரக்காய்,,varakkāy,,முற்றிக் காய்ந்த தேங்காய். | முற்றிய தேங்காய்.,fully dried mature coconut | copra coconut,நல்ல வரக்காய வெட்டு. | எல்லாமே வரக்காயா இருக்குது.,பெயர்ச்சொல்,farming_livestock | food_cooking,,np | pm,
4424,வரக்குணு,,varakkuṇu,,வறக்கென்று | சொரசொரவென்று,harsh scratching | sudden scraping sound,"கொசு கடிச்ச இடத்துல வரக்குணு சொறிஞ்சிட்டேன், புண்ணாயிடுச்சு.",,speech_phrase,,od,
4425,வரச்சரம் பாரு,,varaccaram pāru,,"வாய்க்குள், ஒர்து வாச்சாம்பாரு எனக்குனே.",dry mouth choking | tongue faltering,,,body_health | speech_phrase,,np,
4426,வரச்சாயா,,varaccāyā,,பால் கலக்காத தேநீர்.,black tea | milkless tea,வரச்சாயா வெச்சுக்குடி. தலவலிக்கு நல்லது.,பெயர்ச்சொல்,food_cooking,,pm,
4427,வரப்பு வரப்பெகச்சல்,,varappu varappekaccal,,வெறும் இருமல்.,dry hacking cough | irritant dry cough,ஒரே வரப்பொகச்சலா இருக்குது.,,body_health,,np,
4428,வரப்பெடுக்கோனு,,varappeṭukkōṉu,,எடுத்தல்.,banking up field bunds | raising earthen ridges,காட்டுலெ வரப்பெடுக்கோனு.,,farming_livestock | action_verbs,,np,
4429,வரவியபேரவிய,,varaviyapēraviya,,"வருகிற, போகிறவர்கள்.",passersby | people coming and going,வரவிபபோரனவிப எல்லா சொல்ல வந்துட்டாங்கே.,,human_behavior | speech_phrase,,np,
4430,வராதெ,,varāte,,வர வேண்டாம்.,do not come,நீயி இங்கெ இனிமே வராதெ.,,speech_phrase,,np,
4431,வரிக்குரமத்தஞ்செடி,,varikkuramattañceṭi,,"பந்து போன்ற வடிவிலான, மேற்பகுதியில் வரிவரியாகக் காணப்படும் காயை உடைய செடி.",striped medicinal vine used as poultice for swelling | Bryonia,"வரிக்குரமத்தஞ்செடி எங்காச்சும் இருந்தாச் சொல்லு, கால் வீக்கத்துக்குக் காய் வெச்சுக் கட்டோனும்.",பெயர்ச்சொல்,nature_animals | body_health,,pm,
4432,வரிசைக்குச்சி,,varicaikkucci,,கொட்டகை மேயும்போது இரண்டு வாரைகளுக்கிடையே (ஓலையைக் கட்டுவதற்காக) வைத்துக் கட்டும் சிறு குச்சி.,thin lath stick tied between thatch battens,வரிசக்குச்சி வெச்சு வரிஞ்சாச்சு.,பெயர்ச்சொல்,home_household,,pm,
4433,வரிஞ்சுகட்டு,வரிஞ்சுகட்டிட்டு,variñcukaṭṭu,variñcukaṭṭiṭṭu,ஒன்றன்மேல் ஒன்றாக அடுக்கி இறுக்கிக் கட்டுதல்.,tie tightly in close layers | binding securely,நல்லா வரிஞ்சுகட்டு.,,action_verbs,,np,
4434,வரிதல்,,varital,,ஒன்றன் மேல் ஒன்றாக நெருக்கி வைத்துக் கட்டுதல்.,binding closely together with twine | tying tightly,குடிசுக்கு கோல் நெறைய வெச்சு வரிஞ்சு கட்டு.,வினைச்சொல்,action_verbs,,pm,
4435,வருமங்கொண்டு,,varumaṅkoṇṭu,,கோபங்கொண்டு.,harboring a vengeful grudge | nursing spite,எப்பப்பாத்தாலு பேசுது. வருமங்கொண்டே,,human_behavior,,np,
4436,வருவரும்னு,,varuvarumṉu,,வரும் என்று.,expecting to arrive | expecting that it would come,பஸ்ஸு வரு வரும்னு பாத்துகிட்டு இருந்து அரவேயில்லெ.,,speech_phrase,,np,
4437,வரெவாரென்னு,,varevāreṉṉu,,வருகிறேன் வருகிறேன் என்று கூறிவிட்டு.,promising repeatedly to come but delaying,,,speech_phrase,,np,
4438,வரையாடு,,varaiyāṭu,,செங்குத்தான மலைப் பகுதிகளில் ஏறும் ஒருவகை மலை ஆடு. | செங்குத்தான பாறைகளிலும் ஏறக்கூடிய ஒரு வகை மலை ஆடு.,Nilgiri tahr | mountain wild goat,வரையாடு போல சுத்தறான் பாரு. | வரையாடாட்டம் திரியறான் பாரு.,பெயர்ச்சொல்,nature_animals,,np | pm,
4439,வல்லயம்,,vallayam,,ஈட்டி போன்று இருக்கும் ஆயுதம்.,broad javelin | battle pike or spear,,,home_household,,np,
4440,வல்லல்,,vallal,,ஒரு செயலைச் செய்யும் திறமை.,competence | capability | practical skill,அவனுக்கு என்ன வல்லல் இருக்குது. பொண்ணுக் குடுக்கறதுக்கு.,பெயர்ச்சொல்,human_behavior,,pm,
4441,வல்லவட்டம்,,vallavaṭṭam,,"உருமாலைக்கட்டு; பெரிய துண்டு, வேட்டி தலையில் சுற்றிக் கட்டும் கட்டு.",turban wrap | cloth headgear,வல்லவட்டம் கட்டிக்கிட்டு எங்க பொறப்பட்டாச்சு.,பெயர்ச்சொல்,dress_accessories,,pm,
4442,வல்லவாய்,,vallavāy,,வண்டிச் சக்கரக் கும்பத்தின் மரப்பகுதி அச்சில் உராயாமல் தடுக்கப் பொருத்தும் இரும்பு.,iron bush lining wheel hub against axle friction,வல்லவாயச் செரி பண்ணோனும்.,பெயர்ச்சொல்,farming_livestock,,pm,
4443,வல்லாள துக்கம்,,vallāḷa tukkam,,வலிந்து தாமாக வரவழைத்துக் கொள்ளும் துன்பம்.,self-inflicted sorrow | avoidable grief invited by own folly,இப்பிடி ஒரு வல்லாள துக்கம் வந்து சேந்துதே.,பெயர்ச்சொல்,human_behavior,,pm,
4444,வல்லியா,,valliyā,,வரவில்லையா.,did you not come,நீ வேலக்கி வல்லம்.,,speech_phrase,,np,
4445,வல்லெ,,valle,,வரவில்லை.,did not come | I will not come,நா வல்லெ நீயே போயிட்டு வா.,,speech_phrase,,np,
4446,வல்லையம்,,vallaiyam,,வேகமாக ஓடிச் சென்று குத்த உதவும் கத்தி.,stabbing spear | thrusting dagger,அவங்கிட்ட ஒரு வல்லயம் இருக்குது. அடேங்கப்பா. பாத்தாலே பயமா இருக்கும்.,பெயர்ச்சொல்,home_household,,pm,
4447,வலத்தான்,வலத்து மாடு,valattāṉ,valattu māṭu,"வண்டி, ஏற்றம், ஏர் ஆகியவற்றில் வலப்புறத்தில் கட்டப் பழக்கப்பட்ட மாடு.",off-side bullock accustomed to working on the right side,வலத்தானப் புடிச்சுக்கட்டு.,பெயர்ச்சொல்,farming_livestock,,pm,
4448,வலிச்சி,,valicci,,ஓலைக் கொட்டகைகளின் மேல் கூரை அமைக்கும்போது பனைமரக் கட்டைகளுக்கு (தப்பை) இடையே வைத்துக் கட்டப்படும் மூங்கில் போன்று திடமான குச்சி.,sturdy bamboo stick tied between roofing battens,வலிச்சி நெறைய வேணும்.,பெயர்ச்சொல்,home_household,,pm,
4449,வலைப்பை,,valaippai,,துணியால் ஆன பை.,net string shopping bag | mesh tote bag,வலப்பைய எடுத்தோயி உப்பு வாங்கியா.,பெயர்ச்சொல்,home_household,,pm,
4450,வவக்கு வவக்குனு,,vavakku vavakkuṉu,,அவதி அவுதியாக.,voraciously | gulping down in frantic haste,வவக்குவவக்குனு திங்காதெ மெதுவா தின்னு.,,food_cooking | speech_phrase,,np,
4451,வவரு ரொம்ப,வவுரு ரொம்ப,vavaru rompa,vavuru rompa,வயிறு நிறைய.,bellyful | stomach completely full,ரொம்ப தின்னாங்கிட்டி வவரு வலிக்கிது.,,food_cooking | body_health,,np,
4452,வவுசி,,vavuci,,வெற்றுக் கௌரவம்; தேவையற்ற ஆடம்பரம்.,false prestige | vain ostentation | hollow pride,பொழப்புப் போயி பொடக்காலியிலே நின்னுக்கிட்டு வருட்டோங்குது. வவுசி வந்து வாசல்ல நின்னுகிட்டு வருட்டோ போவுட்டோங்குது.,பெயர்ச்சொல்,human_behavior,,pm,
4453,வவுத்துக்கு,,vavuttukku,,வயிற்றுக்கு.,for the stomach | for food and sustenance,கொழந்த அழுகுது வவுத்தக்கு ஏதாச்சி குடு.,,food_cooking | body_health,,np,
4454,வவுத்துப்பாடு,வவுத்துபொழப்பு,vavuttuppāṭu,vavuttupoḻappu,அன்றாட வாழ்க.,daily sustenance | scraping together a living,வவுத்துப்பாடுக்குத்தெ இத்தனை அலச்சலு.,,human_behavior,,np,
4455,வவுதிதெரிச்சலு,,vavutitericcalu,,வயிற்று எரிச்சல்.,deep heartburn of jealousy or grievance,என்றெ வவுத்தொரிச்சலெ கொட்டிக்காக கம்முனு போயீறாமா.,,human_behavior,,np,
4456,வவுறு,,vavuṟu,,வயிறு,belly | abdomen | stomach,,,body_health,,od,
4457,வழமொற,,vaḻamoṟa,,வழக்கம். | வழக்கமாக.,family tradition | customary practice,இதுதான் எங்க வழமொற. | வழமொற தவறாம நாங்க இப்பிடிதான் பண்ணுவோம்.,பெயர்ச்சொல்,festival_religion | human_behavior,,np | pm,
4458,வழிச்சுப்போடு,,vaḻiccuppōṭu,,அள்ளிப்போடு.,scrape up and throw | scrape dung clean,சாணி வழிச்சுப் போடு.,,action_verbs,,np,
4459,வழுக்கல்,,vaḻukkal,,பிடிப்பில்லாமல் வழுக்குதல்.,slippery surface | slipping or loss of traction,சேத்துல கால் வச்சு வழுக்குது.,,body_health | action_verbs,,np,
4460,வழுக்குப் பூடு,,vaḻukkup pūṭu,,ஒரு வகைப் பூடு (இதைத் தின்றால் சினை மாடுகளுக்குக் குறைப் பிரசவம் நேர்ந்துவிடும்).,abortion-inducing weed for pregnant cattle,"செனமாட்டப் பாத்து மேயி, வழுக்குப்பூட்ட மேஞ்சறப் போவுது.",பெயர்ச்சொல்,nature_animals | farming_livestock,,pm,
4461,வள்ளம்,வல்லம்,vaḷḷam,vallam,நான்கு படி தானிய அளவு; தானியம் அளக்கும் கருவி. | (1) | வாளி. | (2) | ஒரு ஏக்கரில் ஆறில் ஒரு பகுதி.(3) | நான்குபடி தானிய அளவு. 'இந்த தடவ புத்து வள்ளங்கம்பு ஆச்சு.'(1) | வாணி.(2),traditional grain measure of four padis,இந்த தடவ பத்து வள்ளங்கம்பு ஆச்சு. | வள்ளத்துலெ தண்ணி அளந்து வையி. | நாலு வள்ளம் கம்பு அளந்து போடு. | வள்ளத்தக் கட்டித் தண்ணி சேந்து. | அவுங்களுக்கு எட்டு வள்ள வயலிருக்குது. | வள்ளத்துலெ தண்ணி ஊத்தி வெய்யி.,பெயர்ச்சொல்,measure_units,,od | pm | np,
4462,வளச்சப்போடு,,vaḷaccappōṭu,,தன்வசப்படுத்து.,cajole into submission | win over to one's side,அந்தப் பொண்ணெ வளச்சுப் போட்டுட்டான்.,,human_behavior | action_verbs,,np,
4463,வளத்தியா,,vaḷattiyā,,உயரமான.,tall | towering stature,ஆளு ரொம்ப வளத்தியா வளந்துட்டான் பாரு.,,body_health,,np,
4464,வளத்துனெ,,vaḷattuṉe,,வளர்த்தேன்.,I brought up | I reared or raised,நானு என்ன பாடுபட்டு புள்ளைய வளத்துனென்னு தெரியுமா.,,kinship | action_verbs,,np,
4465,வளம்,,vaḷam,,குப்பை மண்.,rich compost soil | organic humus manure,காட்டுக்கு வளமள்ளியாந்து போட்டாப்பரவால்ல.,பெயர்ச்சொல்,farming_livestock,,pm,
4466,வளவளன்னு,,vaḷavaḷaṉṉu,,சுருக்கமும் தெளிவும் இல்லாமல்.,rambling on diffusely | blabbering vaguely,வளவளன்னு பேசாம போ.,,speech_phrase,,np,
4467,வளவு,,vaḷavu,,இருபது இருபத்தைத்து வீடுகளைக் கொண்ட ஒரு குடியிருப்புப் பகுதி. | பத்துப் பதினைந்து வீடுகளைக் கொண்டு இருக்கும் குடியிருப்புப் பகுதி.,kin settlement hamlet of 20-25 homesteads | gated lineage hamlet,மேக்கு வளவுல என்னமோ ஒரே சத்தமா இருக்குது. | மேக்கு வளவுல என்னமோ ஐரே சத்தமா இருக்குது. | வளவுல என்ன ரவுசு கேக்குது.,பெயர்ச்சொல்,place_direction | kinship,,od | np | pm,
4468,வளுக்குவாலு,,vaḷukkuvālu,,சிறுவர்.,playful impish youngster | young scamp,வளுக்குவாலுக ஏல்லா நமக்கு புத்தி சொல்ல வந்தருச்ச.,,human_behavior | kinship,,np,
4469,வளுசல்,,vaḷucal,,சிறுவன் | காண்க. வளுக்குவாலு.,young boy | kid,,,human_behavior | kinship,,od | np,
4470,வளை,,vaḷai,,பந்தலின் இடையே போடப்படும் பெரிய தடி.,large crossbeam pole supporting festival pandal,பந்தலுக்கு ஒரு வளத்தி போடறதுதான.,பெயர்ச்சொல்,home_household | festival_religion,,pm,
4471,வளையம்,,vaḷaiyam,,நீர் இறைக்கும் சாலின் மேல் பகுதியில் இரும்பால் கூண்டு போல அமைக்கப்பட்டு இருக்கும் பகுதி.,iron hoop rim of well-bucket bail,பறிய வளயத்தப் புடுச்சுத் தூக்கு.,பெயர்ச்சொல்,farming_livestock,,pm,
4472,வறடி,,vaṟaṭi,,மலடி.,barren woman (derogatory) | childless female,எங்கியோ வறடியா இருக்கா கொழந்தெ குட்டிஐன்னியுங் காணோ.,,human_behavior,,np,
4473,வறுகறி,,vaṟukaṟi,,குழம்பு வைக்காமல் வறுத்த கறி.,dry roasted meat | meat fry,வறுகறி கொஞ்சம் போடு.,பெயர்ச்சொல்,food_cooking,,pm,
4474,வாக்கணங்கெட்ட,,vākkaṇaṅkeṭṭa,,கமுதைல அறிவற்ற செயல்களைச் செய்பவன்.,senseless reckless person | unprincipled idiot,,,human_behavior,,np,
4475,வாக்கணம்,வாக்கணாக்கரண்டி | வாக்கானம்,vākkaṇam,vākkaṇākkaraṇṭi | vākkāṉam,தாளிப்பதறகும் காய்ச்சுவதற்கும் பயன்படுத்துவது | குழம்பு முதலியன தாழிப்பதற்குப் பயன்படும் வாயகன்ற கைப்பிடியுடன் கூடிய சிறு பாத்திரம்.,seasoning tadka ladle | small tempering pan,"வாக்கணத்த எடுத்து அடுப்புல வெய்யி, தாழிக்கலாம்.",பெயர்ச்சொல்,home_household | food_cooking,,od | pm,
4476,வாக்கரிசி,,vākkarici,,இறந்தபின் கடைசியாக வாயில் இடும் அரிசி.,rice grains placed into mouth of deceased during funeral rites,,,festival_religion,,np,
4477,வாக்கு,,vākku,,கோவிலில் கேட்கப்படும் ஒரு வகை சந்தேகங்கள் | தலைமுடியைச் சீவும்போது பிரித்து எடுக்கும் வகிடு. | (1) | சாமி ஆடுபவர் சொல்லும் குறிப்பு.(2),hair parting line | divine oracle of deity,வாக்கு எடுத்து தலசீவு. | சாமி இன்னிக்கி வாக்குச் சொல்லுமா?,பெயர்ச்சொல்,dress_accessories | festival_religion,,od | pm,
4478,வாக்கு கேட்டல்,,vākku kēṭṭal,,சாமியாடுபவர்கள் சொல்லும் குறி,seeking divine oracle from trance medium,,,festival_religion,,od,
4479,வாக்குப்பிரிக்கறது,,vākkuppirikkaṟatu,,பூசாரி குறி சொல்லும் போது அதனை பக்தர்களுக்கு பூரியம்படியாச கூறுகுல்.,priest interpreting oracle messages for devotees,,,festival_religion,,np,
4480,வாக்கூடை,,vākkūṭai,,"தாம்பு ஓட்டும்போது மாடுகள் பயிரை தின்று விடாமல் இருக்க வாய்க்குப் போடும் கூடை. | வேலையின் போது மாடு, கன்றுகள் பயிர்களை மேய்ந்து விடாமல் இருக்க வாய்க்குப் போடப்படும் கூடை.",wire or wicker muzzle tied on cattle during ploughing,மாட்டுக்கு வாய்கீகூடைய போட்டுது. | மாட்டுக்கு வாக்கூடையப் போட்டு ஏருல கட்டு.,பெயர்ச்சொல்,farming_livestock,,od | np | pm,
4481,வாங்கல்,,vāṅkal,,சிறு சண்டையினால் இருவர் பேசாமல் இருத்தல்.,estrangement between two people after a minor tiff,அவுங்க ரண்டு பேருத்துக்கும் வாங்கலு.,பெயர்ச்சொல்,human_behavior,,pm,
4482,வாங்காட்டி,,vāṅkāṭṭi,,வாங்காமல்.,without buying | if not bought,முட்டாய வாங்காட்டி போகுது வா.,,speech_phrase,,np,
4483,வாங்கியாங்கெ,,vāṅkiyāṅke,,வாங்கி வாருங்கள்.,please buy and bring,ஏங்கெ டவுண்லருந்து வரும்போது ஏதாச்சி வாங்கியாங்கெ.,,speech_phrase,,np,
4484,வாங்கு,,vāṅku,,ஒரு வகைக் கத்தி.,heavy curved butcher's knife | billhook knife,வாங்கு வெச்சு பொளந்திருவன் பாத்துக்க.,பெயர்ச்சொல்,home_household,,pm,
4485,வாங்குணியவெ,,vāṅkuṇiyave,,வாங்கியவர்கள்.,borrowers | recipients,வாங்குனியனிகளுக்கு தெரியாதாக்கு குடுக்காதுக்கு.,,speech_phrase,,np,
4486,வாச்சி,,vācci,,மரம் செதுக்குவதற்குப் பயன்படுத்தப்படும் வாய் கூர்மையான கருவி.,wood-planing adze | curved carpentering adze,முள்ளுவாச்சியாட்டம் இருக்குது.,பெயர்ச்சொல்,home_household,,pm,
4487,வாசக்கால்,,vācakkāl,,வாசலில் இருக்கும் பந்தலைத் தாங்கி நிற்கும் தூண். | வாசில் இருக்கும் பந்தலைத தாங்கி நிற்கும் தரண்.,portico pillar supporting front canopy,வாசக்கால்ல தல இடிச்சிருச்சு.,,home_household,,pm | np,
4488,வாசக்கூட்டு,,vācakkūṭṭu,,வாசலை சுத்தப்படுத்துதல்.,sweeping clean the front yard,விடியக்காலையில வாசக்கூட்டி தண்ணியெ தொளிச்சுடு.,,home_household | action_verbs,,np,
4489,வாசத்தொளிக்கறது,,vācattoḷikkaṟatu,,விடியற் காலையில் வாசலில் தண்ணீர் கெளிப்பது.,sprinkling cow dung water on the front courtyard at dawn,,,home_household | festival_religion,,np,
4490,வாசப்படல்,,vācappaṭal,,ஓலைக் கொட்டகைகளிலும் வேலி வாயில்களிலும் கதவுக்குப் பதிலாக மூடித் திறக்கப் பயன்படுத்தும் தடுப்பு.,wicker or bamboo hurdle gate for yard or cattle pen,வாசப்படல நல்லாச் சாத்து.,பெயர்ச்சொல்,home_household | farming_livestock,,pm,
4491,வாசப்பணம்,,vācappaṇam,,இறப்பு நடநத வீட்டில் கங்கு அது பவருக்கு போடும் பனம்.,condolence cash token offered at house of mourning,,,festival_religion,,np,
4492,வாசப்புடி,,vācappuṭi,,வாசற்படி.,doorstep | threshold,எப்பப் பாத்தாலும் வாசப்புடில போயி உக்காந்துக்கறது.,பெயர்ச்சொல்,home_household,,np,
4493,வாசவெளி,,vācaveḷi,,"வீடு, காடு தோட்டம்.",ancestral homestead and landholdings,வாசவெளி இருந்தாத்தெ நாலு பேரு மதிப்பாங்கெ.,,home_household | farming_livestock,,np,
4494,வாசி,,vāci,,எளிது.,better | easier | preferable,இந்த வேலக்கி அந்த வேலயே வாசிபோ.,பெயர்ச்சொல்,speech_phrase,,pm,
4495,வாட்டி,,vāṭṭi,,தடவை; முறை.,turn | time | occasion,இந்த வாட்டியாச்சும் பாஸாயிருவியா.,பெயர்ச்சொல்,speech_phrase,,pm,
4496,வாட்டி வளவெடுக்கறாங்கெ,,vāṭṭi vaḷaveṭukkaṟāṅke,,கஷ்டப்படுத்துதல்.,tormenting severely | harassing ruthlessly,இவங்க என்னெப் போட்டு வாட்டி வளவெடுக்கறாங்கே.,,human_behavior,,np,
4497,வாடிப்போச்சி,,vāṭippōcci,,"காய்ந்து போதல், பொலிவு இழத்தல்.",withered away | lost radiance or wilted,அந்த சேதிய கேட்டதுலெருந்து மூஞ்சியே வாடிப் போச்சி.,,body_health | nature_animals,,np,
4498,வாடை,,vāṭai,,வாசம் (மணம்). ஜம்முனு வருது.,fragrance | distinctive scent | odour,,,food_cooking,,np,
4499,வாணக்காரன்,,vāṇakkāraṉ,,வானவேடிக்கை செய்பவர்; வெடி வைப்பவர்.,pyrotechnician | fireworks maker or blaster,வாணக்காரன கூப்புட்டு வாணத்த உடச் சொல்லு.,,festival_religion | human_behavior,,np,
4500,வாணி,,vāṇi,,மானாவாரி விவசாய நிலங்களில் மழைநீர் மண்ணை அரித்துச் செல்லாமல் இருக்க நிலத்தின் ஒரு பகுதியில் அமைக்கப்படும் வாய்க்காலின் கரை.,soil conservation contour bund along dryland field channel,வெள்ளம் வந்து வாணி ஒடஞ்சு போச்சு.,பெயர்ச்சொல்,farming_livestock | place_direction,,pm,
4501,வாதிக்காத,,vātikkāta,,வதைக்காதே,do not torment | do not harass,,,human_behavior | speech_phrase,,od,
4502,வாது,,vātu,,கிளை அணில் வாது விட்டு வாது தாவியது | மரக்கிளை.,tree branch | limb of a tree,அணில் வாது விட்டு வாது தாவியது | வாதப்புடிச்சி தொங்காத உளுந்தருவெ. | அந்த வாதுல தேன்கூடு வெச்சிருக்குது.,பெயர்ச்சொல்,nature_animals,,od | np | pm,
4503,வாப்பாடு,,vāppāṭu,,"குடம், பாத்திரங்களின் மேற்பகுதி. | பண்டம் பாத்திரங்களின் வாய்ப்பகுதி.",rim or lip of a pot | vessel mouth,வாப்பாட்ட புடிசீகி தாக்காத பிஞ்சி போகும். | வாப்பாட்டப் புடிச்சுத் தூக்காத ஒடஞ்சிரும்.,பெயர்ச்சொல்,home_household,,np | pm,
4504,வாப்பாடு தெரியாவள்,,vāppāṭu teriyāvaḷ,,தெரியதாவன். விபரம்.,clueless indiscreet person | blundering speaker,,,human_behavior,,np,
4505,வாய்க்கா மேடு,,vāykkā mēṭu,,ஆற்றிலிருந்து பிரியும் மிகப் பெரிய வாய்க்காலின் கரை.,irrigation canal ridge bank,வாய்க்கா மேட்டுல ஆடு மேஞ்சது.,பெயர்ச்சொல்,farming_livestock | place_direction,,pm,
4506,வாய்க்கால்,,vāykkāl,,கால்வாய்.,irrigation canal | stream channel,வாய்க்கால்ல தண்ணி நெறயா வருது.,,farming_livestock | place_direction,,np,
4507,வாய்ச்சப்பை,,vāyccappai,,மாடுகளுக்கு வாய்ப்பகுதியில் வரும் புண்.,mouth ulcer or stomatitis in cattle,மாட்டுக்கு வாய்ச்சப்ப வந்துட்டுது. பாக்கவே முடியல.,பெயர்ச்சொல்,farming_livestock | body_health,,pm,
4508,வாய்நீளம்,,vāynīḷam,,அதிகம் பேசுதல்; இடம் பொருள் தெரியாமல் பேசுதல்.,being outspokenly impudent | loose-tongued arrogance,அவன் என்ன வேணுன்னாலும் பேசுவான். கொஞ்சம் வாய்நீளந்தான். | உனக்கு கொஞ்சம் வாய் நீளமா இருக்கு.,பெயர்ச்சொல்,human_behavior | speech_phrase,,pm | np,
4509,வாய்வு,,vāyvu,,வயிற்றுனுள் இருக்கும் காற்று.,flatulence | abdominal gas,வாய்வு வந்து பெரிய தொல்லையா இருக்குது.,,body_health,,np,
4510,வாயக்கட்டு,,vāyakkaṭṭu,,"பேசுவதில், சாப்பிடுவதில் சிக்கனமாக இருத்தல்.",practice dietary and verbal restraint | curb your tongue,வாயக்கட்டி கிட்டு சும்மா இரு.,,body_health | speech_phrase,,np,
4511,வாயாடி,,vāyāṭi,,ஓயாமல் பேசிக்கொண்டு இருப்பவர்.,chatterbox | quarrelsome or loquacious person,அவ பயங்கர வாயாடி.,பெயர்ச்சொல்,human_behavior,,np,
4512,வாயில்லாப் பண்டம்,,vāyillāp paṇṭam,,ஆடு மாடு முதலிய கால்நடைகள்.,"dumb voiceless creature (cattle, animals)",அத ஏன் அடிக்கற; வாயில்லாப்பண்டம்டா.,பெயர்ச்சொல்,nature_animals | farming_livestock,,pm,
4513,வாயில்லாப்பூச்சி,,vāyillāppūcci,,எதிர்த்துப் பேசும் திறன் இல்லாதவர்.,defenseless meek soul | harmless uncomplaining creature,வாயில்லாப் பூச்சி அவனப் போட்டு ஏ அடிக்கிற.,,human_behavior,,np,
4514,வாயோடு,,vāyōṭu,,உரசமில் போட்டு தானியம் குத்தும்போது வெளியே தெறுக்காமல் இருக்க உரசபின் மேல் வைக்கும் நடுவில் ஓட்டையுள்ள வட்ட வடிவ கும.,lid collar placed over pounding mortar to stop grains spilling,,,home_household | food_cooking,,np,
4515,வாரப்பொ,,vārappo,,வருகிறபொழுது.,while coming | at the time of arrival,வேலைபே நா வாரடப்போ சோஞ்சுமுடிச்சரனு.,,speech_phrase,,np,
4516,வாரம்,,vāram,,விளைச்சலில் நிலச் சொந்தக்காரருக்குப் பாதி; வேளாண்மை செய்பவருக்குப் பாதி என்ற ஒப்பந்தம்.,crop-sharing tenancy | fifty-fifty sharecropping,வாரத்துக்கு வெவசாயம் பண்ணி காலுக் கையி ஒஞ்சதுதான் மிச்சம்.,பெயர்ச்சொல்,farming_livestock,,pm,
4517,வாரரொ,,vāraro,,வருகிறோம்.,we are coming | we shall visit,நாங்கெல்லா இன்னோரு நாளைக்கி உங்கே ஊட்டு வான்.,,speech_phrase,,np,
4518,வாரனுங்க,,vāraṉuṅka,,போய்வருகிறேன்.,taking leave | goodbye,நானு போயிட்டு வாரனுங்க செரிங்கெ. | ஏனுங்க வாரனுங்க.,,speech_phrase,,np,
4519,வாரி,,vāri,,"மாடுகள் இழுத்துச் சென்று தண்ணீர் இறைக்கும் ஏற்றத்தில், அவை இழுத்துச் செல்வதற்காக ஏற்றக்காலின் அருகிலிருந்து சரிவாகச் செல்லும் மண்தடம்.",sloping ramp path for cattle pulling well water-lift,வாரியில் புழுதி எழும்புது தண்ணி தொளி.,பெயர்ச்சொல்,farming_livestock,,pm,
4520,வாரிக்குழி,,vārikkuḻi,,மழைநீரும் சாக்கடை நீரும் வடியும் குழி.,drainage pit | soak pit for wastewater,புழக்கடைத் தண்ணி வாரிக்குழியில போய் விழுகுது.,பெயர்ச்சொல்,home_household | place_direction,பொருள் உறுதிப்படுத்தப்படவில்லை (AI உருவாக்கம்) · Meaning not verified (AI generated),od,
4521,வாரை,,vārai,,கூரைவேய உதவும் ஓரளவு கடினமான நீண்ட மூங்கில் குச்சி.,bamboo roofing lath | batten pole,"வாரைய வெச்சுக்கட்டு, சாள மேயலாம்.",பெயர்ச்சொல்,home_household,,pm,
4522,வால்,,vāl,,"ஏற்றத்தில் நீர் இறைக்கும் சாலில், மேலே வந்ததும் மதகில் நீரை வெளியேற்றுவதற்காக நீளமாக இருக்கும் பகுதி.",spout-tail of leather water-lift bucket,வால்ல ரண்டு மூனு ஓட்ட உழுந்திரிச்சு. தைக்கோனும்.,பெயர்ச்சொல்,farming_livestock,,pm,
4523,வால் கயிறு,,vāl kayiṟu,,ஏற்றத்தில் நீர் அள்ளி வரும் சாலின் வால் பகுதியை இழுத்துச் செல்லும் மாடுகளோடு இணைக்கும் கயிறு.,discharge tail rope of leather water-lift,வால் கவுத்த இன்னஞ் கொஞ்சம் இழுத்துக் கட்டு.,பெயர்ச்சொல்,farming_livestock,,od | pm,
4524,வால்கவுறு,கவுறு,vālkavuṟu,kavuṟu,கயிறு. மஞ்சியினால் திரித்த கயிறு,coir tail rope,,,farming_livestock,,od,
4525,வால்பை,,vālpai,,மாட்டு வியாபாரிகள் பத்தை பாதுகாப்பாக வைக்க இடுப்பை சுற்றிகட்டியுள்ள சபை.,waist money pouch worn by cattle merchants,,,dress_accessories | home_household,,np,
4526,வாலாங்கொட்டை,,vālāṅkoṭṭai,,மாட்டின் வால் உடம்போடு இணைந்து இருக்கும் பகுதி.,tailhead of cattle | base of cow's tail,வாலாங்கொட்டையில் அடிக்காத.,பெயர்ச்சொல்,body_health | farming_livestock,,pm,
4527,வாவறிலி,,vāvaṟili,,சுமங்கலியாக இறந்த பெண்.,woman dying auspiciously before her husband (Sumangali),,,festival_religion | kinship,,np,
4528,வாழாவெட்டி,,vāḻāveṭṭi,,கணவனைப் பிரிந்து வாழ்பவள்.,estranged deserted woman returning home,வாழாவெட்டியா அவ அப்பனூட்டுக்கு வந்துட்டா.,,human_behavior | kinship,,np,
4529,வாறி,,vāṟi,,கபிலை ஏற்றத்தில் எருதுகள் கிணற்றிலிருந்து இழுத்து வரும் தண்ணீர்ச் சால் கொண்டுவந்து இறக்கும் இடம்.,delivery trough of well-lift where bucket discharges water,,,farming_livestock,,np,
4530,வானம் விடுதல்,,vāṉam viṭutal,,கோவில்களில் பூஜை நேரத்தில் விடப்படும் வெடி,firing ceremonial aerial rockets or fireworks at temple,,வினைச்சொல்,festival_religion,,od,
4531,வானக்கால்,,vāṉakkāl,,மிக உயரமாக வளர்ந்த தானியத் தட்டைகள் காற்றில் தாங்காமல் கீழே சாய்ந்து விடுதல்.,crop lodging caused by strong winds in tall stalks,ஒரு காத்து வந்தொடன எல்லாம் வானக்கால் உழுந்திடுச்சு.,பெயர்ச்சொல்,farming_livestock,,pm,
4532,வானா,,vāṉā,,பெரிய பாத்திரம்.,giant cooking pot | cauldron,வானாக் குண்டான எழுத்தா சோறாக்க.,,home_household | food_cooking,,np,
4533,விக்கிவிக்கி,,vikkivikki,,விக்கல் கலந்த கூடிய தேம்பல்.,sobbing with hiccups | weeping convulsively,ஏ இப்பிடி விக்கி விக்கி அழுகுற.,,body_health | human_behavior,,np,
4534,விகத்தம்,,vikattam,,பல்லால் கடிக்க முடியாத அளவு கெட்டி; கடினம்.,rock-hard texture unchewable by teeth | hard to bite,வடை இப்பிடி விகத்தமாயிருக்குது.,பெயர்ச்சொல்,food_cooking,,pm,
4535,விங்கனம்,,viṅkaṉam,,பேச்சுக்குத் திரித்துப் பொருள் கொள்ளல். | (1) | பிளவு.(2),misinterpreting words | cleft fissure,நிய்யெதுக்கு விங்கனமா எடுத்துக்கற. | எப்படியோ விங்கனம் பட்டுப் போச்சு.,பெயர்ச்சொல்,human_behavior | speech_phrase,,pm,
4536,விசாரிச்சு,,vicāriccu,,விசாரித்து.,inquiring into | investigating,நல்லா விசாரிச்சுப் பாத்தியா.,,speech_phrase,,np,
4537,விசுக்கா,விசக்கா,vicukkā,vicakkā,தடவை.,time | turn | occasion,எத்தன விசக்கா உனக்கு சொல்றது. | அவங்கிட்ட எத்தன விசுக்கா நடக்கறது.,,speech_phrase,,np | pm,
4538,விசுக்குன்னு,,vicukkuṉṉu,,திடீரென்று | விறுக்கெண்டு,abruptly | suddenly taking off,அவன் விசுக்குனு கெளம்பிட்டான். -அவன் திடீரென்று கிளம்பிவிட்டான்,,speech_phrase,,od,
4539,விசுக்குனு,,vicukkuṉu,,உடனடியாக.,promptly | quickly,,,speech_phrase,,np,
4540,விசுவு,,vicuvu,,ஆட்டுப்பட்டியின் தடுப்புப்படல்கள் காற்றில் விழுந்து விடாமல் இருக்க வெளிப்புறத்தில் கயிற்றால் இழுத்துக் கட்டுதல்.,guy rope tether bracing hurdles against wind,விசுவு இல்லீனா படலு இந்தக் காத்துக்குத்தாங்காது.,பெயர்ச்சொல்,farming_livestock | action_verbs,,pm,
4541,விசுவு கயிறு,,vicuvu kayiṟu,,ஆட்டுப் பட்டியின் படல்கள் காற்றில் விழுந்து விடாமல் இருக்க வெளிப்புறத்தில் இழுத்துக் கட்டப்பட்டுள்ள கயிறு.,bracing guy rope for sheep-pen hurdle,விசுவு கவுறு ஒரு காத்துக்குத் தாங்காது நல்லதாப்போடு.,பெயர்ச்சொல்,farming_livestock,,pm,
4542,விசுவுகம்பி,,vicuvukampi,,உயரமாக இருப்பதை தாங்கிப் பிடிப்பதற்காக சாய்வாக இழுத்துக் கட்டப்படும் கம்பி.,stay wire | bracing guy wire,விசுவுகம்பி கட்டியிருந்ததெ பாக்காமெ போயி தலையில அடிச்சிருச்சு,,home_household,,np,
4543,விசை,,vicai,,தடவை.,time | turn,காட்டுக்கு எத்தனவெச நடப்ப.,வினைச்சொல்,speech_phrase,,pm,
4544,விட்டம்,,viṭṭam,,வீட்டின் குறுக்கே மேற்பரப்பில் அவக்கும் மரம்.,crossbeam | ceiling joist,,,home_household,,od | np,
4545,விட்டிவிப்பட்டன்,,viṭṭivippaṭṭaṉ,,அனாதை.,orphan | castaway without kin,,,kinship | human_behavior,,np,
4546,விட்டை,,viṭṭai,,"காய்ந்த மலம். | (1) | நாய், பன்றி ஆகியவற்றின் மலம்.(2)",dried animal dung lump | feces,காலப் பாத்து வெச்சு வா. விட்ட விட்டையாக்கிடக்குது. | பன்னிவிட்ட பொறுக்கிக் குமிச்சிருக்காங்க.,பெயர்ச்சொல்,nature_animals | body_health,,pm,
4547,விடலை,வெடலை,viṭalai,veṭalai,சுயகட்டுப் பாடு இல்லாத வாலிபன்.,rash impulsive youth | adolescent boy,விடலைப் பசங்க குசும்பு பண்ணிட்டே இருக்காங்க.,,human_behavior,,np,
4548,விடியாமுண்டை,,viṭiyāmuṇṭai,,"திட்டுச்சொல். எவ்வளவு வசதி, பணம் இருந்தாலும் போதவில்லை என்று சொல்பவள்.",insatiable grumbling woman (pejorative),எத்தன கொண்டாந்து குடுத்தாலும் அந்த விடியாமுண்டைக்குப் பத்தமாட்டீங்குது.,பெயர்ச்சொல்,human_behavior | speech_phrase,,pm,
4549,விடியாமொவரை,,viṭiyāmovarai,,திட்டுச் சொல். தரித்திரம் பிடித்தவன்.,ominous ill-omened wretch (curse),அந்த விடியாமொவரையப் பார்த்தாலே நம்புளுக்கும் தரித்தனம் புடிச்சுக்கும்.,பெயர்ச்சொல்,human_behavior | speech_phrase,,pm,
4550,விடியால,,viṭiyāla,,காலை,early morning | dawn,,,time_seasons,,od,
4551,விடிவு,,viṭivu,,லாங்கியா கட்டலா.,dawn | salvation relief,,,time_seasons | human_behavior,,np,
4552,விடுசூளை,,viṭucūḷai,,"திட்டுச் சொல். பொறுப்பற்றுத் திரிபவன், போக்கற்றவன்.",irresponsible loafer | reckless vagabond,விடுசூளையோடவெல்லாம் ஒறவு வெச்சுக்காத.,பெயர்ச்சொல்,human_behavior | speech_phrase,,pm,
4553,விடுபூவு,,viṭupūvu,,உதிறிப்பூ.,loose unstrung flowers,,,nature_animals,,np,
4554,விடுமட்டம்,,viṭumaṭṭam,,உழவு வண்டி கறவைக்கும் தற்பொழுது பயன்படாத மாடு.,decommissioned retired bullock | unproductive cow,அது விடுமட்டமாப்போச்சு.,பெயர்ச்சொல்,farming_livestock,,pm,
4555,விண்ணாளம்,விண்ணாடம்,viṇṇāḷam,viṇṇāṭam,கேபி பேசுதல்.,mocking ridicule | frivolous mockery,எப்பப்பாரு விண்ணாளம் சேறதே இவனுக்கு வேல.,,human_behavior | speech_phrase,,np,
4556,விதாயம்,,vitāyam,,ஆலோசனை; யோசனை.,counsel | wise advice | recommendation,நீங்களே ஒரு விதாயம் சொல்லிக்குடுங்கோ.,பெயர்ச்சொல்,speech_phrase,,pm,
4557,விதைப்பருப்பு,,vitaipparuppu,,நிலக்கடலையில் விதைக்கெனப் பிரித்துத் தனியாக எடுத்த பருப்பு.,selected seed peanut kernels set aside for sowing,வெதப்பருப்புல எறும்பு ஏறிரப்போவுது.,பெயர்ச்சொல்,farming_livestock,,pm,
4558,விந்திவிந்தி,,vintivinti,,தொண்டுதல்.,limping along | hobbling painfully,ஏ இப்பிடி விந்தி விந்தி நடக்கற.,,body_health | action_verbs,,np,
4559,விர்ருனு,,virruṉu,,கோபமாக இருக்கும் போது முகத்தை ஒரு மாதிரியாக வைத்த.,scowling angrily | sullen expression,,,human_behavior,,np,
4560,விரதல்,,viratal,,"தற்பொழுது கன்று ஈன்றிராத, உடனடிப் பயனில்லாத மாடு.",dry unbred cattle temporarily unproductive,அந்த வெரதலுக்கும் ரண்டு தீனி போடு.,பெயர்ச்சொல்,farming_livestock,,pm,
4561,விரதலு,,viratalu,,மாடுகள் கினை தரங்க முடியாத நிலை.,sterile dry cattle unable to conceive,,,farming_livestock,,np,
4562,விரிவாங்கு,,virivāṅku,,"இறுக்கமாக இருப்பதை இரண்டாக பிளத்தல். | கெட்டியாகப் பிணைந்து இறுகியுள்ள சங்கிலி, கயிறு போன்றவற்றை இழுத்து நெகிழ்வாக்குதல்.",loosening tight knots or intertwined links,கவுறு இப்படி இறுக்கமாயிருக்குது. கொஞ்சம் விரிவாங்கு.,பெயர்ச்சொல்,action_verbs,,np | pm,
4563,விருத்தி,,virutti,,உற்புத்தி செய்தல். | பெருக்கம்.,multiplication | progeny increase | livestock breeding,இந்த எருத்த விருத்திக்கி உடட்ருக்கறம். | ஒரு ஆடு வெச்சிருந்தான். இன்னிக்கி விருத்தியாயி ஒரு பட்டி ஆடு வந்திருச்சு.,பெயர்ச்சொல்,farming_livestock,,np | pm,
4564,விருத்துக்குச்சு,,viruttukkuccu,,குளிர் அதிகமாகும்போது கால் விரைத்துக் கொள்ளுதல்.,legs stiffening numb with biting cold,காலு எல்லா அப்பிடியே விருத்துக்குச்சு.,,body_health | time_seasons,,np,
4565,விருப்பு,,viruppu,,மாடுகளுக்கு வரும் ஒரு நோய்.,cattle infection | fever disorder in cows,மாட்டுக்கெல்லாம் விருப்பு வருதாமா.,பெயர்ச்சொல்,farming_livestock | body_health,,pm,
4566,விருமத்தி,,virumatti,,புத்தி சுவாதீனம் அல்லாமல்.,demented state | mental instability,எங்கிமோ விருமத்தி புடிச்சி திரிய.,,human_behavior | body_health,,np,
4567,விருமித்தி,,virumitti,,எதுவும் செய்யாமல் அசைவற்று இருப்பவரைக் குறிக்கும் சொல்.,lifeless statue-like lounger | numb idler,விருமித்தி புடிச்சவனாட்டம் இருக்கறானே.,பெயர்ச்சொல்,human_behavior,,pm,
4568,விருவிருப்பு,,viruviruppu,,குளிர்ந்த ஈரப்பதம்.,damp chilled coolness of soil,நெலத்துலெ ஐரே விருவிருப்பா இருக்கு.,,nature_animals | time_seasons,,np,
4569,விரோச்சனு,,virōccaṉu,,ஒன்றுமில்லாத திலை.,empty barren state | desolate lack of children,கொழந்தைகெ இல்லாமெ விரோச்சனு இருக்குது.,,human_behavior,,np,
4570,வில் வண்டி,,vil vaṇṭi,,பயணம் செய்வதற்கான வண்டி; சவாரி வண்டி.,hooded spring-mounted passenger cart,அவுங்க வில்வண்டி கூட வெச்சிருக்கறாங்க.,பெயர்ச்சொல்,farming_livestock,,pm,
4571,வில்த்தப்பை,,vilttappai,,சவாரி வண்டியில் சக்கரத்தையும் வண்டியின் மேல் பகுதியையும் இணைக்கும் வில் வடிவிலான பகுதி.,leaf spring suspension bar on passenger cart,வில்த்தப்ப நல்லா இருக்குதான்னு பாரு.,பெயர்ச்சொல்,farming_livestock,,pm,
4572,வில்லச்சாளை,,villaccāḷai,,கடைகளில் விற்கப்படும் (சீமை) ஓடு கொண்டு கூரைவேயப்பட்ட சிறு வீடு; கொட்டகை.,tiled-roof cottage | brick-tiled shed,வில்லச் சாளையில என்ன அடுக்கி வெச்சிருக்குது.,பெயர்ச்சொல்,home_household,,pm,
4573,வில்லுவண்டி,,villuvaṇṭi,,அச்சின்மேல் வில் பொருத்திய கூண்டு வண்டி.,spring carriage | covered passenger bullock cart,வில்லு வண்டில நாங்க சவாரி போனம்.,,farming_livestock,,np,
4574,வில்லெ,,ville,,பொத்தான்.,shirt button | snap fastener,அங்கராக்குலெ வில்லெயப் போடு.,,dress_accessories,,np,
4575,வில்லை ஓடு,,villai ōṭu,,தொழிற்சாலைகளில் தயாரிக்கப்பட்டு கடைகளில் விற்கும் கூரை வேய உதவும் தட்டை வடிவான ஓடு.,Mangalore tile | flat terracotta roof tile,வில்லை ஓடு போட்டரலாம்னு பார்க்கறன். காசு கெடைக்கல.,பெயர்ச்சொல்,home_household,,pm,
4576,விலக்குமாறு,வெளாக்குமாவு,vilakkumāṟu,veḷākkumāvu,மண்வாசலைக் கூட்டும் தென்னை ஓலை; ஈர்க்குச்சிகளால் ஆன துடைப்பம். | காண்க. விளக்குமாறு.,coconut palm rib broom | sweeping broom | coconut broom,வெலக்கமாத்த எடுத்து வாசலக்கூட்டு மொதல்ல.,பெயர்ச்சொல்,home_household,,pm | np,
4577,விழுது,,viḻutu,,நிலக்கடலைச் செடியில் காயாக இருக்கும் வேர்.,peg root of peanut plant penetrating ground,கடலச்செடி விழுது எறங்கீருச்சு.,பெயர்ச்சொல்,farming_livestock,,pm,
4578,விளக்குக் கூடு,,viḷakkuk kūṭu,,கோயில்களில் ஏற்றும் சிறு அகல் விளக்குகள் அணைந்து விடாமலிருக்க சுடுமண்ணால் செய்து வைக்கப்படும் கூண்டு.,terracotta wind-guard cage for oil lamp in temples,வௌக்குக் கூடு ஒண்ணு இல்லாத இந்தக் கோயில்ல கஷ்டம்.,பெயர்ச்சொல்,festival_religion | home_household,,pm,
4579,விளாவு,,viḷāvu,,குளிக்கப் போதுமான சூட்டில் இருக்க வெந்நீரில் தண்ணீர் கலத்தல்.,tempering hot bathwater with cold water,சுடுதண்ணி வெளாவி வெச்சிட்டியா.,வினைச்சொல்,home_household | action_verbs,,pm,
4580,விறிச்சி,,viṟicci,,சகுனம் பார்த்தல்.,consulting omens | reading auspices,,,festival_religion,,np,
4581,விறுவிறுப்பு,,viṟuviṟuppu,,வேகமும் சுவாரஸ்யமும் கொண்ட.,lively and brisk | excitingly engrossing,அந்தப்படம் ஒரே விறு விறுப்பா இருக்குது.,,speech_phrase,,np,
4582,வினையம்,,viṉaiyam,,தந்திரமாகப் பிறருக்குக் கேடு விளைவிக்கும் எண்ணம்; செயல்; சூது.,malice | deceitful intrigue | treacherous cunning,அவுனுக்கு நெறைய வெனயம் இருக்குது.,பெயர்ச்சொல்,human_behavior,,pm,
4583,விஷண்ணம்,வெசணம்,viṣaṇṇam,vecaṇam,நோவுகை,aching bodily distress | pain and misery,,,body_health,ஸம்ஸ்கிருதம்- மனஸ்தாபம் | சம்ஸ்கிருதம்- மனஸ்தாபம்,od,
4584,வீச்சம்,,vīccam,,துர்நாற்றம்.,stench | foul odor | repulsive reek,இங்கன ஒரே வீச்சமடிக்குது.,,body_health,,pm | np,
4585,வீசுகன்னு,,vīcukaṉṉu,,மாடுகள் குறை பிரசவத்தில் வெளியே தள்ளும் கன்று. | மாடுகளுக்கு நேரும் குறைப்பிரசவத்தால் வெளியே வந்துவிடும் வளர்ச்சியற்ற கன்று.,aborted fetus | premature dead calf,இந்த தடவ கெடாரி வீசுகன்னு போட்ருச்சு. | வீசுகன்னப் பாக்கவே முடியில பாவம்.,பெயர்ச்சொல்,farming_livestock,,np | pm,
4586,வீசுகுட்டி,,vīcukuṭṭi,,ஆடுகள் குறை மாதத்தில் ஈனும் வளர்ச்சியற்ற குட்டி.,aborted lamb or doe kid | stillborn premature lamb,அந்த ஆடு வீசுகுட்டி போட்டிருச்சுது.,பெயர்ச்சொல்,farming_livestock,,pm,
4587,வெக்க முடியாது,,vekka muṭiyātu,,வைக்க முடியாது.,cannot keep | cannot place,இங்கியெல்லாம் சாமானை வெக்க முடியாது.,,speech_phrase,,np,
4588,வெக்காயி,,vekkāyi,,வெக்கப்படுபவள்.,shy or bashful woman or girl,"அவ ஒரு வெக்காயி, முன்னாடி வரமாட்டா.",பெயர்ச்சொல்,human_behavior,,np,
4589,வெக்காயெ,,vekkāye,,தெளிவில்லாதவன்.,clueless blundering fellow | muddle-headed man,சுத்த வெக்காயெனா இருக்கெ.,,human_behavior,,np,
4590,வெக்கு வெக்குனு,வேகு வேகுனு | வேகுவேகுன்னு,vekku vekkuṉu,vēku vēkuṉu | vēkuvēkuṉṉu,அவசர அவசரமாய். | வேகமாக.,hurriedly | in frantic haste | rapidly,வெக்கு வெக்குனு நட | வேகுவேகுன்னு திங்காத தொண்டயில சிக்கிக்கும்.,,speech_phrase,,od | np,
4591,வெக்கெ,வெக்கை,vekke,vekkai,அதிக வெய்யிலாலி உருவாகும் வெப்பம்.. 'ஒரே கெக்கெயா இருக்குது.'(1) | வேர்க்குரு.(2) | வெயில் உண்டாகும் அதிகமான வெப்பம் | அதிக வெயிலால் ஏற்படும் வெப்பம். | (1) | வேர்க்குரு.(2),oppressive summer heat | prickly heat rash,வெய்மிலுக்கு உடம்பெல்லா வெக்கெ போட்ருக்குது. | ஒரே வெக்கை அடிக்குது. | வெக்கைக்கு நொங்குத் தண்ணி தடவு.,,time_seasons | body_health,,np | od | pm,
4592,வெகரொ,,vekaro,,விபரம்.,details | facts | comprehension,ஒரு வெகரொமுங் கெடயாது.,,speech_phrase,,np,
4593,வெகு,,veku,,அதிக,far | much | very,வெகு தூரம் போகணும்,,measure_units | speech_phrase,,od,
4594,வெங்கச்சங்கல்,,veṅkaccaṅkal,,உடைத்தால் வெண்மை நிறமுள்ள துகள்களாய்ச் சிதறும் ஒரு வகைக் கல்.,white quartz rock | crumbling silica stone,வெங்கச்சங்கல்லாப் பாத்து பொறுக்கியா.,பெயர்ச்சொல்,nature_animals,,pm,
4595,வெங்கதநாயி,,veṅkatanāyi,,ஓன்றும் இல்லாதவன்.,worthless destitute wretch (abusive term),வெங்க நாயி போகுதாமா பங்குனி உத்தீற்த்துக்கு,,human_behavior | speech_phrase,,np,
4596,வெச்சரலர,,veccaralara,,வைத்து விடலாம்.,we can place it | we can keep it there,இதிபெ அங்கியே வெச்சராலாமல்ல.,,speech_phrase,,np,
4597,வெசக்கா,,vecakkā,,தடவை; முறை.,turn | time | occasion,எத்தன வெசக்கா நடக்கறது.,வினைச்சொல்,speech_phrase,,pm,
4598,வெசயா,,vecayā,,விரைவாக,quickly | speedily | swiftly,,,speech_phrase,விசையாக,od,
4599,வெசனம்,,vecaṉam,,வருத்தம்/சோகம் | விசனம் | கவலை.,sorrow | grief | sadness,ஏண்டா அவன் வெசனம் புடிச்சு உக்காந்திருக்கான்? | எதுக்கு வெசனம் புடிச்சுக் கெடக்கற.,பெயர்ச்சொல்,human_behavior,,od | pm,
4600,வெசனெர,,vecaṉera,,கவலை.,melancholy | worried anxious gloom,என்ன ஒரே வெசனமா இருக்கிங்க.,,human_behavior,,np,
4601,வெசாலம்,வெசாழக்கிழமை,vecālam,vecāḻakkiḻamai,வியாழக்கிழமை,Thursday,,,time_seasons,,od,
4602,வெஞ்சனம்,,veñcaṉam,,"சாப்பாட்டுக்குத் தொட்டுக் கொள்ளும் கறி, கூட்டு, பொரியல் போன்ற தொடுகறி.",side dishes | curries and accompaniments with rice,சாப்பாட்டுக்கு வெஞ்சனம் என்ன வெச்சிருக்கீங்க?,பெயர்ச்சொல்,food_cooking,பொருள் உறுதிப்படுத்தப்படவில்லை (AI உருவாக்கம்) · Meaning not verified (AI generated),od,
4603,வெட்டருவாளு,,veṭṭaruvāḷu,,காண்க. கொழுவாளரை.,heavy chopping billhook | machete,,,farming_livestock | home_household,,np,
4604,வெட்டவெடியாலெ,,veṭṭaveṭiyāle,,நன்கு விடிந்த அதிகாலை நேரம்; விடியற்காலை.,crack of dawn | first light of day,வெட்டவெடியாலெ எந்திரிச்சு எங்க போற?,,time_seasons,,np,
4605,வெட்டாட்டம்,,veṭṭāṭṭam,,தாய விளையாட்டில் எதிராளியின் காயை வெட்டிய பின் கூடுதலாக எடுத்தாட வாய்ப்புக் கிடைக்கும் ஆட்டம்.,bonus turn in cowrie board game after capturing opponent's piece,வெட்டாட்டத்துல ரண்டு பனன் உழுந்திருக்குது.,பெயர்ச்சொல்,festival_religion | home_household,,pm,
4606,வெட்டாப்பு,,veṭṭāppu,,தொடர்ந்து மழை பெய்து கொண்டு இருக்கும் போது இடையே சிறிது நேரம் மழை நிற்கும் இடைவெளி. | மழை தொடர்ந்து பெய்து விட்டு சிறிது இடைவெளி விடுதல்.,lull in the rain | brief pause between rain showers,இப்பத்தான் கொஞ்சம் வெட்டாப்பு உட்டிருக்குது. | மழெ வெட்டாப்பு உட்ருச்சு சீக்கிரம் போலாம்.,பெயர்ச்சொல்,nature_animals | time_seasons,,np | pm,
4607,வெட்டிநாயொ,,veṭṭināyo,,வீணான பேச்சு.,idle drivel | useless senseless talk,வெட்டிநாயொம் பேசாம வேலயப்பாரு.,,speech_phrase | human_behavior,,np,
4608,வெட்டு,,veṭṭu,,தாய விளையாட்டில் எதிராளியின் காயால் ஒருவரின் காய் வெட்டுப்படுதல்.,capture of a piece in board game,ரண்டு வெட்டு வெட்டீருக்கறன்.,பெயர்ச்சொல்,home_household,,pm,
4609,வெட்டுக்காயப்பூ,,veṭṭukkāyappū,,ஒருவகை செடி.,coat buttons herb | Tridax procumbens (used for cuts),புடுங்கி வெளையாடலாம்.,,nature_animals | body_health,,np,
4610,வெட்டுக்கால்,,veṭṭukkāl,,வெற்றிலைக் கொடிக்கால் போட உருவாக்கப்படும் பாத்தி.,prepared trench bed for planting betel vines,வெட்டுக்கால் வேல முடிஞ்சுதா.,பெயர்ச்சொல்,farming_livestock,,pm,
4611,வெட்டுக்கை,வெட்டுகையை,veṭṭukkai,veṭṭukaiyai,கூரை முகட்டில் இணையும் கவிழ்த்த V போன்ற அமைப்பில் பொருத்தப்படும் மரக்கட்டை. | கூரை முகட்டில் இணையும் கட்டை.,roof ridge collar tie | V-shaped rafter junction beam,வெட்டுக்கையில கரையான் புடிச்சிருச்சு. | வெட்டுக்கையில பூச்சியா அரச்சிருக்கு.,பெயர்ச்சொல்,home_household,,np | pm,
4612,வெட்டை,,veṭṭai,,உறுதியற்று.,brittle and hollow | weak and unsolid,பென்சில் வெட்டையாப்போச்சு.,வினைச்சொல்,speech_phrase,,pm,
4613,வெட்ருப்பு,,veṭruppu,,கடுகடுப்பு அந்தப் பொம்பள ரொம்ப வெட்ருப்பானவ. பார்த்துப் பேசிட்டு வா,sullen harshness | cranky bad temper,,,human_behavior,,od,
4614,வெடக்கோழி,,veṭakkōḻi,,"நாட்டுக்கோழி, நல்ல.",country pullet | young layer hen,வெடக்கோழியா அடிச்சு கொழம்பு வைக்கணு.,,farming_livestock | nature_animals,,np,
4615,வெடலத் தேங்காய்,,veṭalat tēṅkāy,,சிதறு தேங்காய்.,sacrificial coconut smashed on temple stone,சாமிக்கி வெடலத் தேங்கா ஒடைக்கோணு.,,festival_religion,,np,
4616,வெடிகொட்டை,,veṭikoṭṭai,,ஆமணக்குச் செடியில் காய்ந்த காயிலிருந்து வெடித்து மண்ணில் விழும் விதை.,burst castor seed scattered from capsule,வெடிகொட்ட பொறுக்கப் போலாமா.,பெயர்ச்சொல்,farming_livestock,,pm,
4617,வெடியக்காலெ,,veṭiyakkāle,,விடியற்காலையில்.,at daybreak | in the early morning,வெடியாலையெ சொன்னாங் கேட்டியா.,,time_seasons,,np,
4618,வெடியால,வெடியாலெ,veṭiyāla,veṭiyāle,விடியற்காலை; பொழுது விடியும் அதிகாலை நேரம்.,morning | daybreak,,பெயர்ச்சொல்,time_seasons,,od,
4619,வெடியெவெடியெ,,veṭiyeveṭiye,,விடியவிடிய.,all through the night till dawn | overnight,வெடி வெடி தீபாவளி வெடிஞ்சா ஆமாவாசை.,,time_seasons,,np,
4620,வெடுக்குனு,வெடுக்குன்னு,veṭukkuṉu,veṭukkuṉṉu,வெடுக்கெண்டு | விரைவாக | உடனடியாக.,swiftly | suddenly grabbing or snapping,என்ற பேனாவ வெடுக்குன்னு புடுங்கிட்டான்- என் எழுதுகோலை சட்டென்று பறித்துவிட்டான் | எதா இருந்தாலும் வெடுக்குனு சொல்லு.,,speech_phrase,,od | np,
4621,வெடுக்குனு இருக்குது,,veṭukkuṉu irukkutu,,சுகமாக இருக்கிறது,comforting and refreshing | feeling pleasantly relieved,வெந்தண்ணில தண்ணி வார்த்தா வெடுக்குனு இருக்கும் - சுடு நீரில் குளித்தால் சுகமாக இருக்கும் | என்ற பேனாவ வெடுக்குன்னு புடுங்கிட்டான்- என் எழுதுகோலை சட்டென்று பறித்துவிட்டான்,,body_health,,od,
4622,வெடுஞ்சுருச்ச,,veṭuñcurucca,,விடிந்துவிட்டது.,dawn has broken | day has dawned,பொழுது வெடிஞ்சுருச்சு இன்னுமு எந்திரக்கலயா.,,time_seasons,,np,
4623,வெடை,,veṭai,,முட்டையிடும் பருவம் எய்தாத பெட்டைக் கோழி; பெட்டைக் கோழிக்குஞ்சு.,pullet | young domestic hen,இந்தக் கூம்பு எத்தன வெடை பொறிச்சிருக்குது.,பெயர்ச்சொல்,nature_animals | farming_livestock,,pm,
4624,வெடைகுஞ்சு,வெடைக் குஞ்சு | பெட்டைக்குஞ்சு,veṭaikuñcu,veṭaik kuñcu | peṭṭaikkuñcu,பெண் கோழிக்குஞ்சு; முட்டையிடும் பருவம் எய்தாத இளம் பெட்டைக் கோழி.,female chick | young pullet,அந்தக் கூண்டுல மூணு வெடைகுஞ்சு இருக்குது.,பெயர்ச்சொல்,farming_livestock | nature_animals,பெட்டைக் கோழிக்குஞ்சு என்பது கொங்கு வழக்கில் 'வெடைகுஞ்சு' என வழங்கப்படுகிறது.,od,
4625,வெண்டு,,veṇṭu,,சுண்டிப்போதல். | கனமற்ற மரத்துண்டு; தானியத் தட்டைகளின் உள்ளிருக்கும் தக்கை. | (1) | தண்ணீர் பற்றாக்குறையில் பஞ்சு போலான கரும்பின் நடுப் பகுதி.(2),pithy dry wood or crop stalk | hollow dehydrated sugarcane,ரொம்ப வெண்டின காயா வாங்கியாந்தருக்க. | வெண்டு மொதக்குது குண்டு முழுவுது - பழமொழி | வெண்டோடுனதனால கரும்பு எடையே இல்ல.,பெயர்ச்சொல்,farming_livestock | nature_animals,,np | pm,
4626,வெண்ணம்புல்,,veṇṇampul,,ஒரு வகைப் புல்.,soft white-tufted pasture grass,வெண்ணம்புல் நெறய இருக்குது. ஆனா மாடு மேயில.,பெயர்ச்சொல்,nature_animals | farming_livestock,,pm,
4627,வெத்சண்டன்,,vetcaṇṭaṉ,,வாலிபன்.,robust young lad | sturdy unmarried youth,ஆளா வெந்தண்டனோட்ட வளந்துருக்க ஆனா வெவரமே இல்ல.,,human_behavior | kinship,,np,
4628,வெதக்கூடெ,,vetakkūṭe,,விதைகள் போட்டு வைத்திருக்கும் கூடை.,basket for storing seed grains,தெக்காலெ பொழிமேலெ பாரு வெதக்கூடை இருக்குது எடுத்துட்டு வா.,,farming_livestock | home_household,,np,
4629,வெதப்பொட்டி,,vetappoṭṭi,,விதைப்பெட்டி. தானியத்தை நிலத்தில் விதைப்பதற்குப் பயன்படும் பிரம்புப் பெட்டி.,cane seed box used during sowing,வெதப்பொட்டியக்கும்புட்டு எடுடா.,பெயர்ச்சொல்,farming_livestock,,od | pm,
4630,வெதப்பொழவு,வெதை ஒழவு,vetappoḻavu,vetai oḻavu,மழை பெய்தவுடன் விதைக்கும்போது உழும் உழவு. | விதைப்பின்போது போடப்படும் உழவு.,sowing ploughing | furrowing for seed sowing,வெதப்போழவு ஓட்டியுனும் | வெதப்பொழவுக்கப்பறம் ஒழவு போடல.,பெயர்ச்சொல்,farming_livestock,,np | pm,
4631,வெதயம்,,vetayam,,விபரமான.,knowledgeable | shrewd and well-informed,ஆளா ரொம்ப வெதயமாத்த இருக்க.,,human_behavior,,np,
4632,வெதுரு,,veturu,,ஆணின் விரை.,testicle | scrotum,பேசாதிடா வெதுரெடுத்துப் புடுவன் டேய்.,பெயர்ச்சொல்,body_health,,pm,
4633,வெந்தண்டன்,,ventaṇṭaṉ,,திருமணமான பருவம் வந்தும் திருமணம் ஆகாமல் இருக்கும் ஆண்; பிரமச்சாரி.,bachelor | unmarried grown youth,வெந்தண்டனுங்களோடு சேந்துக்கிட்டு எங்கடா சுத்துன.,பெயர்ச்சொல்,human_behavior | kinship,,pm,
4634,வெந்தண்ணி,,ventaṇṇi,,சுடுதண்ணீர். | வெந்நீர் | சுடுதண்ணீர்,hot water | warm water | warm bathwater,வெத்தண்ணி ஆறிப்போறதுக்குள்ள தண்ணி குளித்து.,,home_household,,np | od,
4635,வெந்நீர்ப்பால்,,vennīrppāl,,குறைந்த பாலில் அதிக நீர் ஊற்றிக் கடைகளில் விற்கும் பால்.,watery diluted tea-stall milk,ஒரு வெந்நீர்ப்பால் குடுப்பா.,பெயர்ச்சொல்,food_cooking,,pm,
4636,வெம்பல்,,vempal,,மழை போல் பனி பெய்தல்.,dense falling dew like rain | heavy damp frost,வெம்பலா இருக்குது.,,nature_animals | time_seasons,,np,
4637,வெய்யக்காயறெ,,veyyakkāyaṟe,,வெய்யிலில் காத்துக் கொண்டிருத்தல்.,waiting baked in the blazing sun,ஏ இப்பிடி வெய்யக்காயற.,,body_health | time_seasons,,np,
4638,வெய்வது,,veyvatu,,திட்டுவது,scolding | rebuking | verbally abusing,,,speech_phrase | action_verbs,,od,
4639,வெய்வாங்கெ,,veyvāṅke,,திட்டுவார்கள்.,they will scold | they will reprimand,எங்கூட்டுல என்ன வெய்வாங்க நான் போறேன்.,,speech_phrase,,np,
4640,வெயிங்கெ,,veyiṅke,,வைத்து விடுங்கள். வைத்திருங்கள்.,please place | keep it there,உங்ககிட்டியே வெய்ங்க.,,speech_phrase,,np,
4641,வெயில் தாழ,வெயிலுதாழ | வெய்ய தாழ,veyil tāḻa,veyilutāḻa | veyya thāḻa,வெயில் குறையும் நேரம்; மாலைப் பொழுது.,as the sun goes down | late afternoon when heat subsides,வெயில் தாழ போலாம் பொறு.,,time_seasons,,od,
4642,வெரசல்,,veracal,,சுறுசுறுப்பு.,quickness | agility | brisk promptness,பையன் நல்ல வெரசலுத்தான்.,பெயர்ச்சொல்,human_behavior,,pm,
4643,வெரசலர,,veracalara,,வேகமாக.,quickly | briskly | swiftly,வெரசலா வா பஸ்சு போயிரும்.,,speech_phrase,,np,
4644,வெருசா,வெர்சா,verucā,vercā,சீக்கிரமாய்,swiftly | in a hurry | promptly,,,speech_phrase,,od,
4645,வெலக்கியு,,velakkiyu,,விலக்கிவிடு.,step aside | separate the fighters,அங்கெ சண்ட கட்டிக்கிறாங்க கொஞ்சொ வெலக்கிவிடு.,,speech_phrase | action_verbs,,np,
4646,வெலா,,velā,,நிலத்தை உழும்போது சுற்றி வர வசதியாகப் பிரித்துக் கொள்ளும் உழவுப் பகுதி.,ploughing land strip | furrow plot segment,வெலா அறுத்து ஓட்டு.,பெயர்ச்சொல்,farming_livestock,,pm,
4647,வெலா அறு,,velā aṟu,,உழவின்போது சுற்றிவர வசதியாகப் பிரித்துக் கொள்ளப்பட்ட உழவுப் பகுதி முடிந்தவுடன் புதிய பகுதியை உழத் தொடங்குதல்.,finishing one furrow strip and starting the next,,வினைச்சொல்,farming_livestock | action_verbs,,pm,
4648,வெலாசமை,,velācamai,,உழவின்போது சுற்றிவர வசதியாகப் பிரித்துக் கொள்ளப்பட்ட உழவுப் பகுதி உழுது முடிந்துவிடுதல்.,completion of ploughing a designated furrow section,வெலா சமஞ்சிருச்சு.,வினைச்சொல்,farming_livestock | action_verbs,,pm,
4649,வெலாவகுல்,,velāvakul,,சூடாக இருக்கும் நீரை குளிர்ந்த நீரை ஊற்றி ஆற வைத்தல்.,tempering scalding water by adding cold water,சுடுதண்ணீய நல்லா வெலாவிடு.,,home_household | action_verbs,,np,
4650,வெலாவு,,velāvu,,ஏர் வரிசை,plough furrow line | row of furrows,,,farming_livestock,,od,
4651,வெலெவிக்கிலெ,,velevikkile,,சரியான விலை கிடைக்கவில்லை.,did not fetch a fair price | sold at poor price,சந்தக்கிப் போயும் தக்காளி வெலெவிக்கிலை.,,speech_phrase,,np,
4652,வெவ்வாலம்,,vevvālam,,ஒன்றன் மீது கொள்ளும் பேராசை; வெறி.,insatiable greed | obsessive craze,வெவ்வாலம் புடிச்சவனாட்டம் திரியற.,பெயர்ச்சொல்,human_behavior,,pm,
4653,வெவசாடியா,,vevacāṭiyā,,விவசாயம்.,farming | agriculture,வெவசாயோ இல்லீன்னா சோறு எப்பிடி திங்கற.,,farming_livestock,,np,
4654,வெவரொ,,vevaro,,காண்க. விவரம்.,details | facts | practical intelligence,,,speech_phrase | human_behavior,,np,
4655,வெவுரி,,vevuri,,விடியலில் இருள் பிரிந்து லேசாக வெளிச்சம் வரும் நேரம்.,first grey light of dawn | twilight before sunrise,வெவுரி ஓடிருச்சி. எந்திரிடா.,பெயர்ச்சொல்,time_seasons,,pm,
4656,வெள்ளச்சோளொ,,veḷḷaccōḷo,,"வெள்ளை நிறமுடைய சோளம், அப்பாவி.",white sorghum grain | simple-hearted naive person,,,farming_livestock | food_cooking,,np,
4657,வெள்ளதாரை,வெள்ளத்தாரை,veḷḷatārai,veḷḷattārai,நீர் போகும் பாதை | காய்ந்த பின் தெரியும் வெள்ளம் ஓடிய சுவடு; தடம்.,dry flood wash course | torrent bed,வெள்ளதாரையில் மணல் கெடக்கும் அள்ளியா.,பெயர்ச்சொல்,nature_animals | place_direction,,od | pm,
4658,வெள்ளப்பாச்சி,,veḷḷappācci,,இரத்தம் இன்றி வெளேரென்று இருத்தல்.,anaemic paleness | completely blanched pale skin,ஆளு வெள்ளப்பாச்சி அடிச்சிப் போய்ட்டான் பாரு.,,body_health,,np,
4659,வெள்ளவெளோரனு,,veḷḷaveḷōraṉu,,வெளேரென்று.,dazzlingly white | gleaming pure white,வெள்ளவெளேர்னு இருக்குறாண்டா.,,speech_phrase,,np,
4660,வெள்ளவேலா மரம்,,veḷḷavēlā maram,,வெண்மைநிறக் கிளைகளைக் கொண்ட முட்கள் நிறைந்த ஒருவகை மரம் (கருவேல மரத்தைப் போன்றது. இதற்கும் நிற வேறுபாடு தவிர பிற அனைத்தும் ஒற்றுமையாகவே இருக்கும். சாராயம் காய்ச்சுவதற்கு பயன்படுத்துவர்).,white-bark acacia tree | Acacia leucophloea,வெள்ளவேலா மரந்தான் ஏரியில நெறைய இருக்குது.,பெயர்ச்சொல்,nature_animals,,pm,
4661,வெள்ளாங்காய்,வெள்ளவெங்காயம்,veḷḷāṅkāy,veḷḷaveṅkāyam,வெங்காயம் | பூண்டு,garlic bulb | small onion,,,food_cooking,,od,
4662,வெள்ளாங்பூண்டு,,veḷḷāṅpūṇṭu,,பூண்டு,garlic | Allium sativum,,,food_cooking,,od,
4663,வெள்ளாமக்காடு,,veḷḷāmakkāṭu,,"பயிர் செய்யப்பட்டுள்ள, பயிர்கள் உள்ள நிலம்.",cultivated crop field | farmland with standing crops,வெள்ளாமக் காட்டுல ஆட்ட உட்றாத.,பெயர்ச்சொல்,farming_livestock | place_direction,,pm,
4664,வெள்ளாமை,வெள்ளாம,veḷḷāmai,veḷḷāma,வேளாண்மை. விவசாயம்.,agriculture | crop cultivation,இந்த தடவ வெள்ளாமை இல்ல.,,farming_livestock,,np,
4665,வெள்ளாவி,,veḷḷāvi,,துணிகளை உவர்மண் கரைசலில் நனைத்து சலவை செய்தல்.,traditional dhobi steam bleaching of clothes with alkaline earth,துணிய வெள்ளாவியில போட்டு கலரு மாறிப்போச்ச.,,home_household | action_verbs,,np,
4666,வெள்ளெலி,,veḷḷeli,,"வயல் வரப்புகளில் வளை வைத்துக் கொண்டு தானியங்களை உண்டு வாழும், அடிப்பகுதி வெண்மை நிறமான எலி.",white-bellied field rat,வெள்ளெலி புடிச்சாலாசு வறுக்கலாம்.,பெயர்ச்சொல்,nature_animals,,pm,
4667,வெள்ளெவெங்காயொ,,veḷḷeveṅkāyo,,பூண்டு.,garlic bulb,ரசத்துக்கு வெள்ளெவெங்காயம் போடு.,,food_cooking,,np,
4668,வெளக்கமுடியாது,,veḷakkamuṭiyātu,,விளக்கிக் கூற இயலாது.,cannot explain | beyond explanation,ஒனக்கு வெளக்கஞ் சொல்ல முடியாது போ.,,speech_phrase,,np,
4669,வெளக்கறது,,veḷakkaṟatu,,பாத்திரங்களை சுத்தம் செய்தல்.,scouring and washing cooking vessels,பாத்தரத்தெ எல்லாத்தையும் வெளக்கி வை.,,home_household | action_verbs,,np,
4670,வெளக்காஞ்சட்டி,,veḷakkāñcaṭṭi,,விளக்கு வைக்க களிமண்ணால் செய்யப்பட்ட சிறு விளக்கு.,small earthenware oil lamp dish,வெளக்காஞ்சட்டிய எடுத்தா தீவொம் போடலா.,,home_household | festival_religion,,np,
4671,வெளக்கு வெக்கிற தேரொ,,veḷakku vekkiṟa tēro,,மாலையில் வீடுகளில் விளக்கு ஏற்றும் நேரம்.,dusk when evening lamps are lit,வளக்கு வெக்கிற நேரத்துல வந்திருக்க.,,time_seasons | festival_religion,,np,
4672,வெளக்குமாடொ,,veḷakkumāṭo,,தீபம் ஏற்றி வைக்க வீட்டின் நடுவில் இருக்கும் சிறிய குழி.,wall niche for keeping evening oil lamp,வெளக்கு மாடத்துலெ பாரு வெளக்கிருக்குது.,,home_household,,np,
4673,வெளக்கெண்ணை,,veḷakkeṇṇai,,ஆமணக்கு எண்ணெய்.(1) | திட்டும் வார்த்தை.(2),castor oil | worthless fool,சூடு புடிச்சிகிச்சுனு வெளக்கெண்ணெய தொப்புள்ள வெச்ச சூடு தணிஞ்சுருச்சி | சுத்த வெளக்கெண்ணயா இருக்க.,,body_health | human_behavior,,np,
4674,வெளங்கமாட்டீங்குது,,veḷaṅkamāṭṭīṅkutu,,உருப்படியாக இல்லை.,does not make sense | useless and unproductive,எனக்கு ஒன்னுமே வெளங்க மாட்டீங்குது.,,speech_phrase,,np,
4675,வெளப்பீருவெ,,veḷappīruve,,தொலைத்து வருவாய்.,you will lose it | squander it,உங்கிட்ட குடுத்தாலு வெளப்பீருவ.,,action_verbs | speech_phrase,,np,
4676,வெளயலு,,veḷayalu,,வளையல்.,glass bangle | bangle ornament,வெளயலு வாங்கிக் குடுங்க.,,dress_accessories,,np,
4677,வெளயாடிட்டு,,veḷayāṭiṭṭu,,விளையாட்டு.,playing | frolicking,எப்பப் பாத்தாலு வெளயாடிட்டு இருக்கறதே வேலையாப் போச்சு.,,action_verbs,,np,
4678,வெளா,,veḷā,,ஏர் ஓட்டுவதில் ஓர் அளவு.,ploughing section | furrow strip,ரெண்டு குண்டலெ மட்டு வெளா அறுத்து ஓட்டு.,,farming_livestock | measure_units,,np,
4679,வெளிக்கொடை சாய்,,veḷikkoṭai cāy,,வண்டிச் சக்கரத்தில் கும்பம் வெளிப்பக்கமாகத் தள்ளி இருத்தல்.,outwards tilt of cart wheel hub,சக்கரம் வெளிக்கொட சாஞ்சிருக்குது. பாக்காம ஓட்டற.,வினைச்சொல்,farming_livestock,,pm,
4680,வெளிரோடுதல்,,veḷirōṭutal,,தலைமுடி லேசாக நரைக்கத் தொடங்குதல்.,hair beginning to streak with grey | greying hair,அதுக்குள்ள வெளிரோடிப் போச்சு உனக்கு.,வினைச்சொல்,body_health,,pm,
4681,வெளிவிடு,,veḷiviṭu,,ஆடுகளைப் பட்டியிலிருந்து மேய்ச்சலுக்காகத் திறந்துவிடுதல்.,releasing sheep from pen for grazing,ஆடு வெளி உட்ற நேரமாச்சு.,வினைச்சொல்,farming_livestock | action_verbs,,pm,
4682,வெளுச்சண்ணெ,,veḷuccaṇṇe,,தேங்காய் எண்ணெய்.,coconut oil,தலைக்கி வெளுச்சண்ணெ தேய்.,,food_cooking | body_health,,np,
4683,வெளேர்னு,,veḷērṉu,,வெண்மையாக.,bright white | pristine fair,,,speech_phrase,,np,
4684,வெளையியா,,veḷaiyiyā,,வெளியா.,outside | external,,,place_direction,,np,
4685,வெளையோனு,,veḷaiyōṉu,,விளைய வேண்டும்.,crops must yield well,வெள்ளாமெ வெளையொனு அப்பத்தெ கையில நாலு காசு பாக்கமுடியு.,,farming_livestock,,np,
4686,வெறக்கெட்ட தாரொ,,veṟakkeṭṭa tāro,,ஒரு விரல் இடைவெளி.,finger's breadth gap | narrow space,,,measure_units,,np,
4687,வெறிச்சோடி,,veṟiccōṭi,,ஒன்றும் இல்லாத நிலை.,deserted and desolate | totally vacant,இன்னிக்கு லீவுங்குறதுனால பஸ் ஸ்டாண்டு வெறிச்சோடிக் கெடக்குது.,,place_direction,,np,
4688,வெறுமானம்,,veṟumāṉam,,அமாவாசைக்கும் மூன்றாம் பிறைக்கும் இடைப்பட்ட நாள் | அமாவாசைக்கு அடுத்த நாள் (இந்நாளில் நல்ல செயல் எதுவும் தொடங்கமாட்டார்கள்).,day following the new moon | inauspicious empty day,"வெறும் வானம். அமாவாசையை, நெறஞ்ச அமாவாசை என்று குறிப்பிடுவார்கள். வெறுமானம் அன்று எந்த காரியமும் செய்யமாட்டார்கள் | வெறுமானத்தன்னிக்கி ஒன்னும் வேண்டாம்.",பெயர்ச்சொல்,time_seasons | festival_religion,,od | pm,
4689,வெறுமேலோட,,veṟumēlōṭa,,மேலுடம்பில் துணி இல்லாமல்.,bare-chested | shirtless,வெறுமேலோட சுத்தாத மேலுக்கு அங்கராக்கு போடு.,,dress_accessories,,np,
4690,வெறுவயிறு,,veṟuvayiṟu,,திட உணவு இல்லாமல் காலியாக வைத்துள்ள வயிறு.,empty stomach | fasting stomach,ராத்திரியில் வெறுவயிறோட இருக்கக்கூடாது.,பெயர்ச்சொல்,body_health,,pm,
4691,வெறுவாக்கெட்டவன்,,veṟuvākkeṭṭavaṉ,,காண்க. வெங்காயம்.,senseless incompetent wretch,வெறுவாக் கெட்டவன் விண்ணப்பம் போடறான்.,,human_behavior,,np,
4692,வேக்காடு,,vēkkāṭu,,வேகவைத்தல். | அதிக வெப்பத்தின் காரணமாக உண்டாகும் புழுக்கம். | (1) | பொறாமை.(2),stifling sweltering heat | simmering jealousy,சோத்த அரைவேக்காட்டுல எறக்கிட்டான். | ஒரே வேக்காடா இருக்குது. வெளிய படுத்துக்கலாம். | வேக்காடு புடிச்சவன்.,பெயர்ச்சொல்,body_health | human_behavior,,np | pm,
4693,வேக்குது,,vēkkutu,,வியர்த்தல்.,sweating | perspiring heavily in the heat,வெய்யிலுக்கு வேத்தொழுகுது.,,body_health,,np,
4694,வேக்கோப்பு,,vēkkōppu,,முட்டாள்,fool | thick-headed simpleton,,,human_behavior,,od,
4695,வேகாலொ,,vēkālo,,"வெய்யில் காலம், வறட்சிக்காலம்.",hot dry summer season,வேகாலொ ஆயிருச்சு தண்ணீத் தட்டுப்பாடு வரும்.,,time_seasons,,np,
4696,வேச்சியம்,,vēcciyam,,பங்காளிகளுக்குள் ஏற்படும் சொத்துத் தகராறு.,bitter partition dispute among agnatic coparceners,பிரிச்சுக் குடுத்தே ஆவோனுமின்னு வேச்சியம் கட்டறான்.,பெயர்ச்சொல்,kinship | human_behavior,,pm,
4697,வேச காலம்,,vēca kālam,,வெய்யில்காலம் | கோடை காலம் | வெயில் காலம் | கோடைக்காலம்.,summer season | hot months,வேசகாலத்துல தண்ணி நெறையக் குடிக்கோனும்.,பெயர்ச்சொல்,time_seasons,,od | pm,
4698,வேட்டை,,vēṭṭai,,வீட்டில் வளர்க்கும் நாய் நன்றாக இருக்க வேண்டும் என்ற வேண்டுதலுக்காகச் சிறு தெய்வக் கோயிலுக்குச் செய்து வைக்கும் நாய் உருவச் சுடுமண் சிற்பம்.,votive terracotta dog figurine offered at village shrine for dog's health,போன வருசம் செஞ்சு வெச்ச வேட்ட ஒடஞ்சு கெடக்குது.,பெயர்ச்சொல்,festival_religion,,pm,
4699,வேடு,,vēṭu,,"சட்டி, குடம் போன்றவற்றில் எண்ணெய், நெய் போன்றவற்றை வைத்து வாய்ப் பகுதியை மூடிக் கட்டும் துணி.",cloth tied over mouth of oil or ghee vessel,எண்ணெக் கொடத்த வேடு கட்டி வெக்கறதுதான.,பெயர்ச்சொல்,home_household,,pm,
4700,வேடை,,vēṭai,,தாகம்; வேச காலம்; தாகத்தால் ஏற்படும் நாவறட்சி அல்லது உடல் சூடு; புழுக்கம்.,parching thirst | suffocating body heat,"வேடை தாங்க முடியல, கொஞ்சம் தண்ணி குடு.",பெயர்ச்சொல்,body_health,,pm,
4701,வேண்டுதலை,,vēṇṭutalai,,ஏதாவது ஒரு காரியம் குறித்துக் கடவுளுக்குச் செய்து கொள்வதாக நேர்ச்சி.,vow or religious pledge made to a deity,கோயிலுக்கு ஒரு வேண்டுதல இருக்குது.,பெயர்ச்சொல்,festival_religion,,pm,
4702,வேது,,vētu,,"துணி, வறுத்த தவிடு, சூடு செய்த மண்பானை ஓடு முதலியவற்றை உடம்பில் வீக்கம் வலி உள்ள இடங்களில் வைத்து ஒற்றி எடுத்தல்; ஒத்தடம்.",warm poultice compress for pain or swelling,வீக்கத்துக்கு கொஞ்சம் வேது குடு.,பெயர்ச்சொல்,body_health,,pm,
4703,வேப்பெண்ணை கலயம்,,vēppeṇṇai kalayam,,மாட்டுக்கும் பயிருக்கும் பூச்சிக் கொல்லியாகப் பூச வேப்பெண்ணெய் வைக்கும் மண் கலயம்.,earthen pot holding neem oil for farm use,வேப்பெண்ணை கலயத்த எடுத்து மாட்டுப் புண்ணுக்குத் தடவு.,பெயர்ச்சொல்,farming_livestock | home_household,பொருள் உறுதிப்படுத்தப்படவில்லை (AI உருவாக்கம்) · Meaning not verified (AI generated),od,
4704,வேய்க்கானம்,வேக்கானொ,vēykkāṉam,vēkkāṉo,அறிவு. | புத்திசாலி | விவரம் | புத்தி கூர்மை; மிகுந்த அறிவு; விபரம்.,acumen | practical cleverness | shrewd wits,வேய்க்கானமில்லாட்டி இந்தக் காலத்துல பொழைக்க முடியாது.,பெயர்ச்சொல்,human_behavior,,od | pm | np,
4705,வேலப்பூடு,,vēlappūṭu,,கீரையாகப் பயன்படும் ஒருவகைப் பூண்டு.,edible wild weed | hedge greens,வேலப்பூடு எப்பிடி வளந்து கெடக்குது பாரு.,பெயர்ச்சொல்,food_cooking | nature_animals,,pm,
4706,வேலிக்கால்,,vēlikkāl,,வேலி ஓரம்.,along the fence | edge of boundary hedge,"வேலிக்கால்ல உடு, மேயட்டும்.",பெயர்ச்சொல்,place_direction,,pm,
4707,வேலிப்பருத்தி,,vēlipparutti,,வேலிகளில் காணப்படும் ஒருவகைச் செடி.,pergularia vine | Pergularia daemia,வேலிப்பருத்தி இப்ப இல்லாதயே போயிடுச்சு.,பெயர்ச்சொல்,nature_animals,,pm,
4708,வேறவெப்பு,,vēṟaveppu,,திருமணமான பின் குடும்பத்திற்கு வேண்டிய பொருட்களைப் பெண்வீட்டார் வாங்கிக் கொடுத்து தம்பதியரைத் தனி வீட்டில் வசிக்கச் செய்தல்; தனிக்குடித்தனம்.,setting up a separate nuclear household for newlyweds with kitchen gifts,வேற வெப்புக்கு வாங்கிக் குடுத்த சாமானே எங்களுக்குப் போதும். புதுசா என்னத்துக்கு.,பெயர்ச்சொல்,kinship | home_household,,pm,
4709,வை முலை,,vai mulai,,"எளிதில் பால் கறக்க இயலாத, அதிக பலத்தோடு இழுத்துக் கறக்க வேண்டிய நிலையிலிக்கும் மாட்டு முலை.",hard-milking stiff teat of a cow,வைமொலையாப் போச்சு. இழுத்துப் பீச்சறதுக்குள்ள கைவலி எடுத்துருது.,பெயர்ச்சொல்,farming_livestock,,pm,
4710,வைக்கப்பில்,,vaikkappil,,வைக்கோல்புள்ளு,rice straw fodder,,,farming_livestock,,od,
4711,வைரி,,vairi,,விரோதி | எதிரி.,enemy | foe | adversary,அவன் எனக்கு வைரி.,பெயர்ச்சொல்,human_behavior,,od | pm,
4712,வௌாறு,,vauāṟu,,மரக்கிளைகளிலிருந்து பக்கவாட்டில் வளரும் சிறு குச்சி.,thin twig or switch sprouting from a tree branch,"வௌாறு ஒன்னு கையில வெச்சுக்க, ஆடு முடுக்கோணுமில்ல.",பெயர்ச்சொல்,nature_animals,,pm,
4713,உழுக்காட்டு,உழுக்காட்டுதல் | உழுக்காட்ட,uḻukkāṭṭu,uḻukkāṭṭutal | uḻukkāṭṭa,சரி செய் | ஒழுங்குபடுத்து | சீரமை,fix | set right | arrange properly,உழுக்காட்டத் தெரியல (சரி பண்ணத் தெரியவில்லை).,வினைச்சொல்,action_verbs,,od,
4714,அடி திம்பே,திம்பே,aṭi timpē,timpē,அடி வாங்குவே | அடி வாங்குவாய் | அடி தின்பாய்,will get beaten | will receive a beating,அங்க போனா அடி திம்பே.,இடைச்சொல்,speech_phrase,,od,
4715,உப்பு ஜவுளி,உப்புஜவுளி,uppu javuḷi,uppujavuḷi,கல்யாண ஜவுளி | திருமணத்திற்காக எடுக்கப்படும் புத்தாடைகள்,wedding clothes | ceremonial marriage garments,நாளைக்கு உப்பு ஜவுளி எடுக்கப் போறோம்.,பெயர்ச்சொல்,dress_accessories,,od,
4716,துஷ்டி,,tuṣṭi,,தூக்கம் | ஆழ்ந்த தூக்கம்,sleep | deep sleep,நேத்து நல்லா துஷ்டி தூங்கிட்டான்.,பெயர்ச்சொல்,body_health,,od,
4717,இல்லீங்ணா,இல்லீங்கண்ணா,illīṅṇā,illīṅkaṇṇā,இல்லை அண்ணா,no brother | no elder brother,"இல்லீங்ணா, எனக்குத் தெரியாது.",இடைச்சொல்,speech_phrase,,od,
4718,சம்பலுடு,,campaluṭu,,கூட்டுக் குடும்ப வீடு | பல அறைகள் கொண்ட பெரிய வீடு,joint-family house | large ancestral household,நாங்க சம்பலுடுவுல தான் இருந்தோம்.,பெயர்ச்சொல்,home_household,,od,
4719,நேரத்தில்,நேரத்தில | நேரத்தோட | நேரத்தில் வந்துடு,nērattil,nērattila | nērattōṭa | nērattil vantuṭu,சீக்கிரம் | நேரத்தோடு | முன்கூட்டியே,early | in good time | promptly,சாயங்காலம் நேரத்தில் வந்துடு (சீக்கிரம் வந்துவிடு).,இடைச்சொல்,time_seasons,,od,
4720,சப்பைத் தண்ணி,சப்பைத்தண்ணி | சப்பை தண்ணீர்,cappait taṇṇi,cappaittaṇṇi | cappai taṇṇīr,உப்புத் தண்ணீர் | உவர் நீர்,hard water | brackish water | saline water,"இது சப்பைத் தண்ணி, குடிக்க முடியாது.",பெயர்ச்சொல்,home_household,,od,
4721,சாளை வீடு,சாளைவீடு,cāḷai vīṭu,cāḷaivīṭu,ஓட்டு வீடு | நாட்டு ஓட்டு வீடு | கூரை வீடு,tiled house | country-tiled house,அவுங்க சாளை வீட்டுல தான் குடி இருக்காங்க.,பெயர்ச்சொல்,home_household,,od,
4722,ஒசரம்,ஒசரோ | அதுக்கு ஒசரம்,ocaram,ocarō | atukku ocaram,அதற்காக | பொருட்டு | ஒரு காரணத்திற்காக,for | for the sake of | for that purpose | that is why,நான் அதுக்கு ஒசரம் தான் அங்க போனேன்.,இடைச்சொல்,speech_phrase,,od,
4723,ஒருகடைல உக்காரு,ஒருகடைல உட்காரு | ஒருகடைல,orukaṭaila ukkāru,orukaṭaila uṭkāru | orukaṭaila,ஒரு இடத்தில் உட்காரு | ஒரு பக்கமாக அமைதியாக உட்காரு | ஓரிடத்தில் இரு,sit at one place | sit still in one spot | stay put,அங்கேயும் இங்கேயும் அலையாம ஒருகடைல உக்காரு.,வினைச்சொல்,action_verbs,,od,
4724,என்னத்துனால,எதானால | எதனால,eṉṉattuṉāla,etāṉāla | etaṉāla,எதனால் | எதற்காக | எதனால் என்றால்,why | because of what | why because,எதானால அந்த சீக்கு வருது? | என்னத்துனால அப்படி பண்றாங்க?,இடைச்சொல்,speech_phrase,,od,
4725,அணிலு,அணில் | அணலு | அணத்தான்,aṇilu,aṇil | aṇalu | aṇattāṉ,அணில்.,squirrel,அணிலு புடிச்சு வெளையாண்டேன். | அணலுப் புடிக்கப் போலாமா.,,nature_animals,மலையாளத்தில் அண்ணான் (aṇṇān in Malayalam) - அணில்,np | pm,
4726,தாட்டுமா,தாட்டுமாக்கும்,tāṭṭumā,tāṭṭumākkum,போதுமா; போதுமானதுதானா.,will it be enough | is it sufficient | will it suffice,இந்தச் சோறு உனக்குத் தாட்டுமா? | இவ்ளோ காசு தாட்டுமா பாரு.,இடைச்சொல்,speech_phrase,,od,
4727,இந்தாண்ட,இந்தாண்டை | இந்தாண்டெ | இந்தான்டே,intāṇṭa,intāṇṭai | intāṇṭe | intāṇṭē,இங்கே; இந்தப் பக்கம்; இந்த வழியாக.,here | this side | towards this side,"இந்தாண்ட வா, என்னன்னு கேப்போம். | இந்தாண்ட பாரு கெடக்குது.",இடைச்சொல்,place_direction,,od,
4728,ஆகாட்டி,ஆகாட்டீ,ākāṭṭi,ākāṭṭī,ஆகாவிட்டால்; இல்லையென்றால்.,if not | unless | if it does not happen,"இந்த வேலை ஆகாட்டி வேற வேலையப் பாரு. | ஆனாக்க அந்த மடம், ஆகாட்டி சந்தை மடம் (பழமொழி).",இடைச்சொல்,speech_phrase,,od,
4729,வராட்டி,வரலீன | வரலீன்னா,varāṭṭi,varalīṉa | varalīṉṉā,வரவில்லை என்றால்; வராவிட்டால்.,if not coming | if one does not come,அவன் வராட்டி நீ போயிட்டு வா. | அவன் வரலீன நாம கெளம்பிரலாம்.,இடைச்சொல்,speech_phrase,,od,
4730,நட,நடை,naṭa,naṭai,முறை; தடவை; தரம்.,time | turn | occasion | round,இந்த நட நீயே போயிட்டு வா. | அடுத்த நட பாத்துக்கலாம்.,பெயர்ச்சொல்,time_seasons | speech_phrase,,od,
4731,ஆட்டு,ஆட்டுதல்,āṭṭu,āṭṭutal,மாவு அரைத்தல்; ஆட்டுக்கல்லில் அல்லது கிரைண்டரில் மாவு அரைத்தல்.,to grind batter (in a stone mortar or grinder),இட்லிக்கு மாவு ஆட்டியாச்சா? | ஆட்டுக்கல்லுல மாவு ஆட்டு.,வினைச்சொல்,food_cooking | action_verbs,,od,
4732,பக்கத்தால,பக்கத்தாலெ,pakkattāla,pakkattāle,அருகில்; பக்கத்தில்.,nearby | close by | beside,ஊட்டுக்குப் பக்கத்தால கிணறு இருக்குது. | பக்கத்தால வா.,இடைச்சொல்,place_direction,,od,
4733,வடவரம்,,vaṭavaram,,வடக்கே; வடக்குப் பக்கம்; வடக்குத் திசை.,north | northern side | towards the north,ஊருக்கு வடவரம் ஒரு கோயில் இருக்குது. | வடவரமா போனா காடு வரும்.,பெயர்ச்சொல்,place_direction,"காண்க: கெழவரம், மேவரம், தெம்பரம்",od,
4734,தெம்பரம்,,temparam,,தெற்கே; தெற்குப் பக்கம்; தெற்குத் திசை.,south | southern side | towards the south,தெம்பரமா போனா ஆத்துக்காடு வரும். | தோட்டத்துக்குத் தெம்பரம் வேலி போடு.,பெயர்ச்சொல்,place_direction,"தெற்கு + வரம் என்பது கொங்கு வழக்கில் தெம்பரம் என மருவியது. காண்க: கெழவரம், மேவரம், வடவரம்",od,
4735,கெழகோடு,கெழக்கோடு | கெழக்கோட்டுலெ,keḻakōṭu,keḻakkōṭu | keḻakkōṭṭule,கிழக்கு மூலை; கிழக்குத் திசை எல்லை.,east corner | eastern boundary,கெழக்கோட்டுல பாரு மாடு மேயுது.,பெயர்ச்சொல்,place_direction,"காண்க: வடகோடு, மேகோடு, தெகோடு",od,
